Dataset,SeriesLength,LengthBin,Estimator,Stage,MeanTime,PctOfTotal
ACSF1,1460,Long,moment_quant_approx,Classification (inference),0.006565859566762757,0.4496682233546991
ACSF1,1460,Long,moment_quant_approx,Classification (training),1.3211215554675921,90.47808236562821
ACSF1,1460,Long,moment_quant_approx,Transformation (inference),0.06516519176633054,4.462891066764253
ACSF1,1460,Long,moment_quant_approx,Transformation (training),0.06730384316567016,4.609358344252833
ACSF1,1460,Long,moment_quant_exact,Classification (inference),0.0066085457013589635,0.44143375793924605
ACSF1,1460,Long,moment_quant_exact,Classification (training),1.30799882643405,87.37093808917331
ACSF1,1460,Long,moment_quant_exact,Transformation (inference),0.08872882366583018,5.9268558981564965
ACSF1,1460,Long,moment_quant_exact,Transformation (training),0.09372776509965959,6.260772254730944
ACSF1,1460,Long,quant,Classification (inference),0.0066971555997345335,0.41224980840163306
ACSF1,1460,Long,quant,Classification (training),1.3081535971000753,80.52464389296699
ACSF1,1460,Long,quant,Transformation (inference),0.15402858749997295,9.481376793418837
ACSF1,1460,Long,quant,Transformation (training),0.15565885563361612,9.58172950521253
AconityMINIPrinterLarge,300,Medium-short,moment_quant_approx,Classification (inference),0.022801965300459373,0.3348676407174488
AconityMINIPrinterLarge,300,Medium-short,moment_quant_approx,Classification (training),6.360947011066795,93.41630382543087
AconityMINIPrinterLarge,300,Medium-short,moment_quant_approx,Transformation (inference),0.1352858263654828,1.9867956511891969
AconityMINIPrinterLarge,300,Medium-short,moment_quant_approx,Transformation (training),0.2902123528319256,4.262032882662481
AconityMINIPrinterLarge,300,Medium-short,moment_quant_exact,Classification (inference),0.02326395143318218,0.3407765161111928
AconityMINIPrinterLarge,300,Medium-short,moment_quant_exact,Classification (training),6.26663556953475,91.79533594102003
AconityMINIPrinterLarge,300,Medium-short,moment_quant_exact,Transformation (inference),0.17172822773281948,2.5155205182069493
AconityMINIPrinterLarge,300,Medium-short,moment_quant_exact,Transformation (training),0.36511949863343035,5.348367024661827
AconityMINIPrinterLarge,300,Medium-short,quant,Classification (inference),0.023287880433781497,0.32095494249498885
AconityMINIPrinterLarge,300,Medium-short,quant,Classification (training),6.2666893389337925,86.36788230387077
AconityMINIPrinterLarge,300,Medium-short,quant,Transformation (inference),0.3065027319661264,4.224238740510019
AconityMINIPrinterLarge,300,Medium-short,quant,Transformation (training),0.6593299304988857,9.086924013124223
AconityMINIPrinterSmall,300,Medium-short,moment_quant_approx,Classification (inference),0.00763067363344205,0.6406396276648059
AconityMINIPrinterSmall,300,Medium-short,moment_quant_approx,Classification (training),1.0562609292668639,88.67927537573993
AconityMINIPrinterSmall,300,Medium-short,moment_quant_approx,Transformation (inference),0.04781548466562521,4.014389261591396
AconityMINIPrinterSmall,300,Medium-short,moment_quant_approx,Transformation (training),0.07939525826562502,6.665695735003864
AconityMINIPrinterSmall,300,Medium-short,moment_quant_exact,Classification (inference),0.00771689443499776,0.594752602725838
AconityMINIPrinterSmall,300,Medium-short,moment_quant_exact,Classification (training),1.0928637334679177,84.22864344974148
AconityMINIPrinterSmall,300,Medium-short,moment_quant_exact,Transformation (inference),0.10773622479852439,8.303392076504018
AconityMINIPrinterSmall,300,Medium-short,moment_quant_exact,Transformation (training),0.08917968613338109,6.873211871028676
AconityMINIPrinterSmall,300,Medium-short,quant,Classification (inference),0.007950295833870713,0.5890380522826222
AconityMINIPrinterSmall,300,Medium-short,quant,Classification (training),1.0937755181352258,81.03791535554906
AconityMINIPrinterSmall,300,Medium-short,quant,Transformation (inference),0.09036249719938491,6.694964622946024
AconityMINIPrinterSmall,300,Medium-short,quant,Transformation (training),0.1576200485991042,11.67808196922228
Adiac,176,Medium-short,moment_quant_approx,Classification (inference),0.012303481932273477,0.9808185601022545
Adiac,176,Medium-short,moment_quant_approx,Classification (training),1.1734294945007908,93.54436683153735
Adiac,176,Medium-short,moment_quant_approx,Transformation (inference),0.03368665273374057,2.6854588327799314
Adiac,176,Medium-short,moment_quant_approx,Transformation (training),0.03498994593246603,2.789355775580477
Adiac,176,Medium-short,moment_quant_exact,Classification (inference),0.01253959016709506,0.898234338246026
Adiac,176,Medium-short,moment_quant_exact,Classification (training),1.2008576638336914,86.0196844257157
Adiac,176,Medium-short,moment_quant_exact,Transformation (inference),0.09001872226581323,6.448209737855988
Adiac,176,Medium-short,moment_quant_exact,Transformation (training),0.0926106098001279,6.63387149818229
Adiac,176,Medium-short,quant,Classification (inference),0.012398369365352317,0.9315741640014235
Adiac,176,Medium-short,quant,Classification (training),1.2027283374663966,90.36919392215911
Adiac,176,Medium-short,quant,Transformation (inference),0.05870856950083782,4.411175771654253
Adiac,176,Medium-short,quant,Transformation (training),0.05706996390047905,4.288056142185228
AllGestureWiimoteX,500,Medium-long,moment_quant_approx,Classification (inference),0.017042737534211434,0.8400028781943988
AllGestureWiimoteX,500,Medium-long,moment_quant_approx,Classification (training),1.8099131959005414,89.20704732949014
AllGestureWiimoteX,500,Medium-long,moment_quant_approx,Transformation (inference),0.13259459033191276,6.535325518463865
AllGestureWiimoteX,500,Medium-long,moment_quant_approx,Transformation (training),0.06933984990027961,3.4176242738515827
AllGestureWiimoteX,500,Medium-long,moment_quant_exact,Classification (inference),0.017572084666850618,0.8260281043414005
AllGestureWiimoteX,500,Medium-long,moment_quant_exact,Classification (training),1.8504055403366995,86.98381607679187
AllGestureWiimoteX,500,Medium-long,moment_quant_exact,Transformation (inference),0.17663215696520632,8.303119894416703
AllGestureWiimoteX,500,Medium-long,moment_quant_exact,Transformation (training),0.08268886253208615,3.8870359244500237
AllGestureWiimoteX,500,Medium-long,quant,Classification (inference),0.018142774934434124,0.7708588662953572
AllGestureWiimoteX,500,Medium-long,quant,Classification (training),1.852870355467894,78.72563854040915
AllGestureWiimoteX,500,Medium-long,quant,Transformation (inference),0.3306955597329458,14.050750515612792
AllGestureWiimoteX,500,Medium-long,quant,Transformation (training),0.15187063906487308,6.452752077682702
AllGestureWiimoteY,500,Medium-long,moment_quant_approx,Classification (inference),0.01727022343353984,0.8159640415035978
AllGestureWiimoteY,500,Medium-long,moment_quant_approx,Classification (training),1.8947028957336443,89.51878579920098
AllGestureWiimoteY,500,Medium-long,moment_quant_approx,Transformation (inference),0.13575552796683038,6.414024096592999
AllGestureWiimoteY,500,Medium-long,moment_quant_approx,Transformation (training),0.06881357226520772,3.2512260627024188
AllGestureWiimoteY,500,Medium-long,moment_quant_exact,Classification (inference),0.01833422366519997,0.8284966383142619
AllGestureWiimoteY,500,Medium-long,moment_quant_exact,Classification (training),1.9323613013363987,87.32056897530585
AllGestureWiimoteY,500,Medium-long,moment_quant_exact,Transformation (inference),0.18117637633307213,8.187094336523284
AllGestureWiimoteY,500,Medium-long,moment_quant_exact,Transformation (training),0.08107898069962777,3.6638400498566117
AllGestureWiimoteY,500,Medium-long,quant,Classification (inference),0.0185562332674938,0.7602822123338907
AllGestureWiimoteY,500,Medium-long,quant,Classification (training),1.9360202736017527,79.32222857511007
AllGestureWiimoteY,500,Medium-long,quant,Transformation (inference),0.33259920010023053,13.62718672628748
AllGestureWiimoteY,500,Medium-long,quant,Transformation (training),0.15352762219699795,6.290302486268546
AllGestureWiimoteZ,500,Medium-long,moment_quant_approx,Classification (inference),0.01754666246561096,0.8365920308433767
AllGestureWiimoteZ,500,Medium-long,moment_quant_approx,Classification (training),1.873079567933261,89.3049286574944
AllGestureWiimoteZ,500,Medium-long,moment_quant_approx,Transformation (inference),0.13564632779889502,6.467363071018798
AllGestureWiimoteZ,500,Medium-long,moment_quant_approx,Transformation (training),0.07112519586905058,3.391116240643439
AllGestureWiimoteZ,500,Medium-long,moment_quant_exact,Classification (inference),0.018876226433106498,0.8612719559853469
AllGestureWiimoteZ,500,Medium-long,moment_quant_exact,Classification (training),1.90621114296567,86.97533934768114
AllGestureWiimoteZ,500,Medium-long,moment_quant_exact,Transformation (inference),0.1825152486004905,8.3276848641525
AllGestureWiimoteZ,500,Medium-long,moment_quant_exact,Transformation (training),0.08406591386543973,3.8357038321810046
AllGestureWiimoteZ,500,Medium-long,quant,Classification (inference),0.018968673632965227,0.7835475098593145
AllGestureWiimoteZ,500,Medium-long,quant,Classification (training),1.9076646458682565,78.80075918007459
AllGestureWiimoteZ,500,Medium-long,quant,Transformation (inference),0.3386505722999572,13.98879108642154
AllGestureWiimoteZ,500,Medium-long,quant,Transformation (training),0.15558700553228844,6.426902223644552
ArrowHead,251,Medium-short,moment_quant_approx,Classification (inference),0.005849636166385567,3.4340569924674553
ArrowHead,251,Medium-short,moment_quant_approx,Classification (training),0.1192555665329564,70.00955281569445
ArrowHead,251,Medium-short,moment_quant_approx,Transformation (inference),0.026804684766830136,15.735818867397182
ArrowHead,251,Medium-short,moment_quant_approx,Transformation (training),0.018431961233970118,10.820571324440914
ArrowHead,251,Medium-short,moment_quant_exact,Classification (inference),0.006043052767442184,3.089019682971021
ArrowHead,251,Medium-short,moment_quant_exact,Classification (training),0.12247775423408404,62.60679959531606
ArrowHead,251,Medium-short,moment_quant_exact,Transformation (inference),0.05249584433283109,26.834234725197508
ArrowHead,251,Medium-short,moment_quant_exact,Transformation (training),0.014613463965846027,7.469945996515414
ArrowHead,251,Medium-short,quant,Classification (inference),0.006024058301409197,2.944861180889391
ArrowHead,251,Medium-short,quant,Classification (training),0.1216325150999182,59.46006066506708
ArrowHead,251,Medium-short,quant,Transformation (inference),0.04837712093261261,23.649157818462037
ArrowHead,251,Medium-short,quant,Transformation (training),0.028528012700068415,13.945920335581492
AsphaltObstaclesUni,736,Long,moment_quant_approx,Classification (inference),0.010706482033128796,0.46399876395173073
AsphaltObstaclesUni,736,Long,moment_quant_approx,Classification (training),2.067847448665998,89.61661330518022
AsphaltObstaclesUni,736,Long,moment_quant_approx,Transformation (inference),0.1142747192662985,4.952451078367739
AsphaltObstaclesUni,736,Long,moment_quant_approx,Transformation (training),0.11460896946809948,4.966936852500304
AsphaltObstaclesUni,736,Long,moment_quant_exact,Classification (inference),0.01089229583303673,0.4377359348862218
AsphaltObstaclesUni,736,Long,moment_quant_exact,Classification (training),2.1434690443333237,86.14101566862576
AsphaltObstaclesUni,736,Long,moment_quant_exact,Transformation (inference),0.1695566458671237,6.814085664998404
AsphaltObstaclesUni,736,Long,moment_quant_exact,Transformation (training),0.16440772930169864,6.607162731489618
AsphaltObstaclesUni,736,Long,quant,Classification (inference),0.01087224583267617,0.3919020493986931
AsphaltObstaclesUni,736,Long,quant,Classification (training),2.143326465199546,77.2585579069271
AsphaltObstaclesUni,736,Long,quant,Transformation (inference),0.3109572152675052,11.20879455948148
AsphaltObstaclesUni,736,Long,quant,Transformation (training),0.3090693805997337,11.140745484192735
AsphaltPavementTypeUni,2371,Long,moment_quant_approx,Classification (inference),0.036396333265777944,0.20696937587868006
AsphaltPavementTypeUni,2371,Long,moment_quant_approx,Classification (training),15.790559555601309,89.7937226844457
AsphaltPavementTypeUni,2371,Long,moment_quant_approx,Transformation (inference),0.8692693459001021,4.943138988140241
AsphaltPavementTypeUni,2371,Long,moment_quant_approx,Transformation (training),0.8891460846653596,5.056168951535401
AsphaltPavementTypeUni,2371,Long,moment_quant_exact,Classification (inference),0.035912389000198594,0.17887725200924112
AsphaltPavementTypeUni,2371,Long,moment_quant_exact,Classification (training),15.945044641666755,79.42122058909118
AsphaltPavementTypeUni,2371,Long,moment_quant_exact,Transformation (inference),2.0245154347328933,10.083978473649065
AsphaltPavementTypeUni,2371,Long,moment_quant_exact,Transformation (training),2.071082041566357,10.31592368525052
AsphaltPavementTypeUni,2371,Long,quant,Classification (inference),0.03922233876752818,0.16859158733062143
AsphaltPavementTypeUni,2371,Long,quant,Classification (training),15.95676475406702,68.58786046630765
AsphaltPavementTypeUni,2371,Long,quant,Transformation (inference),3.612047994498668,15.525869288831686
AsphaltPavementTypeUni,2371,Long,quant,Transformation (training),3.6566718820661968,15.717678657530048
AsphaltRegularityUni,4201,Long,moment_quant_approx,Classification (inference),0.02877311673461609,0.21711411342880718
AsphaltRegularityUni,4201,Long,moment_quant_approx,Classification (training),10.839409402768554,81.7912353493036
AsphaltRegularityUni,4201,Long,moment_quant_approx,Transformation (inference),1.1907401777328535,8.98500153448803
AsphaltRegularityUni,4201,Long,moment_quant_approx,Transformation (training),1.1936090153331558,9.006649002779552
AsphaltRegularityUni,4201,Long,moment_quant_exact,Classification (inference),0.028067219466417208,0.17922560665049647
AsphaltRegularityUni,4201,Long,moment_quant_exact,Classification (training),10.192182256899347,65.08304288106922
AsphaltRegularityUni,4201,Long,moment_quant_exact,Transformation (inference),2.7182265707995006,17.35746594877171
AsphaltRegularityUni,4201,Long,moment_quant_exact,Transformation (training),2.721797052733018,17.380265563508576
AsphaltRegularityUni,4201,Long,quant,Classification (inference),0.032067655400896865,0.1608463128326916
AsphaltRegularityUni,4201,Long,quant,Classification (training),10.190152292932908,51.11220022265847
AsphaltRegularityUni,4201,Long,quant,Transformation (inference),4.849969018066379,24.326681329092402
AsphaltRegularityUni,4201,Long,quant,Transformation (training),4.864640691767272,24.40027213541643
BME,128,Short,moment_quant_approx,Classification (inference),0.005108751433726813,4.210307432741463
BME,128,Short,moment_quant_approx,Classification (training),0.071531094466142,58.95137052757893
BME,128,Short,moment_quant_approx,Transformation (inference),0.02426094443314161,19.994324640231838
BME,128,Short,moment_quant_approx,Transformation (training),0.02043836400043796,16.84399739944777
BME,128,Short,moment_quant_exact,Classification (inference),0.00534563896677956,4.3911976900658125
BME,128,Short,moment_quant_exact,Classification (training),0.07404259589917876,60.82260289172236
BME,128,Short,moment_quant_exact,Transformation (inference),0.033398166600818464,27.43506490830229
BME,128,Short,moment_quant_exact,Transformation (training),0.008948927800520274,7.351134509909533
BME,128,Short,quant,Classification (inference),0.005097952732952113,3.9041151953027384
BME,128,Short,quant,Classification (training),0.0725626083995545,55.56991147296381
BME,128,Short,quant,Transformation (inference),0.029921254100190673,22.914300880036436
BME,128,Short,quant,Transformation (training),0.022997137434625337,17.61167245169701
Beef,470,Medium-long,moment_quant_approx,Classification (inference),0.00494597646611504,1.9556407469739268
Beef,470,Medium-long,moment_quant_approx,Classification (training),0.1936738473004273,76.57870392202392
Beef,470,Medium-long,moment_quant_approx,Transformation (inference),0.026120273666795837,10.327964933690783
Beef,470,Medium-long,moment_quant_approx,Transformation (training),0.02816813603276382,11.137690397311351
Beef,470,Medium-long,moment_quant_exact,Classification (inference),0.004962369434360837,2.1455504105311136
Beef,470,Medium-long,moment_quant_exact,Classification (training),0.19216207499994195,83.0839832378865
Beef,470,Medium-long,moment_quant_exact,Transformation (inference),0.015081408400389233,6.520659618928648
Beef,470,Medium-long,moment_quant_exact,Transformation (training),0.0190806930326895,8.249806732653731
Beef,470,Medium-long,quant,Classification (inference),0.00496400273332251,1.8989212565245874
Beef,470,Medium-long,quant,Classification (training),0.19049565146633535,72.8718861125215
Beef,470,Medium-long,quant,Transformation (inference),0.032458031933977755,12.416440944046474
Beef,470,Medium-long,quant,Transformation (training),0.03349403466660681,12.812751686907431
BeetleFly,512,Medium-long,moment_quant_approx,Classification (inference),0.004846665366979576,3.0572265502858667
BeetleFly,512,Medium-long,moment_quant_approx,Classification (training),0.10045951943272176,63.36882924312074
BeetleFly,512,Medium-long,moment_quant_approx,Transformation (inference),0.02502428883356814,15.78506342633765
BeetleFly,512,Medium-long,moment_quant_approx,Transformation (training),0.02820096940049548,17.78888078025573
BeetleFly,512,Medium-long,moment_quant_exact,Classification (inference),0.004700673533079637,3.6059476071735084
BeetleFly,512,Medium-long,moment_quant_exact,Classification (training),0.10030502919956533,76.94528826227119
BeetleFly,512,Medium-long,moment_quant_exact,Transformation (inference),0.01065579033286965,8.174194906954188
BeetleFly,512,Medium-long,moment_quant_exact,Transformation (training),0.014697404100055133,11.2745692236011
BeetleFly,512,Medium-long,quant,Classification (inference),0.004772783167815407,2.880557940136886
BeetleFly,512,Medium-long,quant,Classification (training),0.09968013203251753,60.16078788921568
BeetleFly,512,Medium-long,quant,Transformation (inference),0.03011127649976208,18.1733117888002
BeetleFly,512,Medium-long,quant,Transformation (training),0.03112534716710794,18.785342381847247
BirdChicken,512,Medium-long,moment_quant_approx,Classification (inference),0.004786513933261893,3.2533757788374182
BirdChicken,512,Medium-long,moment_quant_approx,Classification (training),0.09030874569968238,61.38251971541034
BirdChicken,512,Medium-long,moment_quant_approx,Transformation (inference),0.02499099863343868,16.98628913999232
BirdChicken,512,Medium-long,moment_quant_approx,Transformation (training),0.027038275099766865,18.377815365759925
BirdChicken,512,Medium-long,moment_quant_exact,Classification (inference),0.004697772099461817,3.8893344463830823
BirdChicken,512,Medium-long,moment_quant_exact,Classification (training),0.09116875976663621,75.47956569349631
BirdChicken,512,Medium-long,moment_quant_exact,Transformation (inference),0.010421627833905663,8.628174220379387
BirdChicken,512,Medium-long,moment_quant_exact,Transformation (training),0.014497855599620324,12.00292563974122
BirdChicken,512,Medium-long,quant,Classification (inference),0.004734504166844953,3.0460792943453354
BirdChicken,512,Medium-long,quant,Classification (training),0.09009499030071307,57.96520074923259
BirdChicken,512,Medium-long,quant,Transformation (inference),0.02985149579932714,19.205817558750276
BirdChicken,512,Medium-long,quant,Transformation (training),0.030748455566451057,19.782902397671794
CBF,128,Short,moment_quant_approx,Classification (inference),0.008853513965732362,5.4599325019104565
CBF,128,Short,moment_quant_approx,Classification (training),0.07739825696698968,47.73124664860997
CBF,128,Short,moment_quant_approx,Transformation (inference),0.05532755416667589,34.12031792292503
CBF,128,Short,moment_quant_approx,Transformation (training),0.0205749499330219,12.688502926554547
CBF,128,Short,moment_quant_exact,Classification (inference),0.00925731383370774,3.1082137905595895
CBF,128,Short,moment_quant_exact,Classification (training),0.0814744876004018,27.355681192987856
CBF,128,Short,moment_quant_exact,Transformation (inference),0.1977867555666307,66.40841309751893
CBF,128,Short,moment_quant_exact,Transformation (training),0.009315326299838438,3.127691918933637
CBF,128,Short,quant,Classification (inference),0.00922592229981087,4.645008416989985
CBF,128,Short,quant,Classification (training),0.07998386519975606,40.269765450319845
CBF,128,Short,quant,Transformation (inference),0.08612958196681571,43.363971664479465
CBF,128,Short,quant,Transformation (training),0.02328077223379897,11.721254468210706
Car,577,Medium-long,moment_quant_approx,Classification (inference),0.005422112467446469,1.4409878208959517
Car,577,Medium-long,moment_quant_approx,Classification (training),0.2984754833341867,79.32324143087168
Car,577,Medium-long,moment_quant_approx,Transformation (inference),0.03521853749965274,9.35972536745762
Car,577,Medium-long,moment_quant_approx,Transformation (training),0.03716133336565686,9.876045380774752
Car,577,Medium-long,moment_quant_exact,Classification (inference),0.0053420764333471,1.4657382904895293
Car,577,Medium-long,moment_quant_exact,Classification (training),0.28660526390061325,78.63764489265783
Car,577,Medium-long,moment_quant_exact,Transformation (inference),0.03399987636682147,9.328754705131761
Car,577,Medium-long,moment_quant_exact,Transformation (training),0.038515966666212334,10.567862111720869
Car,577,Medium-long,quant,Classification (inference),0.005389499933759553,1.3935719270798317
Car,577,Medium-long,quant,Classification (training),0.2867200763001165,74.13768516057948
Car,577,Medium-long,quant,Transformation (inference),0.04673047369966899,12.083176006567603
Car,577,Medium-long,quant,Transformation (training),0.04789994023352237,12.38556690577308
Chinatown,24,Short,moment_quant_approx,Classification (inference),0.005423781733649427,7.109043882580939
Chinatown,24,Short,moment_quant_approx,Classification (training),0.05675230013318162,74.38621461869285
Chinatown,24,Short,moment_quant_approx,Transformation (inference),0.00835812369962994,10.955136300576944
Chinatown,24,Short,moment_quant_approx,Transformation (training),0.005759904066750653,7.549605198149275
Chinatown,24,Short,moment_quant_exact,Classification (inference),0.005703515166775657,6.970421504095744
Chinatown,24,Short,moment_quant_exact,Classification (training),0.059519366633564115,72.7402419317653
Chinatown,24,Short,moment_quant_exact,Transformation (inference),0.014738219533076764,18.0119802194756
Chinatown,24,Short,moment_quant_exact,Transformation (training),0.0018634362992694235,2.277356344663349
Chinatown,24,Short,quant,Classification (inference),0.00548178066649896,7.234331538549554
Chinatown,24,Short,quant,Classification (training),0.056917038965426964,75.11368205313808
Chinatown,24,Short,quant,Transformation (inference),0.007090729067325157,9.357668254870552
Chinatown,24,Short,quant,Transformation (training),0.006284980533867643,8.294318153441816
ChlorineConcentration,166,Medium-short,moment_quant_approx,Classification (inference),0.10272566946635678,5.9198182463520705
ChlorineConcentration,166,Medium-short,moment_quant_approx,Classification (training),1.3647908235997117,78.64941316002289
ChlorineConcentration,166,Medium-short,moment_quant_approx,Transformation (inference),0.2282147722005902,13.151435075364407
ChlorineConcentration,166,Medium-short,moment_quant_approx,Transformation (training),0.039552913933584885,2.2793335182606227
ChlorineConcentration,166,Medium-short,moment_quant_exact,Classification (inference),0.10136488746672205,5.578948276428671
ChlorineConcentration,166,Medium-short,moment_quant_exact,Classification (training),1.3232863069002634,72.83139206884202
ChlorineConcentration,166,Medium-short,moment_quant_exact,Transformation (inference),0.2751274834001379,15.1425413441836
ChlorineConcentration,166,Medium-short,moment_quant_exact,Transformation (training),0.11713882073333172,6.4471183105457
ChlorineConcentration,166,Medium-short,quant,Classification (inference),0.101126649933091,5.296789330173088
ChlorineConcentration,166,Medium-short,quant,Classification (training),1.323936045900094,69.3448297396874
ChlorineConcentration,166,Medium-short,quant,Transformation (inference),0.4161207820334918,21.795482395556405
ChlorineConcentration,166,Medium-short,quant,Transformation (training),0.06802309293319311,3.5628985345831157
CinCECGTorso,1639,Long,moment_quant_approx,Classification (inference),0.028004318000845723,2.7108913306992446
CinCECGTorso,1639,Long,moment_quant_approx,Classification (training),0.30971555553284513,29.981276974905597
CinCECGTorso,1639,Long,moment_quant_approx,Transformation (inference),0.6477842611668165,62.707213141470014
CinCECGTorso,1639,Long,moment_quant_approx,Transformation (training),0.047525765233634304,4.600618552925157
CinCECGTorso,1639,Long,moment_quant_exact,Classification (inference),0.028581555599521326,1.4079343073647086
CinCECGTorso,1639,Long,moment_quant_exact,Classification (training),0.3364713665660626,16.574660493363073
CinCECGTorso,1639,Long,moment_quant_exact,Transformation (inference),1.5888886098005364,78.26903530599496
CinCECGTorso,1639,Long,moment_quant_exact,Transformation (training),0.07609321113341135,3.748369893277267
CinCECGTorso,1639,Long,quant,Classification (inference),0.03133743063323584,1.0648202830350493
CinCECGTorso,1639,Long,quant,Classification (training),0.33654178323316347,11.435414762287236
CinCECGTorso,1639,Long,quant,Transformation (inference),2.4828638612001668,84.36568493323422
CinCECGTorso,1639,Long,quant,Transformation (training),0.0922352972006289,3.134080021443487
Coffee,286,Medium-short,moment_quant_approx,Classification (inference),0.00482548753425358,3.7433305489937774
Coffee,286,Medium-short,moment_quant_approx,Classification (training),0.07389450133317339,57.3230253481354
Coffee,286,Medium-short,moment_quant_approx,Transformation (inference),0.02410644586561826,18.70036853185901
Coffee,286,Medium-short,moment_quant_approx,Transformation (training),0.026082500000241704,20.23327557101181
Coffee,286,Medium-short,moment_quant_exact,Classification (inference),0.004710969499380207,4.409564321934683
Coffee,286,Medium-short,moment_quant_exact,Classification (training),0.07964177636652793,74.54634033345911
Coffee,286,Medium-short,moment_quant_exact,Transformation (inference),0.0094207639008042,8.8180287280191
Coffee,286,Medium-short,moment_quant_exact,Transformation (training),0.013061750033132992,12.226066616587103
Coffee,286,Medium-short,quant,Classification (inference),0.0047386027671260395,3.4285531021911204
Coffee,286,Medium-short,quant,Classification (training),0.07789710956640186,56.36141913148572
Coffee,286,Medium-short,quant,Transformation (inference),0.02721802369997017,19.693239585187207
Coffee,286,Medium-short,quant,Transformation (training),0.028356250100235483,20.516788181135947
Colposcopy,180,Medium-short,moment_quant_approx,Classification (inference),0.006175327734187349,1.6470776465968555
Colposcopy,180,Medium-short,moment_quant_approx,Classification (training),0.3280214959993221,87.4895870987877
Colposcopy,180,Medium-short,moment_quant_approx,Transformation (inference),0.019373404066330556,5.1672562412334635
Colposcopy,180,Medium-short,moment_quant_approx,Transformation (training),0.021356099865806707,5.6960790133819925
Colposcopy,180,Medium-short,moment_quant_exact,Classification (inference),0.006255707066641917,1.6047845188607794
Colposcopy,180,Medium-short,moment_quant_exact,Classification (training),0.32675667209890286,83.82330617988366
Colposcopy,180,Medium-short,moment_quant_exact,Transformation (inference),0.027092001401858048,6.949945701021263
Colposcopy,180,Medium-short,moment_quant_exact,Transformation (training),0.02971163479912013,7.621963600234301
Colposcopy,180,Medium-short,quant,Classification (inference),0.00647950563240249,1.6169868131819476
Colposcopy,180,Medium-short,quant,Classification (training),0.32700177359899196,81.60461396197975
Colposcopy,180,Medium-short,quant,Transformation (inference),0.03324956666765496,8.297563717940204
Colposcopy,180,Medium-short,quant,Transformation (training),0.03398396386813444,8.480835506898083
Computers,720,Medium-long,moment_quant_approx,Classification (inference),0.008414191699800183,0.6197978465601975
Computers,720,Medium-long,moment_quant_approx,Classification (training),1.1932028541666417,87.8925256171105
Computers,720,Medium-long,moment_quant_approx,Transformation (inference),0.07685171246678991,5.6609746474531875
Computers,720,Medium-long,moment_quant_approx,Transformation (training),0.07910157633280804,5.826701888876122
Computers,720,Medium-long,moment_quant_exact,Classification (inference),0.008382718134816917,0.6581685373255163
Computers,720,Medium-long,moment_quant_exact,Classification (training),1.1335555069679686,89.00103260058934
Computers,720,Medium-long,moment_quant_exact,Transformation (inference),0.06408888739800503,5.031934582455807
Computers,720,Medium-long,moment_quant_exact,Transformation (training),0.06761598336646174,5.308864279629334
Computers,720,Medium-long,quant,Classification (inference),0.008439977934176524,0.6269764659412659
Computers,720,Medium-long,quant,Classification (training),1.127196776366812,83.73550935542883
Computers,720,Medium-long,quant,Transformation (inference),0.1046144749661228,7.771443754012647
Computers,720,Medium-long,quant,Transformation (training),0.10588828196729684,7.866070424617239
Covid3Month_disc,84,Short,moment_quant_approx,Classification (inference),0.005615084768214683,2.511998207498576
Covid3Month_disc,84,Short,moment_quant_approx,Classification (training),0.17721626393322365,79.28053728766648
Covid3Month_disc,84,Short,moment_quant_approx,Transformation (inference),0.017986920765542844,8.046737420106394
Covid3Month_disc,84,Short,moment_quant_approx,Transformation (training),0.022712334633494365,10.160727084728551
Covid3Month_disc,84,Short,moment_quant_exact,Classification (inference),0.005633376400510267,2.6633432887137016
Covid3Month_disc,84,Short,moment_quant_exact,Classification (training),0.16939683193292387,80.0873017143058
Covid3Month_disc,84,Short,moment_quant_exact,Transformation (inference),0.010762965234365112,5.088506285681304
Covid3Month_disc,84,Short,moment_quant_exact,Transformation (training),0.02572204583266279,12.160848711299213
Covid3Month_disc,84,Short,quant,Classification (inference),0.005625773565164573,2.5925641464375446
Covid3Month_disc,84,Short,quant,Classification (training),0.16868419863458253,77.73590607317209
Covid3Month_disc,84,Short,quant,Transformation (inference),0.02004877499906186,9.239215663497944
Covid3Month_disc,84,Short,quant,Transformation (training),0.022637756933787938,10.432314116892414
CricketX,300,Medium-short,moment_quant_approx,Classification (inference),0.01188603319969838,0.6776719902232651
CricketX,300,Medium-short,moment_quant_approx,Classification (training),1.6270073666669,92.76242979912345
CricketX,300,Medium-short,moment_quant_approx,Transformation (inference),0.0567687737331046,3.2366229533351327
CricketX,300,Medium-short,moment_quant_approx,Transformation (training),0.05828861249998828,3.3232752573181528
CricketX,300,Medium-short,moment_quant_exact,Classification (inference),0.011854915300015468,0.6625774397113146
CricketX,300,Medium-short,moment_quant_exact,Classification (training),1.65436168053299,92.46314283178606
CricketX,300,Medium-short,moment_quant_exact,Transformation (inference),0.0583402611332227,3.2606678222061847
CricketX,300,Medium-short,moment_quant_exact,Transformation (training),0.06465517916658423,3.6136119062964376
CricketX,300,Medium-short,quant,Classification (inference),0.01220046809976333,0.6491095807704231
CricketX,300,Medium-short,quant,Classification (training),1.653379566566582,87.9658475832773
CricketX,300,Medium-short,quant,Transformation (inference),0.10644114446816573,5.663058670986187
CricketX,300,Medium-short,quant,Transformation (training),0.10754869029842663,5.721984164966097
CricketY,300,Medium-short,moment_quant_approx,Classification (inference),0.012004001366585674,0.6736756906250478
CricketY,300,Medium-short,moment_quant_approx,Classification (training),1.6554973193997284,92.90804506895402
CricketY,300,Medium-short,moment_quant_approx,Transformation (inference),0.0562178000339675,3.154995080950751
CricketY,300,Medium-short,moment_quant_approx,Transformation (training),0.058147366833873046,3.2632841594701807
CricketY,300,Medium-short,moment_quant_exact,Classification (inference),0.011957397267542497,0.6655830964864146
CricketY,300,Medium-short,moment_quant_exact,Classification (training),1.6635761194328855,92.59942778839836
CricketY,300,Medium-short,moment_quant_exact,Transformation (inference),0.057766027866455225,3.2154231258536825
CricketY,300,Medium-short,moment_quant_exact,Transformation (training),0.06323004440030972,3.5195659892615545
CricketY,300,Medium-short,quant,Classification (inference),0.01201660973286678,0.6365136790879633
CricketY,300,Medium-short,quant,Classification (training),1.66407141536644,88.14501281197177
CricketY,300,Medium-short,quant,Transformation (inference),0.10558154996736749,5.592600767396808
CricketY,300,Medium-short,quant,Transformation (training),0.10620968466658567,5.625872741543446
CricketZ,300,Medium-short,moment_quant_approx,Classification (inference),0.011950284632621284,0.6751129107668371
CricketZ,300,Medium-short,moment_quant_approx,Classification (training),1.6426443584665928,92.79866114417844
CricketZ,300,Medium-short,moment_quant_approx,Transformation (inference),0.056950652732969745,3.217339345346871
CricketZ,300,Medium-short,moment_quant_approx,Transformation (training),0.05857114573421611,3.3088865997078534
CricketZ,300,Medium-short,moment_quant_exact,Classification (inference),0.011961222266351431,0.6637787235859999
CricketZ,300,Medium-short,moment_quant_exact,Classification (training),1.668554226433965,92.59511862529769
CricketZ,300,Medium-short,moment_quant_exact,Transformation (inference),0.058081545834284015,3.223190197396342
CricketZ,300,Medium-short,moment_quant_exact,Transformation (training),0.06339240966505405,3.517912453719976
CricketZ,300,Medium-short,quant,Classification (inference),0.012119088766970237,0.6394834481808523
CricketZ,300,Medium-short,quant,Classification (training),1.669735205600106,88.10629638560371
CricketZ,300,Medium-short,quant,Transformation (inference),0.10618018063299432,5.602770088186097
CricketZ,300,Medium-short,quant,Transformation (training),0.10710273323347788,5.651450078029337
Crop,46,Short,moment_quant_approx,Classification (inference),0.31565975963312665,3.9669014125092765
Crop,46,Short,moment_quant_approx,Classification (training),6.648176105666547,83.54773891620043
Crop,46,Short,moment_quant_approx,Transformation (inference),0.8375370055667494,10.525341381090183
Crop,46,Short,moment_quant_approx,Transformation (training),0.1559652832334298,1.9600182902001213
Crop,46,Short,moment_quant_exact,Classification (inference),0.3098931652328853,4.249217527992208
Crop,46,Short,moment_quant_exact,Classification (training),6.657480258232681,91.2865625296547
Crop,46,Short,moment_quant_exact,Transformation (inference),0.23502834870062841,3.222680236020243
Crop,46,Short,moment_quant_exact,Transformation (training),0.09054482780023435,1.2415397063328442
Crop,46,Short,quant,Classification (inference),0.3098709180005244,4.221685889393116
Crop,46,Short,quant,Classification (training),6.532166158332742,88.99432665623016
Crop,46,Short,quant,Transformation (inference),0.3462217917001302,4.716930720869936
Crop,46,Short,quant,Transformation (training),0.1517215596689008,2.06705673350679
DiatomSizeReduction,345,Medium-long,moment_quant_approx,Classification (inference),0.006640372334125717,3.7388126319282557
DiatomSizeReduction,345,Medium-long,moment_quant_approx,Classification (training),0.09225869309933231,51.94557621299273
DiatomSizeReduction,345,Medium-long,moment_quant_approx,Transformation (inference),0.05282733053269714,29.744038552124657
DiatomSizeReduction,345,Medium-long,moment_quant_approx,Transformation (training),0.025880052600405132,14.571572602954364
DiatomSizeReduction,345,Medium-long,moment_quant_exact,Classification (inference),0.007178952765631593,4.362424364247184
DiatomSizeReduction,345,Medium-long,moment_quant_exact,Classification (training),0.09402677370041294,57.137120395324175
DiatomSizeReduction,345,Medium-long,moment_quant_exact,Transformation (inference),0.05372100693445338,32.644570478955266
DiatomSizeReduction,345,Medium-long,moment_quant_exact,Transformation (training),0.009636641599596823,5.855884761473369
DiatomSizeReduction,345,Medium-long,quant,Classification (inference),0.006838527867027207,3.200849185906777
DiatomSizeReduction,345,Medium-long,quant,Classification (training),0.09238818059990682,43.24331762782937
DiatomSizeReduction,345,Medium-long,quant,Transformation (inference),0.0864926374997594,40.48384297195018
DiatomSizeReduction,345,Medium-long,quant,Transformation (training),0.027927954166564888,13.071990214313672
DistalPhalanxOutlineAgeGroup,80,Short,moment_quant_approx,Classification (inference),0.00644582226692965,1.607212681419185
DistalPhalanxOutlineAgeGroup,80,Short,moment_quant_approx,Classification (training),0.3433048456667166,85.60023511337457
DistalPhalanxOutlineAgeGroup,80,Short,moment_quant_approx,Transformation (inference),0.020915859833136544,5.215197344033455
DistalPhalanxOutlineAgeGroup,80,Short,moment_quant_approx,Transformation (training),0.030389433366993467,7.577354861172795
DistalPhalanxOutlineAgeGroup,80,Short,moment_quant_exact,Classification (inference),0.00634246956663745,1.435889996931895
DistalPhalanxOutlineAgeGroup,80,Short,moment_quant_exact,Classification (training),0.342154072199628,77.46124825971005
DistalPhalanxOutlineAgeGroup,80,Short,moment_quant_exact,Transformation (inference),0.024332488833654933,5.5087023989025505
DistalPhalanxOutlineAgeGroup,80,Short,moment_quant_exact,Transformation (training),0.0688809597328751,15.594159344455496
DistalPhalanxOutlineAgeGroup,80,Short,quant,Classification (inference),0.006365169466395507,1.575839704390593
DistalPhalanxOutlineAgeGroup,80,Short,quant,Classification (training),0.34185139713348084,84.63293985311509
DistalPhalanxOutlineAgeGroup,80,Short,quant,Transformation (inference),0.02324245003304285,5.754187030329658
DistalPhalanxOutlineAgeGroup,80,Short,quant,Transformation (training),0.032463377799770834,8.037033412164662
DistalPhalanxOutlineCorrect,80,Short,moment_quant_approx,Classification (inference),0.009005918133576965,1.3779601293385615
DistalPhalanxOutlineCorrect,80,Short,moment_quant_approx,Classification (training),0.5825481916991218,89.1334086845446
DistalPhalanxOutlineCorrect,80,Short,moment_quant_approx,Transformation (inference),0.02499433333359769,3.8242846850547663
DistalPhalanxOutlineCorrect,80,Short,moment_quant_approx,Transformation (training),0.037020404134091175,5.664346501062065
DistalPhalanxOutlineCorrect,80,Short,moment_quant_exact,Classification (inference),0.00843315010085155,1.1440301026130582
DistalPhalanxOutlineCorrect,80,Short,moment_quant_exact,Classification (training),0.5798748056661377,78.66505700663048
DistalPhalanxOutlineCorrect,80,Short,moment_quant_exact,Transformation (inference),0.046343448532813095,6.286891558479855
DistalPhalanxOutlineCorrect,80,Short,moment_quant_exact,Transformation (training),0.10249266923371271,13.90402133227661
DistalPhalanxOutlineCorrect,80,Short,quant,Classification (inference),0.00846904870025655,1.2920000308260018
DistalPhalanxOutlineCorrect,80,Short,quant,Classification (training),0.5799298555670248,88.47149399988895
DistalPhalanxOutlineCorrect,80,Short,quant,Transformation (inference),0.02766549163328208,4.22052314351837
DistalPhalanxOutlineCorrect,80,Short,quant,Transformation (training),0.03943471386664891,6.01598282576667
DistalPhalanxTW,80,Short,moment_quant_approx,Classification (inference),0.006670002699926603,1.5625602618258307
DistalPhalanxTW,80,Short,moment_quant_approx,Classification (training),0.36884795420022176,86.40883397174079
DistalPhalanxTW,80,Short,moment_quant_approx,Transformation (inference),0.02063491393346334,4.834075482305392
DistalPhalanxTW,80,Short,moment_quant_approx,Transformation (training),0.03071083886631333,7.194530284127998
DistalPhalanxTW,80,Short,moment_quant_exact,Classification (inference),0.00671937219910125,1.434654021846105
DistalPhalanxTW,80,Short,moment_quant_exact,Classification (training),0.3693309374662931,78.85589592716437
DistalPhalanxTW,80,Short,moment_quant_exact,Transformation (inference),0.024533322300703677,5.238112797600202
DistalPhalanxTW,80,Short,moment_quant_exact,Transformation (training),0.0677782236996184,14.471337253389335
DistalPhalanxTW,80,Short,quant,Classification (inference),0.00663603203380863,1.5404448113970624
DistalPhalanxTW,80,Short,quant,Classification (training),0.3690496388997416,85.66875483643285
DistalPhalanxTW,80,Short,quant,Transformation (inference),0.023063852733078666,5.353891013860281
DistalPhalanxTW,80,Short,quant,Transformation (training),0.03203721953323107,7.436909338309806
DodgerLoopDay,288,Medium-short,moment_quant_approx,Classification (inference),0.005745651400745014,1.6738929548979933
DodgerLoopDay,288,Medium-short,moment_quant_approx,Classification (training),0.27854322783144503,81.14859642218212
DodgerLoopDay,288,Medium-short,moment_quant_approx,Transformation (inference),0.02902249573380682,8.455185975271155
DodgerLoopDay,288,Medium-short,moment_quant_approx,Transformation (training),0.02993945143437784,8.722324647648731
DodgerLoopDay,288,Medium-short,moment_quant_exact,Classification (inference),0.00562448189981898,1.6504866852788351
DodgerLoopDay,288,Medium-short,moment_quant_exact,Classification (training),0.2792119972994745,81.93389046691115
DodgerLoopDay,288,Medium-short,moment_quant_exact,Transformation (inference),0.02722402636572946,7.988805695643284
DodgerLoopDay,288,Medium-short,moment_quant_exact,Transformation (training),0.028716669433439725,8.426817152166743
DodgerLoopDay,288,Medium-short,quant,Classification (inference),0.00603582643379918,1.6781148504450467
DodgerLoopDay,288,Medium-short,quant,Classification (training),0.2792433444347504,77.63682543285785
DodgerLoopDay,288,Medium-short,quant,Transformation (inference),0.037580801365644775,10.44842848862679
DodgerLoopDay,288,Medium-short,quant,Transformation (training),0.03681901113207758,10.2366312280703
DodgerLoopGame,288,Medium-short,moment_quant_approx,Classification (inference),0.005318587466414654,3.691256917402474
DodgerLoopGame,288,Medium-short,moment_quant_approx,Classification (training),0.07953098740060033,55.19685616606298
DodgerLoopGame,288,Medium-short,moment_quant_approx,Transformation (inference),0.033294098600163066,23.107088591208008
DodgerLoopGame,288,Medium-short,moment_quant_approx,Transformation (training),0.025942408467138446,18.004798325326544
DodgerLoopGame,288,Medium-short,moment_quant_exact,Classification (inference),0.00534879726619687,3.769425659963003
DodgerLoopGame,288,Medium-short,moment_quant_exact,Classification (training),0.08173046943314448,57.59742113037071
DodgerLoopGame,288,Medium-short,moment_quant_exact,Transformation (inference),0.04503400553270083,31.736543297064717
DodgerLoopGame,288,Medium-short,moment_quant_exact,Transformation (training),0.00978625699887434,6.896609912601561
DodgerLoopGame,288,Medium-short,quant,Classification (inference),0.005394685933909637,3.349743878861886
DodgerLoopGame,288,Medium-short,quant,Classification (training),0.08010572926577875,49.740370349111885
DodgerLoopGame,288,Medium-short,quant,Transformation (inference),0.04871840836567567,30.250915847578487
DodgerLoopGame,288,Medium-short,quant,Transformation (training),0.026828890200219228,16.658969924447756
DodgerLoopWeekend,288,Medium-short,moment_quant_approx,Classification (inference),0.00514730679957812,3.881722628830574
DodgerLoopWeekend,288,Medium-short,moment_quant_approx,Classification (training),0.06881652776840681,51.89639620822026
DodgerLoopWeekend,288,Medium-short,moment_quant_approx,Transformation (inference),0.03272879599874911,24.681666158531034
DodgerLoopWeekend,288,Medium-short,moment_quant_approx,Transformation (training),0.02591104289895151,19.54021500441813
DodgerLoopWeekend,288,Medium-short,moment_quant_exact,Classification (inference),0.005032973599251463,3.8871286296684247
DodgerLoopWeekend,288,Medium-short,moment_quant_exact,Classification (training),0.0704114485008176,54.38104371631478
DodgerLoopWeekend,288,Medium-short,moment_quant_exact,Transformation (inference),0.04406640143279215,34.033910021173895
DodgerLoopWeekend,288,Medium-short,moment_quant_exact,Transformation (training),0.00996710423205508,7.697917632842897
DodgerLoopWeekend,288,Medium-short,quant,Classification (inference),0.005172216667657834,3.4601592714627176
DodgerLoopWeekend,288,Medium-short,quant,Classification (training),0.06961687216729232,46.57296496996383
DodgerLoopWeekend,288,Medium-short,quant,Transformation (inference),0.04743301953276382,31.732197789789613
DodgerLoopWeekend,288,Medium-short,quant,Transformation (training),0.027257041633129076,18.23467796878384
ECG200,96,Short,moment_quant_approx,Classification (inference),0.0053761013662247965,3.2919346525620954
ECG200,96,Short,moment_quant_approx,Classification (training),0.11615684303275577,71.1260280756685
ECG200,96,Short,moment_quant_approx,Transformation (inference),0.020232255567922592,12.388766257639759
ECG200,96,Short,moment_quant_approx,Transformation (training),0.021546102766296777,13.193271014129643
ECG200,96,Short,moment_quant_exact,Classification (inference),0.005459213966726827,3.3191465009976713
ECG200,96,Short,moment_quant_exact,Classification (training),0.11769913886576733,71.55987790875662
ECG200,96,Short,moment_quant_exact,Transformation (inference),0.019627820867268938,11.93351521865065
ECG200,96,Short,moment_quant_exact,Transformation (training),0.021690265200595565,13.187460371595064
ECG200,96,Short,quant,Classification (inference),0.0055177680328293765,3.227968079508903
ECG200,96,Short,quant,Classification (training),0.11668764996647947,68.26383550806136
ECG200,96,Short,quant,Transformation (inference),0.023864545900141778,13.961078454059544
ECG200,96,Short,quant,Transformation (training),0.024866299933394915,14.547117958370185
ECG5000,140,Short,moment_quant_approx,Classification (inference),0.062100601466712105,7.952387122384837
ECG5000,140,Short,moment_quant_approx,Classification (training),0.4241555514003267,54.31588527612022
ECG5000,140,Short,moment_quant_approx,Transformation (inference),0.2503596707661927,32.060189027843705
ECG5000,140,Short,moment_quant_approx,Transformation (training),0.04428933743353502,5.671538573651242
ECG5000,140,Short,moment_quant_exact,Classification (inference),0.0477773611011798,5.490372182501753
ECG5000,140,Short,moment_quant_exact,Classification (training),0.427590516632578,49.13689295332571
ECG5000,140,Short,moment_quant_exact,Transformation (inference),0.2790139431327891,32.063101782918764
ECG5000,140,Short,moment_quant_exact,Transformation (training),0.11582077220082279,13.309633081253773
ECG5000,140,Short,quant,Classification (inference),0.04549855830045994,4.550487848516801
ECG5000,140,Short,quant,Classification (training),0.42803898343311936,42.80984421399137
ECG5000,140,Short,quant,Transformation (inference),0.460843349933081,46.09073654799875
ECG5000,140,Short,quant,Transformation (training),0.06548021806665924,6.548931389493083
ECGFiveDays,136,Short,moment_quant_approx,Classification (inference),0.007984913899660212,5.013199257427717
ECGFiveDays,136,Short,moment_quant_approx,Classification (training),0.0681269055664112,42.77237759707269
ECGFiveDays,136,Short,moment_quant_approx,Transformation (inference),0.062340920733549826,39.13974044755716
ECGFiveDays,136,Short,moment_quant_approx,Transformation (training),0.020825068034901004,13.074682697942432
ECGFiveDays,136,Short,moment_quant_exact,Classification (inference),0.008107962599509197,2.949403285271714
ECGFiveDays,136,Short,moment_quant_exact,Classification (training),0.06972364856701456,25.363111339108972
ECGFiveDays,136,Short,moment_quant_exact,Transformation (inference),0.1885875180327275,68.60177737877515
ECGFiveDays,136,Short,moment_quant_exact,Transformation (training),0.008482666699516467,3.0857079968441528
ECGFiveDays,136,Short,quant,Classification (inference),0.008182911066493603,4.336538405426368
ECGFiveDays,136,Short,quant,Classification (training),0.06822569726694681,36.15624733434697
ECGFiveDays,136,Short,quant,Transformation (inference),0.0880005860655122,46.63596097673909
ECGFiveDays,136,Short,quant,Transformation (training),0.024287648600390288,12.871253283487556
EOGHorizontalSignal,1250,Long,moment_quant_approx,Classification (inference),0.01353672226711443,0.2831696170176743
EOGHorizontalSignal,1250,Long,moment_quant_approx,Classification (training),4.440781240200886,92.89503753075172
EOGHorizontalSignal,1250,Long,moment_quant_approx,Transformation (inference),0.1599529763666699,3.3459963324077364
EOGHorizontalSignal,1250,Long,moment_quant_approx,Transformation (training),0.16615798206524532,3.475796519822871
EOGHorizontalSignal,1250,Long,moment_quant_exact,Classification (inference),0.0138940264997169,0.28206235631784493
EOGHorizontalSignal,1250,Long,moment_quant_exact,Classification (training),4.32612987926647,87.8246768499972
EOGHorizontalSignal,1250,Long,moment_quant_exact,Transformation (inference),0.296683008166292,6.022955862690765
EOGHorizontalSignal,1250,Long,moment_quant_exact,Transformation (training),0.2891636209007023,5.870304930994194
EOGHorizontalSignal,1250,Long,quant,Classification (inference),0.013602513899968416,0.258470099582583
EOGHorizontalSignal,1250,Long,quant,Classification (training),4.3368113361330565,82.40653648027433
EOGHorizontalSignal,1250,Long,quant,Transformation (inference),0.4532030333000875,8.61160179725854
EOGHorizontalSignal,1250,Long,quant,Transformation (training),0.45908619990004806,8.723391622884542
EOGVerticalSignal,1250,Long,moment_quant_approx,Classification (inference),0.013943372299399879,0.26479813597008967
EOGVerticalSignal,1250,Long,moment_quant_approx,Classification (training),4.9263039944659495,93.55528110030704
EOGVerticalSignal,1250,Long,moment_quant_approx,Transformation (inference),0.1605616902003627,3.049221907034137
EOGVerticalSignal,1250,Long,moment_quant_approx,Transformation (training),0.16485199020074406,3.1306988566887304
EOGVerticalSignal,1250,Long,moment_quant_exact,Classification (inference),0.014156490233290193,0.25165912094039206
EOGVerticalSignal,1250,Long,moment_quant_exact,Classification (training),5.024084365266268,89.31286173744071
EOGVerticalSignal,1250,Long,moment_quant_exact,Transformation (inference),0.29305366116750514,5.209598250867954
EOGVerticalSignal,1250,Long,moment_quant_exact,Transformation (training),0.2939696026665236,5.2258808907509495
EOGVerticalSignal,1250,Long,quant,Classification (inference),0.01424560973367377,0.238958653650921
EOGVerticalSignal,1250,Long,quant,Classification (training),5.02817849176572,84.34365289880758
EOGVerticalSignal,1250,Long,quant,Transformation (inference),0.4571246915669083,7.667899295964417
EOGVerticalSignal,1250,Long,quant,Transformation (training),0.4619887014009388,7.749489151577078
Earthquakes,512,Medium-long,moment_quant_approx,Classification (inference),0.00673662906604775,0.5219755210577618
Earthquakes,512,Medium-long,moment_quant_approx,Classification (training),1.1624273139338281,90.06857835477616
Earthquakes,512,Medium-long,moment_quant_approx,Transformation (inference),0.04549194449985706,3.5248610546067662
Earthquakes,512,Medium-long,moment_quant_approx,Transformation (training),0.07594660136722567,5.884585069559291
Earthquakes,512,Medium-long,moment_quant_exact,Classification (inference),0.0068159431005672365,0.5421619834729695
Earthquakes,512,Medium-long,moment_quant_exact,Classification (training),1.1189482056332054,89.00473047070068
Earthquakes,512,Medium-long,moment_quant_exact,Transformation (inference),0.06171522213359515,4.9090267845164774
Earthquakes,512,Medium-long,moment_quant_exact,Transformation (training),0.0696989832669108,5.544080761309886
Earthquakes,512,Medium-long,quant,Classification (inference),0.00686963756646335,0.5165339480146541
Earthquakes,512,Medium-long,quant,Classification (training),1.1163626790662724,83.94026853023416
Earthquakes,512,Medium-long,quant,Transformation (inference),0.07041026656685663,5.294208408911217
Earthquakes,512,Medium-long,quant,Transformation (training),0.1363063181005903,10.24898911283995
ElectricDeviceDetection,256,Medium-short,moment_quant_approx,Classification (inference),0.07096765969860518,5.449529730547591
ElectricDeviceDetection,256,Medium-short,moment_quant_approx,Classification (training),0.7975089361008334,61.23984750400737
ElectricDeviceDetection,256,Medium-short,moment_quant_approx,Transformation (inference),0.3684685944666853,28.294304318996037
ElectricDeviceDetection,256,Medium-short,moment_quant_approx,Transformation (training),0.06532607363381729,5.0163184464490005
ElectricDeviceDetection,256,Medium-short,moment_quant_exact,Classification (inference),0.07132238339739459,5.795991484488662
ElectricDeviceDetection,256,Medium-short,moment_quant_exact,Classification (training),0.7911583596340885,64.29324003057232
ElectricDeviceDetection,256,Medium-short,moment_quant_exact,Transformation (inference),0.31330442643375134,25.460587562599073
ElectricDeviceDetection,256,Medium-short,moment_quant_exact,Transformation (training),0.054761555599300925,4.4501809223399444
ElectricDeviceDetection,256,Medium-short,quant,Classification (inference),0.07149998480163045,4.943290588497008
ElectricDeviceDetection,256,Medium-short,quant,Classification (training),0.7907591140009269,54.67067016663026
ElectricDeviceDetection,256,Medium-short,quant,Transformation (inference),0.4906421277327657,33.92149829220971
ElectricDeviceDetection,256,Medium-short,quant,Transformation (training),0.09350342076601612,6.464540952663015
ElectricDevices,96,Short,moment_quant_approx,Classification (inference),0.18807874453292847,1.437327184929954
ElectricDevices,96,Short,moment_quant_approx,Classification (training),11.73262171663373,89.66253037096786
ElectricDevices,96,Short,moment_quant_approx,Transformation (inference),0.48707976946704246,3.7223397871088197
ElectricDevices,96,Short,moment_quant_approx,Transformation (training),0.6775316249334234,5.177802656993373
ElectricDevices,96,Short,moment_quant_exact,Classification (inference),0.19003586810043385,1.5661276597588878
ElectricDevices,96,Short,moment_quant_exact,Classification (training),11.38445263463412,93.82179448825187
ElectricDevices,96,Short,moment_quant_exact,Transformation (inference),0.2613735499326139,2.1540372887001475
ElectricDevices,96,Short,moment_quant_exact,Transformation (training),0.29826168343303533,2.4580405632891122
ElectricDevices,96,Short,quant,Classification (inference),0.18918250266724496,1.5266579048067175
ElectricDevices,96,Short,quant,Classification (training),11.375708641666764,91.79926936015495
ElectricDevices,96,Short,quant,Transformation (inference),0.3793425084996367,3.0612040282013337
ElectricDevices,96,Short,quant,Transformation (training),0.44770445403361614,3.612868706836996
EthanolLevel,1751,Long,moment_quant_approx,Classification (inference),0.018385887466380712,0.20567895728186097
EthanolLevel,1751,Long,moment_quant_approx,Classification (training),8.45032256943329,94.53193586409749
EthanolLevel,1751,Long,moment_quant_approx,Transformation (inference),0.22937480010004943,2.5659664129664357
EthanolLevel,1751,Long,moment_quant_approx,Transformation (training),0.24103609159986564,2.6964187656542102
EthanolLevel,1751,Long,moment_quant_exact,Classification (inference),0.01872320563367486,0.1903800431541186
EthanolLevel,1751,Long,moment_quant_exact,Classification (training),8.624069763932978,87.6906874786825
EthanolLevel,1751,Long,moment_quant_exact,Transformation (inference),0.5991127819334603,6.0918583874084975
EthanolLevel,1751,Long,moment_quant_exact,Transformation (training),0.592741474899473,6.027074090754882
EthanolLevel,1751,Long,quant,Classification (inference),0.018812869433895638,0.17918859578741572
EthanolLevel,1751,Long,quant,Classification (training),8.620670538900109,82.11006056461977
EthanolLevel,1751,Long,quant,Transformation (inference),0.9256591360661939,8.816707166991003
EthanolLevel,1751,Long,quant,Transformation (training),0.9337786348330458,8.89404367260181
FaceAll,131,Short,moment_quant_approx,Classification (inference),0.03437327073358266,2.258839129118994
FaceAll,131,Short,moment_quant_approx,Classification (training),1.2476824361678154,81.99143832934358
FaceAll,131,Short,moment_quant_approx,Transformation (inference),0.16095801946673113,10.577354576901913
FaceAll,131,Short,moment_quant_approx,Transformation (training),0.07870910419878778,5.172367964635501
FaceAll,131,Short,moment_quant_exact,Classification (inference),0.034380433199597306,2.1591442343544798
FaceAll,131,Short,moment_quant_exact,Classification (training),1.2802547444332353,80.40197265403758
FaceAll,131,Short,moment_quant_exact,Transformation (inference),0.13388010970035485,8.407877389911778
FaceAll,131,Short,moment_quant_exact,Transformation (training),0.14380229166708883,9.031005721696166
FaceAll,131,Short,quant,Classification (inference),0.029941337434138345,1.7293976589273294
FaceAll,131,Short,quant,Classification (training),1.377888859633337,79.58621665961383
FaceAll,131,Short,quant,Transformation (inference),0.1996530028324438,11.53186414787741
FaceAll,131,Short,quant,Transformation (training),0.12383274583286638,7.152521533581425
FaceFour,350,Medium-long,moment_quant_approx,Classification (inference),0.00584799033361676,3.1039155032015313
FaceFour,350,Medium-long,moment_quant_approx,Classification (training),0.12051499713270455,63.965284931848146
FaceFour,350,Medium-long,moment_quant_approx,Transformation (inference),0.033491240233706726,17.776017717621222
FaceFour,350,Medium-long,moment_quant_approx,Transformation (training),0.028552651533148746,15.154781847329106
FaceFour,350,Medium-long,moment_quant_exact,Classification (inference),0.006350019400027376,3.618685985748186
FaceFour,350,Medium-long,moment_quant_exact,Classification (training),0.11856014583293772,67.56387833902733
FaceFour,350,Medium-long,moment_quant_exact,Transformation (inference),0.03754764299980399,21.39727786039219
FaceFour,350,Medium-long,moment_quant_exact,Transformation (training),0.013020788833576514,7.420157814832292
FaceFour,350,Medium-long,quant,Classification (inference),0.005623812299745573,2.7464539018817278
FaceFour,350,Medium-long,quant,Classification (training),0.12088635693241177,59.03625316519009
FaceFour,350,Medium-long,quant,Transformation (inference),0.04675322236726055,22.8324778908279
FaceFour,350,Medium-long,quant,Transformation (training),0.03150291800047848,15.384815042100277
FacesUCR,131,Short,moment_quant_approx,Classification (inference),0.0296313458003472,5.308279325249938
FacesUCR,131,Short,moment_quant_approx,Classification (training),0.3724841193994507,66.72831410744986
FacesUCR,131,Short,moment_quant_approx,Transformation (inference),0.12604431116730358,22.580088516496865
FacesUCR,131,Short,moment_quant_approx,Transformation (training),0.030050219467132853,5.38331805080333
FacesUCR,131,Short,moment_quant_exact,Classification (inference),0.0302556624335314,5.264191256633841
FacesUCR,131,Short,moment_quant_exact,Classification (training),0.3869360207669767,67.3231075959114
FacesUCR,131,Short,moment_quant_exact,Transformation (inference),0.10983131946632052,19.10958231072778
FacesUCR,131,Short,moment_quant_exact,Transformation (training),0.047721738900145236,8.303118836726986
FacesUCR,131,Short,quant,Classification (inference),0.029744130632752733,4.538539153376953
FacesUCR,131,Short,quant,Classification (training),0.38894787776613765,59.34801704779629
FacesUCR,131,Short,quant,Transformation (inference),0.20051404996775088,30.595645164990266
FacesUCR,131,Short,quant,Transformation (training),0.03616188333374638,5.517798633836501
FiftyWords,270,Medium-short,moment_quant_approx,Classification (inference),0.014823343199532204,0.6249069899635005
FiftyWords,270,Medium-short,moment_quant_approx,Classification (training),2.244289176333647,94.61239444517363
FiftyWords,270,Medium-short,moment_quant_approx,Transformation (inference),0.05601443333265096,2.361397861281572
FiftyWords,270,Medium-short,moment_quant_approx,Transformation (training),0.05696096383326218,2.4013007035812945
FiftyWords,270,Medium-short,moment_quant_exact,Classification (inference),0.0151018179332216,0.621772544341529
FiftyWords,270,Medium-short,moment_quant_exact,Classification (training),2.291626794399781,94.35093370452338
FiftyWords,270,Medium-short,moment_quant_exact,Transformation (inference),0.061361627833199796,2.526382958097788
FiftyWords,270,Medium-short,moment_quant_exact,Transformation (training),0.06074295143359143,2.5009107930372942
FiftyWords,270,Medium-short,quant,Classification (inference),0.015232032032993887,0.6096012023799672
FiftyWords,270,Medium-short,quant,Classification (training),2.2929879207668518,91.76767686113325
FiftyWords,270,Medium-short,quant,Transformation (inference),0.095527400032491,3.8231023801617283
FiftyWords,270,Medium-short,quant,Transformation (training),0.09494063753348499,3.7996195563250437
Fish,463,Medium-long,moment_quant_approx,Classification (inference),0.0072223847319643165,0.8409838933202712
Fish,463,Medium-long,moment_quant_approx,Classification (training),0.7541955499997129,87.81951301437753
Fish,463,Medium-long,moment_quant_approx,Transformation (inference),0.04784025420109776,5.57058156392733
Fish,463,Medium-long,moment_quant_approx,Transformation (training),0.049543601366652444,5.768921528374866
Fish,463,Medium-long,moment_quant_exact,Classification (inference),0.007269187466348086,0.7869651801728755
Fish,463,Medium-long,moment_quant_exact,Classification (training),0.7508521625003293,81.28755931536321
Fish,463,Medium-long,moment_quant_exact,Transformation (inference),0.08042674166645152,8.707031637203555
Fish,463,Medium-long,moment_quant_exact,Transformation (training),0.08515065000004439,9.218443867260362
Fish,463,Medium-long,quant,Classification (inference),0.007267702765238893,0.7880230665397604
Fish,463,Medium-long,quant,Classification (training),0.7532316236662154,81.67145975412812
Fish,463,Medium-long,quant,Transformation (inference),0.08087267356725832,8.768868827238713
Fish,463,Medium-long,quant,Transformation (training),0.08089830829970496,8.77164835209341
FloodModeling1_disc,266,Medium-short,moment_quant_approx,Classification (inference),0.006699844466735727,0.9717227993929118
FloodModeling1_disc,266,Medium-short,moment_quant_approx,Classification (training),0.5945947984650654,86.23802014174845
FloodModeling1_disc,266,Medium-short,moment_quant_approx,Transformation (inference),0.03269972233344252,4.742657218833172
FloodModeling1_disc,266,Medium-short,moment_quant_approx,Transformation (training),0.05548667510156515,8.047599840025455
FloodModeling1_disc,266,Medium-short,moment_quant_exact,Classification (inference),0.00685306120091501,0.9190264913497699
FloodModeling1_disc,266,Medium-short,moment_quant_exact,Classification (training),0.6305172555352329,84.55521468459415
FloodModeling1_disc,266,Medium-short,moment_quant_exact,Transformation (inference),0.05567006253162007,7.46560708298154
FloodModeling1_disc,266,Medium-short,moment_quant_exact,Transformation (training),0.05264663469958269,7.060151741074544
FloodModeling1_disc,266,Medium-short,quant,Classification (inference),0.006972573634023573,0.8931300336885483
FloodModeling1_disc,266,Medium-short,quant,Classification (training),0.6311588734325293,80.8463238223746
FloodModeling1_disc,266,Medium-short,quant,Transformation (inference),0.05081448893373206,6.508923188963348
FloodModeling1_disc,266,Medium-short,quant,Transformation (training),0.09174370280040114,11.751622954973502
FloodModeling2_disc,266,Medium-short,moment_quant_approx,Classification (inference),0.006160518066705313,1.386474336251495
FloodModeling2_disc,266,Medium-short,moment_quant_approx,Classification (training),0.35063701113152396,78.91369070098087
FloodModeling2_disc,266,Medium-short,moment_quant_approx,Transformation (inference),0.032259398501870803,7.260238123069737
FloodModeling2_disc,266,Medium-short,moment_quant_approx,Transformation (training),0.05527283056726442,12.439596839697906
FloodModeling2_disc,266,Medium-short,moment_quant_exact,Classification (inference),0.006081144499087971,1.2415010573140783
FloodModeling2_disc,266,Medium-short,moment_quant_exact,Classification (training),0.3743117375667983,76.41792067660049
FloodModeling2_disc,266,Medium-short,moment_quant_exact,Transformation (inference),0.05518864023470081,11.267082243051986
FloodModeling2_disc,266,Medium-short,moment_quant_exact,Transformation (training),0.05424041246636378,11.073496023033444
FloodModeling2_disc,266,Medium-short,quant,Classification (inference),0.0063436221350759965,1.2169283625556073
FloodModeling2_disc,266,Medium-short,quant,Classification (training),0.3737731764646014,71.70275434396225
FloodModeling2_disc,266,Medium-short,quant,Transformation (inference),0.0505152652675557,9.690592809146294
FloodModeling2_disc,266,Medium-short,quant,Transformation (training),0.09064941253406379,17.389724484335865
FloodModeling3_disc,266,Medium-short,moment_quant_approx,Classification (inference),0.006564584566027967,1.0674393701243663
FloodModeling3_disc,266,Medium-short,moment_quant_approx,Classification (training),0.5251800609999918,85.39731157045762
FloodModeling3_disc,266,Medium-short,moment_quant_approx,Transformation (inference),0.0308349584336004,5.013942356460339
FloodModeling3_disc,266,Medium-short,moment_quant_approx,Transformation (training),0.05240469859951792,8.521306702957686
FloodModeling3_disc,266,Medium-short,moment_quant_exact,Classification (inference),0.006636772267423366,0.9918156755090706
FloodModeling3_disc,266,Medium-short,moment_quant_exact,Classification (training),0.5628618194998125,84.11546354628886
FloodModeling3_disc,266,Medium-short,moment_quant_exact,Transformation (inference),0.051073626298360326,7.632569135519307
FloodModeling3_disc,266,Medium-short,moment_quant_exact,Transformation (training),0.04858158049852737,7.2601516426827715
FloodModeling3_disc,266,Medium-short,quant,Classification (inference),0.00700041383339941,0.997028013550644
FloodModeling3_disc,266,Medium-short,quant,Classification (training),0.5630575944650142,80.1930011973947
FloodModeling3_disc,266,Medium-short,quant,Transformation (inference),0.047856223635123214,6.815882135326891
FloodModeling3_disc,266,Medium-short,quant,Transformation (training),0.08421386660096077,11.994088653727777
FordA,500,Medium-long,moment_quant_approx,Classification (inference),0.028198548532964156,0.1794174168863551
FordA,500,Medium-long,moment_quant_approx,Classification (training),14.73874348749887,93.77742551487508
FordA,500,Medium-long,moment_quant_approx,Transformation (inference),0.23708662783416606,1.5084985773142299
FordA,500,Medium-long,moment_quant_approx,Transformation (training),0.7126999694669697,4.534658490924334
FordA,500,Medium-long,moment_quant_exact,Classification (inference),0.029112648633842234,0.17444134921566182
FordA,500,Medium-long,moment_quant_exact,Classification (training),15.268072319432637,91.4854285098628
FordA,500,Medium-long,moment_quant_exact,Transformation (inference),0.3550773098002537,2.1276032207327558
FordA,500,Medium-long,moment_quant_exact,Transformation (training),1.0368133138671207,6.212526920188781
FordA,500,Medium-long,quant,Classification (inference),0.029146897299991252,0.1657115380908117
FordA,500,Medium-long,quant,Classification (training),15.271929292967009,86.82690533762045
FordA,500,Medium-long,quant,Transformation (inference),0.6174442304996773,3.5104125172674867
FordA,500,Medium-long,quant,Transformation (training),1.6704161347666135,9.496970607021256
FordB,500,Medium-long,moment_quant_approx,Classification (inference),0.020535237499522376,0.10982956245244369
FordB,500,Medium-long,moment_quant_approx,Classification (training),17.836980113966515,95.39834742283581
FordB,500,Medium-long,moment_quant_approx,Transformation (inference),0.14600816246747853,0.7809022222733706
FordB,500,Medium-long,moment_quant_approx,Transformation (training),0.6938445179332727,3.7109207924383876
FordB,500,Medium-long,moment_quant_exact,Classification (inference),0.020831204233157482,0.10836184452889434
FordB,500,Medium-long,moment_quant_exact,Classification (training),17.958071279133097,93.41609377007504
FordB,500,Medium-long,moment_quant_exact,Transformation (inference),0.20931328053314546,1.088826786444866
FordB,500,Medium-long,moment_quant_exact,Transformation (training),1.035528833400167,5.386717598951204
FordB,500,Medium-long,quant,Classification (inference),0.020845883299383132,0.10431215113647158
FordB,500,Medium-long,quant,Classification (training),17.958524070799953,89.86389543477304
FordB,500,Medium-long,quant,Transformation (inference),0.3468220666669367,1.7354868256743763
FordB,500,Medium-long,quant,Transformation (training),1.6579450833669398,8.296305588416102
FreezerRegularTrain,301,Medium-short,moment_quant_approx,Classification (inference),0.022474686100273738,3.95748521338219
FreezerRegularTrain,301,Medium-short,moment_quant_approx,Classification (training),0.1699983986346827,29.934395786164664
FreezerRegularTrain,301,Medium-short,moment_quant_approx,Transformation (inference),0.3367479693653877,59.296717358102214
FreezerRegularTrain,301,Medium-short,moment_quant_approx,Transformation (training),0.03868216949922494,6.811401642350934
FreezerRegularTrain,301,Medium-short,moment_quant_exact,Classification (inference),0.021021494400580744,3.132696637199955
FreezerRegularTrain,301,Medium-short,moment_quant_exact,Classification (training),0.15606262913327856,23.256998963161212
FreezerRegularTrain,301,Medium-short,moment_quant_exact,Transformation (inference),0.43383062919989845,64.65095807704884
FreezerRegularTrain,301,Medium-short,moment_quant_exact,Transformation (training),0.0601203596660828,8.959346322590003
FreezerRegularTrain,301,Medium-short,quant,Classification (inference),0.020729993133378786,2.1345933359768825
FreezerRegularTrain,301,Medium-short,quant,Classification (training),0.15598892223376118,16.06237453838131
FreezerRegularTrain,301,Medium-short,quant,Transformation (inference),0.7377226985326464,75.96422950816495
FreezerRegularTrain,301,Medium-short,quant,Transformation (training),0.05670323060015405,5.838802617476854
FreezerSmallTrain,301,Medium-short,moment_quant_approx,Classification (inference),0.020196334633025448,4.303350773440469
FreezerSmallTrain,301,Medium-short,moment_quant_approx,Classification (training),0.08417454859906376,17.935561843259098
FreezerSmallTrain,301,Medium-short,moment_quant_approx,Transformation (inference),0.33765393890086365,71.94589342702845
FreezerSmallTrain,301,Medium-short,moment_quant_approx,Transformation (training),0.027291663933525907,5.815193956271981
FreezerSmallTrain,301,Medium-short,moment_quant_exact,Classification (inference),0.019101343133418842,3.500375957814528
FreezerSmallTrain,301,Medium-short,moment_quant_exact,Classification (training),0.08119174156672668,14.878619695388553
FreezerSmallTrain,301,Medium-short,moment_quant_exact,Transformation (inference),0.4305519790997399,78.89988602913739
FreezerSmallTrain,301,Medium-short,moment_quant_exact,Transformation (training),0.014848980600557551,2.721118317659524
FreezerSmallTrain,301,Medium-short,quant,Classification (inference),0.019271752599646145,2.260405545430346
FreezerSmallTrain,301,Medium-short,quant,Classification (training),0.08039981530043099,9.430184795959175
FreezerSmallTrain,301,Medium-short,quant,Transformation (inference),0.7219886681336599,84.68286320867155
FreezerSmallTrain,301,Medium-short,quant,Transformation (training),0.03091918886663426,3.6265464499389415
GestureMidAirD1,360,Medium-long,moment_quant_approx,Classification (inference),0.007210408300064296,0.5869916913741513
GestureMidAirD1,360,Medium-long,moment_quant_approx,Classification (training),1.1381997290664003,92.65963261474798
GestureMidAirD1,360,Medium-long,moment_quant_approx,Transformation (inference),0.03690974320149199,3.00478304256864
GestureMidAirD1,360,Medium-long,moment_quant_approx,Transformation (training),0.046046449998781665,3.748592651309236
GestureMidAirD1,360,Medium-long,moment_quant_exact,Classification (inference),0.007422047101135796,0.5607972688900513
GestureMidAirD1,360,Medium-long,moment_quant_exact,Classification (training),1.1748734167325892,88.7714392562037
GestureMidAirD1,360,Medium-long,moment_quant_exact,Transformation (inference),0.05312140276752563,4.013762939752562
GestureMidAirD1,360,Medium-long,moment_quant_exact,Transformation (training),0.08806445416654844,6.654000535153688
GestureMidAirD1,360,Medium-long,quant,Classification (inference),0.007343476433500907,0.5559156485127181
GestureMidAirD1,360,Medium-long,quant,Classification (training),1.1753840264340396,88.9788888442122
GestureMidAirD1,360,Medium-long,quant,Transformation (inference),0.056484373600202725,4.275978477651566
GestureMidAirD1,360,Medium-long,quant,Transformation (training),0.08175767226639433,6.18921702962353
GestureMidAirD2,360,Medium-long,moment_quant_approx,Classification (inference),0.00722105003563527,0.5677266203584505
GestureMidAirD2,360,Medium-long,moment_quant_approx,Classification (training),1.180999449933976,92.85143061568878
GestureMidAirD2,360,Medium-long,moment_quant_approx,Transformation (inference),0.03736127646407108,2.9373832219068348
GestureMidAirD2,360,Medium-long,moment_quant_approx,Transformation (training),0.046342029266330985,3.6434595420459392
GestureMidAirD2,360,Medium-long,moment_quant_exact,Classification (inference),0.00734758069787248,0.5414404019159499
GestureMidAirD2,360,Medium-long,moment_quant_exact,Classification (training),1.2066408112009717,88.91689831647774
GestureMidAirD2,360,Medium-long,moment_quant_exact,Transformation (inference),0.05404194296813023,3.9823300381655913
GestureMidAirD2,360,Medium-long,moment_quant_exact,Transformation (training),0.08901296516608755,6.559331243440714
GestureMidAirD2,360,Medium-long,quant,Classification (inference),0.00735892633432129,0.5435846129352269
GestureMidAirD2,360,Medium-long,quant,Classification (training),1.2069865305655791,89.15693352922175
GestureMidAirD2,360,Medium-long,quant,Transformation (inference),0.05846533616616697,4.318681243185039
GestureMidAirD2,360,Medium-long,quant,Transformation (training),0.08096673470184515,5.980800614657997
GestureMidAirD3,360,Medium-long,moment_quant_approx,Classification (inference),0.007398102767183396,0.519721597621716
GestureMidAirD3,360,Medium-long,moment_quant_approx,Classification (training),1.3343918791681062,93.74190939479553
GestureMidAirD3,360,Medium-long,moment_quant_approx,Transformation (inference),0.03591609173211807,2.523129126854663
GestureMidAirD3,360,Medium-long,moment_quant_approx,Transformation (training),0.045768109633354426,3.215239880728079
GestureMidAirD3,360,Medium-long,moment_quant_exact,Classification (inference),0.007548219366678143,0.4958166886979913
GestureMidAirD3,360,Medium-long,moment_quant_exact,Classification (training),1.3719942762346666,90.1216069525336
GestureMidAirD3,360,Medium-long,moment_quant_exact,Transformation (inference),0.05395546680034987,3.5441498963585416
GestureMidAirD3,360,Medium-long,moment_quant_exact,Transformation (training),0.08888309873194274,5.838426462409888
GestureMidAirD3,360,Medium-long,quant,Classification (inference),0.007567709768287943,0.49887925195729294
GestureMidAirD3,360,Medium-long,quant,Classification (training),1.372836776433784,90.50027089525781
GestureMidAirD3,360,Medium-long,quant,Transformation (inference),0.05793612636577257,3.8192705940939677
GestureMidAirD3,360,Medium-long,quant,Transformation (training),0.07860156103367137,5.18157925869092
GesturePebbleZ1,455,Medium-long,moment_quant_approx,Classification (inference),0.00669576676591528,1.1145281076601055
GesturePebbleZ1,455,Medium-long,moment_quant_approx,Classification (training),0.5049031165345998,84.0424606614975
GesturePebbleZ1,455,Medium-long,moment_quant_approx,Transformation (inference),0.046539942998788275,7.746696743544393
GesturePebbleZ1,455,Medium-long,moment_quant_approx,Transformation (training),0.04263263203320088,7.096314487297985
GesturePebbleZ1,455,Medium-long,moment_quant_exact,Classification (inference),0.0066457889993519394,1.0539816130612032
GesturePebbleZ1,455,Medium-long,moment_quant_exact,Classification (training),0.4618427167656288,73.24543882519792
GesturePebbleZ1,455,Medium-long,moment_quant_exact,Transformation (inference),0.08980192619977359,14.24203793428744
GesturePebbleZ1,455,Medium-long,moment_quant_exact,Transformation (training),0.07225083336622141,11.458541627453426
GesturePebbleZ1,455,Medium-long,quant,Classification (inference),0.006655931899149397,1.061618469553857
GesturePebbleZ1,455,Medium-long,quant,Classification (training),0.4613361597342494,73.58293252812841
GesturePebbleZ1,455,Medium-long,quant,Transformation (inference),0.08608034723438318,13.729780874306885
GesturePebbleZ1,455,Medium-long,quant,Transformation (training),0.0728883846328244,11.625668128010858
GesturePebbleZ2,455,Medium-long,moment_quant_approx,Classification (inference),0.006429182000283567,1.0043413347922074
GesturePebbleZ2,455,Medium-long,moment_quant_approx,Classification (training),0.5455559708677659,85.22459186270102
GesturePebbleZ2,455,Medium-long,moment_quant_approx,Transformation (inference),0.044265066532049445,6.914913281892405
GesturePebbleZ2,455,Medium-long,moment_quant_approx,Transformation (training),0.04388892230053895,6.85615352061438
GesturePebbleZ2,455,Medium-long,moment_quant_exact,Classification (inference),0.006439995666732957,0.9751914272649499
GesturePebbleZ2,455,Medium-long,moment_quant_exact,Classification (training),0.4932691069353799,74.69442982747383
GesturePebbleZ2,455,Medium-long,moment_quant_exact,Transformation (inference),0.08205379036468606,12.425187388182023
GesturePebbleZ2,455,Medium-long,moment_quant_exact,Transformation (training),0.07861982643371443,11.905191357079188
GesturePebbleZ2,455,Medium-long,quant,Classification (inference),0.006417083366250106,0.9701306130295252
GesturePebbleZ2,455,Medium-long,quant,Classification (training),0.4941163236682769,74.70019394002645
GesturePebbleZ2,455,Medium-long,quant,Transformation (inference),0.08239760826594036,12.456818410622448
GesturePebbleZ2,455,Medium-long,quant,Transformation (training),0.07853490280006853,11.872857036321568
GunPoint,150,Medium-short,moment_quant_approx,Classification (inference),0.005468309733987503,3.9315999415678595
GunPoint,150,Medium-short,moment_quant_approx,Classification (training),0.08861478763283225,63.712172650695685
GunPoint,150,Medium-short,moment_quant_approx,Transformation (inference),0.024266388799393652,17.44702429578527
GunPoint,150,Medium-short,moment_quant_approx,Transformation (training),0.020736631833036232,14.909203111951191
GunPoint,150,Medium-short,moment_quant_exact,Classification (inference),0.00563242063241579,3.9019503583495454
GunPoint,150,Medium-short,moment_quant_exact,Classification (training),0.08956412773356225,62.046995974330336
GunPoint,150,Medium-short,moment_quant_exact,Transformation (inference),0.033834198766999134,23.439187628062122
GunPoint,150,Medium-short,moment_quant_exact,Transformation (training),0.015318107033332676,10.611866039257988
GunPoint,150,Medium-short,quant,Classification (inference),0.005587436033723201,3.6250208673416986
GunPoint,150,Medium-short,quant,Classification (training),0.08890458059977387,57.679579315324986
GunPoint,150,Medium-short,quant,Transformation (inference),0.033065584800594135,21.45231447296569
GunPoint,150,Medium-short,quant,Transformation (training),0.026577677732469322,17.24308534436762
GunPointAgeSpan,150,Medium-short,moment_quant_approx,Classification (inference),0.0066143180338257895,3.143457633201404
GunPointAgeSpan,150,Medium-short,moment_quant_approx,Classification (training),0.14625024303240933,69.50549406102176
GunPointAgeSpan,150,Medium-short,moment_quant_approx,Transformation (inference),0.03250177916755391,15.446485230130175
GunPointAgeSpan,150,Medium-short,moment_quant_approx,Transformation (training),0.02504903053389469,11.904563075646658
GunPointAgeSpan,150,Medium-short,moment_quant_exact,Classification (inference),0.006852009833043317,2.6864446063247804
GunPointAgeSpan,150,Medium-short,moment_quant_exact,Classification (training),0.14409699023308345,56.49562560936483
GunPointAgeSpan,150,Medium-short,moment_quant_exact,Transformation (inference),0.06934588470030571,27.18820936677116
GunPointAgeSpan,150,Medium-short,moment_quant_exact,Transformation (training),0.03476378336733125,13.629720417539241
GunPointAgeSpan,150,Medium-short,quant,Classification (inference),0.0069006846327586404,2.998037533681167
GunPointAgeSpan,150,Medium-short,quant,Classification (training),0.14417950143373062,62.639517655071
GunPointAgeSpan,150,Medium-short,quant,Transformation (inference),0.045891754233646935,19.937906019615273
GunPointAgeSpan,150,Medium-short,quant,Transformation (training),0.03320144996711552,14.424538791632555
GunPointMaleVersusFemale,150,Medium-short,moment_quant_approx,Classification (inference),0.006096517999443023,3.317926345641824
GunPointMaleVersusFemale,150,Medium-short,moment_quant_approx,Classification (training),0.12018254583429851,65.40730875334994
GunPointMaleVersusFemale,150,Medium-short,moment_quant_approx,Transformation (inference),0.03227228889954854,17.563644950077872
GunPointMaleVersusFemale,150,Medium-short,moment_quant_approx,Transformation (training),0.025193473532999586,13.711119950930371
GunPointMaleVersusFemale,150,Medium-short,moment_quant_exact,Classification (inference),0.00658931386691009,2.8204878554427997
GunPointMaleVersusFemale,150,Medium-short,moment_quant_exact,Classification (training),0.11943003339911225,51.12079430134699
GunPointMaleVersusFemale,150,Medium-short,moment_quant_exact,Transformation (inference),0.07266866809974691,31.105074061778094
GunPointMaleVersusFemale,150,Medium-short,moment_quant_exact,Transformation (training),0.03493518050066384,14.953643781432113
GunPointMaleVersusFemale,150,Medium-short,quant,Classification (inference),0.006350583200158576,3.1042071327137593
GunPointMaleVersusFemale,150,Medium-short,quant,Classification (training),0.11954885843369989,58.43627386039318
GunPointMaleVersusFemale,150,Medium-short,quant,Transformation (inference),0.0456711862328423,22.324378343700367
GunPointMaleVersusFemale,150,Medium-short,quant,Transformation (training),0.033009251266776084,16.13514066319269
GunPointOldVersusYoung,150,Medium-short,moment_quant_approx,Classification (inference),0.00564275829941224,4.054523543913747
GunPointOldVersusYoung,150,Medium-short,moment_quant_approx,Classification (training),0.07657639993437135,55.02288064941643
GunPointOldVersusYoung,150,Medium-short,moment_quant_approx,Transformation (inference),0.03202020843358086,23.00766435246785
GunPointOldVersusYoung,150,Medium-short,moment_quant_approx,Transformation (training),0.024932554232752053,17.914931454201966
GunPointOldVersusYoung,150,Medium-short,moment_quant_exact,Classification (inference),0.0059041860333915,3.1199418131659487
GunPointOldVersusYoung,150,Medium-short,moment_quant_exact,Classification (training),0.07826628466646066,41.35815719745764
GunPointOldVersusYoung,150,Medium-short,moment_quant_exact,Transformation (inference),0.06968196396701384,36.82195509671768
GunPointOldVersusYoung,150,Medium-short,moment_quant_exact,Transformation (training),0.03538782643275526,18.699945892658718
GunPointOldVersusYoung,150,Medium-short,quant,Classification (inference),0.0058744292002908035,3.5925133286657727
GunPointOldVersusYoung,150,Medium-short,quant,Classification (training),0.07833566803359034,47.90625981272858
GunPointOldVersusYoung,150,Medium-short,quant,Transformation (inference),0.045948750032645536,28.100006196285307
GunPointOldVersusYoung,150,Medium-short,quant,Transformation (training),0.033359800066439925,20.401220662320352
Ham,431,Medium-long,moment_quant_approx,Classification (inference),0.00581255973374932,1.29985385883801
Ham,431,Medium-long,moment_quant_approx,Classification (training),0.3663137749004818,81.91819020546596
Ham,431,Medium-long,moment_quant_approx,Transformation (inference),0.03623392786660887,8.102937968069554
Ham,431,Medium-long,moment_quant_approx,Transformation (training),0.038809986233536584,8.679017967626484
Ham,431,Medium-long,moment_quant_exact,Classification (inference),0.00600073059952891,1.237159385360983
Ham,431,Medium-long,moment_quant_exact,Classification (training),0.3753730235999682,77.38995301580246
Ham,431,Medium-long,moment_quant_exact,Transformation (inference),0.04877122363395752,10.055071803927804
Ham,431,Medium-long,moment_quant_exact,Transformation (training),0.05489605006756994,11.317815794908755
Ham,431,Medium-long,quant,Classification (inference),0.00603268470173735,1.2214440028667106
Ham,431,Medium-long,quant,Classification (training),0.3749070165671583,75.90781710947492
Ham,431,Medium-long,quant,Transformation (inference),0.05543184176567588,11.223343178045157
Ham,431,Medium-long,quant,Transformation (training),0.05752622776611432,11.6473957096132
HandOutlines,2709,Long,moment_quant_approx,Classification (inference),0.01738476250078136,0.06151814626480695
HandOutlines,2709,Long,moment_quant_approx,Classification (training),27.163675763832966,96.12204818180071
HandOutlines,2709,Long,moment_quant_approx,Transformation (inference),0.2618218124996929,0.926489076623799
HandOutlines,2709,Long,moment_quant_approx,Transformation (training),0.816685863934011,2.8899445953106713
HandOutlines,2709,Long,moment_quant_exact,Classification (inference),0.01738509163333215,0.057723007556074395
HandOutlines,2709,Long,moment_quant_exact,Classification (training),27.257483005499914,90.50190419873417
HandOutlines,2709,Long,moment_quant_exact,Transformation (inference),0.7495576347665822,2.4887255084920064
HandOutlines,2709,Long,moment_quant_exact,Transformation (training),2.0937063083331546,6.951647285217754
HandOutlines,2709,Long,quant,Classification (inference),0.017396383267138486,0.05514300209193037
HandOutlines,2709,Long,quant,Classification (training),27.265121776433563,86.42489901879001
HandOutlines,2709,Long,quant,Transformation (inference),1.129976192998341,3.5817950557597933
HandOutlines,2709,Long,quant,Transformation (training),3.1352680236338832,9.938162923358252
Haptics,1092,Long,moment_quant_approx,Classification (inference),0.011092415399616534,0.520338385975541
Haptics,1092,Long,moment_quant_approx,Classification (training),1.9088606152664094,89.54347775637203
Haptics,1092,Long,moment_quant_approx,Transformation (inference),0.13065618603310816,6.129001349925806
Haptics,1092,Long,moment_quant_approx,Transformation (training),0.08116035836695418,3.807182507726618
Haptics,1092,Long,moment_quant_exact,Classification (inference),0.011054424866112288,0.4967793074134557
Haptics,1092,Long,moment_quant_exact,Classification (training),1.8937363791340127,85.10339146940329
Haptics,1092,Long,moment_quant_exact,Transformation (inference),0.21249194169989397,9.549262029200305
Haptics,1092,Long,moment_quant_exact,Transformation (training),0.10793571673323939,4.850567193982948
Haptics,1092,Long,quant,Classification (inference),0.011081370767836496,0.46152143289497743
Haptics,1092,Long,quant,Classification (training),1.9015590139002598,79.19690255079796
Haptics,1092,Long,quant,Transformation (inference),0.31862186676589765,13.270092985994328
Haptics,1092,Long,quant,Transformation (training),0.16979000270002867,7.071483030312729
Herring,512,Medium-long,moment_quant_approx,Classification (inference),0.005396913932781853,1.5587605573831926
Herring,512,Medium-long,moment_quant_approx,Classification (training),0.2745409388669941,79.29412850062558
Herring,512,Medium-long,moment_quant_approx,Transformation (inference),0.03235122630042795,9.343824298137681
Herring,512,Medium-long,moment_quant_approx,Transformation (training),0.033942027866093336,9.803286643853557
Herring,512,Medium-long,moment_quant_exact,Classification (inference),0.005440172300344133,1.5717240042654763
Herring,512,Medium-long,moment_quant_exact,Classification (training),0.270031713899516,78.01505232140703
Herring,512,Medium-long,moment_quant_exact,Transformation (inference),0.03292026666701223,9.511017388932824
Herring,512,Medium-long,moment_quant_exact,Transformation (training),0.037735556933330326,10.902206285394671
Herring,512,Medium-long,quant,Classification (inference),0.00539914450030963,1.4653228198078183
Herring,512,Medium-long,quant,Classification (training),0.2703672486987974,73.3774210385152
Herring,512,Medium-long,quant,Transformation (inference),0.04552375823404868,12.355105846850382
Herring,512,Medium-long,quant,Transformation (training),0.04717094310011205,12.802150294826598
HouseTwenty,2000,Long,moment_quant_approx,Classification (inference),0.0067615805336875235,1.4130323236626483
HouseTwenty,2000,Long,moment_quant_approx,Classification (training),0.3269969084326779,68.33567966114866
HouseTwenty,2000,Long,moment_quant_approx,Transformation (inference),0.09425927496704385,19.69826458027864
HouseTwenty,2000,Long,moment_quant_approx,Transformation (training),0.05049786663342573,10.553023434910056
HouseTwenty,2000,Long,moment_quant_exact,Classification (inference),0.006618358332101043,1.3768371785905789
HouseTwenty,2000,Long,moment_quant_exact,Classification (training),0.24910437500002441,51.82193946587401
HouseTwenty,2000,Long,moment_quant_exact,Transformation (inference),0.16118253333406754,33.53129179442733
HouseTwenty,2000,Long,moment_quant_exact,Transformation (training),0.06378761663290783,13.269931561108084
HouseTwenty,2000,Long,quant,Classification (inference),0.00665103603314488,1.078889745314131
HouseTwenty,2000,Long,quant,Classification (training),0.24665379439951113,40.01064617516798
HouseTwenty,2000,Long,quant,Transformation (inference),0.2592832668002908,42.05932072662522
HouseTwenty,2000,Long,quant,Transformation (training),0.10388231246664263,16.85114335289268
InlineSkate,1882,Long,moment_quant_approx,Classification (inference),0.020002783333378172,0.8091607129939749
InlineSkate,1882,Long,moment_quant_approx,Classification (training),2.0793909777659185,84.11636811336444
InlineSkate,1882,Long,moment_quant_approx,Transformation (inference),0.27942292779965405,11.303329727515848
InlineSkate,1882,Long,moment_quant_approx,Transformation (training),0.09322415690112389,3.7711414461257386
InlineSkate,1882,Long,moment_quant_exact,Classification (inference),0.020004806966850648,0.666312904187896
InlineSkate,1882,Long,moment_quant_exact,Classification (training),2.0898250444011257,69.60713976830391
InlineSkate,1882,Long,moment_quant_exact,Transformation (inference),0.7566141847664161,25.201032713630575
InlineSkate,1882,Long,moment_quant_exact,Transformation (training),0.13587016806559402,4.525514613877622
InlineSkate,1882,Long,quant,Classification (inference),0.020075749932827062,0.5574246808926332
InlineSkate,1882,Long,quant,Classification (training),2.098639302800196,58.27096609523277
InlineSkate,1882,Long,quant,Transformation (inference),1.2509414958668155,34.733729324288234
InlineSkate,1882,Long,quant,Transformation (training),0.23186140009929657,6.437879899586358
InsectEPGRegularTrain,601,Medium-long,moment_quant_approx,Classification (inference),0.0061256847339487665,2.399617097427747
InsectEPGRegularTrain,601,Medium-long,moment_quant_approx,Classification (training),0.13866323203328645,54.31860711466513
InsectEPGRegularTrain,601,Medium-long,moment_quant_approx,Transformation (inference),0.07204473049957105,28.22211305264194
InsectEPGRegularTrain,601,Medium-long,moment_quant_approx,Transformation (training),0.038443944333751714,15.059662735265201
InsectEPGRegularTrain,601,Medium-long,moment_quant_exact,Classification (inference),0.006186309800492937,2.2080464040117596
InsectEPGRegularTrain,601,Medium-long,moment_quant_exact,Classification (training),0.13680726806730184,48.82988502687152
InsectEPGRegularTrain,601,Medium-long,moment_quant_exact,Transformation (inference),0.09183186239946124,32.777054509729865
InsectEPGRegularTrain,601,Medium-long,moment_quant_exact,Transformation (training),0.04534574586602195,16.18501405938685
InsectEPGRegularTrain,601,Medium-long,quant,Classification (inference),0.006289606966796137,1.8422321023506096
InsectEPGRegularTrain,601,Medium-long,quant,Classification (training),0.13586274723347738,39.79433306220629
InsectEPGRegularTrain,601,Medium-long,quant,Transformation (inference),0.14553445833274353,42.62718681058683
InsectEPGRegularTrain,601,Medium-long,quant,Transformation (training),0.05372548610030203,15.736248024856259
InsectEPGSmallTrain,601,Medium-long,moment_quant_approx,Classification (inference),0.006158855600854873,2.79250161300904
InsectEPGSmallTrain,601,Medium-long,moment_quant_approx,Classification (training),0.10604785556740046,48.08341466668097
InsectEPGSmallTrain,601,Medium-long,moment_quant_approx,Transformation (inference),0.0773575401663644,35.07486937394661
InsectEPGSmallTrain,601,Medium-long,moment_quant_approx,Transformation (training),0.03098550849948268,14.049214346363373
InsectEPGSmallTrain,601,Medium-long,moment_quant_exact,Classification (inference),0.006135413800317673,2.8355902131850876
InsectEPGSmallTrain,601,Medium-long,moment_quant_exact,Classification (training),0.1020119582669091,47.146634261981774
InsectEPGSmallTrain,601,Medium-long,moment_quant_exact,Transformation (inference),0.0925754639662045,42.78539119725656
InsectEPGSmallTrain,601,Medium-long,moment_quant_exact,Transformation (training),0.015648830499655205,7.232384327576579
InsectEPGSmallTrain,601,Medium-long,quant,Classification (inference),0.006308341668045563,2.1860043214735954
InsectEPGSmallTrain,601,Medium-long,quant,Classification (training),0.10100163746634881,34.99969208956188
InsectEPGSmallTrain,601,Medium-long,quant,Transformation (inference),0.14819719443209273,51.3541790388132
InsectEPGSmallTrain,601,Medium-long,quant,Transformation (training),0.033071472233859776,11.460124550151322
InsectWingbeatSound,256,Medium-short,moment_quant_approx,Classification (inference),0.040420941633055874,4.037169657400195
InsectWingbeatSound,256,Medium-short,moment_quant_approx,Classification (training),0.7547346332328744,75.38151358119336
InsectWingbeatSound,256,Medium-short,moment_quant_approx,Transformation (inference),0.17299181950026343,17.278106259993017
InsectWingbeatSound,256,Medium-short,moment_quant_approx,Transformation (training),0.03307239730056603,3.3032105014134254
InsectWingbeatSound,256,Medium-short,moment_quant_exact,Classification (inference),0.04061157916682224,3.7696418037659525
InsectWingbeatSound,256,Medium-short,moment_quant_exact,Classification (training),0.7538155583327656,69.9705527171874
InsectWingbeatSound,256,Medium-short,moment_quant_exact,Transformation (inference),0.21452143746694974,19.91227613084354
InsectWingbeatSound,256,Medium-short,moment_quant_exact,Transformation (training),0.06838400146686273,6.347529348203104
InsectWingbeatSound,256,Medium-short,quant,Classification (inference),0.0401997319667619,3.3357751916432776
InsectWingbeatSound,256,Medium-short,quant,Classification (training),0.7541357583329955,62.57821210992842
InsectWingbeatSound,256,Medium-short,quant,Transformation (inference),0.3540478125005999,29.37890010240791
InsectWingbeatSound,256,Medium-short,quant,Transformation (training),0.0567258444668065,4.707112596020384
ItalyPowerDemand,24,Short,moment_quant_approx,Classification (inference),0.009597731933172272,9.939571472001289
ItalyPowerDemand,24,Short,moment_quant_approx,Classification (training),0.06458958196599265,66.89004972922557
ItalyPowerDemand,24,Short,moment_quant_approx,Transformation (inference),0.01617781246701872,16.754012760118602
ItalyPowerDemand,24,Short,moment_quant_approx,Transformation (training),0.006195695800124617,6.416366038654548
ItalyPowerDemand,24,Short,moment_quant_exact,Classification (inference),0.010366893033885041,8.16362060831215
ItalyPowerDemand,24,Short,moment_quant_exact,Classification (training),0.06700800700103474,52.76681693228302
ItalyPowerDemand,24,Short,moment_quant_exact,Transformation (inference),0.04495896523245993,35.40385088381239
ItalyPowerDemand,24,Short,moment_quant_exact,Transformation (training),0.0046550472664723935,3.665711575592455
ItalyPowerDemand,24,Short,quant,Classification (inference),0.009594040266044079,10.373033794357104
ItalyPowerDemand,24,Short,quant,Classification (training),0.06472896669923402,69.9846717781
ItalyPowerDemand,24,Short,quant,Transformation (inference),0.011560586033980707,12.499254358716662
ItalyPowerDemand,24,Short,quant,Transformation (training),0.006606612433824873,7.1430400688262425
KeplerLightCurves,4767,Long,moment_quant_approx,Classification (inference),0.02705390003296386,0.073832635280794
KeplerLightCurves,4767,Long,moment_quant_approx,Classification (training),34.617198038966066,94.47358621639708
KeplerLightCurves,4767,Long,moment_quant_approx,Transformation (inference),0.6261385930003598,1.7087910547424487
KeplerLightCurves,4767,Long,moment_quant_approx,Transformation (training),1.3718069597666422,3.7437900935796904
KeplerLightCurves,4767,Long,moment_quant_exact,Classification (inference),0.027271765367186118,0.06645168609986782
KeplerLightCurves,4767,Long,moment_quant_exact,Classification (training),35.85676517209989,87.37030667768995
KeplerLightCurves,4767,Long,moment_quant_exact,Transformation (inference),1.552105819399488,3.781935174193486
KeplerLightCurves,4767,Long,moment_quant_exact,Transformation (training),3.603847298766292,8.781306462016682
KeplerLightCurves,4767,Long,quant,Classification (inference),0.02979828193395704,0.06590305888914826
KeplerLightCurves,4767,Long,quant,Classification (training),35.87108667080077,79.33391403313021
KeplerLightCurves,4767,Long,quant,Transformation (inference),2.8362640111328803,6.272793665256807
KeplerLightCurves,4767,Long,quant,Transformation (training),6.478175538867557,14.327389242723847
LargeKitchenAppliances,720,Medium-long,moment_quant_approx,Classification (inference),0.010729534700173297,0.47861217176576465
LargeKitchenAppliances,720,Medium-long,moment_quant_approx,Classification (training),2.0126356846994895,89.77760573454701
LargeKitchenAppliances,720,Medium-long,moment_quant_approx,Transformation (inference),0.10866393333393105,4.847170224886174
LargeKitchenAppliances,720,Medium-long,moment_quant_approx,Transformation (training),0.10977231683379306,4.896611868801051
LargeKitchenAppliances,720,Medium-long,moment_quant_exact,Classification (inference),0.010691723666726173,0.5247484683613143
LargeKitchenAppliances,720,Medium-long,moment_quant_exact,Classification (training),1.8481980332663321,90.70932970360504
LargeKitchenAppliances,720,Medium-long,moment_quant_exact,Transformation (inference),0.09031906939878047,4.4328486975703605
LargeKitchenAppliances,720,Medium-long,moment_quant_exact,Transformation (training),0.08828614723412705,4.333073130463293
LargeKitchenAppliances,720,Medium-long,quant,Classification (inference),0.01068758066636893,0.4891567104615764
LargeKitchenAppliances,720,Medium-long,quant,Classification (training),1.8611964597335222,85.18454888774117
LargeKitchenAppliances,720,Medium-long,quant,Transformation (inference),0.1546247138995871,7.076972681496625
LargeKitchenAppliances,720,Medium-long,quant,Transformation (training),0.15839036653317934,7.24932172030063
Lightning2,637,Medium-long,moment_quant_approx,Classification (inference),0.005300085933170776,1.602704939318381
Lightning2,637,Medium-long,moment_quant_approx,Classification (training),0.25063322353380496,75.78954575074322
Lightning2,637,Medium-long,moment_quant_approx,Transformation (inference),0.0365270834336115,11.045507143866427
Lightning2,637,Medium-long,moment_quant_approx,Transformation (training),0.038235907032503694,11.562242166071977
Lightning2,637,Medium-long,moment_quant_exact,Classification (inference),0.005329841634132463,1.5536488221959315
Lightning2,637,Medium-long,moment_quant_exact,Classification (training),0.2508599889668403,73.12568611766174
Lightning2,637,Medium-long,moment_quant_exact,Transformation (inference),0.04175752086642505,12.172317221673557
Lightning2,637,Medium-long,moment_quant_exact,Transformation (training),0.04510582489965596,13.148347838468764
Lightning2,637,Medium-long,quant,Classification (inference),0.005490869466787693,1.5095174538805387
Lightning2,637,Medium-long,quant,Classification (training),0.24986583756617617,68.69164259249476
Lightning2,637,Medium-long,quant,Transformation (inference),0.054053759700279085,14.86014085910716
Lightning2,637,Medium-long,quant,Transformation (training),0.05433951526744442,14.938699094517547
Lightning7,319,Medium-short,moment_quant_approx,Classification (inference),0.005695938866119784,1.648896838780778
Lightning7,319,Medium-short,moment_quant_approx,Classification (training),0.280675187400387,81.25164965893929
Lightning7,319,Medium-short,moment_quant_approx,Transformation (inference),0.02859701673345014,8.278447433981874
Lightning7,319,Medium-short,moment_quant_approx,Transformation (training),0.030471227866413104,8.821006068298049
Lightning7,319,Medium-short,moment_quant_exact,Classification (inference),0.005544420900453836,1.593985528586557
Lightning7,319,Medium-short,moment_quant_exact,Classification (training),0.2841328820012373,81.68638532988933
Lightning7,319,Medium-short,moment_quant_exact,Transformation (inference),0.027439166665377893,7.88858482542458
Lightning7,319,Medium-short,moment_quant_exact,Transformation (training),0.030717359600142373,8.831044316099531
Lightning7,319,Medium-short,quant,Classification (inference),0.005910850066478157,1.608198358793078
Lightning7,319,Medium-short,quant,Classification (training),0.28407060706667836,77.28869433803521
Lightning7,319,Medium-short,quant,Transformation (inference),0.03856542353387336,10.4927125770065
Lightning7,319,Medium-short,quant,Transformation (training),0.03899795819937323,10.610394726165204
Mallat,1024,Long,moment_quant_approx,Classification (inference),0.045635422199848064,3.523626645558841
Mallat,1024,Long,moment_quant_approx,Classification (training),0.4113344095994156,31.76017260347688
Mallat,1024,Long,moment_quant_approx,Transformation (inference),0.7914650250335399,61.111021149824296
Mallat,1024,Long,moment_quant_approx,Transformation (training),0.04669163613337632,3.6051796011399784
Mallat,1024,Long,moment_quant_exact,Classification (inference),0.045050376334014146,2.1454463462161435
Mallat,1024,Long,moment_quant_exact,Classification (training),0.4220798111004115,20.1008218404885
Mallat,1024,Long,moment_quant_exact,Transformation (inference),1.5775685347325634,75.12897614114014
Mallat,1024,Long,moment_quant_exact,Transformation (training),0.05511497923216661,2.62475567215521
Mallat,1024,Long,quant,Classification (inference),0.049047237433114746,1.8735480979514052
Mallat,1024,Long,quant,Classification (training),0.4185302402998786,15.987374145553087
Mallat,1024,Long,quant,Transformation (inference),2.08458983333306,79.62893572907124
Mallat,1024,Long,quant,Transformation (training),0.06571250140016972,2.5101420274242465
Meat,448,Medium-long,moment_quant_approx,Classification (inference),0.005220363967479553,2.4610324291912775
Meat,448,Medium-long,moment_quant_approx,Classification (training),0.1449871735332029,68.35119890199365
Meat,448,Medium-long,moment_quant_approx,Transformation (inference),0.030013030500413096,14.149021374746294
Meat,448,Medium-long,moment_quant_approx,Transformation (training),0.03190032506633235,15.038747294068784
Meat,448,Medium-long,moment_quant_exact,Classification (inference),0.00510476660056151,2.423801793506049
Meat,448,Medium-long,moment_quant_exact,Classification (training),0.14758685413374523,70.07593289533334
Meat,448,Medium-long,moment_quant_exact,Transformation (inference),0.027109930665998597,12.872106349160843
Meat,448,Medium-long,moment_quant_exact,Transformation (training),0.0308083513664314,14.62815896199977
Meat,448,Medium-long,quant,Classification (inference),0.005025652766926167,2.1640265030492722
Meat,448,Medium-long,quant,Classification (training),0.14678796813338216,63.20632723770065
Meat,448,Medium-long,quant,Transformation (inference),0.03984892783264508,17.15879308563632
Meat,448,Medium-long,quant,Transformation (training),0.040573644300942104,17.470853173613754
MedicalImages,99,Short,moment_quant_approx,Classification (inference),0.015530534733018863,2.4277412274706505
MedicalImages,99,Short,moment_quant_approx,Classification (training),0.5472372278328597,85.54440668369284
MedicalImages,99,Short,moment_quant_approx,Transformation (inference),0.04469814440041465,6.987237066706558
MedicalImages,99,Short,moment_quant_approx,Transformation (training),0.03224538340048937,5.040615022129948
MedicalImages,99,Short,moment_quant_exact,Classification (inference),0.015985757000210734,2.08079320113017
MedicalImages,99,Short,moment_quant_exact,Classification (training),0.5494172362001942,71.51513998705362
MedicalImages,99,Short,moment_quant_exact,Transformation (inference),0.1327997470994887,17.28593840584336
MedicalImages,99,Short,moment_quant_exact,Transformation (training),0.07005029856663891,9.118128405972845
MedicalImages,99,Short,quant,Classification (inference),0.015177934699507456,2.3152038867922276
MedicalImages,99,Short,quant,Classification (training),0.5498253028007942,83.86896526458382
MedicalImages,99,Short,quant,Transformation (inference),0.0538661749992267,8.216610506888465
MedicalImages,99,Short,quant,Transformation (training),0.03670717779968977,5.599220341735493
MelbournePedestrian,24,Short,moment_quant_approx,Classification (inference),0.0224368958336223,6.117128337730052
MelbournePedestrian,24,Short,moment_quant_approx,Classification (training),0.29767876529998216,81.1582504219807
MelbournePedestrian,24,Short,moment_quant_approx,Transformation (inference),0.029807734699473513,8.126691854603644
MelbournePedestrian,24,Short,moment_quant_approx,Transformation (training),0.016864655600026354,4.59792938568561
MelbournePedestrian,24,Short,moment_quant_exact,Classification (inference),0.023407779199381622,4.87862933173069
MelbournePedestrian,24,Short,moment_quant_exact,Classification (training),0.30204261799954113,62.951464256985865
MelbournePedestrian,24,Short,moment_quant_exact,Transformation (inference),0.10091046676679975,21.031673225119526
MelbournePedestrian,24,Short,moment_quant_exact,Transformation (training),0.05344150689973802,11.138233186163921
MelbournePedestrian,24,Short,quant,Classification (inference),0.022626629133204255,6.436942313177377
MelbournePedestrian,24,Short,quant,Classification (training),0.29631429176661184,84.29704625655748
MelbournePedestrian,24,Short,quant,Transformation (inference),0.01963166106628094,5.584918064974055
MelbournePedestrian,24,Short,quant,Transformation (training),0.012939487466064697,3.6810933652910847
MiddlePhalanxOutlineAgeGroup,80,Short,moment_quant_approx,Classification (inference),0.0069754916999954265,1.5606383541208262
MiddlePhalanxOutlineAgeGroup,80,Short,moment_quant_approx,Classification (training),0.388470227666888,86.91308983012513
MiddlePhalanxOutlineAgeGroup,80,Short,moment_quant_approx,Transformation (inference),0.02123860553256231,4.751748522929394
MiddlePhalanxOutlineAgeGroup,80,Short,moment_quant_approx,Transformation (training),0.030279680667687544,6.774523292824658
MiddlePhalanxOutlineAgeGroup,80,Short,moment_quant_exact,Classification (inference),0.006895203032763623,1.4136981986292922
MiddlePhalanxOutlineAgeGroup,80,Short,moment_quant_exact,Classification (training),0.38492256809986425,78.91926293524035
MiddlePhalanxOutlineAgeGroup,80,Short,moment_quant_exact,Transformation (inference),0.027161152634168153,5.56875154642529
MiddlePhalanxOutlineAgeGroup,80,Short,moment_quant_exact,Transformation (training),0.06876330010030259,14.098287319705051
MiddlePhalanxOutlineAgeGroup,80,Short,quant,Classification (inference),0.006916448600046913,1.5463660087291935
MiddlePhalanxOutlineAgeGroup,80,Short,quant,Classification (training),0.38473935970105233,86.0192712279979
MiddlePhalanxOutlineAgeGroup,80,Short,quant,Transformation (inference),0.023659884732963543,5.289830610648571
MiddlePhalanxOutlineAgeGroup,80,Short,quant,Transformation (training),0.03195542913260089,7.14453215262432
MiddlePhalanxOutlineCorrect,80,Short,moment_quant_approx,Classification (inference),0.009022833366422326,1.366081031327343
MiddlePhalanxOutlineCorrect,80,Short,moment_quant_approx,Classification (training),0.5888218874664745,89.14920387333507
MiddlePhalanxOutlineCorrect,80,Short,moment_quant_approx,Transformation (inference),0.025291656900177824,3.8292242956351914
MiddlePhalanxOutlineCorrect,80,Short,moment_quant_approx,Transformation (training),0.03735397089985777,5.655490799702397
MiddlePhalanxOutlineCorrect,80,Short,moment_quant_exact,Classification (inference),0.008708351399642749,1.169438086908966
MiddlePhalanxOutlineCorrect,80,Short,moment_quant_exact,Classification (training),0.585575015333355,78.63643693813505
MiddlePhalanxOutlineCorrect,80,Short,moment_quant_exact,Transformation (inference),0.04864438749985609,6.532418921338412
MiddlePhalanxOutlineCorrect,80,Short,moment_quant_exact,Transformation (training),0.1017334208328975,13.661706053617571
MiddlePhalanxOutlineCorrect,80,Short,quant,Classification (inference),0.0087577083674356,1.3243451329507114
MiddlePhalanxOutlineCorrect,80,Short,quant,Classification (training),0.5854623208326909,88.53391122315237
MiddlePhalanxOutlineCorrect,80,Short,quant,Transformation (inference),0.028128186033184895,4.253558660424819
MiddlePhalanxOutlineCorrect,80,Short,quant,Transformation (training),0.03893774033349468,5.888184983472104
MiddlePhalanxTW,80,Short,moment_quant_approx,Classification (inference),0.00748050973294686,1.3102244445057258
MiddlePhalanxTW,80,Short,moment_quant_approx,Classification (training),0.5102519373996377,89.37152481640382
MiddlePhalanxTW,80,Short,moment_quant_approx,Transformation (inference),0.02134063616710283,3.7378499815715345
MiddlePhalanxTW,80,Short,moment_quant_approx,Transformation (training),0.03186037503376909,5.5804007575189045
MiddlePhalanxTW,80,Short,moment_quant_exact,Classification (inference),0.007247700000637707,1.1874452801089985
MiddlePhalanxTW,80,Short,moment_quant_exact,Classification (training),0.5064513541668324,82.97573989780228
MiddlePhalanxTW,80,Short,moment_quant_exact,Transformation (inference),0.027050389032956406,4.431868976291798
MiddlePhalanxTW,80,Short,moment_quant_exact,Transformation (training),0.06961131379988118,11.404945845796913
MiddlePhalanxTW,80,Short,quant,Classification (inference),0.007316931832853347,1.2837853991925943
MiddlePhalanxTW,80,Short,quant,Classification (training),0.5062613500003257,88.82560944298146
MiddlePhalanxTW,80,Short,quant,Transformation (inference),0.02396735976678121,4.205170586342736
MiddlePhalanxTW,80,Short,quant,Transformation (training),0.032404120833477115,5.685434571483218
MixedShapesRegularTrain,1024,Long,moment_quant_approx,Classification (inference),0.04783791663382237,1.1848897585772362
MixedShapesRegularTrain,1024,Long,moment_quant_approx,Classification (training),2.9694881888996556,73.55078128037887
MixedShapesRegularTrain,1024,Long,moment_quant_approx,Transformation (inference),0.8398895723003079,20.803091409102883
MixedShapesRegularTrain,1024,Long,moment_quant_approx,Transformation (training),0.18011490820014536,4.461237551940999
MixedShapesRegularTrain,1024,Long,moment_quant_exact,Classification (inference),0.04583044170067292,0.9533869738015862
MixedShapesRegularTrain,1024,Long,moment_quant_exact,Classification (training),2.8188014429996353,58.63806844893463
MixedShapesRegularTrain,1024,Long,moment_quant_exact,Transformation (inference),1.6300873874999524,33.90986479141646
MixedShapesRegularTrain,1024,Long,moment_quant_exact,Transformation (training),0.31239923896694866,6.498679785847332
MixedShapesRegularTrain,1024,Long,quant,Classification (inference),0.04956545126672907,0.8491899823554724
MixedShapesRegularTrain,1024,Long,quant,Classification (training),2.821165788932558,48.334185714024244
MixedShapesRegularTrain,1024,Long,quant,Transformation (inference),2.4794546291333974,42.47975109586715
MixedShapesRegularTrain,1024,Long,quant,Transformation (training),0.4866059318665066,8.336873207753127
MixedShapesSmallTrain,1024,Long,moment_quant_approx,Classification (inference),0.04104986396705493,2.615302785229262
MixedShapesSmallTrain,1024,Long,moment_quant_approx,Classification (training),0.631140387400228,40.21019934105554
MixedShapesSmallTrain,1024,Long,moment_quant_approx,Transformation (inference),0.8369534653327719,53.32263051465405
MixedShapesSmallTrain,1024,Long,moment_quant_approx,Transformation (training),0.06045901530087572,3.8518673590611376
MixedShapesSmallTrain,1024,Long,moment_quant_exact,Classification (inference),0.03933891943330912,1.6807786775235387
MixedShapesSmallTrain,1024,Long,moment_quant_exact,Classification (training),0.6061942374995851,25.900008528557503
MixedShapesSmallTrain,1024,Long,moment_quant_exact,Transformation (inference),1.6242843000004845,69.398510609965
MixedShapesSmallTrain,1024,Long,moment_quant_exact,Transformation (training),0.07070006386663101,3.020702183953962
MixedShapesSmallTrain,1024,Long,quant,Classification (inference),0.043145411133445985,1.3337535004887862
MixedShapesSmallTrain,1024,Long,quant,Classification (training),0.6057006416662868,18.724015598601415
MixedShapesSmallTrain,1024,Long,quant,Transformation (inference),2.4727809291667655,76.44104282648591
MixedShapesSmallTrain,1024,Long,quant,Transformation (training),0.11325945826659635,3.501188074423882
MoteStrain,84,Short,moment_quant_approx,Classification (inference),0.010732748568019153,6.956076805390144
MoteStrain,84,Short,moment_quant_approx,Classification (training),0.06583695553296512,42.670050119778764
MoteStrain,84,Short,moment_quant_approx,Transformation (inference),0.05948118053323312,38.55076429325222
MoteStrain,84,Short,moment_quant_approx,Transformation (training),0.018242244500045926,11.823108781578881
MoteStrain,84,Short,moment_quant_exact,Classification (inference),0.009274751366804843,3.1922539405679218
MoteStrain,84,Short,moment_quant_exact,Classification (training),0.06660645840020148,22.925113664644343
MoteStrain,84,Short,moment_quant_exact,Transformation (inference),0.20841181383366345,71.73275138701833
MoteStrain,84,Short,moment_quant_exact,Transformation (training),0.006246248633882053,2.1498810077693964
MoteStrain,84,Short,quant,Classification (inference),0.009390052833138379,5.61472998976355
MoteStrain,84,Short,quant,Classification (training),0.06463224856682544,38.64649441090734
MoteStrain,84,Short,quant,Transformation (inference),0.07266224996637898,43.44798919236403
MoteStrain,84,Short,quant,Transformation (training),0.0205550639002467,12.290786406965092
NonInvasiveFetalECGThorax1,750,Long,moment_quant_approx,Classification (inference),0.0769903403333349,0.48904543388265187
NonInvasiveFetalECGThorax1,750,Long,moment_quant_approx,Classification (training),14.75287876529983,93.71082093619964
NonInvasiveFetalECGThorax1,750,Long,moment_quant_approx,Transformation (inference),0.4724497805334977,3.001018139527945
NonInvasiveFetalECGThorax1,750,Long,moment_quant_approx,Transformation (training),0.4406642804666868,2.7991154903897626
NonInvasiveFetalECGThorax1,750,Long,moment_quant_exact,Classification (inference),0.08130547503315025,0.44096559305636374
NonInvasiveFetalECGThorax1,750,Long,moment_quant_exact,Classification (training),16.621340949966058,90.14693618609833
NonInvasiveFetalECGThorax1,750,Long,moment_quant_exact,Transformation (inference),0.8927715875676464,4.842005442008977
NonInvasiveFetalECGThorax1,750,Long,moment_quant_exact,Transformation (training),0.8426361833662668,4.57009277883632
NonInvasiveFetalECGThorax1,750,Long,quant,Classification (inference),0.08121176800074556,0.417669183753774
NonInvasiveFetalECGThorax1,750,Long,quant,Classification (training),16.617409136100225,85.46273379879834
NonInvasiveFetalECGThorax1,750,Long,quant,Transformation (inference),1.4295187444993644,7.3519631683217135
NonInvasiveFetalECGThorax1,750,Long,quant,Transformation (training),1.3159015111663999,6.767633849126179
NonInvasiveFetalECGThorax2,750,Long,moment_quant_approx,Classification (inference),0.07422108183236555,0.5143585800719414
NonInvasiveFetalECGThorax2,750,Long,moment_quant_approx,Classification (training),13.429151187434279,93.06519072224053
NonInvasiveFetalECGThorax2,750,Long,moment_quant_approx,Transformation (inference),0.4739396251662887,3.284442999509845
NonInvasiveFetalECGThorax2,750,Long,moment_quant_approx,Transformation (training),0.45252065973278754,3.136007698177691
NonInvasiveFetalECGThorax2,750,Long,moment_quant_exact,Classification (inference),0.07753149576528809,0.46376042479506535
NonInvasiveFetalECGThorax2,750,Long,moment_quant_exact,Classification (training),14.90225912916673,89.13897450231687
NonInvasiveFetalECGThorax2,750,Long,moment_quant_exact,Transformation (inference),0.9004640778672183,5.386193045063926
NonInvasiveFetalECGThorax2,750,Long,moment_quant_exact,Transformation (training),0.8377513235987862,5.011072027824146
NonInvasiveFetalECGThorax2,750,Long,quant,Classification (inference),0.07760680003193551,0.4372824404972533
NonInvasiveFetalECGThorax2,750,Long,quant,Classification (training),14.891056715232844,83.90498795647395
NonInvasiveFetalECGThorax2,750,Long,quant,Transformation (inference),1.4407238583679525,8.117887151776758
NonInvasiveFetalECGThorax2,750,Long,quant,Transformation (training),1.3381352443999883,7.5398424512520394
OSULeaf,427,Medium-long,moment_quant_approx,Classification (inference),0.007842295966111067,0.9939082127542446
OSULeaf,427,Medium-long,moment_quant_approx,Classification (training),0.6781922542327569,85.95197812236013
OSULeaf,427,Medium-long,moment_quant_approx,Transformation (inference),0.05296597626705377,6.712743185906124
OSULeaf,427,Medium-long,moment_quant_approx,Transformation (training),0.05003571103322121,6.341370478979498
OSULeaf,427,Medium-long,moment_quant_exact,Classification (inference),0.007813787599782957,0.9142181116416297
OSULeaf,427,Medium-long,moment_quant_exact,Classification (training),0.6990427012671716,81.7884400040627
OSULeaf,427,Medium-long,moment_quant_exact,Transformation (inference),0.054104108299846555,6.3302150321201305
OSULeaf,427,Medium-long,moment_quant_exact,Transformation (training),0.09373561813263218,10.967126852175536
OSULeaf,427,Medium-long,quant,Classification (inference),0.008195138900676536,0.9204024695798877
OSULeaf,427,Medium-long,quant,Classification (training),0.6989972777339669,78.50493182035638
OSULeaf,427,Medium-long,quant,Transformation (inference),0.09779982923258403,10.983975432403053
OSULeaf,427,Medium-long,quant,Transformation (training),0.08539420696542943,9.590690277660682
OliveOil,570,Medium-long,moment_quant_approx,Classification (inference),0.00485913613326067,2.1833758783515163
OliveOil,570,Medium-long,moment_quant_approx,Classification (training),0.1562653292341565,70.21535127141338
OliveOil,570,Medium-long,moment_quant_approx,Transformation (inference),0.029767454166479444,13.37553416998267
OliveOil,570,Medium-long,moment_quant_approx,Transformation (training),0.03165959719941985,14.225738680252427
OliveOil,570,Medium-long,moment_quant_exact,Classification (inference),0.00488232923380561,2.4161265838324786
OliveOil,570,Medium-long,moment_quant_exact,Classification (training),0.15993816256595889,79.14887092604448
OliveOil,570,Medium-long,moment_quant_exact,Transformation (inference),0.016691287399832274,8.260045825235824
OliveOil,570,Medium-long,moment_quant_exact,Transformation (training),0.02056079706671876,10.17495666488721
OliveOil,570,Medium-long,quant,Classification (inference),0.004886637400826,2.1176760258124108
OliveOil,570,Medium-long,quant,Classification (training),0.15781468883384753,68.39066532908576
OliveOil,570,Medium-long,quant,Transformation (inference),0.03328266399936785,14.423394626070962
OliveOil,570,Medium-long,quant,Transformation (training),0.0347707305666214,15.068264019030865
PLAID,1345,Long,moment_quant_approx,Classification (inference),0.019974406901746948,0.25677950585395676
PLAID,1345,Long,moment_quant_approx,Classification (training),7.324865488999543,94.1642647996474
PLAID,1345,Long,moment_quant_approx,Transformation (inference),0.2152356318979097,2.7669456956980123
PLAID,1345,Long,moment_quant_approx,Transformation (training),0.21874110140148936,2.8120099988006277
PLAID,1345,Long,moment_quant_exact,Classification (inference),0.019376080467191015,0.23643534531115662
PLAID,1345,Long,moment_quant_exact,Classification (training),7.219179822133446,88.09156614515771
PLAID,1345,Long,moment_quant_exact,Transformation (inference),0.4829313431997434,5.892937897546067
PLAID,1345,Long,moment_quant_exact,Transformation (training),0.4735990014320122,5.779060611985066
PLAID,1345,Long,quant,Classification (inference),0.019503119567040463,0.21649414950379647
PLAID,1345,Long,quant,Classification (training),7.225216667965772,80.203432693679
PLAID,1345,Long,quant,Transformation (inference),0.8818603152001743,9.789080063020027
PLAID,1345,Long,quant,Transformation (training),0.8820326527347788,9.790993093797159
PhalangesOutlinesCorrect,80,Short,moment_quant_approx,Classification (inference),0.018492238900701775,0.9090614613463815
PhalangesOutlinesCorrect,80,Short,moment_quant_approx,Classification (training),1.8966194971993293,93.23607060238828
PhalangesOutlinesCorrect,80,Short,moment_quant_approx,Transformation (inference),0.04388217226660341,2.157207240396309
PhalangesOutlinesCorrect,80,Short,moment_quant_approx,Transformation (training),0.07521826396696266,3.697660695869013
PhalangesOutlinesCorrect,80,Short,moment_quant_exact,Classification (inference),0.01853554996754,0.791972500846394
PhalangesOutlinesCorrect,80,Short,moment_quant_exact,Classification (training),1.8951161666993963,80.97304329052753
PhalangesOutlinesCorrect,80,Short,moment_quant_exact,Transformation (inference),0.14016639719945181,5.988920335197996
PhalangesOutlinesCorrect,80,Short,moment_quant_exact,Transformation (training),0.2866103666339768,12.246063873428074
PhalangesOutlinesCorrect,80,Short,quant,Classification (inference),0.018453705566450138,0.9005105927072578
PhalangesOutlinesCorrect,80,Short,quant,Classification (training),1.8957935333002145,92.51161790651493
PhalangesOutlinesCorrect,80,Short,quant,Transformation (inference),0.05087406256643585,2.4825708890910874
PhalangesOutlinesCorrect,80,Short,quant,Transformation (training),0.0841278374328491,4.105300611686741
PhoneHeartbeatSound,3053,Long,moment_quant_approx,Classification (inference),0.012260402701212973,0.07829115860465606
PhoneHeartbeatSound,3053,Long,moment_quant_approx,Classification (training),15.039642223565897,96.03852690466584
PhoneHeartbeatSound,3053,Long,moment_quant_approx,Transformation (inference),0.19309251390028895,1.2330293710208757
PhoneHeartbeatSound,3053,Long,moment_quant_approx,Transformation (training),0.4150141376667307,2.65015256570863
PhoneHeartbeatSound,3053,Long,moment_quant_exact,Classification (inference),0.01226952090170619,0.07086131522609884
PhoneHeartbeatSound,3053,Long,moment_quant_exact,Classification (training),15.934374298598657,92.02728689647783
PhoneHeartbeatSound,3053,Long,moment_quant_exact,Transformation (inference),0.40484908336705605,2.3381628952994227
PhoneHeartbeatSound,3053,Long,moment_quant_exact,Transformation (training),0.9633436374332329,5.563688892996652
PhoneHeartbeatSound,3053,Long,quant,Classification (inference),0.01221358486509411,0.06609270199906983
PhoneHeartbeatSound,3053,Long,quant,Classification (training),15.936615086034484,86.23954092016224
PhoneHeartbeatSound,3053,Long,quant,Transformation (inference),0.7607301916320769,4.116622139412033
PhoneHeartbeatSound,3053,Long,quant,Transformation (training),1.7699169277999318,9.577744238426652
Phoneme,1024,Long,moment_quant_approx,Classification (inference),0.07324896116770101,1.4310343527173097
Phoneme,1024,Long,moment_quant_approx,Classification (training),4.384834241566326,85.66467470148157
Phoneme,1024,Long,moment_quant_approx,Transformation (inference),0.5708357916659831,11.152180380611423
Phoneme,1024,Long,moment_quant_approx,Transformation (training),0.08968357643364767,1.7521105651896913
Phoneme,1024,Long,moment_quant_exact,Classification (inference),0.07248929586736869,1.2465283715633568
Phoneme,1024,Long,moment_quant_exact,Classification (training),4.394324837532622,75.56495780938792
Phoneme,1024,Long,moment_quant_exact,Transformation (inference),1.2132595277665434,20.863251675084243
Phoneme,1024,Long,moment_quant_exact,Transformation (training),0.13522084163366035,2.32526214396448
Phoneme,1024,Long,quant,Classification (inference),0.07384546666604967,1.0803222346289527
Phoneme,1024,Long,quant,Classification (training),4.391164329199819,64.24053736700242
Phoneme,1024,Long,quant,Transformation (inference),2.1359359181005857,31.247673936463013
Phoneme,1024,Long,quant,Transformation (training),0.23455801806703672,3.431466461905627
PickupGestureWiimoteZ,361,Medium-long,moment_quant_approx,Classification (inference),0.005382255499716803,1.6913448833645228
PickupGestureWiimoteZ,361,Medium-long,moment_quant_approx,Classification (training),0.2570553304986485,80.77825699715325
PickupGestureWiimoteZ,361,Medium-long,moment_quant_approx,Transformation (inference),0.026836259768363825,8.43315049801177
PickupGestureWiimoteZ,361,Medium-long,moment_quant_approx,Transformation (training),0.02894957233414359,9.097247621470444
PickupGestureWiimoteZ,361,Medium-long,moment_quant_exact,Classification (inference),0.005245210932237817,1.6995665299702971
PickupGestureWiimoteZ,361,Medium-long,moment_quant_exact,Classification (training),0.2562015973322559,83.015090408396
PickupGestureWiimoteZ,361,Medium-long,moment_quant_exact,Transformation (inference),0.02086801396799268,6.7617067349895015
PickupGestureWiimoteZ,361,Medium-long,moment_quant_exact,Transformation (training),0.026305690100707532,8.52363632664419
PickupGestureWiimoteZ,361,Medium-long,quant,Classification (inference),0.005295844332916453,1.5882139694098332
PickupGestureWiimoteZ,361,Medium-long,quant,Classification (training),0.2557738180655481,76.70609733297862
PickupGestureWiimoteZ,361,Medium-long,quant,Transformation (inference),0.03575681523410211,10.723403084835956
PickupGestureWiimoteZ,361,Medium-long,quant,Transformation (training),0.03662005003425288,10.982285612775582
PigAirwayPressure,2000,Long,moment_quant_approx,Classification (inference),0.011745061100130698,0.2234159281495392
PigAirwayPressure,2000,Long,moment_quant_approx,Classification (training),5.014293286100292,95.38247429940006
PigAirwayPressure,2000,Long,moment_quant_approx,Transformation (inference),0.14444485693287176,2.747646989910153
PigAirwayPressure,2000,Long,moment_quant_approx,Transformation (training),0.08655518046628757,1.6464627825402554
PigAirwayPressure,2000,Long,moment_quant_exact,Classification (inference),0.01159197506664588,0.21835177790587326
PigAirwayPressure,2000,Long,moment_quant_exact,Classification (training),4.871630913899571,91.76428220691245
PigAirwayPressure,2000,Long,moment_quant_exact,Transformation (inference),0.28062422623236977,5.2859670909409315
PigAirwayPressure,2000,Long,moment_quant_exact,Transformation (training),0.1450059556671476,2.7313989242407297
PigAirwayPressure,2000,Long,quant,Classification (inference),0.011828459500247794,0.2109607570610785
PigAirwayPressure,2000,Long,quant,Classification (training),4.870768790300402,86.87023626785215
PigAirwayPressure,2000,Long,quant,Transformation (inference),0.47889649873322926,8.541126418410228
PigAirwayPressure,2000,Long,quant,Transformation (training),0.24545403883263736,4.377676556676529
PigArtPressure,2000,Long,moment_quant_approx,Classification (inference),0.012071723534124083,0.24118720041279357
PigArtPressure,2000,Long,moment_quant_approx,Classification (training),4.759591340100694,95.09433405949495
PigArtPressure,2000,Long,moment_quant_approx,Transformation (inference),0.14523215563312986,2.9016682603816224
PigArtPressure,2000,Long,moment_quant_approx,Transformation (training),0.08823088753342741,1.7628104797106325
PigArtPressure,2000,Long,moment_quant_exact,Classification (inference),0.01222139296636058,0.22942198776437636
PigArtPressure,2000,Long,moment_quant_exact,Classification (training),4.888009837600354,91.75852018184858
PigArtPressure,2000,Long,moment_quant_exact,Transformation (inference),0.28116614449997235,5.278096853671398
PigArtPressure,2000,Long,moment_quant_exact,Transformation (training),0.1456390983999881,2.733960976715644
PigArtPressure,2000,Long,quant,Classification (inference),0.012759929134093264,0.2271084527187183
PigArtPressure,2000,Long,quant,Classification (training),4.889589573700262,87.0276872890764
PigArtPressure,2000,Long,quant,Transformation (inference),0.47393977913282764,8.435448879815137
PigArtPressure,2000,Long,quant,Transformation (training),0.2421405832993817,4.309755378389749
PigCVP,2000,Long,moment_quant_approx,Classification (inference),0.012049825033075905,0.24140779899468745
PigCVP,2000,Long,moment_quant_approx,Classification (training),4.746651138967233,95.09504087473067
PigCVP,2000,Long,moment_quant_approx,Transformation (inference),0.14411847493417249,2.8872887143863024
PigCVP,2000,Long,moment_quant_approx,Transformation (training),0.0886618152983525,1.7762626118883298
PigCVP,2000,Long,moment_quant_exact,Classification (inference),0.012575383366978063,0.23819071981481357
PigCVP,2000,Long,moment_quant_exact,Classification (training),4.8373723277021785,91.62481676489251
PigCVP,2000,Long,moment_quant_exact,Transformation (inference),0.28404876116304273,5.380176246681676
PigCVP,2000,Long,moment_quant_exact,Transformation (training),0.14554732223429404,2.7568162686109856
PigCVP,2000,Long,quant,Classification (inference),0.01286127363273404,0.22951591044299488
PigCVP,2000,Long,quant,Classification (training),4.83713488203357,86.32111003064772
PigCVP,2000,Long,quant,Transformation (inference),0.49744036523188695,8.877074042395765
PigCVP,2000,Long,quant,Transformation (training),0.256215795801836,4.572300016513528
Plane,144,Short,moment_quant_approx,Classification (inference),0.005533572199540937,2.8590916959919044
Plane,144,Short,moment_quant_approx,Classification (training),0.14079736533312823,72.74732551151693
Plane,144,Short,moment_quant_approx,Transformation (inference),0.02286234446849746,11.812539326081303
Plane,144,Short,moment_quant_approx,Transformation (training),0.02434973053314021,12.581043466409852
Plane,144,Short,moment_quant_exact,Classification (inference),0.005579719366990759,2.806521966556734
Plane,144,Short,moment_quant_exact,Classification (training),0.143620901434042,72.23933467261524
Plane,144,Short,moment_quant_exact,Transformation (inference),0.022684565265565906,11.410023790127658
Plane,144,Short,moment_quant_exact,Transformation (training),0.026927416630981763,13.54411957070037
Plane,144,Short,quant,Classification (inference),0.0056355569657170704,2.7134780217995758
Plane,144,Short,quant,Classification (training),0.14334213050024117,69.01815083699366
Plane,144,Short,quant,Transformation (inference),0.028864416632374396,13.897998125203623
Plane,144,Short,quant,Transformation (training),0.02984548063395772,14.370373016003144
PowerCons,144,Short,moment_quant_approx,Classification (inference),0.005889934700098767,2.797281365143466
PowerCons,144,Short,moment_quant_approx,Classification (training),0.14805784729833243,70.31647688792496
PowerCons,144,Short,moment_quant_approx,Transformation (inference),0.027480266600226313,13.051084873436446
PowerCons,144,Short,moment_quant_approx,Transformation (training),0.029131202733454566,13.835156873495118
PowerCons,144,Short,moment_quant_exact,Classification (inference),0.0057094015326583205,2.349037051229669
PowerCons,144,Short,moment_quant_exact,Classification (training),0.15139479586650847,62.28883759874514
PowerCons,144,Short,moment_quant_exact,Transformation (inference),0.0408936220987622,16.824991712266307
PowerCons,144,Short,moment_quant_exact,Transformation (training),0.045055031868105236,18.537133637758885
PowerCons,144,Short,quant,Classification (inference),0.0057317665651983405,2.4876381754111634
PowerCons,144,Short,quant,Classification (training),0.15108144166588314,65.57070278579991
PowerCons,144,Short,quant,Transformation (inference),0.03573787086740287,15.510556975132056
PowerCons,144,Short,quant,Transformation (training),0.03785889860058276,16.431102063656873
ProximalPhalanxOutlineAgeGroup,80,Short,moment_quant_approx,Classification (inference),0.007026881898248823,1.698240073973692
ProximalPhalanxOutlineAgeGroup,80,Short,moment_quant_approx,Classification (training),0.35459202516746396,85.6969557437625
ProximalPhalanxOutlineAgeGroup,80,Short,moment_quant_approx,Transformation (inference),0.022619940232834736,5.466733258155792
ProximalPhalanxOutlineAgeGroup,80,Short,moment_quant_approx,Transformation (training),0.02953550686603795,7.1380709241080025
ProximalPhalanxOutlineAgeGroup,80,Short,moment_quant_exact,Classification (inference),0.006976925100995323,1.508849772922194
ProximalPhalanxOutlineAgeGroup,80,Short,moment_quant_exact,Classification (training),0.3539942612333107,76.55581118413365
ProximalPhalanxOutlineAgeGroup,80,Short,moment_quant_exact,Transformation (inference),0.03500565683207237,7.57042344549888
ProximalPhalanxOutlineAgeGroup,80,Short,moment_quant_exact,Transformation (training),0.0664234054337915,14.364915597445266
ProximalPhalanxOutlineAgeGroup,80,Short,quant,Classification (inference),0.006970351332468707,1.6680924684974783
ProximalPhalanxOutlineAgeGroup,80,Short,quant,Classification (training),0.35401553610087527,84.72035645466057
ProximalPhalanxOutlineAgeGroup,80,Short,quant,Transformation (inference),0.02493974869867083,5.968394559494661
ProximalPhalanxOutlineAgeGroup,80,Short,quant,Transformation (training),0.031937969399829506,7.6431565173472835
ProximalPhalanxOutlineCorrect,80,Short,moment_quant_approx,Classification (inference),0.008608404100232241,1.4625618286304627
ProximalPhalanxOutlineCorrect,80,Short,moment_quant_approx,Classification (training),0.5178736430670445,87.9863693182366
ProximalPhalanxOutlineCorrect,80,Short,moment_quant_approx,Transformation (inference),0.025269230598738982,4.2932245840526315
ProximalPhalanxOutlineCorrect,80,Short,moment_quant_approx,Transformation (training),0.03683266663332077,6.257844269080319
ProximalPhalanxOutlineCorrect,80,Short,moment_quant_exact,Classification (inference),0.00825393756531407,1.2356401388554332
ProximalPhalanxOutlineCorrect,80,Short,moment_quant_exact,Classification (training),0.5150231931353725,77.10057470677576
ProximalPhalanxOutlineCorrect,80,Short,moment_quant_exact,Transformation (inference),0.04698213603260224,7.033371967218232
ProximalPhalanxOutlineCorrect,80,Short,moment_quant_exact,Transformation (training),0.09772951946457999,14.630413187150564
ProximalPhalanxOutlineCorrect,80,Short,quant,Classification (inference),0.008314505533780854,1.4126715000348613
ProximalPhalanxOutlineCorrect,80,Short,quant,Classification (training),0.5148540263005998,87.47599080643371
ProximalPhalanxOutlineCorrect,80,Short,quant,Transformation (inference),0.027476719532084286,4.668416953927514
ProximalPhalanxOutlineCorrect,80,Short,quant,Transformation (training),0.03792084723293854,6.442920739603904
ProximalPhalanxTW,80,Short,moment_quant_approx,Classification (inference),0.00755899999930984,1.7430238334365078
ProximalPhalanxTW,80,Short,moment_quant_approx,Classification (training),0.37281509019909814,85.9671368886282
ProximalPhalanxTW,80,Short,moment_quant_approx,Transformation (inference),0.023054947266064073,5.316222062050613
ProximalPhalanxTW,80,Short,moment_quant_approx,Transformation (training),0.030242599968429772,6.973617215884666
ProximalPhalanxTW,80,Short,moment_quant_exact,Classification (inference),0.00740512073486262,1.526846297406848
ProximalPhalanxTW,80,Short,moment_quant_exact,Classification (training),0.3743410861347608,77.18460262791665
ProximalPhalanxTW,80,Short,moment_quant_exact,Transformation (inference),0.035118483398400666,7.241006361307718
ProximalPhalanxTW,80,Short,moment_quant_exact,Transformation (training),0.06812982079961022,14.047544713368778
ProximalPhalanxTW,80,Short,quant,Classification (inference),0.00748062233324158,1.7054689572021613
ProximalPhalanxTW,80,Short,quant,Classification (training),0.3742426235306387,85.32166823302552
ProximalPhalanxTW,80,Short,quant,Transformation (inference),0.024921469468487535,5.68171879998508
ProximalPhalanxTW,80,Short,quant,Transformation (training),0.03198081940111777,7.291144009787237
RefrigerationDevices,720,Medium-long,moment_quant_approx,Classification (inference),0.011531039032949237,0.4098234717355173
RefrigerationDevices,720,Medium-long,moment_quant_approx,Classification (training),2.583988663801089,91.83727520982406
RefrigerationDevices,720,Medium-long,moment_quant_approx,Transformation (inference),0.10802112496700521,3.8391676871664897
RefrigerationDevices,720,Medium-long,moment_quant_approx,Transformation (training),0.11011915709871872,3.913733631273921
RefrigerationDevices,720,Medium-long,moment_quant_exact,Classification (inference),0.011287990266282527,0.4264223411086166
RefrigerationDevices,720,Medium-long,moment_quant_exact,Classification (training),2.3765890665987777,89.77954885904998
RefrigerationDevices,720,Medium-long,moment_quant_exact,Transformation (inference),0.13009527920027417,4.91456248766148
RefrigerationDevices,720,Medium-long,moment_quant_exact,Transformation (training),0.12916623480220243,4.87946631217992
RefrigerationDevices,720,Medium-long,quant,Classification (inference),0.01129904719855399,0.39962717764639877
RefrigerationDevices,720,Medium-long,quant,Classification (training),2.387669557032253,84.44762018085369
RefrigerationDevices,720,Medium-long,quant,Transformation (inference),0.21179514856873233,7.490817232142724
RefrigerationDevices,720,Medium-long,quant,Transformation (training),0.21663333893472247,7.661935409357179
Rock,2844,Long,moment_quant_approx,Classification (inference),0.005832569366611963,1.1415391469196743
Rock,2844,Long,moment_quant_approx,Classification (training),0.39044358329992973,76.4168597036962
Rock,2844,Long,moment_quant_approx,Transformation (inference),0.06914321949734581,13.53257661230848
Rock,2844,Long,moment_quant_approx,Transformation (training),0.04551968606732161,8.90902453707564
Rock,2844,Long,moment_quant_exact,Classification (inference),0.005864106865192254,1.0023843355841253
Rock,2844,Long,moment_quant_exact,Classification (training),0.4007088986002297,68.4953961992419
Rock,2844,Long,moment_quant_exact,Transformation (inference),0.11055062780166429,18.89703242878166
Rock,2844,Long,moment_quant_exact,Transformation (training),0.06789217923311901,11.60518703639232
Rock,2844,Long,quant,Classification (inference),0.005930759632610667,0.8888189520250104
Rock,2844,Long,quant,Classification (training),0.4001207583996196,59.96447929009305
Rock,2844,Long,quant,Transformation (inference),0.17716200006786187,26.55055220466879
Rock,2844,Long,quant,Transformation (training),0.08404944013212415,12.596149553213149
ScreenType,720,Medium-long,moment_quant_approx,Classification (inference),0.011962351363035804,0.4051812438765433
ScreenType,720,Medium-long,moment_quant_approx,Classification (training),2.7218538764010494,92.19292309856452
ScreenType,720,Medium-long,moment_quant_approx,Transformation (inference),0.10817878476761199,3.6641637787564703
ScreenType,720,Medium-long,moment_quant_approx,Transformation (training),0.11035076946621601,3.7377318788024683
ScreenType,720,Medium-long,moment_quant_exact,Classification (inference),0.011946504100827303,0.4417834228567744
ScreenType,720,Medium-long,moment_quant_exact,Classification (training),2.4935856401677787,92.2131520654259
ScreenType,720,Medium-long,moment_quant_exact,Transformation (inference),0.09935703906618674,3.674237453326159
ScreenType,720,Medium-long,moment_quant_exact,Transformation (training),0.09926481673513379,3.6708270583911604
ScreenType,720,Medium-long,quant,Classification (inference),0.011955122200015413,0.42044168676748006
ScreenType,720,Medium-long,quant,Classification (training),2.5010846430654055,87.95897093191604
ScreenType,720,Medium-long,quant,Transformation (inference),0.16459110003343083,5.788394176755592
ScreenType,720,Medium-long,quant,Transformation (training),0.1658365111002543,5.832193204560883
SemgHandGenderCh2,1500,Long,moment_quant_approx,Classification (inference),0.0172291346995431,0.583840022280348
SemgHandGenderCh2,1500,Long,moment_quant_approx,Classification (training),2.489968573532921,84.37703534161695
SemgHandGenderCh2,1500,Long,moment_quant_approx,Transformation (inference),0.2760955764334842,9.355992062718373
SemgHandGenderCh2,1500,Long,moment_quant_approx,Transformation (training),0.16770939450119232,5.6831325733843405
SemgHandGenderCh2,1500,Long,moment_quant_exact,Classification (inference),0.017708423566364165,0.48068595693729216
SemgHandGenderCh2,1500,Long,moment_quant_exact,Classification (training),2.7899712278658018,75.73231939411619
SemgHandGenderCh2,1500,Long,moment_quant_exact,Transformation (inference),0.5875665444672147,15.949188567412936
SemgHandGenderCh2,1500,Long,moment_quant_exact,Transformation (training),0.2887440082651059,7.837806081533591
SemgHandGenderCh2,1500,Long,quant,Classification (inference),0.017745730600048124,0.3951912204333877
SemgHandGenderCh2,1500,Long,quant,Classification (training),2.79352921530129,62.2109196173781
SemgHandGenderCh2,1500,Long,quant,Transformation (inference),1.1195860249659746,24.932789613365873
SemgHandGenderCh2,1500,Long,quant,Transformation (training),0.5595552333659726,12.46109954882264
SemgHandMovementCh2,1500,Long,moment_quant_approx,Classification (inference),0.01757196106724824,0.26073845924624045
SemgHandMovementCh2,1500,Long,moment_quant_approx,Classification (training),6.354726729167548,94.29349689274727
SemgHandMovementCh2,1500,Long,moment_quant_approx,Transformation (inference),0.17530813473228285,2.601278978965201
SemgHandMovementCh2,1500,Long,moment_quant_approx,Transformation (training),0.1916985763329042,2.8444856690412985
SemgHandMovementCh2,1500,Long,moment_quant_exact,Classification (inference),0.017745589033196014,0.23334459179266295
SemgHandMovementCh2,1500,Long,moment_quant_exact,Classification (training),6.721390561132769,88.38253460240941
SemgHandMovementCh2,1500,Long,moment_quant_exact,Transformation (inference),0.43740227913367563,5.7515958519437085
SemgHandMovementCh2,1500,Long,moment_quant_exact,Transformation (training),0.42834707366661556,5.632524953854209
SemgHandMovementCh2,1500,Long,quant,Classification (inference),0.017814419331746895,0.21079581675650133
SemgHandMovementCh2,1500,Long,quant,Classification (training),6.729578631934419,79.63027016085226
SemgHandMovementCh2,1500,Long,quant,Transformation (inference),0.8512937028669209,10.073252911236034
SemgHandMovementCh2,1500,Long,quant,Transformation (training),0.8523440138659983,10.085681111155205
SemgHandSubjectCh2,1500,Long,moment_quant_approx,Classification (inference),0.01583175139821828,0.2708226868587771
SemgHandSubjectCh2,1500,Long,moment_quant_approx,Classification (training),5.457673545868602,93.36060025908104
SemgHandSubjectCh2,1500,Long,moment_quant_approx,Transformation (inference),0.18550726936615922,3.1733429775326156
SemgHandSubjectCh2,1500,Long,moment_quant_approx,Transformation (training),0.18678697913176917,3.1952340765275706
SemgHandSubjectCh2,1500,Long,moment_quant_exact,Classification (inference),0.016641651234628265,0.2382300632458653
SemgHandSubjectCh2,1500,Long,moment_quant_exact,Classification (training),6.10213288753051,87.35380180941164
SemgHandSubjectCh2,1500,Long,moment_quant_exact,Transformation (inference),0.43357802086732894,6.206795099653954
SemgHandSubjectCh2,1500,Long,moment_quant_exact,Transformation (training),0.4331852889023139,6.201173027688552
SemgHandSubjectCh2,1500,Long,quant,Classification (inference),0.016727140166525066,0.21400797736685784
SemgHandSubjectCh2,1500,Long,quant,Classification (training),6.1044070791327005,78.10012943177905
SemgHandSubjectCh2,1500,Long,quant,Transformation (inference),0.840464856934462,10.752954915773602
SemgHandSubjectCh2,1500,Long,quant,Transformation (training),0.8545301972330587,10.932907675080488
ShakeGestureWiimoteZ,385,Medium-long,moment_quant_approx,Classification (inference),0.005368270734713047,1.803078551543862
ShakeGestureWiimoteZ,385,Medium-long,moment_quant_approx,Classification (training),0.23530569176606753,79.03376466020701
ShakeGestureWiimoteZ,385,Medium-long,moment_quant_approx,Transformation (inference),0.027535784634528642,9.248636130328022
ShakeGestureWiimoteZ,385,Medium-long,moment_quant_approx,Transformation (training),0.029518309699293803,9.914520657921104
ShakeGestureWiimoteZ,385,Medium-long,moment_quant_exact,Classification (inference),0.0051867388969791236,1.785158576802926
ShakeGestureWiimoteZ,385,Medium-long,moment_quant_exact,Classification (training),0.23616001806852482,81.28095323990586
ShakeGestureWiimoteZ,385,Medium-long,moment_quant_exact,Transformation (inference),0.022354098600044333,7.693776693831525
ShakeGestureWiimoteZ,385,Medium-long,moment_quant_exact,Transformation (training),0.026846940264901246,9.24011148945969
ShakeGestureWiimoteZ,385,Medium-long,quant,Classification (inference),0.005249237534493,1.656706786896635
ShakeGestureWiimoteZ,385,Medium-long,quant,Classification (training),0.23560899303265612,74.36032666576291
ShakeGestureWiimoteZ,385,Medium-long,quant,Transformation (inference),0.03762724443270898,11.875498263179372
ShakeGestureWiimoteZ,385,Medium-long,quant,Transformation (training),0.038362236134707885,12.107468284161078
ShapeletSim,500,Medium-long,moment_quant_approx,Classification (inference),0.005831958232253433,3.1621319856136028
ShapeletSim,500,Medium-long,moment_quant_approx,Classification (training),0.10328954450136124,56.00437442107877
ShapeletSim,500,Medium-long,moment_quant_approx,Transformation (inference),0.04818182086698164,26.12454870578139
ShapeletSim,500,Medium-long,moment_quant_approx,Transformation (training),0.0271278847988772,14.708944887526226
ShapeletSim,500,Medium-long,moment_quant_exact,Classification (inference),0.005764566634024903,3.5184121333881833
ShapeletSim,500,Medium-long,moment_quant_exact,Classification (training),0.09472386250029857,57.8148555305614
ShapeletSim,500,Medium-long,moment_quant_exact,Transformation (inference),0.04743975136564885,28.954925392765695
ShapeletSim,500,Medium-long,moment_quant_exact,Transformation (training),0.015911825033253935,9.711806943284719
ShapeletSim,500,Medium-long,quant,Classification (inference),0.005888836135757873,2.531562428483141
ShapeletSim,500,Medium-long,quant,Classification (training),0.09314327779866285,40.04153233421843
ShapeletSim,500,Medium-long,quant,Transformation (inference),0.10079524309985569,43.33104955187886
ShapeletSim,500,Medium-long,quant,Transformation (training),0.03278930963375989,14.095855685419572
ShapesAll,512,Medium-long,moment_quant_approx,Classification (inference),0.01879975556657878,0.34409241714084854
ShapesAll,512,Medium-long,moment_quant_approx,Classification (training),5.213492051399468,95.42268118101421
ShapesAll,512,Medium-long,moment_quant_approx,Transformation (inference),0.11554167913272971,2.114762370845462
ShapesAll,512,Medium-long,moment_quant_approx,Transformation (training),0.11574392220063598,2.1184640309994673
ShapesAll,512,Medium-long,moment_quant_exact,Classification (inference),0.020076341733511027,0.3570759380664552
ShapesAll,512,Medium-long,moment_quant_exact,Classification (training),5.2934230402310885,94.14832755701184
ShapesAll,512,Medium-long,moment_quant_exact,Transformation (inference),0.15743254583503583,2.800080549157123
ShapesAll,512,Medium-long,moment_quant_exact,Transformation (training),0.15149725133330014,2.6945159557645746
ShapesAll,512,Medium-long,quant,Classification (inference),0.019861522165107653,0.3410273580421358
ShapesAll,512,Medium-long,quant,Classification (training),5.290748542933337,90.8434903761595
ShapesAll,512,Medium-long,quant,Transformation (inference),0.259149744566821,4.449666646505906
ShapesAll,512,Medium-long,quant,Transformation (training),0.25426623889992084,4.3658156192924675
SharePriceIncrease,60,Short,moment_quant_approx,Classification (inference),0.02003119729973448,1.9532352041566734
SharePriceIncrease,60,Short,moment_quant_approx,Classification (training),0.918922983300096,89.60386611109931
SharePriceIncrease,60,Short,moment_quant_approx,Transformation (inference),0.04273511106633421,4.167086077746129
SharePriceIncrease,60,Short,moment_quant_approx,Transformation (training),0.043850144501387404,4.275812606997903
SharePriceIncrease,60,Short,moment_quant_exact,Classification (inference),0.01994334849975222,1.6439874326708968
SharePriceIncrease,60,Short,moment_quant_exact,Classification (training),0.9227189054668997,76.06236658273686
SharePriceIncrease,60,Short,moment_quant_exact,Transformation (inference),0.13415135423371488,11.058480998752495
SharePriceIncrease,60,Short,moment_quant_exact,Transformation (training),0.13629472239990717,11.235164985839756
SharePriceIncrease,60,Short,quant,Classification (inference),0.019961584701377384,1.9355445250005472
SharePriceIncrease,60,Short,quant,Classification (training),0.9219993736992668,89.40025887295465
SharePriceIncrease,60,Short,quant,Transformation (inference),0.04474193190011036,4.338332984215947
SharePriceIncrease,60,Short,quant,Transformation (training),0.044613333301579836,4.325863617828852
SmallKitchenAppliances,720,Medium-long,moment_quant_approx,Classification (inference),0.010497079234725442,0.4794863917794183
SmallKitchenAppliances,720,Medium-long,moment_quant_approx,Classification (training),1.9608712749997115,89.56882875411686
SmallKitchenAppliances,720,Medium-long,moment_quant_approx,Transformation (inference),0.10720454166633615,4.89689729081123
SmallKitchenAppliances,720,Medium-long,moment_quant_approx,Transformation (training),0.11066112923387357,5.054787563292483
SmallKitchenAppliances,720,Medium-long,moment_quant_exact,Classification (inference),0.010449588867292378,0.5696490773865831
SmallKitchenAppliances,720,Medium-long,moment_quant_exact,Classification (training),1.647534023532838,89.81369969550465
SmallKitchenAppliances,720,Medium-long,moment_quant_exact,Transformation (inference),0.0900055680671357,4.906565173064487
SmallKitchenAppliances,720,Medium-long,moment_quant_exact,Transformation (training),0.08640137366698276,4.710086054044275
SmallKitchenAppliances,720,Medium-long,quant,Classification (inference),0.010499872200792447,0.5369406071517207
SmallKitchenAppliances,720,Medium-long,quant,Classification (training),1.6450633763345346,84.12495992336552
SmallKitchenAppliances,720,Medium-long,quant,Transformation (inference),0.14908888486534122,7.624081020064949
SmallKitchenAppliances,720,Medium-long,quant,Transformation (training),0.15084761106651662,7.714018449417802
SmoothSubspace,15,Short,moment_quant_approx,Classification (inference),0.006078533432931443,6.435993518000971
SmoothSubspace,15,Short,moment_quant_approx,Classification (training),0.07972834446603275,84.41692619544776
SmoothSubspace,15,Short,moment_quant_approx,Transformation (inference),0.004103095734414283,4.344386329663147
SmoothSubspace,15,Short,moment_quant_approx,Transformation (training),0.004535948599611053,4.802693956888133
SmoothSubspace,15,Short,moment_quant_exact,Classification (inference),0.0059420958345677895,6.0258851753922
SmoothSubspace,15,Short,moment_quant_exact,Classification (training),0.08311220273317299,84.28416577035007
SmoothSubspace,15,Short,moment_quant_exact,Transformation (inference),0.004287291766377113,4.347746757516243
SmoothSubspace,15,Short,moment_quant_exact,Transformation (training),0.005267919499116596,5.342202296741509
SmoothSubspace,15,Short,quant,Classification (inference),0.0059561054993536805,6.304528977171915
SmoothSubspace,15,Short,quant,Classification (training),0.07990914306574264,84.58371129484169
SmoothSubspace,15,Short,quant,Transformation (inference),0.0038915166350003403,4.11916467785342
SmoothSubspace,15,Short,quant,Transformation (training),0.00471667636738852,4.992595050132961
SonyAIBORobotSurface1,70,Short,moment_quant_approx,Classification (inference),0.0068179751338902335,5.536079600564899
SonyAIBORobotSurface1,70,Short,moment_quant_approx,Classification (training),0.06177579870030357,50.16089561450433
SonyAIBORobotSurface1,70,Short,moment_quant_approx,Transformation (inference),0.034966824832372324,28.39246577606235
SonyAIBORobotSurface1,70,Short,moment_quant_approx,Transformation (training),0.019594695798392982,15.91055900886842
SonyAIBORobotSurface1,70,Short,moment_quant_exact,Classification (inference),0.007339470765630977,4.279137172362506
SonyAIBORobotSurface1,70,Short,moment_quant_exact,Classification (training),0.0639397305999106,37.278829324065
SonyAIBORobotSurface1,70,Short,moment_quant_exact,Transformation (inference),0.09495244580078478,55.360196042410884
SonyAIBORobotSurface1,70,Short,moment_quant_exact,Transformation (training),0.005285891767319557,3.081837461161615
SonyAIBORobotSurface1,70,Short,quant,Classification (inference),0.006831751400507787,5.460479169611459
SonyAIBORobotSurface1,70,Short,quant,Classification (training),0.06196709860038629,49.52903454354597
SonyAIBORobotSurface1,70,Short,quant,Transformation (inference),0.03685467499987372,29.45718796568808
SonyAIBORobotSurface1,70,Short,quant,Transformation (training),0.019459147134815138,15.553298321154486
SonyAIBORobotSurface2,65,Short,moment_quant_approx,Classification (inference),0.00854588753378868,6.155587312878554
SonyAIBORobotSurface2,65,Short,moment_quant_approx,Classification (training),0.06513595013335964,46.91730691141498
SonyAIBORobotSurface2,65,Short,moment_quant_approx,Transformation (inference),0.0457171054333836,32.92994824406568
SonyAIBORobotSurface2,65,Short,moment_quant_approx,Transformation (training),0.01943244859964272,13.99715753164079
SonyAIBORobotSurface2,65,Short,moment_quant_exact,Classification (inference),0.009042247232476519,4.1038006086770595
SonyAIBORobotSurface2,65,Short,moment_quant_exact,Classification (training),0.06735463049990353,30.56872550995473
SonyAIBORobotSurface2,65,Short,moment_quant_exact,Transformation (inference),0.13768812080185544,62.48939886589438
SonyAIBORobotSurface2,65,Short,moment_quant_exact,Transformation (training),0.006253368133911807,2.83807501547383
SonyAIBORobotSurface2,65,Short,quant,Classification (inference),0.008530772131052746,6.194870005692067
SonyAIBORobotSurface2,65,Short,quant,Classification (training),0.06536127223225771,47.464001929157085
SonyAIBORobotSurface2,65,Short,quant,Transformation (inference),0.044417993035070394,32.25542641848059
SonyAIBORobotSurface2,65,Short,quant,Transformation (training),0.019397002833526685,14.085701646670266
StarLightCurves,1024,Long,moment_quant_approx,Classification (inference),0.1857042124669533,2.004809289240282
StarLightCurves,1024,Long,moment_quant_approx,Classification (training),5.2669038277992515,56.85997953000755
StarLightCurves,1024,Long,moment_quant_approx,Transformation (inference),3.515659661133638,37.954050976104355
StarLightCurves,1024,Long,moment_quant_approx,Transformation (training),0.29466885139942556,3.1811602046478047
StarLightCurves,1024,Long,moment_quant_exact,Classification (inference),0.21650713056587845,1.8455783214084063
StarLightCurves,1024,Long,moment_quant_exact,Classification (training),5.138645288899715,43.80351040546928
StarLightCurves,1024,Long,moment_quant_exact,Transformation (inference),5.738138969301265,48.91379262794685
StarLightCurves,1024,Long,moment_quant_exact,Transformation (training),0.6378352751319957,5.43711864517547
StarLightCurves,1024,Long,quant,Classification (inference),0.19933973750012227,1.5324682492921622
StarLightCurves,1024,Long,quant,Classification (training),5.146330467966618,39.56355186089717
StarLightCurves,1024,Long,quant,Transformation (inference),6.839573900131897,52.58073463969051
StarLightCurves,1024,Long,quant,Transformation (training),0.8225123417010763,6.323245250120147
Strawberry,235,Medium-short,moment_quant_approx,Classification (inference),0.008233086333105603,0.9934386334534789
Strawberry,235,Medium-short,moment_quant_approx,Classification (training),0.7204091681337256,86.92758347988358
Strawberry,235,Medium-short,moment_quant_approx,Transformation (inference),0.03995735536591378,4.821421627939494
Strawberry,235,Medium-short,moment_quant_approx,Transformation (training),0.060146732000672845,7.25755625872345
Strawberry,235,Medium-short,moment_quant_exact,Classification (inference),0.008301172232798566,0.9100897760980848
Strawberry,235,Medium-short,moment_quant_exact,Classification (training),0.7349649818992475,80.57706755845962
Strawberry,235,Medium-short,moment_quant_exact,Transformation (inference),0.10201204306649739,11.183976772205545
Strawberry,235,Medium-short,moment_quant_exact,Transformation (training),0.06684854576839518,7.328865893236747
Strawberry,235,Medium-short,quant,Classification (inference),0.008354204133017096,0.9015144182866811
Strawberry,235,Medium-short,quant,Classification (training),0.7353659361013949,79.35441647783509
Strawberry,235,Medium-short,quant,Transformation (inference),0.07375370283261869,7.95887022234209
Strawberry,235,Medium-short,quant,Transformation (training),0.10921173883349786,11.78519888153615
SwedishLeaf,128,Short,moment_quant_approx,Classification (inference),0.013833442999748462,1.7864888629892504
SwedishLeaf,128,Short,moment_quant_approx,Classification (training),0.6708484265337271,86.63521024940486
SwedishLeaf,128,Short,moment_quant_approx,Transformation (inference),0.04746629713238989,6.129928116658669
SwedishLeaf,128,Short,moment_quant_approx,Transformation (training),0.04218876239853363,5.4483727709472225
SwedishLeaf,128,Short,moment_quant_exact,Classification (inference),0.01462445283250413,1.5472630842146822
SwedishLeaf,128,Short,moment_quant_exact,Classification (training),0.6976882179345315,73.81522141480255
SwedishLeaf,128,Short,moment_quant_exact,Transformation (inference),0.12749089446588183,13.48850154189269
SwedishLeaf,128,Short,moment_quant_exact,Transformation (training),0.10537847793117781,11.14901395909008
SwedishLeaf,128,Short,quant,Classification (inference),0.013730054334155235,1.6602976804953025
SwedishLeaf,128,Short,quant,Classification (training),0.6974323665975438,84.33654466200596
SwedishLeaf,128,Short,quant,Transformation (inference),0.06267645546710503,7.579108654714887
SwedishLeaf,128,Short,quant,Transformation (training),0.05312453476847922,6.424049002783856
Symbols,398,Medium-long,moment_quant_approx,Classification (inference),0.013277322299351553,4.074404926662859
Symbols,398,Medium-long,moment_quant_approx,Classification (training),0.13440624163437553,41.24517284001486
Symbols,398,Medium-long,moment_quant_approx,Transformation (inference),0.15140538750129048,46.461691811810965
Symbols,398,Medium-long,moment_quant_approx,Transformation (training),0.026782495766140772,8.21873042151131
Symbols,398,Medium-long,moment_quant_exact,Classification (inference),0.014406315264932298,3.915092785631484
Symbols,398,Medium-long,moment_quant_exact,Classification (training),0.13543293886565755,36.80556145959767
Symbols,398,Medium-long,moment_quant_exact,Transformation (inference),0.2034666375009692,55.2945531142022
Symbols,398,Medium-long,moment_quant_exact,Transformation (training),0.014662788901478005,3.984792640568644
Symbols,398,Medium-long,quant,Classification (inference),0.014796508499421136,3.089702687713934
Symbols,398,Medium-long,quant,Classification (training),0.13432051106744133,28.04786305339659
Symbols,398,Medium-long,quant,Transformation (inference),0.2999449499669329,62.63239183185071
Symbols,398,Medium-long,quant,Transformation (training),0.029835516566041966,6.2300424270387715
SyntheticControl,60,Short,moment_quant_approx,Classification (inference),0.00709134446806269,2.8370242252641864
SyntheticControl,60,Short,moment_quant_approx,Classification (training),0.1945386446008342,77.82880241797154
SyntheticControl,60,Short,moment_quant_approx,Transformation (inference),0.023876241666342397,9.552134481796086
SyntheticControl,60,Short,moment_quant_approx,Transformation (training),0.0244509041003766,9.782038874968189
SyntheticControl,60,Short,moment_quant_exact,Classification (inference),0.007238456897418124,2.3656795369288863
SyntheticControl,60,Short,moment_quant_exact,Classification (training),0.2106875361341129,68.85710586965251
SyntheticControl,60,Short,moment_quant_exact,Transformation (inference),0.04365695003410409,14.268006952869348
SyntheticControl,60,Short,moment_quant_exact,Transformation (training),0.04439497086665743,14.509207640549263
SyntheticControl,60,Short,quant,Classification (inference),0.0070891166998383465,2.660304639441852
SyntheticControl,60,Short,quant,Classification (training),0.21006291529871907,78.8294750679737
SyntheticControl,60,Short,quant,Transformation (inference),0.02415075689981066,9.06295852458793
SyntheticControl,60,Short,quant,Transformation (training),0.025174839067039954,9.447261767996505
ToeSegmentation1,277,Medium-short,moment_quant_approx,Classification (inference),0.006419308434124054,3.3386906440946515
ToeSegmentation1,277,Medium-short,moment_quant_approx,Classification (training),0.12127618609908188,63.07590171677701
ToeSegmentation1,277,Medium-short,moment_quant_approx,Transformation (inference),0.03927619853202482,20.42760180791482
ToeSegmentation1,277,Medium-short,moment_quant_approx,Transformation (training),0.025298544534598424,13.157805831213526
ToeSegmentation1,277,Medium-short,moment_quant_exact,Classification (inference),0.006657155533321163,2.966441968512566
ToeSegmentation1,277,Medium-short,moment_quant_exact,Classification (training),0.1237089818998356,55.12497251308092
ToeSegmentation1,277,Medium-short,moment_quant_exact,Transformation (inference),0.07621827086744207,33.96301563587505
ToeSegmentation1,277,Medium-short,moment_quant_exact,Transformation (training),0.017831090265826736,7.945569882531463
ToeSegmentation1,277,Medium-short,quant,Classification (inference),0.006341261066457526,2.798393015644946
ToeSegmentation1,277,Medium-short,quant,Classification (training),0.12313079863330732,54.337514777438535
ToeSegmentation1,277,Medium-short,quant,Transformation (inference),0.06561459726702495,28.955664936686368
ToeSegmentation1,277,Medium-short,quant,Transformation (training),0.03151700559974411,13.908427270230147
ToeSegmentation2,343,Medium-long,moment_quant_approx,Classification (inference),0.0056408680674697,3.02701308724954
ToeSegmentation2,343,Medium-long,moment_quant_approx,Classification (training),0.11870219709914329,63.69819322251171
ToeSegmentation2,343,Medium-long,moment_quant_approx,Transformation (inference),0.034557570966232215,18.544347842771376
ToeSegmentation2,343,Medium-long,moment_quant_approx,Transformation (training),0.02745032783326067,14.730445847467376
ToeSegmentation2,343,Medium-long,moment_quant_exact,Classification (inference),0.006148129198118061,3.1411657231684833
ToeSegmentation2,343,Medium-long,moment_quant_exact,Classification (training),0.12125905420010284,61.95295713593398
ToeSegmentation2,343,Medium-long,moment_quant_exact,Transformation (inference),0.049844072267781744,25.466037922334863
ToeSegmentation2,343,Medium-long,moment_quant_exact,Transformation (training),0.018476373499530938,9.439839218562666
ToeSegmentation2,343,Medium-long,quant,Classification (inference),0.005607685900273844,2.639829276205174
ToeSegmentation2,343,Medium-long,quant,Classification (training),0.12059719180057676,56.771367584576495
ToeSegmentation2,343,Medium-long,quant,Transformation (inference),0.053594132065578934,25.22954412489701
ToeSegmentation2,343,Medium-long,quant,Transformation (training),0.03262707213289099,15.359259014321326
Tools,2926,Long,moment_quant_approx,Classification (inference),0.008437218065470565,0.10316913594336778
Tools,2926,Long,moment_quant_approx,Classification (training),7.791918695934388,95.2785044741746
Tools,2926,Long,moment_quant_approx,Transformation (inference),0.13862942766815342,1.6951414741049862
Tools,2926,Long,moment_quant_approx,Transformation (training),0.2390593693994257,2.9231849157770444
Tools,2926,Long,moment_quant_exact,Classification (inference),0.00845751389861102,0.09887911013930162
Tools,2926,Long,moment_quant_exact,Classification (training),7.736914644500939,90.45438700344593
Tools,2926,Long,moment_quant_exact,Transformation (inference),0.24386259023400875,2.8510642971055598
Tools,2926,Long,moment_quant_exact,Transformation (training),0.5641532083333004,6.595669589309222
Tools,2926,Long,quant,Classification (inference),0.00845553486772887,0.09151480638712732
Tools,2926,Long,quant,Classification (training),7.73581407499975,83.72522121839081
Tools,2926,Long,quant,Transformation (inference),0.44910909159953005,4.860737044712701
Tools,2926,Long,quant,Transformation (training),1.0461478861325304,11.322526930509362
Trace,275,Medium-short,moment_quant_approx,Classification (inference),0.005254690231716533,2.7441057088120155
Trace,275,Medium-short,moment_quant_approx,Classification (training),0.1305227902339538,68.1616456949669
Trace,275,Medium-short,moment_quant_approx,Transformation (inference),0.02694044443342131,14.068845946706674
Trace,275,Medium-short,moment_quant_approx,Transformation (training),0.028772155633972285,15.02540264951442
Trace,275,Medium-short,moment_quant_exact,Classification (inference),0.005363037334366954,2.4644673944809274
Trace,275,Medium-short,moment_quant_exact,Classification (training),0.13854051813541443,63.66328788563696
Trace,275,Medium-short,moment_quant_exact,Transformation (inference),0.03487820279842704,16.027521013885135
Trace,275,Medium-short,moment_quant_exact,Transformation (training),0.03883269856645101,17.844723705996966
Trace,275,Medium-short,quant,Classification (inference),0.005277877732684477,2.3220769534422137
Trace,275,Medium-short,quant,Classification (training),0.1386055777664296,60.981484235002405
Trace,275,Medium-short,quant,Transformation (inference),0.04113016946794227,18.095799760807186
Trace,275,Medium-short,quant,Transformation (training),0.0422776250003759,18.600639050748196
TwoLeadECG,82,Short,moment_quant_approx,Classification (inference),0.0093574762999196,6.392745674172406
TwoLeadECG,82,Short,moment_quant_approx,Classification (training),0.0655379069668318,44.77352202966599
TwoLeadECG,82,Short,moment_quant_approx,Transformation (inference),0.05345276946706382,36.51732046449779
TwoLeadECG,82,Short,moment_quant_approx,Transformation (training),0.018028330499752533,12.316411831663812
TwoLeadECG,82,Short,moment_quant_exact,Classification (inference),0.009518547331875451,3.5420199991532444
TwoLeadECG,82,Short,moment_quant_exact,Classification (training),0.0674036027999439,25.082074061120696
TwoLeadECG,82,Short,moment_quant_exact,Transformation (inference),0.1854715401010859,69.01724406116503
TwoLeadECG,82,Short,moment_quant_exact,Transformation (training),0.0063384833333353634,2.358661878561024
TwoLeadECG,82,Short,quant,Classification (inference),0.009148040233412718,5.7890814074289985
TwoLeadECG,82,Short,quant,Classification (training),0.06553974566777465,41.474995016653644
TwoLeadECG,82,Short,quant,Transformation (inference),0.062644225100909,39.642645808432356
TwoLeadECG,82,Short,quant,Transformation (training),0.02069030013129421,13.093277767485004
TwoPatterns,128,Short,moment_quant_approx,Classification (inference),0.047299936065489066,4.083325135055321
TwoPatterns,128,Short,moment_quant_approx,Classification (training),0.8437278735674529,72.83762981232555
TwoPatterns,128,Short,moment_quant_approx,Transformation (inference),0.19901591533416646,17.18071432982266
TwoPatterns,128,Short,moment_quant_approx,Transformation (training),0.06832438193232515,5.89833072279647
TwoPatterns,128,Short,moment_quant_exact,Classification (inference),0.05395947356737448,4.407064558346056
TwoPatterns,128,Short,moment_quant_exact,Classification (training),0.9333669374658106,76.23143959885968
TwoPatterns,128,Short,moment_quant_exact,Transformation (inference),0.18528057220052382,15.132531678157674
TwoPatterns,128,Short,moment_quant_exact,Transformation (training),0.05177883759994676,4.228964164636581
TwoPatterns,128,Short,quant,Classification (inference),0.054821884798487465,3.9045960813573437
TwoPatterns,128,Short,quant,Classification (training),0.9332049764013693,66.46594708214941
TwoPatterns,128,Short,quant,Transformation (inference),0.3240008985002835,23.07641634888426
TwoPatterns,128,Short,quant,Transformation (training),0.0920069638974382,6.553040487608984
UMD,150,Medium-short,moment_quant_approx,Classification (inference),0.00545643736792646,3.7955042185913577
UMD,150,Medium-short,moment_quant_approx,Classification (training),0.09226833053253354,64.18195869655821
UMD,150,Medium-short,moment_quant_approx,Transformation (inference),0.025275355633736243,17.581566957617042
UMD,150,Medium-short,moment_quant_approx,Transformation (training),0.02076041666490099,14.440970127233395
UMD,150,Medium-short,moment_quant_exact,Classification (inference),0.005884616666783836,3.896470800579745
UMD,150,Medium-short,moment_quant_exact,Classification (training),0.09794231250028432,64.85203411001267
UMD,150,Medium-short,moment_quant_exact,Transformation (inference),0.03503744303355531,23.199875444365873
UMD,150,Medium-short,moment_quant_exact,Transformation (training),0.0121598999665972,8.051619645041711
UMD,150,Medium-short,quant,Classification (inference),0.005441327867447347,3.357263535655113
UMD,150,Medium-short,quant,Classification (training),0.09658265830124337,59.59086546341799
UMD,150,Medium-short,quant,Transformation (inference),0.034212865231772055,21.109113012665265
UMD,150,Medium-short,quant,Transformation (training),0.025839429167293274,15.942757988261642
UWaveGestureLibraryAll,945,Long,moment_quant_approx,Classification (inference),0.11070948470102542,1.2919577160798736
UWaveGestureLibraryAll,945,Long,moment_quant_approx,Classification (training),6.9358363500330595,80.93983378290878
UWaveGestureLibraryAll,945,Long,moment_quant_approx,Transformation (inference),1.2556518082657324,14.653207417408685
UWaveGestureLibraryAll,945,Long,moment_quant_approx,Transformation (training),0.2669283681010711,3.1150010836026727
UWaveGestureLibraryAll,945,Long,moment_quant_exact,Classification (inference),0.11227926663511117,1.1543119320227648
UWaveGestureLibraryAll,945,Long,moment_quant_exact,Classification (training),6.830202202865621,70.21941037892807
UWaveGestureLibraryAll,945,Long,moment_quant_exact,Transformation (inference),2.2678411832326675,23.315044853699412
UWaveGestureLibraryAll,945,Long,moment_quant_exact,Transformation (training),0.516620604134611,5.311232835349737
UWaveGestureLibraryAll,945,Long,quant,Classification (inference),0.11775433756653603,1.093554970297865
UWaveGestureLibraryAll,945,Long,quant,Classification (training),6.821362431799935,63.34828037466566
UWaveGestureLibraryAll,945,Long,quant,Transformation (inference),3.066734720899937,28.47999543736736
UWaveGestureLibraryAll,945,Long,quant,Transformation (training),0.7621794514668484,7.078169217669109
UWaveGestureLibraryX,315,Medium-short,moment_quant_approx,Classification (inference),0.10039965956433052,2.744448585528717
UWaveGestureLibraryX,315,Medium-short,moment_quant_approx,Classification (training),2.953990940231112,80.74804528980854
UWaveGestureLibraryX,315,Medium-short,moment_quant_approx,Transformation (inference),0.48920017086929873,13.372403081928779
UWaveGestureLibraryX,315,Medium-short,moment_quant_approx,Transformation (training),0.1146908999677786,3.1351030427339523
UWaveGestureLibraryX,315,Medium-short,moment_quant_exact,Classification (inference),0.10247234436780364,2.683031914115204
UWaveGestureLibraryX,315,Medium-short,moment_quant_exact,Classification (training),2.9446843472008672,77.10062777696909
UWaveGestureLibraryX,315,Medium-short,moment_quant_exact,Transformation (inference),0.6266410069981551,16.40733244508062
UWaveGestureLibraryX,315,Medium-short,moment_quant_exact,Transformation (training),0.14547645276567586,3.8090078638350895
UWaveGestureLibraryX,315,Medium-short,quant,Classification (inference),0.10214092073438219,2.4764380689513446
UWaveGestureLibraryX,315,Medium-short,quant,Classification (training),2.9409203735325717,71.30351986653962
UWaveGestureLibraryX,315,Medium-short,quant,Transformation (inference),0.8789077056673704,21.30938790995934
UWaveGestureLibraryX,315,Medium-short,quant,Transformation (training),0.20254039179999378,4.910654154549698
UWaveGestureLibraryY,315,Medium-short,moment_quant_approx,Classification (inference),0.11030251667010206,2.8614471473052903
UWaveGestureLibraryY,315,Medium-short,moment_quant_approx,Classification (training),3.146933594465857,81.63715959061423
UWaveGestureLibraryY,315,Medium-short,moment_quant_approx,Transformation (inference),0.4829807000317184,12.529394505500669
UWaveGestureLibraryY,315,Medium-short,moment_quant_approx,Transformation (training),0.11456403893389502,2.971998756579801
UWaveGestureLibraryY,315,Medium-short,moment_quant_exact,Classification (inference),0.11018731816584475,2.7622362257124395
UWaveGestureLibraryY,315,Medium-short,moment_quant_exact,Classification (training),3.1135034514692963,78.05101499598031
UWaveGestureLibraryY,315,Medium-short,moment_quant_exact,Transformation (inference),0.6222565180335854,15.599068244959296
UWaveGestureLibraryY,315,Medium-short,moment_quant_exact,Transformation (training),0.143114804130649,3.587680533347957
UWaveGestureLibraryY,315,Medium-short,quant,Classification (inference),0.1101297805997698,2.573930771574932
UWaveGestureLibraryY,315,Medium-short,quant,Classification (training),3.111555223565665,72.72263409382589
UWaveGestureLibraryY,315,Medium-short,quant,Transformation (inference),0.8593098124343669,20.08361368283452
UWaveGestureLibraryY,315,Medium-short,quant,Transformation (training),0.19766651399938076,4.619821451764672
UWaveGestureLibraryZ,315,Medium-short,moment_quant_approx,Classification (inference),0.10852854723246609,2.8421614618135003
UWaveGestureLibraryZ,315,Medium-short,moment_quant_approx,Classification (training),3.1176408208334276,81.64523361553552
UWaveGestureLibraryZ,315,Medium-short,moment_quant_approx,Transformation (inference),0.479610793000514,12.560117566266426
UWaveGestureLibraryZ,315,Medium-short,moment_quant_approx,Transformation (training),0.11274136526578024,2.9524873563845513
UWaveGestureLibraryZ,315,Medium-short,moment_quant_exact,Classification (inference),0.10949668339793178,2.758948936986338
UWaveGestureLibraryZ,315,Medium-short,moment_quant_exact,Classification (training),3.1009072611317,78.13245594573065
UWaveGestureLibraryZ,315,Medium-short,moment_quant_exact,Transformation (inference),0.614974224936547,15.495286537553074
UWaveGestureLibraryZ,315,Medium-short,moment_quant_exact,Transformation (training),0.1434043596348298,3.6133085797299445
UWaveGestureLibraryZ,315,Medium-short,quant,Classification (inference),0.10962876103294543,2.5599748238182944
UWaveGestureLibraryZ,315,Medium-short,quant,Classification (training),3.0993431180667055,72.37371176931276
UWaveGestureLibraryZ,315,Medium-short,quant,Transformation (inference),0.8725316431004709,20.374754017796118
UWaveGestureLibraryZ,315,Medium-short,quant,Transformation (training),0.20091207083411666,4.691559389072828
Wafer,152,Medium-short,moment_quant_approx,Classification (inference),0.07001849720060511,6.900546420836648
Wafer,152,Medium-short,moment_quant_approx,Classification (training),0.33689536949920385,33.20211414326212
Wafer,152,Medium-short,moment_quant_approx,Transformation (inference),0.536452817999816,52.869137744995356
Wafer,152,Medium-short,moment_quant_approx,Transformation (training),0.07131379030130723,7.0282016909058695
Wafer,152,Medium-short,moment_quant_exact,Classification (inference),0.03772064586470751,4.202438131611923
Wafer,152,Medium-short,moment_quant_exact,Classification (training),0.3570504638676842,39.77881210329896
Wafer,152,Medium-short,moment_quant_exact,Transformation (inference),0.4342596986340747,48.380654008621086
Wafer,152,Medium-short,moment_quant_exact,Transformation (training),0.06855874996545022,7.638095756468026
Wafer,152,Medium-short,quant,Classification (inference),0.03829343613324449,3.5116686044903958
Wafer,152,Medium-short,quant,Classification (training),0.3583105000007587,32.85857474721506
Wafer,152,Medium-short,quant,Transformation (inference),0.5919030818991208,54.27999363582155
Wafer,152,Medium-short,quant,Transformation (training),0.10195567779980287,9.349763012472993
Wine,234,Medium-short,moment_quant_approx,Classification (inference),0.00512635413275949,2.75315542176975
Wine,234,Medium-short,moment_quant_approx,Classification (training),0.1436765528002676,77.16280812428276
Wine,234,Medium-short,moment_quant_approx,Transformation (inference),0.017774583333812138,9.546002716133273
Wine,234,Medium-short,moment_quant_approx,Transformation (training),0.019621737434742152,10.538033737814212
Wine,234,Medium-short,moment_quant_exact,Classification (inference),0.005058432033304853,2.821732109347381
Wine,234,Medium-short,moment_quant_exact,Classification (training),0.14171740010157613,79.05385219905502
Wine,234,Medium-short,moment_quant_exact,Transformation (inference),0.013993858298635998,7.806157923035352
Wine,234,Medium-short,moment_quant_exact,Transformation (training),0.018497222132282283,10.318257768562251
Wine,234,Medium-short,quant,Classification (inference),0.00509174173300072,2.5087113988357275
Wine,234,Medium-short,quant,Classification (training),0.1407695805013645,69.3574556078229
Wine,234,Medium-short,quant,Transformation (inference),0.027979176365867362,13.785396502764195
Wine,234,Medium-short,quant,Transformation (training),0.02912193603309177,14.34843649057718
WordSynonyms,270,Medium-short,moment_quant_approx,Classification (inference),0.01547212073346595,1.1594266631760095
WordSynonyms,270,Medium-short,moment_quant_approx,Classification (training),1.205702580602277,90.35113827587416
WordSynonyms,270,Medium-short,moment_quant_approx,Transformation (inference),0.0724121277661955,5.426311823423031
WordSynonyms,270,Medium-short,moment_quant_approx,Transformation (training),0.04087624863022934,3.0631232375267987
WordSynonyms,270,Medium-short,moment_quant_exact,Classification (inference),0.015857005432674924,1.128794480520234
WordSynonyms,270,Medium-short,moment_quant_exact,Classification (training),1.2232924056671133,87.08111512240437
WordSynonyms,270,Medium-short,moment_quant_exact,Transformation (inference),0.08174207216749584,5.818879250607084
WordSynonyms,270,Medium-short,moment_quant_exact,Transformation (training),0.08388199023223321,5.971211146468308
WordSynonyms,270,Medium-short,quant,Classification (inference),0.015648981901661745,1.093474480291723
WordSynonyms,270,Medium-short,quant,Classification (training),1.225123972298267,85.6056839556779
WordSynonyms,270,Medium-short,quant,Transformation (inference),0.12646357220025187,8.836657218756251
WordSynonyms,270,Medium-short,quant,Transformation (training),0.06388803880108748,4.4641843452741305
Worms,900,Long,moment_quant_approx,Classification (inference),0.006123020833668567,0.3872034049149438
Worms,900,Long,moment_quant_approx,Classification (training),1.4505275818674515,91.72747143595927
Worms,900,Long,moment_quant_approx,Transformation (inference),0.04865383333429534,3.0767378457401278
Worms,900,Long,moment_quant_approx,Transformation (training),0.07604034449759633,4.808587313385636
Worms,900,Long,moment_quant_exact,Classification (inference),0.0062518652659491036,0.3870241217481111
Worms,900,Long,moment_quant_exact,Classification (training),1.4320625624677632,88.65238324090711
Worms,900,Long,moment_quant_exact,Transformation (inference),0.07339952769980296,4.543825968141659
Worms,900,Long,moment_quant_exact,Transformation (training),0.10365441946535911,6.416766669203123
Worms,900,Long,quant,Classification (inference),0.006227266699715933,0.366633512726025
Worms,900,Long,quant,Classification (training),1.4276467429333328,84.0534323537794
Worms,900,Long,quant,Transformation (inference),0.08748511806722183,5.150731082338216
Worms,900,Long,quant,Transformation (training),0.17713991386699487,10.429203051156366
WormsTwoClass,900,Long,moment_quant_approx,Classification (inference),0.00598934446607013,0.4958804502167129
WormsTwoClass,900,Long,moment_quant_approx,Classification (training),1.0784972666675459,89.29286221259976
WormsTwoClass,900,Long,moment_quant_approx,Transformation (inference),0.046780475033059044,3.873132218752802
WormsTwoClass,900,Long,moment_quant_approx,Transformation (training),0.07655315830003621,6.3381251184307414
WormsTwoClass,900,Long,moment_quant_exact,Classification (inference),0.0059632902329515465,0.47709447097037033
WormsTwoClass,900,Long,moment_quant_exact,Classification (training),1.0669291472009113,85.35992332453411
WormsTwoClass,900,Long,moment_quant_exact,Transformation (inference),0.07367120140018714,5.8940822070934535
WormsTwoClass,900,Long,moment_quant_exact,Transformation (training),0.10335447923231787,8.268899997402068
WormsTwoClass,900,Long,quant,Classification (inference),0.006062593065629047,0.45411584362959767
WormsTwoClass,900,Long,quant,Classification (training),1.0653925708994696,79.80275781226607
WormsTwoClass,900,Long,quant,Transformation (inference),0.08676958193391324,6.499437035399645
WormsTwoClass,900,Long,quant,Transformation (training),0.1768075263011269,13.243689308704676
Yoga,426,Medium-long,moment_quant_approx,Classification (inference),0.06387098046786069,3.7996654627886084
Yoga,426,Medium-long,moment_quant_approx,Classification (training),1.0304472959023163,61.30100043530906
Yoga,426,Medium-long,moment_quant_approx,Transformation (inference),0.5235064207653826,31.143239887028624
Yoga,426,Medium-long,moment_quant_approx,Transformation (training),0.06313856379808078,3.7560942148737007
Yoga,426,Medium-long,moment_quant_exact,Classification (inference),0.06531562773307083,3.4738554414670944
Yoga,426,Medium-long,moment_quant_exact,Classification (training),1.0398033958340724,55.30264057839333
Yoga,426,Medium-long,moment_quant_exact,Transformation (inference),0.705845283367671,37.54085451771843
Yoga,426,Medium-long,moment_quant_exact,Transformation (training),0.06924138479904889,3.682649462421145
Yoga,426,Medium-long,quant,Classification (inference),0.06496790560146712,2.7475088123678195
Yoga,426,Medium-long,quant,Classification (training),1.0408919166982136,44.0195768568256
Yoga,426,Medium-long,quant,Transformation (inference),1.1436996930012053,48.367343169397486
Yoga,426,Medium-long,quant,Transformation (training),0.1150518486014334,4.86557116140909
