Series length,Number of samples,Estimator,Run,Runtime
9,1,quant_float64,0,0.0016191660033655353
9,1,quant_float64,1,0.0015836250022402965
9,1,quant_float64,2,0.0016137499987962656
9,1,quant_float64,3,0.0015587909947498702
9,1,quant_float64,4,0.0017005409972625785
9,1,quant_float64,5,0.0015402089993585832
9,1,quant_float64,6,0.001510500005679205
9,1,quant_float64,7,0.001505625004938338
9,1,quant_float64,8,0.0015052079979795963
9,1,quant_float64,9,0.0015037499979371205
9,3,quant_float64,0,0.0016017500020097941
9,3,quant_float64,1,0.0016019999966374598
9,3,quant_float64,2,0.0015740410017315298
9,3,quant_float64,3,0.0017892920004669577
9,3,quant_float64,4,0.0016312910011038184
9,3,quant_float64,5,0.0015845420057303272
9,3,quant_float64,6,0.001577041002747137
9,3,quant_float64,7,0.0015800420005689375
9,3,quant_float64,8,0.0015659579948987812
9,3,quant_float64,9,0.0015717089991085231
9,10,quant_float64,0,0.00161854199541267
9,10,quant_float64,1,0.0015800000037415884
9,10,quant_float64,2,0.0015690000000176951
9,10,quant_float64,3,0.0016179169979295693
9,10,quant_float64,4,0.0017785419986466877
9,10,quant_float64,5,0.001640875001612585
9,10,quant_float64,6,0.0016102090012282133
9,10,quant_float64,7,0.0015997500013327226
9,10,quant_float64,8,0.0016155000048456714
9,10,quant_float64,9,0.0016016250010579824
9,30,quant_float64,0,0.0016519999990123324
9,30,quant_float64,1,0.0016381669993279502
9,30,quant_float64,2,0.0016426669972133823
9,30,quant_float64,3,0.0016682499990565702
9,30,quant_float64,4,0.001660709000134375
9,30,quant_float64,5,0.001636834000237286
9,30,quant_float64,6,0.0016315829998347908
9,30,quant_float64,7,0.0016235410002991557
9,30,quant_float64,8,0.0016161249950528145
9,30,quant_float64,9,0.001599625000380911
9,100,quant_float64,0,0.0017171250001410954
9,100,quant_float64,1,0.0016796670024632476
9,100,quant_float64,2,0.0016679999971529469
9,100,quant_float64,3,0.0017842089946498163
9,100,quant_float64,4,0.0017555409940541722
9,100,quant_float64,5,0.0017144169978564605
9,100,quant_float64,6,0.0017312500058324076
9,100,quant_float64,7,0.0017142919969046488
9,100,quant_float64,8,0.0016959169952315278
9,100,quant_float64,9,0.0017050419992301613
9,300,quant_float64,0,0.001981916997465305
9,300,quant_float64,1,0.001998125000682194
9,300,quant_float64,2,0.001986374998523388
9,300,quant_float64,3,0.002023291999648791
9,300,quant_float64,4,0.0019377499993424863
9,300,quant_float64,5,0.0019193749976693653
9,300,quant_float64,6,0.0019176670029992238
9,300,quant_float64,7,0.0019138749994453974
9,300,quant_float64,8,0.0019444170029601082
9,300,quant_float64,9,0.0019110829962301068
9,1000,quant_float64,0,0.002906333000282757
9,1000,quant_float64,1,0.0028294169969740324
9,1000,quant_float64,2,0.0030789160009589978
9,1000,quant_float64,3,0.0028822919994127005
9,1000,quant_float64,4,0.002846542003680952
9,1000,quant_float64,5,0.0028609169967239723
9,1000,quant_float64,6,0.0028503330031526275
9,1000,quant_float64,7,0.0028387499987729825
9,1000,quant_float64,8,0.0028311249989201315
9,1000,quant_float64,9,0.0028387080019456334
9,3000,quant_float64,0,0.005736457998864353
9,3000,quant_float64,1,0.005816374999994878
9,3000,quant_float64,2,0.005784083004982676
9,3000,quant_float64,3,0.005708417003916111
9,3000,quant_float64,4,0.005766041998867877
9,3000,quant_float64,5,0.005695499996363651
9,3000,quant_float64,6,0.005772292002802715
9,3000,quant_float64,7,0.00573712500045076
9,3000,quant_float64,8,0.0057447079962003045
9,3000,quant_float64,9,0.005734582999139093
9,10000,quant_float64,0,0.01602741600072477
9,10000,quant_float64,1,0.016131167001731228
9,10000,quant_float64,2,0.016144708002684638
9,10000,quant_float64,3,0.016430167001090012
9,10000,quant_float64,4,0.016013625005143695
9,10000,quant_float64,5,0.016536165996512864
9,10000,quant_float64,6,0.01608775000204332
9,10000,quant_float64,7,0.016533334004634526
9,10000,quant_float64,8,0.016082290996564552
9,10000,quant_float64,9,0.01653529200120829
14,1,quant_float64,0,0.0026854579991777427
14,1,quant_float64,1,0.002685250001377426
14,1,quant_float64,2,0.0028661249962169677
14,1,quant_float64,3,0.0028405420016497374
14,1,quant_float64,4,0.002794499996525701
14,1,quant_float64,5,0.002779084003122989
14,1,quant_float64,6,0.0027550840022740886
14,1,quant_float64,7,0.00277920799999265
14,1,quant_float64,8,0.002730374995735474
14,1,quant_float64,9,0.0027624169961200096
14,3,quant_float64,0,0.0029204580059740692
14,3,quant_float64,1,0.0029203750018496066
14,3,quant_float64,2,0.0029247920028865337
14,3,quant_float64,3,0.0027995000054943375
14,3,quant_float64,4,0.00295979200018337
14,3,quant_float64,5,0.0029125419969204813
14,3,quant_float64,6,0.0029088340015732683
14,3,quant_float64,7,0.002930000002379529
14,3,quant_float64,8,0.0029042919995845295
14,3,quant_float64,9,0.0029093749981257133
14,10,quant_float64,0,0.002938165998784825
14,10,quant_float64,1,0.00291829200432403
14,10,quant_float64,2,0.002944958003354259
14,10,quant_float64,3,0.0029218749987194315
14,10,quant_float64,4,0.002930540998931974
14,10,quant_float64,5,0.002920666003774386
14,10,quant_float64,6,0.0029079169980832376
14,10,quant_float64,7,0.0028997909976169467
14,10,quant_float64,8,0.0029074999984004535
14,10,quant_float64,9,0.0029397920006886125
14,30,quant_float64,0,0.003053667001950089
14,30,quant_float64,1,0.003024833000381477
14,30,quant_float64,2,0.0029640419961651787
14,30,quant_float64,3,0.002885791996959597
14,30,quant_float64,4,0.002856750004866626
14,30,quant_float64,5,0.002865416005079169
14,30,quant_float64,6,0.0028666250000242144
14,30,quant_float64,7,0.0028575420001288876
14,30,quant_float64,8,0.002854749996913597
14,30,quant_float64,9,0.002861541994207073
14,100,quant_float64,0,0.0032169580008485354
14,100,quant_float64,1,0.0030777089996263385
14,100,quant_float64,2,0.0032150839979294688
14,100,quant_float64,3,0.0030677500035380945
14,100,quant_float64,4,0.0030176250002114102
14,100,quant_float64,5,0.0030867090026731603
14,100,quant_float64,6,0.003187624999554828
14,100,quant_float64,7,0.003077000001212582
14,100,quant_float64,8,0.003078667003137525
14,100,quant_float64,9,0.00307204200362321
14,300,quant_float64,0,0.003683875002025161
14,300,quant_float64,1,0.003715375001775101
14,300,quant_float64,2,0.003693792001286056
14,300,quant_float64,3,0.0036293339944677427
14,300,quant_float64,4,0.003630833001807332
14,300,quant_float64,5,0.003638624999439344
14,300,quant_float64,6,0.003640832997916732
14,300,quant_float64,7,0.0036768330028280616
14,300,quant_float64,8,0.0036730409992742352
14,300,quant_float64,9,0.0036821250032517128
14,1000,quant_float64,0,0.005916624999372289
14,1000,quant_float64,1,0.005900332995224744
14,1000,quant_float64,2,0.005674249994626734
14,1000,quant_float64,3,0.005687332995876204
14,1000,quant_float64,4,0.005743583002185915
14,1000,quant_float64,5,0.005795875003968831
14,1000,quant_float64,6,0.005762792003224604
14,1000,quant_float64,7,0.005733958998462185
14,1000,quant_float64,8,0.005742499997722916
14,1000,quant_float64,9,0.005731750003178604
14,3000,quant_float64,0,0.011812083001132123
14,3000,quant_float64,1,0.011859584003104828
14,3000,quant_float64,2,0.011849624999740627
14,3000,quant_float64,3,0.011877583005116321
14,3000,quant_float64,4,0.011824707995401695
14,3000,quant_float64,5,0.011762374997488223
14,3000,quant_float64,6,0.011941709002712741
14,3000,quant_float64,7,0.01187170799676096
14,3000,quant_float64,8,0.011826875001133885
14,3000,quant_float64,9,0.011880958001711406
14,10000,quant_float64,0,0.033661666995612904
14,10000,quant_float64,1,0.03400758399948245
14,10000,quant_float64,2,0.03348324999387842
14,10000,quant_float64,3,0.033579167000425514
14,10000,quant_float64,4,0.03379754200432217
14,10000,quant_float64,5,0.0334355000013602
14,10000,quant_float64,6,0.03371470799902454
14,10000,quant_float64,7,0.03347095799836097
14,10000,quant_float64,8,0.033426041998609435
14,10000,quant_float64,9,0.03359025000099791
15,1,quant_float64,0,0.00312008400214836
15,1,quant_float64,1,0.003091040998697281
15,1,quant_float64,2,0.0031071250050445087
15,1,quant_float64,3,0.0029703749969485216
15,1,quant_float64,4,0.002961958001833409
15,1,quant_float64,5,0.0029913329999544658
15,1,quant_float64,6,0.0029810839987476356
15,1,quant_float64,7,0.002957041004265193
15,1,quant_float64,8,0.0029751250040135346
15,1,quant_float64,9,0.0029501669996534474
15,3,quant_float64,0,0.003126374998828396
15,3,quant_float64,1,0.003091874998062849
15,3,quant_float64,2,0.003170042000419926
15,3,quant_float64,3,0.0030912919974070974
15,3,quant_float64,4,0.0031023340052342974
15,3,quant_float64,5,0.003094459003477823
15,3,quant_float64,6,0.0031225839993567206
15,3,quant_float64,7,0.003109833000053186
15,3,quant_float64,8,0.0030746249976800755
15,3,quant_float64,9,0.003073457999562379
15,10,quant_float64,0,0.003123584006971214
15,10,quant_float64,1,0.0031114590019569732
15,10,quant_float64,2,0.0033066250034607947
15,10,quant_float64,3,0.00320241699955659
15,10,quant_float64,4,0.0031977499966160394
15,10,quant_float64,5,0.003168332994391676
15,10,quant_float64,6,0.003202499996405095
15,10,quant_float64,7,0.003254124996601604
15,10,quant_float64,8,0.0032555829966440797
15,10,quant_float64,9,0.003250875000958331
15,30,quant_float64,0,0.0033743749954737723
15,30,quant_float64,1,0.003411167002923321
15,30,quant_float64,2,0.003340625000419095
15,30,quant_float64,3,0.0033412079937988892
15,30,quant_float64,4,0.0033333749961457215
15,30,quant_float64,5,0.0033296670007985085
15,30,quant_float64,6,0.003328541999508161
15,30,quant_float64,7,0.0033390410026186146
15,30,quant_float64,8,0.003346624995174352
15,30,quant_float64,9,0.003385625001101289
15,100,quant_float64,0,0.0035276660055387765
15,100,quant_float64,1,0.003529916997649707
15,100,quant_float64,2,0.0034991249995073304
15,100,quant_float64,3,0.0034917090015369467
15,100,quant_float64,4,0.003499790997011587
15,100,quant_float64,5,0.0035044999967794865
15,100,quant_float64,6,0.0035234999959357083
15,100,quant_float64,7,0.0035179159967810847
15,100,quant_float64,8,0.0035161659980076365
15,100,quant_float64,9,0.0035174579970771447
15,300,quant_float64,0,0.0041126659998553805
15,300,quant_float64,1,0.004137709001952317
15,300,quant_float64,2,0.003989749995525926
15,300,quant_float64,3,0.004230124999594409
15,300,quant_float64,4,0.003967292002926115
15,300,quant_float64,5,0.0040618330021970905
15,300,quant_float64,6,0.0039878329989733174
15,300,quant_float64,7,0.004017958002805244
15,300,quant_float64,8,0.0039726249960949644
15,300,quant_float64,9,0.004022583001642488
15,1000,quant_float64,0,0.006519125003251247
15,1000,quant_float64,1,0.00643425000453135
15,1000,quant_float64,2,0.006411417001800146
15,1000,quant_float64,3,0.006372249998094048
15,1000,quant_float64,4,0.006351333999191411
15,1000,quant_float64,5,0.006359041995892767
15,1000,quant_float64,6,0.006337332997645717
15,1000,quant_float64,7,0.006355291996442247
15,1000,quant_float64,8,0.006339583997032605
15,1000,quant_float64,9,0.006345499998133164
15,3000,quant_float64,0,0.01337891699949978
15,3000,quant_float64,1,0.013254249999590684
15,3000,quant_float64,2,0.013188916003855411
15,3000,quant_float64,3,0.013277333004225511
15,3000,quant_float64,4,0.013242707995232195
15,3000,quant_float64,5,0.013219916996604297
15,3000,quant_float64,6,0.013313333998667076
15,3000,quant_float64,7,0.013266874993860256
15,3000,quant_float64,8,0.013248417002614588
15,3000,quant_float64,9,0.013178792003600392
15,10000,quant_float64,0,0.03845050000381889
15,10000,quant_float64,1,0.038380291996872984
15,10000,quant_float64,2,0.03892483299568994
15,10000,quant_float64,3,0.03814300000522053
15,10000,quant_float64,4,0.03865075000067009
15,10000,quant_float64,5,0.03893670799880056
15,10000,quant_float64,6,0.03816737500164891
15,10000,quant_float64,7,0.03809437499876367
15,10000,quant_float64,8,0.03802649999852292
15,10000,quant_float64,9,0.03823512500093784
16,1,quant_float64,0,0.003332459004013799
16,1,quant_float64,1,0.0033190419999300502
16,1,quant_float64,2,0.0032698750001145527
16,1,quant_float64,3,0.003236500000639353
16,1,quant_float64,4,0.003240124999138061
16,1,quant_float64,5,0.003208249996532686
16,1,quant_float64,6,0.0033525420003570616
16,1,quant_float64,7,0.0034092499990947545
16,1,quant_float64,8,0.003307541999674868
16,1,quant_float64,9,0.003214917000150308
16,3,quant_float64,0,0.003424249996896833
16,3,quant_float64,1,0.003491291994578205
16,3,quant_float64,2,0.003475500001513865
16,3,quant_float64,3,0.003455208003288135
16,3,quant_float64,4,0.003432082994550001
16,3,quant_float64,5,0.003417333005927503
16,3,quant_float64,6,0.0034050000031129457
16,3,quant_float64,7,0.0034234999984619208
16,3,quant_float64,8,0.003444916997977998
16,3,quant_float64,9,0.003431958000874147
16,10,quant_float64,0,0.0034604159955051728
16,10,quant_float64,1,0.003438708998146467
16,10,quant_float64,2,0.003452124998148065
16,10,quant_float64,3,0.003442249995714519
16,10,quant_float64,4,0.0034213339968118817
16,10,quant_float64,5,0.003427083996939473
16,10,quant_float64,6,0.003459749998000916
16,10,quant_float64,7,0.00344670800404856
16,10,quant_float64,8,0.0034745420052786358
16,10,quant_float64,9,0.0034690419997787103
16,30,quant_float64,0,0.003514166994136758
16,30,quant_float64,1,0.0035897920024581254
16,30,quant_float64,2,0.0035740419989451766
16,30,quant_float64,3,0.0035090829987893812
16,30,quant_float64,4,0.0035077089996775612
16,30,quant_float64,5,0.0035065000047325157
16,30,quant_float64,6,0.0034959580007125624
16,30,quant_float64,7,0.0035516249990905635
16,30,quant_float64,8,0.003488959002424963
16,30,quant_float64,9,0.0034865829948103055
16,100,quant_float64,0,0.003785041997616645
16,100,quant_float64,1,0.0038071250019129366
16,100,quant_float64,2,0.003882582997903228
16,100,quant_float64,3,0.0037620830044033937
16,100,quant_float64,4,0.003757459002372343
16,100,quant_float64,5,0.003769208997255191
16,100,quant_float64,6,0.0037865830017835833
16,100,quant_float64,7,0.0037732089986093342
16,100,quant_float64,8,0.0037760000050184317
16,100,quant_float64,9,0.003767041998798959
16,300,quant_float64,0,0.004508291000092868
16,300,quant_float64,1,0.0046243329998105764
16,300,quant_float64,2,0.004507040997850709
16,300,quant_float64,3,0.004460084004676901
16,300,quant_float64,4,0.004483041004277766
16,300,quant_float64,5,0.004475000001548324
16,300,quant_float64,6,0.004436499999428634
16,300,quant_float64,7,0.00445241600391455
16,300,quant_float64,8,0.004448583000339568
16,300,quant_float64,9,0.004436959003214724
16,1000,quant_float64,0,0.007128249999368563
16,1000,quant_float64,1,0.00721499999781372
16,1000,quant_float64,2,0.0070002079955884255
16,1000,quant_float64,3,0.007116707995010074
16,1000,quant_float64,4,0.007025957995210774
16,1000,quant_float64,5,0.007024708000244573
16,1000,quant_float64,6,0.007018208001682069
16,1000,quant_float64,7,0.006990750000113621
16,1000,quant_float64,8,0.006973499999730848
16,1000,quant_float64,9,0.007008999993558973
16,3000,quant_float64,0,0.014878917005262338
16,3000,quant_float64,1,0.014713708005729131
16,3000,quant_float64,2,0.014603582996642217
16,3000,quant_float64,3,0.014593583000532817
16,3000,quant_float64,4,0.01468883299821755
16,3000,quant_float64,5,0.014533125002344605
16,3000,quant_float64,6,0.014574625005479902
16,3000,quant_float64,7,0.014639790999353863
16,3000,quant_float64,8,0.014513041998725384
16,3000,quant_float64,9,0.014642082998761907
16,10000,quant_float64,0,0.04323770799965132
16,10000,quant_float64,1,0.042450540997378994
16,10000,quant_float64,2,0.042188916995655745
16,10000,quant_float64,3,0.042092083996976726
16,10000,quant_float64,4,0.04227549999632174
16,10000,quant_float64,5,0.042291458004910965
16,10000,quant_float64,6,0.042240166003466584
16,10000,quant_float64,7,0.04229887499968754
16,10000,quant_float64,8,0.04352758299501147
16,10000,quant_float64,9,0.04269537499931175
17,1,quant_float64,0,0.003498499994748272
17,1,quant_float64,1,0.0034997920010937378
17,1,quant_float64,2,0.003510041999106761
17,1,quant_float64,3,0.0034858750004787
17,1,quant_float64,4,0.003462041000602767
17,1,quant_float64,5,0.0034654580013011582
17,1,quant_float64,6,0.0034850000010919757
17,1,quant_float64,7,0.0034608749992912635
17,1,quant_float64,8,0.0034762079958454706
17,1,quant_float64,9,0.0036523339949781075
17,3,quant_float64,0,0.0037117089959792793
17,3,quant_float64,1,0.0038058339996496215
17,3,quant_float64,2,0.003698250002344139
17,3,quant_float64,3,0.003670416997920256
17,3,quant_float64,4,0.0036703329969896004
17,3,quant_float64,5,0.003665999996883329
17,3,quant_float64,6,0.003659709000203293
17,3,quant_float64,7,0.0036955409959773533
17,3,quant_float64,8,0.003682666996610351
17,3,quant_float64,9,0.0036492499930318445
17,10,quant_float64,0,0.0037054579952382483
17,10,quant_float64,1,0.0037693750055041164
17,10,quant_float64,2,0.003719041997101158
17,10,quant_float64,3,0.003699666995089501
17,10,quant_float64,4,0.003689625002152752
17,10,quant_float64,5,0.0038935409975238144
17,10,quant_float64,6,0.003917292000551242
17,10,quant_float64,7,0.0038704170001437888
17,10,quant_float64,8,0.0038291250020847656
17,10,quant_float64,9,0.003821375001280103
17,30,quant_float64,0,0.00397954200161621
17,30,quant_float64,1,0.003972582999267615
17,30,quant_float64,2,0.003947791003156453
17,30,quant_float64,3,0.00396804199408507
17,30,quant_float64,4,0.003994625003542751
17,30,quant_float64,5,0.003979125001933426
17,30,quant_float64,6,0.00396691700007068
17,30,quant_float64,7,0.00394633299583802
17,30,quant_float64,8,0.0039478329999838024
17,30,quant_float64,9,0.003943208001146559
17,100,quant_float64,0,0.004200458999548573
17,100,quant_float64,1,0.00422029200126417
17,100,quant_float64,2,0.004088583998964168
17,100,quant_float64,3,0.004224833995976951
17,100,quant_float64,4,0.0039847079970058985
17,100,quant_float64,5,0.004021500004455447
17,100,quant_float64,6,0.004061166000610683
17,100,quant_float64,7,0.004020958993351087
17,100,quant_float64,8,0.004048875001899432
17,100,quant_float64,9,0.004022374996566214
17,300,quant_float64,0,0.004821542002900969
17,300,quant_float64,1,0.004981167003279552
17,300,quant_float64,2,0.004875666003499646
17,300,quant_float64,3,0.00490525000350317
17,300,quant_float64,4,0.005089375001261942
17,300,quant_float64,5,0.0049109999963548034
17,300,quant_float64,6,0.004960416001267731
17,300,quant_float64,7,0.0049413750020903535
17,300,quant_float64,8,0.004999500000849366
17,300,quant_float64,9,0.004904291999991983
17,1000,quant_float64,0,0.008129624999128282
17,1000,quant_float64,1,0.0077294169968809
17,1000,quant_float64,2,0.0076429589971667156
17,1000,quant_float64,3,0.007627541999681853
17,1000,quant_float64,4,0.007591458997922018
17,1000,quant_float64,5,0.007591499997943174
17,1000,quant_float64,6,0.00756474999798229
17,1000,quant_float64,7,0.007641666001291014
17,1000,quant_float64,8,0.007611790999362711
17,1000,quant_float64,9,0.007593834001454525
17,3000,quant_float64,0,0.016509332999703474
17,3000,quant_float64,1,0.016005916004360188
17,3000,quant_float64,2,0.015911041999061126
17,3000,quant_float64,3,0.01598283400380751
17,3000,quant_float64,4,0.015908833003777545
17,3000,quant_float64,5,0.015928957996948157
17,3000,quant_float64,6,0.01590829099586699
17,3000,quant_float64,7,0.016159333994437475
17,3000,quant_float64,8,0.015920375000860076
17,3000,quant_float64,9,0.01599354100471828
17,10000,quant_float64,0,0.04687670799467014
17,10000,quant_float64,1,0.04640604199812515
17,10000,quant_float64,2,0.04634816599718761
17,10000,quant_float64,3,0.0464512089965865
17,10000,quant_float64,4,0.04639891700207954
17,10000,quant_float64,5,0.04635962499742163
17,10000,quant_float64,6,0.046241707997978665
17,10000,quant_float64,7,0.046452834001684096
17,10000,quant_float64,8,0.04638454100495437
17,10000,quant_float64,9,0.04636525000387337
20,1,quant_float64,0,0.0040907079965109006
20,1,quant_float64,1,0.004094040996278636
20,1,quant_float64,2,0.0040649170041433536
20,1,quant_float64,3,0.00411254200298572
20,1,quant_float64,4,0.00409429200226441
20,1,quant_float64,5,0.004065166001964826
20,1,quant_float64,6,0.0041472919983789325
20,1,quant_float64,7,0.004317916995205451
20,1,quant_float64,8,0.004329000003053807
20,1,quant_float64,9,0.004281084002286661
20,3,quant_float64,0,0.00449641599698225
20,3,quant_float64,1,0.004453791996638756
20,3,quant_float64,2,0.004281499997887295
20,3,quant_float64,3,0.004263249997165985
20,3,quant_float64,4,0.004247625001880806
20,3,quant_float64,5,0.004259167006239295
20,3,quant_float64,6,0.004258417000528425
20,3,quant_float64,7,0.004245625001203734
20,3,quant_float64,8,0.0042505829987931065
20,3,quant_float64,9,0.004277457999705803
20,10,quant_float64,0,0.0043565410014707595
20,10,quant_float64,1,0.004484416000195779
20,10,quant_float64,2,0.004358250000223052
20,10,quant_float64,3,0.004375833006633911
20,10,quant_float64,4,0.004348458998720162
20,10,quant_float64,5,0.004332750002504326
20,10,quant_float64,6,0.0043696249995264225
20,10,quant_float64,7,0.00435020899749361
20,10,quant_float64,8,0.004322000000684056
20,10,quant_float64,9,0.00431195800047135
20,30,quant_float64,0,0.004464208999706898
20,30,quant_float64,1,0.004671208997024223
20,30,quant_float64,2,0.0044244999953662045
20,30,quant_float64,3,0.00443112499488052
20,30,quant_float64,4,0.004439541000465397
20,30,quant_float64,5,0.004448166997462977
20,30,quant_float64,6,0.004422124999109656
20,30,quant_float64,7,0.0044356250000419095
20,30,quant_float64,8,0.004434041999047622
20,30,quant_float64,9,0.004451291999430396
20,100,quant_float64,0,0.004800791997695342
20,100,quant_float64,1,0.005009959000744857
20,100,quant_float64,2,0.004797292000148445
20,100,quant_float64,3,0.004792832995008212
20,100,quant_float64,4,0.004788874997757375
20,100,quant_float64,5,0.0047558330043102615
20,100,quant_float64,6,0.004771582993271295
20,100,quant_float64,7,0.004763957993418444
20,100,quant_float64,8,0.004792291998455767
20,100,quant_float64,9,0.004896416998235509
20,300,quant_float64,0,0.005889416999707464
20,300,quant_float64,1,0.0058132920021307655
20,300,quant_float64,2,0.005704833994968794
20,300,quant_float64,3,0.005820625003252644
20,300,quant_float64,4,0.005780708001111634
20,300,quant_float64,5,0.005794124997919425
20,300,quant_float64,6,0.0057522909992258064
20,300,quant_float64,7,0.005776874997536652
20,300,quant_float64,8,0.005751958000473678
20,300,quant_float64,9,0.005742041998018976
20,1000,quant_float64,0,0.009728791999805253
20,1000,quant_float64,1,0.009567916000378318
20,1000,quant_float64,2,0.009467750001931563
20,1000,quant_float64,3,0.00950995899620466
20,1000,quant_float64,4,0.009471124998526648
20,1000,quant_float64,5,0.009431458005565219
20,1000,quant_float64,6,0.009418082998308819
20,1000,quant_float64,7,0.009480000000621658
20,1000,quant_float64,8,0.009456957996007986
20,1000,quant_float64,9,0.009425291995285079
20,3000,quant_float64,0,0.022097875000326894
20,3000,quant_float64,1,0.0208057500058203
20,3000,quant_float64,2,0.020805207997909747
20,3000,quant_float64,3,0.020716375001939014
20,3000,quant_float64,4,0.02065879199653864
20,3000,quant_float64,5,0.020796791999600828
20,3000,quant_float64,6,0.020787916997505818
20,3000,quant_float64,7,0.020711625002149958
20,3000,quant_float64,8,0.020896250003715977
20,3000,quant_float64,9,0.02084554099565139
20,10000,quant_float64,0,0.061698792000242975
20,10000,quant_float64,1,0.06148716699681245
20,10000,quant_float64,2,0.061892750003607944
20,10000,quant_float64,3,0.06473195800208487
20,10000,quant_float64,4,0.060858000004373025
20,10000,quant_float64,5,0.06342195799516048
20,10000,quant_float64,6,0.06190504199912539
20,10000,quant_float64,7,0.06187429199781036
20,10000,quant_float64,8,0.06162262499856297
20,10000,quant_float64,9,0.06163983399892459
24,1,quant_float64,0,0.004749749998154584
24,1,quant_float64,1,0.0047666669997852296
24,1,quant_float64,2,0.004749416999402456
24,1,quant_float64,3,0.004852875004871748
24,1,quant_float64,4,0.004695499999797903
24,1,quant_float64,5,0.004680250000092201
24,1,quant_float64,6,0.00466841700108489
24,1,quant_float64,7,0.0047111249950830825
24,1,quant_float64,8,0.00470133400085615
24,1,quant_float64,9,0.004674249998060986
24,3,quant_float64,0,0.0049485830022604205
24,3,quant_float64,1,0.005051457999798004
24,3,quant_float64,2,0.004913875003694557
24,3,quant_float64,3,0.004901166998024564
24,3,quant_float64,4,0.004937792000418995
24,3,quant_float64,5,0.004935749995638616
24,3,quant_float64,6,0.004903957997157704
24,3,quant_float64,7,0.004908292001346126
24,3,quant_float64,8,0.004906082998786587
24,3,quant_float64,9,0.00490074999834178
24,10,quant_float64,0,0.004970374997355975
24,10,quant_float64,1,0.005294708003930282
24,10,quant_float64,2,0.00523720800265437
24,10,quant_float64,3,0.005180166997888591
24,10,quant_float64,4,0.0051957079995190725
24,10,quant_float64,5,0.00516720800078474
24,10,quant_float64,6,0.005190208001295105
24,10,quant_float64,7,0.005207375004829373
24,10,quant_float64,8,0.0052060419984627515
24,10,quant_float64,9,0.0051804999966407195
24,30,quant_float64,0,0.0056421670014970005
24,30,quant_float64,1,0.005380791000789031
24,30,quant_float64,2,0.005339540999557357
24,30,quant_float64,3,0.005324917001416907
24,30,quant_float64,4,0.005360167000617366
24,30,quant_float64,5,0.005312875000527129
24,30,quant_float64,6,0.005335249996278435
24,30,quant_float64,7,0.005329291998350527
24,30,quant_float64,8,0.005322291995980777
24,30,quant_float64,9,0.005310874999850057
24,100,quant_float64,0,0.005814041003759485
24,100,quant_float64,1,0.005682708993845154
24,100,quant_float64,2,0.005592125002294779
24,100,quant_float64,3,0.005564667000726331
24,100,quant_float64,4,0.005560124998737592
24,100,quant_float64,5,0.005552875001740176
24,100,quant_float64,6,0.0056166669965023175
24,100,quant_float64,7,0.005538583995075896
24,100,quant_float64,8,0.005542958999285474
24,100,quant_float64,9,0.005530417001864407
24,300,quant_float64,0,0.00705079099861905
24,300,quant_float64,1,0.00691687499784166
24,300,quant_float64,2,0.006870208002510481
24,300,quant_float64,3,0.006881042005261406
24,300,quant_float64,4,0.0068541669970727526
24,300,quant_float64,5,0.006852083002740983
24,300,quant_float64,6,0.00687370899686357
24,300,quant_float64,7,0.006854792001831811
24,300,quant_float64,8,0.006835083004261833
24,300,quant_float64,9,0.006866125004307833
24,1000,quant_float64,0,0.012210959001095034
24,1000,quant_float64,1,0.011816666999948211
24,1000,quant_float64,2,0.011719125002855435
24,1000,quant_float64,3,0.01176537499850383
24,1000,quant_float64,4,0.011766250005166512
24,1000,quant_float64,5,0.011667207996651996
24,1000,quant_float64,6,0.011742417002096772
24,1000,quant_float64,7,0.011780959001043811
24,1000,quant_float64,8,0.011718333000317216
24,1000,quant_float64,9,0.011729416997695807
24,3000,quant_float64,0,0.026991583996277768
24,3000,quant_float64,1,0.026427457996760495
24,3000,quant_float64,2,0.02632820799772162
24,3000,quant_float64,3,0.02640962499572197
24,3000,quant_float64,4,0.026318416006688494
24,3000,quant_float64,5,0.02623358299751999
24,3000,quant_float64,6,0.026343750003434252
24,3000,quant_float64,7,0.026271957998687867
24,3000,quant_float64,8,0.02634099999704631
24,3000,quant_float64,9,0.02631837499939138
24,10000,quant_float64,0,0.0793345420024707
24,10000,quant_float64,1,0.07882262500061188
24,10000,quant_float64,2,0.07949449999432545
24,10000,quant_float64,3,0.0792690419984865
24,10000,quant_float64,4,0.07925545900070574
24,10000,quant_float64,5,0.07887070799915818
24,10000,quant_float64,6,0.07902179200027604
24,10000,quant_float64,7,0.07920933300192701
24,10000,quant_float64,8,0.07928945800085785
24,10000,quant_float64,9,0.07912795900483616
28,1,quant_float64,0,0.0062275419986690395
28,1,quant_float64,1,0.006667458997981157
28,1,quant_float64,2,0.006512124993605539
28,1,quant_float64,3,0.006497832997411024
28,1,quant_float64,4,0.0065334999962942675
28,1,quant_float64,5,0.006494541994470637
28,1,quant_float64,6,0.0064862500003073364
28,1,quant_float64,7,0.006467541999882087
28,1,quant_float64,8,0.006510541999887209
28,1,quant_float64,9,0.006510833998618182
28,3,quant_float64,0,0.00689987499936251
28,3,quant_float64,1,0.0068282079955679365
28,3,quant_float64,2,0.006817375004175119
28,3,quant_float64,3,0.006767708000552375
28,3,quant_float64,4,0.006853082995803561
28,3,quant_float64,5,0.006786167003156152
28,3,quant_float64,6,0.006822875002399087
28,3,quant_float64,7,0.006799334005336277
28,3,quant_float64,8,0.006798583999625407
28,3,quant_float64,9,0.0067988340015290305
28,10,quant_float64,0,0.0069556250018649735
28,10,quant_float64,1,0.006669665999652352
28,10,quant_float64,2,0.0066403329983586445
28,10,quant_float64,3,0.006575749997864477
28,10,quant_float64,4,0.0066430000006221235
28,10,quant_float64,5,0.006648292001045775
28,10,quant_float64,6,0.006595666003704537
28,10,quant_float64,7,0.006598416999622714
28,10,quant_float64,8,0.006595457998628262
28,10,quant_float64,9,0.006647999995038845
28,30,quant_float64,0,0.007187709001300391
28,30,quant_float64,1,0.006911000004038215
28,30,quant_float64,2,0.00683829199988395
28,30,quant_float64,3,0.006833083003584761
28,30,quant_float64,4,0.006857041997136548
28,30,quant_float64,5,0.006808790996728931
28,30,quant_float64,6,0.006825958997069392
28,30,quant_float64,7,0.006812125000578817
28,30,quant_float64,8,0.006823333002103027
28,30,quant_float64,9,0.006799499999033287
28,100,quant_float64,0,0.007488083996577188
28,100,quant_float64,1,0.007477500003005844
28,100,quant_float64,2,0.007409666999592446
28,100,quant_float64,3,0.00746025000262307
28,100,quant_float64,4,0.007426500000292435
28,100,quant_float64,5,0.007405999996990431
28,100,quant_float64,6,0.0073914169988711365
28,100,quant_float64,7,0.00746212500234833
28,100,quant_float64,8,0.007412124999973457
28,100,quant_float64,9,0.007407291996059939
28,300,quant_float64,0,0.009823125001275912
28,300,quant_float64,1,0.009510041003522929
28,300,quant_float64,2,0.009476708000875078
28,300,quant_float64,3,0.009458958003961015
28,300,quant_float64,4,0.009426791999430861
28,300,quant_float64,5,0.009499583997239824
28,300,quant_float64,6,0.009439500005100854
28,300,quant_float64,7,0.009436332999030128
28,300,quant_float64,8,0.009417957997357007
28,300,quant_float64,9,0.009464999995543621
28,1000,quant_float64,0,0.01614749999862397
28,1000,quant_float64,1,0.016160625003976747
28,1000,quant_float64,2,0.016097375002573244
28,1000,quant_float64,3,0.016151333999005146
28,1000,quant_float64,4,0.01634300000296207
28,1000,quant_float64,5,0.01611458299885271
28,1000,quant_float64,6,0.01609295799426036
28,1000,quant_float64,7,0.01614966600027401
28,1000,quant_float64,8,0.016086625000752974
28,1000,quant_float64,9,0.01615920900076162
28,3000,quant_float64,0,0.035500917001627386
28,3000,quant_float64,1,0.03450812499795575
28,3000,quant_float64,2,0.03491249999933643
28,3000,quant_float64,3,0.034932708003907464
28,3000,quant_float64,4,0.03440066699840827
28,3000,quant_float64,5,0.03493566699762596
28,3000,quant_float64,6,0.03494266699999571
28,3000,quant_float64,7,0.03441887500230223
28,3000,quant_float64,8,0.034779749999870546
28,3000,quant_float64,9,0.035062333998212125
28,10000,quant_float64,0,0.10883791699598078
28,10000,quant_float64,1,0.10505845800071256
28,10000,quant_float64,2,0.10600875000091037
28,10000,quant_float64,3,0.10596424999675946
28,10000,quant_float64,4,0.10570316600205842
28,10000,quant_float64,5,0.10672141700342763
28,10000,quant_float64,6,0.10811687499517575
28,10000,quant_float64,7,0.10559474999899976
28,10000,quant_float64,8,0.10773004200018477
28,10000,quant_float64,9,0.1062995839965879
30,1,quant_float64,0,0.006826666998676956
30,1,quant_float64,1,0.0067566249999799766
30,1,quant_float64,2,0.006692375005513895
30,1,quant_float64,3,0.006703250001010019
30,1,quant_float64,4,0.006708708002406638
30,1,quant_float64,5,0.006722707999870181
30,1,quant_float64,6,0.006724417005898431
30,1,quant_float64,7,0.0066716670044115745
30,1,quant_float64,8,0.006677707999187987
30,1,quant_float64,9,0.006684125000901986
30,3,quant_float64,0,0.007151541001803707
30,3,quant_float64,1,0.007122542003344279
30,3,quant_float64,2,0.007054459005303215
30,3,quant_float64,3,0.007169415999669582
30,3,quant_float64,4,0.0070143750053830445
30,3,quant_float64,5,0.007046708997222595
30,3,quant_float64,6,0.006992915994487703
30,3,quant_float64,7,0.007004041995969601
30,3,quant_float64,8,0.006992541995714419
30,3,quant_float64,9,0.007014666996838059
30,10,quant_float64,0,0.007228417001897469
30,10,quant_float64,1,0.007172792000346817
30,10,quant_float64,2,0.007139499997720122
30,10,quant_float64,3,0.007147457996325102
30,10,quant_float64,4,0.007141957998101134
30,10,quant_float64,5,0.007135875006497372
30,10,quant_float64,6,0.007120667003619019
30,10,quant_float64,7,0.007126999997126404
30,10,quant_float64,8,0.007119250003597699
30,10,quant_float64,9,0.0071550840002601035
30,30,quant_float64,0,0.007751333003398031
30,30,quant_float64,1,0.00741054199897917
30,30,quant_float64,2,0.007364042001427151
30,30,quant_float64,3,0.007375250002951361
30,30,quant_float64,4,0.007341832999372855
30,30,quant_float64,5,0.007319208998524118
30,30,quant_float64,6,0.0073199999969801866
30,30,quant_float64,7,0.007315415998164099
30,30,quant_float64,8,0.007339832998695783
30,30,quant_float64,9,0.007342207994952332
30,100,quant_float64,0,0.008060000000114087
30,100,quant_float64,1,0.00798445800319314
30,100,quant_float64,2,0.007988707999174949
30,100,quant_float64,3,0.007972208004503045
30,100,quant_float64,4,0.007988040997588541
30,100,quant_float64,5,0.007950084000185598
30,100,quant_float64,6,0.007983582996530458
30,100,quant_float64,7,0.007986707998497877
30,100,quant_float64,8,0.007967957993969321
30,100,quant_float64,9,0.007978542002092581
30,300,quant_float64,0,0.01064704100281233
30,300,quant_float64,1,0.009997958004532848
30,300,quant_float64,2,0.010049124997749459
30,300,quant_float64,3,0.009933833993272856
30,300,quant_float64,4,0.010280500006047077
30,300,quant_float64,5,0.010200999997323379
30,300,quant_float64,6,0.010162375001527835
30,300,quant_float64,7,0.010235290996206459
30,300,quant_float64,8,0.010085583002364729
30,300,quant_float64,9,0.010201749995758291
30,1000,quant_float64,0,0.01778816599835409
30,1000,quant_float64,1,0.01738229200418573
30,1000,quant_float64,2,0.01759870900423266
30,1000,quant_float64,3,0.0172338749980554
30,1000,quant_float64,4,0.017307082998740952
30,1000,quant_float64,5,0.01725579099729657
30,1000,quant_float64,6,0.01733520799461985
30,1000,quant_float64,7,0.017300041996350046
30,1000,quant_float64,8,0.01734312500047963
30,1000,quant_float64,9,0.01746308399742702
30,3000,quant_float64,0,0.0394945420048316
30,3000,quant_float64,1,0.037987583003996406
30,3000,quant_float64,2,0.03789104099996621
30,3000,quant_float64,3,0.03788950000307523
30,3000,quant_float64,4,0.03799941699980991
30,3000,quant_float64,5,0.037943041999824345
30,3000,quant_float64,6,0.037956290994770825
30,3000,quant_float64,7,0.038005582995538134
30,3000,quant_float64,8,0.03788183399592526
30,3000,quant_float64,9,0.038249541001277976
30,10000,quant_float64,0,0.11753341700386954
30,10000,quant_float64,1,0.11801195900625316
30,10000,quant_float64,2,0.11413295799866319
30,10000,quant_float64,3,0.11916008400294231
30,10000,quant_float64,4,0.11664837500575231
30,10000,quant_float64,5,0.11673920799512416
30,10000,quant_float64,6,0.1192384169989964
30,10000,quant_float64,7,0.11444599999958882
30,10000,quant_float64,8,0.11476062500150874
30,10000,quant_float64,9,0.11438962499960326
31,1,quant_float64,0,0.007164499998907559
31,1,quant_float64,1,0.006938291000551544
31,1,quant_float64,2,0.006892416997288819
31,1,quant_float64,3,0.006857083004433662
31,1,quant_float64,4,0.007186750000983011
31,1,quant_float64,5,0.007173958998464514
31,1,quant_float64,6,0.007152624995796941
31,1,quant_float64,7,0.007114207997801714
31,1,quant_float64,8,0.007106875003955793
31,1,quant_float64,9,0.007140375004382804
31,3,quant_float64,0,0.007538959005614743
31,3,quant_float64,1,0.007224291002785321
31,3,quant_float64,2,0.0071739999984856695
31,3,quant_float64,3,0.007158334003179334
31,3,quant_float64,4,0.007137417000194546
31,3,quant_float64,5,0.007205416004580911
31,3,quant_float64,6,0.007147042000724468
31,3,quant_float64,7,0.007202833003248088
31,3,quant_float64,8,0.007160875000408851
31,3,quant_float64,9,0.007165957998950034
31,10,quant_float64,0,0.007409125006233808
31,10,quant_float64,1,0.0073369590027141385
31,10,quant_float64,2,0.007266332999279257
31,10,quant_float64,3,0.007247166999150068
31,10,quant_float64,4,0.007266792003065348
31,10,quant_float64,5,0.007249707996379584
31,10,quant_float64,6,0.007232416995975655
31,10,quant_float64,7,0.007236749996081926
31,10,quant_float64,8,0.007216291996883228
31,10,quant_float64,9,0.007265332998940721
31,30,quant_float64,0,0.007991958998900373
31,30,quant_float64,1,0.007565915999293793
31,30,quant_float64,2,0.007500416999391746
31,30,quant_float64,3,0.007473583005776163
31,30,quant_float64,4,0.007523832995502744
31,30,quant_float64,5,0.007481417000235524
31,30,quant_float64,6,0.007480166997993365
31,30,quant_float64,7,0.007500250001612585
31,30,quant_float64,8,0.007535625001764856
31,30,quant_float64,9,0.007467208997695707
31,100,quant_float64,0,0.008690791997651104
31,100,quant_float64,1,0.008234167005866766
31,100,quant_float64,2,0.008603250003943685
31,100,quant_float64,3,0.008317624997289386
31,100,quant_float64,4,0.008301582995045464
31,100,quant_float64,5,0.008286124997539446
31,100,quant_float64,6,0.008339916996192187
31,100,quant_float64,7,0.008254792002844624
31,100,quant_float64,8,0.008273167004517745
31,100,quant_float64,9,0.008271083999716211
31,300,quant_float64,0,0.010959916995489039
31,300,quant_float64,1,0.010579957997833844
31,300,quant_float64,2,0.010427499997604173
31,300,quant_float64,3,0.010578250003163703
31,300,quant_float64,4,0.01042724999570055
31,300,quant_float64,5,0.010523707998800091
31,300,quant_float64,6,0.01044095899851527
31,300,quant_float64,7,0.010513249995710794
31,300,quant_float64,8,0.010432292001496535
31,300,quant_float64,9,0.010513624998566229
31,1000,quant_float64,0,0.01827854099974502
31,1000,quant_float64,1,0.017891167000925634
31,1000,quant_float64,2,0.017747582998708822
31,1000,quant_float64,3,0.017827707997639664
31,1000,quant_float64,4,0.017901917002745904
31,1000,quant_float64,5,0.017968624997592997
31,1000,quant_float64,6,0.017527791998873
31,1000,quant_float64,7,0.01763770799880149
31,1000,quant_float64,8,0.017542166999191977
31,1000,quant_float64,9,0.017680042001302354
31,3000,quant_float64,0,0.04029341699788347
31,3000,quant_float64,1,0.04060133299935842
31,3000,quant_float64,2,0.04061287500371691
31,3000,quant_float64,3,0.04063404099724721
31,3000,quant_float64,4,0.04061974999785889
31,3000,quant_float64,5,0.04052479200618109
31,3000,quant_float64,6,0.04060120799840661
31,3000,quant_float64,7,0.040591166995000094
31,3000,quant_float64,8,0.0406209580032737
31,3000,quant_float64,9,0.04106283299915958
31,10000,quant_float64,0,0.12430129099811893
31,10000,quant_float64,1,0.12013220799417468
31,10000,quant_float64,2,0.1197413330010022
31,10000,quant_float64,3,0.12006137499702163
31,10000,quant_float64,4,0.1194234159993357
31,10000,quant_float64,5,0.1199848340038443
31,10000,quant_float64,6,0.11965966699790442
31,10000,quant_float64,7,0.12012583299656399
31,10000,quant_float64,8,0.11965429200063227
31,10000,quant_float64,9,0.12247462500090478
32,1,quant_float64,0,0.007458291998773348
32,1,quant_float64,1,0.007611417000589427
32,1,quant_float64,2,0.007558124998467974
32,1,quant_float64,3,0.007542833998741116
32,1,quant_float64,4,0.007569041001261212
32,1,quant_float64,5,0.00780174999817973
32,1,quant_float64,6,0.007479207997675985
32,1,quant_float64,7,0.007497291997424327
32,1,quant_float64,8,0.0076217500027269125
32,1,quant_float64,9,0.007529208000050858
32,3,quant_float64,0,0.007958540998515673
32,3,quant_float64,1,0.007933166998554952
32,3,quant_float64,2,0.00789341700146906
32,3,quant_float64,3,0.007915415997558739
32,3,quant_float64,4,0.007898541996837594
32,3,quant_float64,5,0.00790229099948192
32,3,quant_float64,6,0.007929583996883593
32,3,quant_float64,7,0.007921291995444335
32,3,quant_float64,8,0.007899125004769303
32,3,quant_float64,9,0.00787020900315838
32,10,quant_float64,0,0.008125541004119441
32,10,quant_float64,1,0.007716792002611328
32,10,quant_float64,2,0.007715334002568852
32,10,quant_float64,3,0.00768949999473989
32,10,quant_float64,4,0.007670958999369759
32,10,quant_float64,5,0.007732749996648636
32,10,quant_float64,6,0.007668790996831376
32,10,quant_float64,7,0.007695624997722916
32,10,quant_float64,8,0.007715541003562976
32,10,quant_float64,9,0.007648167003935669
32,30,quant_float64,0,0.007996374995855149
32,30,quant_float64,1,0.007890957997005899
32,30,quant_float64,2,0.007891334003943484
32,30,quant_float64,3,0.007876541996665765
32,30,quant_float64,4,0.007899415999418125
32,30,quant_float64,5,0.007882165999035351
32,30,quant_float64,6,0.007886166000389494
32,30,quant_float64,7,0.007852291004383005
32,30,quant_float64,8,0.007893750000221189
32,30,quant_float64,9,0.007890542001405265
32,100,quant_float64,0,0.009083834003831726
32,100,quant_float64,1,0.008695458003785461
32,100,quant_float64,2,0.008697917000972666
32,100,quant_float64,3,0.008754500006034505
32,100,quant_float64,4,0.008710249996511266
32,100,quant_float64,5,0.008709458998055197
32,100,quant_float64,6,0.008721749996766448
32,100,quant_float64,7,0.008687749999808148
32,100,quant_float64,8,0.008688624999194872
32,100,quant_float64,9,0.008716666001419071
32,300,quant_float64,0,0.017170041995996144
32,300,quant_float64,1,0.011122459000034723
32,300,quant_float64,2,0.011117750000266824
32,300,quant_float64,3,0.011035416006052401
32,300,quant_float64,4,0.011018334000254981
32,300,quant_float64,5,0.01104920799843967
32,300,quant_float64,6,0.011026708001736552
32,300,quant_float64,7,0.010998750003636815
32,300,quant_float64,8,0.011053374997572973
32,300,quant_float64,9,0.01099479199911002
32,1000,quant_float64,0,0.01932216599379899
32,1000,quant_float64,1,0.018560666998382658
32,1000,quant_float64,2,0.01850804200512357
32,1000,quant_float64,3,0.019339667000167537
32,1000,quant_float64,4,0.018787542001518887
32,1000,quant_float64,5,0.018783583996992093
32,1000,quant_float64,6,0.018760791994282044
32,1000,quant_float64,7,0.01872712500335183
32,1000,quant_float64,8,0.018830959001206793
32,1000,quant_float64,9,0.018768249996355735
32,3000,quant_float64,0,0.0419987079949351
32,3000,quant_float64,1,0.04095104199950583
32,3000,quant_float64,2,0.041100083995843306
32,3000,quant_float64,3,0.04111791699688183
32,3000,quant_float64,4,0.041031291999388486
32,3000,quant_float64,5,0.0411374169998453
32,3000,quant_float64,6,0.04097216700029094
32,3000,quant_float64,7,0.04122337499575224
32,3000,quant_float64,8,0.04129920900595607
32,3000,quant_float64,9,0.040992499998537824
32,10000,quant_float64,0,0.1296385840032599
32,10000,quant_float64,1,0.1278470830002334
32,10000,quant_float64,2,0.12951212500047404
32,10000,quant_float64,3,0.13109841700497782
32,10000,quant_float64,4,0.12718333300290396
32,10000,quant_float64,5,0.12782379199779825
32,10000,quant_float64,6,0.12758312500227476
32,10000,quant_float64,7,0.12753179200080922
32,10000,quant_float64,8,0.12725320799654583
32,10000,quant_float64,9,0.12740720799774863
33,1,quant_float64,0,0.007678750000195578
33,1,quant_float64,1,0.007641749994945712
33,1,quant_float64,2,0.007639708004717249
33,1,quant_float64,3,0.007652707994566299
33,1,quant_float64,4,0.007566041997051798
33,1,quant_float64,5,0.007598208001581952
33,1,quant_float64,6,0.007611417000589427
33,1,quant_float64,7,0.007591208006488159
33,1,quant_float64,8,0.00757520899787778
33,1,quant_float64,9,0.007616458002303261
33,3,quant_float64,0,0.008041707995289471
33,3,quant_float64,1,0.008043542002269533
33,3,quant_float64,2,0.00793612500274321
33,3,quant_float64,3,0.007944999997562263
33,3,quant_float64,4,0.007964833006553818
33,3,quant_float64,5,0.007949999999254942
33,3,quant_float64,6,0.007961125003930647
33,3,quant_float64,7,0.007929165993118659
33,3,quant_float64,8,0.008044791997235734
33,3,quant_float64,9,0.008005542003957089
33,10,quant_float64,0,0.008217167000111658
33,10,quant_float64,1,0.008084166998742148
33,10,quant_float64,2,0.008063708002737258
33,10,quant_float64,3,0.008045458998822141
33,10,quant_float64,4,0.00806837499840185
33,10,quant_float64,5,0.008055166996200569
33,10,quant_float64,6,0.008005750001757406
33,10,quant_float64,7,0.008018625005206559
33,10,quant_float64,8,0.00805045900051482
33,10,quant_float64,9,0.008032833000470418
33,30,quant_float64,0,0.009024124999996275
33,30,quant_float64,1,0.008645667003293056
33,30,quant_float64,2,0.008634332996734884
33,30,quant_float64,3,0.008598792002885602
33,30,quant_float64,4,0.008581334004702512
33,30,quant_float64,5,0.008613375001004897
33,30,quant_float64,6,0.008547750003344845
33,30,quant_float64,7,0.008575708998250775
33,30,quant_float64,8,0.008546290999220219
33,30,quant_float64,9,0.008574583000154234
33,100,quant_float64,0,0.009359165997011587
33,100,quant_float64,1,0.009467208001296967
33,100,quant_float64,2,0.009153083003184292
33,100,quant_float64,3,0.00917124999978114
33,100,quant_float64,4,0.009119041998928878
33,100,quant_float64,5,0.009122874995227903
33,100,quant_float64,6,0.009137959001236595
33,100,quant_float64,7,0.00912929200421786
33,100,quant_float64,8,0.009145875003014226
33,100,quant_float64,9,0.009065375001227949
33,300,quant_float64,0,0.012176832999102771
33,300,quant_float64,1,0.011027083994122222
33,300,quant_float64,2,0.011156291999213863
33,300,quant_float64,3,0.01118875000247499
33,300,quant_float64,4,0.011153332998219412
33,300,quant_float64,5,0.011109125000075437
33,300,quant_float64,6,0.0111848749947967
33,300,quant_float64,7,0.011130790997412987
33,300,quant_float64,8,0.011074208996433299
33,300,quant_float64,9,0.011181875001057051
33,1000,quant_float64,0,0.020033124994370155
33,1000,quant_float64,1,0.019641916995169595
33,1000,quant_float64,2,0.019638333003968
33,1000,quant_float64,3,0.01960937499825377
33,1000,quant_float64,4,0.019535375002305955
33,1000,quant_float64,5,0.019482167001115158
33,1000,quant_float64,6,0.0198549160049879
33,1000,quant_float64,7,0.020261042001948226
33,1000,quant_float64,8,0.019613625001511537
33,1000,quant_float64,9,0.01949037500162376
33,3000,quant_float64,0,0.042894166996120475
33,3000,quant_float64,1,0.04287079100322444
33,3000,quant_float64,2,0.04269504100375343
33,3000,quant_float64,3,0.04285975000675535
33,3000,quant_float64,4,0.0428025000001071
33,3000,quant_float64,5,0.042852667000261135
33,3000,quant_float64,6,0.04298991700488841
33,3000,quant_float64,7,0.042766624996147584
33,3000,quant_float64,8,0.042786250000062864
33,3000,quant_float64,9,0.042872583006101195
33,10000,quant_float64,0,0.13680104100058088
33,10000,quant_float64,1,0.13271604199690046
33,10000,quant_float64,2,0.13344566700106952
33,10000,quant_float64,3,0.13365295800031163
33,10000,quant_float64,4,0.13368420799815794
33,10000,quant_float64,5,0.13339245799579658
33,10000,quant_float64,6,0.13329125000018394
33,10000,quant_float64,7,0.13334000000031665
33,10000,quant_float64,8,0.13871512500190875
33,10000,quant_float64,9,0.13481220800167648
40,1,quant_float64,0,0.009332125002401881
40,1,quant_float64,1,0.009354582995001692
40,1,quant_float64,2,0.009287458000471815
40,1,quant_float64,3,0.009247415997378994
40,1,quant_float64,4,0.009281917002226692
40,1,quant_float64,5,0.009301874997618143
40,1,quant_float64,6,0.009304166997026186
40,1,quant_float64,7,0.00922208299743943
40,1,quant_float64,8,0.009304166997026186
40,1,quant_float64,9,0.009279375000915024
40,3,quant_float64,0,0.009753209000336938
40,3,quant_float64,1,0.009393833999638446
40,3,quant_float64,2,0.009392207997734658
40,3,quant_float64,3,0.009356916998513043
40,3,quant_float64,4,0.009334207999927457
40,3,quant_float64,5,0.009391083003720269
40,3,quant_float64,6,0.009406208999280352
40,3,quant_float64,7,0.009347957995487377
40,3,quant_float64,8,0.009309291999670677
40,3,quant_float64,9,0.00938091600255575
40,10,quant_float64,0,0.00965945899952203
40,10,quant_float64,1,0.009548166999593377
40,10,quant_float64,2,0.009550249997118954
40,10,quant_float64,3,0.009551125003781635
40,10,quant_float64,4,0.00952366699493723
40,10,quant_float64,5,0.009506791000603698
40,10,quant_float64,6,0.009555709002597723
40,10,quant_float64,7,0.009555333999742288
40,10,quant_float64,8,0.00948295900161611
40,10,quant_float64,9,0.009535457997117192
40,30,quant_float64,0,0.010687207999581005
40,30,quant_float64,1,0.009862791994237341
40,30,quant_float64,2,0.009807333997741807
40,30,quant_float64,3,0.0098113329950138
40,30,quant_float64,4,0.009796250000363216
40,30,quant_float64,5,0.009808082999370527
40,30,quant_float64,6,0.009875999996438622
40,30,quant_float64,7,0.009804833003727254
40,30,quant_float64,8,0.00981612500618212
40,30,quant_float64,9,0.00983283299865434
40,100,quant_float64,0,0.010831207997398451
40,100,quant_float64,1,0.010768833999463823
40,100,quant_float64,2,0.01091337500110967
40,100,quant_float64,3,0.010855874999833759
40,100,quant_float64,4,0.010939457999484148
40,100,quant_float64,5,0.010787541999889072
40,100,quant_float64,6,0.010928250005235896
40,100,quant_float64,7,0.010779959004139528
40,100,quant_float64,8,0.010913958001765423
40,100,quant_float64,9,0.01080487499712035
40,300,quant_float64,0,0.014657542000350077
40,300,quant_float64,1,0.014336332998936996
40,300,quant_float64,2,0.01424787499854574
40,300,quant_float64,3,0.014247125000110827
40,300,quant_float64,4,0.01428749999467982
40,300,quant_float64,5,0.014252417000534479
40,300,quant_float64,6,0.014319916001113597
40,300,quant_float64,7,0.014299375005066395
40,300,quant_float64,8,0.014339125002152286
40,300,quant_float64,9,0.014289459002611693
40,1000,quant_float64,0,0.025375583005370572
40,1000,quant_float64,1,0.02557541699934518
40,1000,quant_float64,2,0.02539433300262317
40,1000,quant_float64,3,0.025378500002261717
40,1000,quant_float64,4,0.025439333003305364
40,1000,quant_float64,5,0.025421416001336183
40,1000,quant_float64,6,0.02537474999553524
40,1000,quant_float64,7,0.025532584004395176
40,1000,quant_float64,8,0.025400666003406513
40,1000,quant_float64,9,0.025342041000840254
40,3000,quant_float64,0,0.060094666994700674
40,3000,quant_float64,1,0.05867633299931185
40,3000,quant_float64,2,0.058919417002471164
40,3000,quant_float64,3,0.05890662500314647
40,3000,quant_float64,4,0.05907395800022641
40,3000,quant_float64,5,0.05886474999715574
40,3000,quant_float64,6,0.059025875001680106
40,3000,quant_float64,7,0.05883008299861103
40,3000,quant_float64,8,0.05887208400235977
40,3000,quant_float64,9,0.05884566599706886
40,10000,quant_float64,0,0.18446537500130944
40,10000,quant_float64,1,0.18972000000212574
40,10000,quant_float64,2,0.18464066600427032
40,10000,quant_float64,3,0.18457112499891082
40,10000,quant_float64,4,0.18384345900267363
40,10000,quant_float64,5,0.18429295900568832
40,10000,quant_float64,6,0.18389983299857704
40,10000,quant_float64,7,0.1838421249995008
40,10000,quant_float64,8,0.18522500000108266
40,10000,quant_float64,9,0.18286033399635926
48,1,quant_float64,0,0.010253917003865354
48,1,quant_float64,1,0.010100915998918936
48,1,quant_float64,2,0.01005904100020416
48,1,quant_float64,3,0.010073375000501983
48,1,quant_float64,4,0.010038292006356642
48,1,quant_float64,5,0.010022959002526477
48,1,quant_float64,6,0.00999033400148619
48,1,quant_float64,7,0.010042541995062493
48,1,quant_float64,8,0.010001375005231239
48,1,quant_float64,9,0.010030707999248989
48,3,quant_float64,0,0.010604583003441803
48,3,quant_float64,1,0.01051049999659881
48,3,quant_float64,2,0.01054574999579927
48,3,quant_float64,3,0.010496791001060046
48,3,quant_float64,4,0.010568749996309634
48,3,quant_float64,5,0.010505375001230277
48,3,quant_float64,6,0.010496041999431327
48,3,quant_float64,7,0.010503124998649582
48,3,quant_float64,8,0.01050191700051073
48,3,quant_float64,9,0.010474249997059815
48,10,quant_float64,0,0.01155379099509446
48,10,quant_float64,1,0.011199291999218985
48,10,quant_float64,2,0.011174541999935172
48,10,quant_float64,3,0.011203041998669505
48,10,quant_float64,4,0.011060165998060256
48,10,quant_float64,5,0.011139124995679595
48,10,quant_float64,6,0.011122333999082912
48,10,quant_float64,7,0.011128833000839222
48,10,quant_float64,8,0.01112779200047953
48,10,quant_float64,9,0.011122333002276719
48,30,quant_float64,0,0.011498125000798609
48,30,quant_float64,1,0.011451291000412311
48,30,quant_float64,2,0.011492541998450179
48,30,quant_float64,3,0.01146491699910257
48,30,quant_float64,4,0.011486332994536497
48,30,quant_float64,5,0.011446832999354228
48,30,quant_float64,6,0.011456874999566935
48,30,quant_float64,7,0.011475416999019217
48,30,quant_float64,8,0.011429749996750616
48,30,quant_float64,9,0.011497082996356767
48,100,quant_float64,0,0.013237625003966969
48,100,quant_float64,1,0.012444082996807992
48,100,quant_float64,2,0.012528958002803847
48,100,quant_float64,3,0.012561042000015732
48,100,quant_float64,4,0.012515458001871593
48,100,quant_float64,5,0.012451582995709032
48,100,quant_float64,6,0.012814500005333684
48,100,quant_float64,7,0.012748833003570326
48,100,quant_float64,8,0.01250912500108825
48,100,quant_float64,9,0.012526042002718896
48,300,quant_float64,0,0.01699312499840744
48,300,quant_float64,1,0.01664237500517629
48,300,quant_float64,2,0.01659374999871943
48,300,quant_float64,3,0.01665974999923492
48,300,quant_float64,4,0.016599957998550963
48,300,quant_float64,5,0.016556500006117858
48,300,quant_float64,6,0.01653325000370387
48,300,quant_float64,7,0.01765125000383705
48,300,quant_float64,8,0.016737292004108895
48,300,quant_float64,9,0.016715333993488457
48,1000,quant_float64,0,0.03135916700557573
48,1000,quant_float64,1,0.03133283399802167
48,1000,quant_float64,2,0.030503166999551468
48,1000,quant_float64,3,0.030676292000862304
48,1000,quant_float64,4,0.030437999994319398
48,1000,quant_float64,5,0.030435332999331877
48,1000,quant_float64,6,0.030423625001276378
48,1000,quant_float64,7,0.030481875000987202
48,1000,quant_float64,8,0.03044824999960838
48,1000,quant_float64,9,0.03047620899451431
48,3000,quant_float64,0,0.07561833300133003
48,3000,quant_float64,1,0.07387641700188396
48,3000,quant_float64,2,0.0739206660000491
48,3000,quant_float64,3,0.0738105840064236
48,3000,quant_float64,4,0.07369733400264522
48,3000,quant_float64,5,0.07366883299982874
48,3000,quant_float64,6,0.07348445800016634
48,3000,quant_float64,7,0.07353645799594233
48,3000,quant_float64,8,0.07349475000228267
48,3000,quant_float64,9,0.0737879169973894
48,10000,quant_float64,0,0.2306689170000027
48,10000,quant_float64,1,0.22806820800178684
48,10000,quant_float64,2,0.2338198330035084
48,10000,quant_float64,3,0.22633529199811164
48,10000,quant_float64,4,0.22921195899834856
48,10000,quant_float64,5,0.228228541003773
48,10000,quant_float64,6,0.23494308400404407
48,10000,quant_float64,7,0.22758420900208876
48,10000,quant_float64,8,0.22843633400043473
48,10000,quant_float64,9,0.23000095799943665
56,1,quant_float64,0,0.013463207993481774
56,1,quant_float64,1,0.01338745799876051
56,1,quant_float64,2,0.013287833004142158
56,1,quant_float64,3,0.013299582999025006
56,1,quant_float64,4,0.013256957994599361
56,1,quant_float64,5,0.013305749998835381
56,1,quant_float64,6,0.013276375000714324
56,1,quant_float64,7,0.013221041997894645
56,1,quant_float64,8,0.013257624996185768
56,1,quant_float64,9,0.013297292003699113
56,3,quant_float64,0,0.014151290997688193
56,3,quant_float64,1,0.013967250000860076
56,3,quant_float64,2,0.013931084002251737
56,3,quant_float64,3,0.014620624999224674
56,3,quant_float64,4,0.014475625001068693
56,3,quant_float64,5,0.014406665999558754
56,3,quant_float64,6,0.014455915996222757
56,3,quant_float64,7,0.014393625002412591
56,3,quant_float64,8,0.014456375000008848
56,3,quant_float64,9,0.014447666995692998
56,10,quant_float64,0,0.014469166999333538
56,10,quant_float64,1,0.014208125001459848
56,10,quant_float64,2,0.014192750000802334
56,10,quant_float64,3,0.01423995899676811
56,10,quant_float64,4,0.01432787499652477
56,10,quant_float64,5,0.014181708997057285
56,10,quant_float64,6,0.014158416997815948
56,10,quant_float64,7,0.014217875002941582
56,10,quant_float64,8,0.014197750002495013
56,10,quant_float64,9,0.014185375002853107
56,30,quant_float64,0,0.014877791996696033
56,30,quant_float64,1,0.01479233300051419
56,30,quant_float64,2,0.014829749998170882
56,30,quant_float64,3,0.014779541997995693
56,30,quant_float64,4,0.014765499996428844
56,30,quant_float64,5,0.014752041999599896
56,30,quant_float64,6,0.014769124994927552
56,30,quant_float64,7,0.014791583002079278
56,30,quant_float64,8,0.014796999996178783
56,30,quant_float64,9,0.014833041997917462
56,100,quant_float64,0,0.017161292002128903
56,100,quant_float64,1,0.017047791996446904
56,100,quant_float64,2,0.016629999998258427
56,100,quant_float64,3,0.016662000001815613
56,100,quant_float64,4,0.016556624999793712
56,100,quant_float64,5,0.016649500001221895
56,100,quant_float64,6,0.016635125000902917
56,100,quant_float64,7,0.016644167000777088
56,100,quant_float64,8,0.016541666998818982
56,100,quant_float64,9,0.01666279100027168
56,300,quant_float64,0,0.02199841599940555
56,300,quant_float64,1,0.021801000002596993
56,300,quant_float64,2,0.021595124999294057
56,300,quant_float64,3,0.02163879199360963
56,300,quant_float64,4,0.021568500000284985
56,300,quant_float64,5,0.021581959001196083
56,300,quant_float64,6,0.021674709001672454
56,300,quant_float64,7,0.02159958400443429
56,300,quant_float64,8,0.02158637499815086
56,300,quant_float64,9,0.02161845799855655
56,1000,quant_float64,0,0.041413957995246165
56,1000,quant_float64,1,0.04075787500187289
56,1000,quant_float64,2,0.04066541700012749
56,1000,quant_float64,3,0.04059529199730605
56,1000,quant_float64,4,0.04071500000281958
56,1000,quant_float64,5,0.040870541997719556
56,1000,quant_float64,6,0.040684791005332954
56,1000,quant_float64,7,0.040594707999844104
56,1000,quant_float64,8,0.040554624996730126
56,1000,quant_float64,9,0.04075058300077217
56,3000,quant_float64,0,0.09931370800040895
56,3000,quant_float64,1,0.09386674999404931
56,3000,quant_float64,2,0.09372154199809302
56,3000,quant_float64,3,0.09381700000085402
56,3000,quant_float64,4,0.09415191599691752
56,3000,quant_float64,5,0.09386316699965391
56,3000,quant_float64,6,0.09409987500112038
56,3000,quant_float64,7,0.09368620900204405
56,3000,quant_float64,8,0.09391541699733352
56,3000,quant_float64,9,0.09377270799450343
56,10000,quant_float64,0,0.30458191599609563
56,10000,quant_float64,1,0.3000836659994093
56,10000,quant_float64,2,0.30118170799687505
56,10000,quant_float64,3,0.30040487500082236
56,10000,quant_float64,4,0.3013262090025819
56,10000,quant_float64,5,0.30072054199990816
56,10000,quant_float64,6,0.30494816599821206
56,10000,quant_float64,7,0.30856491600570735
56,10000,quant_float64,8,0.3027908340009162
56,10000,quant_float64,9,0.3026245840010233
62,1,quant_float64,0,0.014896959000907373
62,1,quant_float64,1,0.01459900000190828
62,1,quant_float64,2,0.014638625005318318
62,1,quant_float64,3,0.01462304199958453
62,1,quant_float64,4,0.01460216699342709
62,1,quant_float64,5,0.014586457997211255
62,1,quant_float64,6,0.014564334000169765
62,1,quant_float64,7,0.014683124994917307
62,1,quant_float64,8,0.014593667001463473
62,1,quant_float64,9,0.014615291998779867
62,3,quant_float64,0,0.015294708995497786
62,3,quant_float64,1,0.015357083000708371
62,3,quant_float64,2,0.015255708000040613
62,3,quant_float64,3,0.015318582998588681
62,3,quant_float64,4,0.015275457997631747
62,3,quant_float64,5,0.015293584001483396
62,3,quant_float64,6,0.015383333004137967
62,3,quant_float64,7,0.01527404199441662
62,3,quant_float64,8,0.015306124994822312
62,3,quant_float64,9,0.01528274999873247
62,10,quant_float64,0,0.016202124999836087
62,10,quant_float64,1,0.015600124999764375
62,10,quant_float64,2,0.016208708999329247
62,10,quant_float64,3,0.015638999997463543
62,10,quant_float64,4,0.015597332996549085
62,10,quant_float64,5,0.015644250001059845
62,10,quant_float64,6,0.015601125000102911
62,10,quant_float64,7,0.015573333002976142
62,10,quant_float64,8,0.015831584001716692
62,10,quant_float64,9,0.015639917000953574
62,30,quant_float64,0,0.016386750001402106
62,30,quant_float64,1,0.016243457997916266
62,30,quant_float64,2,0.016439457998785656
62,30,quant_float64,3,0.016204625004320405
62,30,quant_float64,4,0.016283040997222997
62,30,quant_float64,5,0.016198875004192814
62,30,quant_float64,6,0.01622720799787203
62,30,quant_float64,7,0.01621204099501483
62,30,quant_float64,8,0.016213667004194576
62,30,quant_float64,9,0.016198249999433756
62,100,quant_float64,0,0.018370124998909887
62,100,quant_float64,1,0.01845550000143703
62,100,quant_float64,2,0.01824483300151769
62,100,quant_float64,3,0.01830537500063656
62,100,quant_float64,4,0.018319167000299785
62,100,quant_float64,5,0.01828045900037978
62,100,quant_float64,6,0.018240291996335145
62,100,quant_float64,7,0.0182590420008637
62,100,quant_float64,8,0.018262291996506974
62,100,quant_float64,9,0.018188707996159792
62,300,quant_float64,0,0.024589583998022135
62,300,quant_float64,1,0.025115457996434998
62,300,quant_float64,2,0.024789833994873334
62,300,quant_float64,3,0.0245124590001069
62,300,quant_float64,4,0.024580083998444024
62,300,quant_float64,5,0.024506624999048654
62,300,quant_float64,6,0.024603790996479802
62,300,quant_float64,7,0.024492874996212777
62,300,quant_float64,8,0.02453958400292322
62,300,quant_float64,9,0.02455404100328451
62,1000,quant_float64,0,0.04601633399579441
62,1000,quant_float64,1,0.04506637500162469
62,1000,quant_float64,2,0.04501983299996937
62,1000,quant_float64,3,0.04487662499741418
62,1000,quant_float64,4,0.04500254099548329
62,1000,quant_float64,5,0.044982457999140024
62,1000,quant_float64,6,0.04495474999566795
62,1000,quant_float64,7,0.04526587500004098
62,1000,quant_float64,8,0.04511779199674493
62,1000,quant_float64,9,0.04489133300376125
62,3000,quant_float64,0,0.11083804199734004
62,3000,quant_float64,1,0.11001570900407387
62,3000,quant_float64,2,0.11006670799542917
62,3000,quant_float64,3,0.11005233299511019
62,3000,quant_float64,4,0.10994558399397647
62,3000,quant_float64,5,0.10978008299571229
62,3000,quant_float64,6,0.109903625001607
62,3000,quant_float64,7,0.10972170900640776
62,3000,quant_float64,8,0.11263504199450836
62,3000,quant_float64,9,0.10696454199933214
62,10000,quant_float64,0,0.35295633300120244
62,10000,quant_float64,1,0.3473542920037289
62,10000,quant_float64,2,0.3487426249994314
62,10000,quant_float64,3,0.34752949999528937
62,10000,quant_float64,4,0.34109191699826624
62,10000,quant_float64,5,0.34491316699859453
62,10000,quant_float64,6,0.3416274999981397
62,10000,quant_float64,7,0.3411133330009761
62,10000,quant_float64,8,0.34229183299612487
62,10000,quant_float64,9,0.3412692080019042
63,1,quant_float64,0,0.014813499998126645
63,1,quant_float64,1,0.014779500001168344
63,1,quant_float64,2,0.014826124999672174
63,1,quant_float64,3,0.014795709001191426
63,1,quant_float64,4,0.014705292000144254
63,1,quant_float64,5,0.01480075000290526
63,1,quant_float64,6,0.014654833001259249
63,1,quant_float64,7,0.014826999999058899
63,1,quant_float64,8,0.014942207999411039
63,1,quant_float64,9,0.014880708004056942
63,3,quant_float64,0,0.015955791997839697
63,3,quant_float64,1,0.015550208001513965
63,3,quant_float64,2,0.015510541998082772
63,3,quant_float64,3,0.015514833001361694
63,3,quant_float64,4,0.015430041996296495
63,3,quant_float64,5,0.01544908300274983
63,3,quant_float64,6,0.015500832996622194
63,3,quant_float64,7,0.015493999999307562
63,3,quant_float64,8,0.015447124998900108
63,3,quant_float64,9,0.015406792001158465
63,10,quant_float64,0,0.01597429099638248
63,10,quant_float64,1,0.01576658299745759
63,10,quant_float64,2,0.015813625002920162
63,10,quant_float64,3,0.01563624999835156
63,10,quant_float64,4,0.015741124996566214
63,10,quant_float64,5,0.015713666994997766
63,10,quant_float64,6,0.01585950000298908
63,10,quant_float64,7,0.016591542000242043
63,10,quant_float64,8,0.016403499997977633
63,10,quant_float64,9,0.01628562500263797
63,30,quant_float64,0,0.017140709001978394
63,30,quant_float64,1,0.016354833001969382
63,30,quant_float64,2,0.01646308299677912
63,30,quant_float64,3,0.016375291997974273
63,30,quant_float64,4,0.016507334003108554
63,30,quant_float64,5,0.01643987499846844
63,30,quant_float64,6,0.016416749997006264
63,30,quant_float64,7,0.016464125001220964
63,30,quant_float64,8,0.016485750005813316
63,30,quant_float64,9,0.016376999999920372
63,100,quant_float64,0,0.019162917000357993
63,100,quant_float64,1,0.018690292003157083
63,100,quant_float64,2,0.01895462500397116
63,100,quant_float64,3,0.018575709000288043
63,100,quant_float64,4,0.018539292002969887
63,100,quant_float64,5,0.01860920800390886
63,100,quant_float64,6,0.018442374996084254
63,100,quant_float64,7,0.018667999996978324
63,100,quant_float64,8,0.01839091600413667
63,100,quant_float64,9,0.018688291995204054
63,300,quant_float64,0,0.02476554200256942
63,300,quant_float64,1,0.02424737500405172
63,300,quant_float64,2,0.024247666995506734
63,300,quant_float64,3,0.024200333005865104
63,300,quant_float64,4,0.024232042000221554
63,300,quant_float64,5,0.024170083001081366
63,300,quant_float64,6,0.02419075000216253
63,300,quant_float64,7,0.024239208003564272
63,300,quant_float64,8,0.02417129099922022
63,300,quant_float64,9,0.02426870800263714
63,1000,quant_float64,0,0.04708675000438234
63,1000,quant_float64,1,0.046548250000341795
63,1000,quant_float64,2,0.04730487499909941
63,1000,quant_float64,3,0.045770500000799075
63,1000,quant_float64,4,0.04581479100306751
63,1000,quant_float64,5,0.045652416003576946
63,1000,quant_float64,6,0.045601332996739075
63,1000,quant_float64,7,0.045698791996983346
63,1000,quant_float64,8,0.0469950000042445
63,1000,quant_float64,9,0.045936249996884726
63,3000,quant_float64,0,0.11096783399989363
63,3000,quant_float64,1,0.11107549999724142
63,3000,quant_float64,2,0.10785525000392227
63,3000,quant_float64,3,0.10826991600333713
63,3000,quant_float64,4,0.10826899999665329
63,3000,quant_float64,5,0.1083821669963072
63,3000,quant_float64,6,0.10836462499719346
63,3000,quant_float64,7,0.10811962500156369
63,3000,quant_float64,8,0.10836945800110698
63,3000,quant_float64,9,0.10841404199891258
63,10000,quant_float64,0,0.3517223329981789
63,10000,quant_float64,1,0.34447645799809834
63,10000,quant_float64,2,0.3433857909985818
63,10000,quant_float64,3,0.34711787499691127
63,10000,quant_float64,4,0.34132029200554825
63,10000,quant_float64,5,0.34438658399449196
63,10000,quant_float64,6,0.3486742079985561
63,10000,quant_float64,7,0.34567066700401483
63,10000,quant_float64,8,0.3441723340001772
63,10000,quant_float64,9,0.34488354199856985
64,1,quant_float64,0,0.014969916999689303
64,1,quant_float64,1,0.014919959001417737
64,1,quant_float64,2,0.01486095799918985
64,1,quant_float64,3,0.014961416003643535
64,1,quant_float64,4,0.014862457996059675
64,1,quant_float64,5,0.014951958000892773
64,1,quant_float64,6,0.015338666999014094
64,1,quant_float64,7,0.015508166994550265
64,1,quant_float64,8,0.015570999996270984
64,1,quant_float64,9,0.015411416999995708
64,3,quant_float64,0,0.016062749993579928
64,3,quant_float64,1,0.015609374997438863
64,3,quant_float64,2,0.01561845900141634
64,3,quant_float64,3,0.015573415999824647
64,3,quant_float64,4,0.015628790999471676
64,3,quant_float64,5,0.015552999997453298
64,3,quant_float64,6,0.01564904199767625
64,3,quant_float64,7,0.015615541000443045
64,3,quant_float64,8,0.015623249993950594
64,3,quant_float64,9,0.01561362500069663
64,10,quant_float64,0,0.01598162499431055
64,10,quant_float64,1,0.01590925000346033
64,10,quant_float64,2,0.016159083003003616
64,10,quant_float64,3,0.01589737500034971
64,10,quant_float64,4,0.01588383299531415
64,10,quant_float64,5,0.01583441700495314
64,10,quant_float64,6,0.015849332994548604
64,10,quant_float64,7,0.015901667000434827
64,10,quant_float64,8,0.015869208000367507
64,10,quant_float64,9,0.015914834002614953
64,30,quant_float64,0,0.016880124996532686
64,30,quant_float64,1,0.016596499997831415
64,30,quant_float64,2,0.016647042000840884
64,30,quant_float64,3,0.01655541700165486
64,30,quant_float64,4,0.016619665999314748
64,30,quant_float64,5,0.016553499997826293
64,30,quant_float64,6,0.016653708000376355
64,30,quant_float64,7,0.016563417004363146
64,30,quant_float64,8,0.016645750001771376
64,30,quant_float64,9,0.016649249999318272
64,100,quant_float64,0,0.019612416996096727
64,100,quant_float64,1,0.019165666002663784
64,100,quant_float64,2,0.019242542002757546
64,100,quant_float64,3,0.01912162500229897
64,100,quant_float64,4,0.019183665994205512
64,100,quant_float64,5,0.019052708004892338
64,100,quant_float64,6,0.01913612500356976
64,100,quant_float64,7,0.019030666000617202
64,100,quant_float64,8,0.019178000002284534
64,100,quant_float64,9,0.019069291003688704
64,300,quant_float64,0,0.02582412499759812
64,300,quant_float64,1,0.024723999995330814
64,300,quant_float64,2,0.02464812499965774
64,300,quant_float64,3,0.02462079100223491
64,300,quant_float64,4,0.02462208299402846
64,300,quant_float64,5,0.025004499999340624
64,300,quant_float64,6,0.024717207998037338
64,300,quant_float64,7,0.024579584001912735
64,300,quant_float64,8,0.02460629100096412
64,300,quant_float64,9,0.024614667003334034
64,1000,quant_float64,0,0.04618858300091233
64,1000,quant_float64,1,0.04624308299389668
64,1000,quant_float64,2,0.04613154200342251
64,1000,quant_float64,3,0.046168417000444606
64,1000,quant_float64,4,0.04611345800367417
64,1000,quant_float64,5,0.04639270800544182
64,1000,quant_float64,6,0.04620104200148489
64,1000,quant_float64,7,0.046106333000352606
64,1000,quant_float64,8,0.04607258300529793
64,1000,quant_float64,9,0.046907042000384536
64,3000,quant_float64,0,0.11234408299787901
64,3000,quant_float64,1,0.1105606249984703
64,3000,quant_float64,2,0.11141983400011668
64,3000,quant_float64,3,0.11007470799813746
64,3000,quant_float64,4,0.11387095799727831
64,3000,quant_float64,5,0.11035695800092071
64,3000,quant_float64,6,0.10926454199943691
64,3000,quant_float64,7,0.10940412499621743
64,3000,quant_float64,8,0.10939408299600473
64,3000,quant_float64,9,0.1095055829937337
64,10000,quant_float64,0,0.354978375005885
64,10000,quant_float64,1,0.36033095799939474
64,10000,quant_float64,2,0.35616312499769265
64,10000,quant_float64,3,0.3679885409947019
64,10000,quant_float64,4,0.35081837499456014
64,10000,quant_float64,5,0.35023245800402947
64,10000,quant_float64,6,0.3497943749971455
64,10000,quant_float64,7,0.35956383399752667
64,10000,quant_float64,8,0.355920916001196
64,10000,quant_float64,9,0.35447208299592603
65,1,quant_float64,0,0.015479875000892207
65,1,quant_float64,1,0.015091541994479485
65,1,quant_float64,2,0.015122249998967163
65,1,quant_float64,3,0.01501954099512659
65,1,quant_float64,4,0.015064041996083688
65,1,quant_float64,5,0.015375708004285116
65,1,quant_float64,6,0.015258166997227818
65,1,quant_float64,7,0.015120333002414554
65,1,quant_float64,8,0.01521087499713758
65,1,quant_float64,9,0.015286583002307452
65,3,quant_float64,0,0.016258915995422285
65,3,quant_float64,1,0.01630704200215405
65,3,quant_float64,2,0.01620095800171839
65,3,quant_float64,3,0.016221999998379033
65,3,quant_float64,4,0.016177500001504086
65,3,quant_float64,5,0.016260582997347228
65,3,quant_float64,6,0.016158832993824035
65,3,quant_float64,7,0.016215415998885874
65,3,quant_float64,8,0.016181416998733766
65,3,quant_float64,9,0.0162099169974681
65,10,quant_float64,0,0.016718749997380655
65,10,quant_float64,1,0.016114999998535495
65,10,quant_float64,2,0.016043583003920503
65,10,quant_float64,3,0.016089249998913147
65,10,quant_float64,4,0.015975499998603482
65,10,quant_float64,5,0.016050417005317286
65,10,quant_float64,6,0.016009792001568712
65,10,quant_float64,7,0.01599420799902873
65,10,quant_float64,8,0.016645583003992215
65,10,quant_float64,9,0.01663870799529832
65,30,quant_float64,0,0.016932165999605786
65,30,quant_float64,1,0.016733208001824096
65,30,quant_float64,2,0.016700332998880185
65,30,quant_float64,3,0.017087292006181087
65,30,quant_float64,4,0.017101959005231038
65,30,quant_float64,5,0.016843457997310907
65,30,quant_float64,6,0.016694250000000466
65,30,quant_float64,7,0.01672099999996135
65,30,quant_float64,8,0.0167824579984881
65,30,quant_float64,9,0.016728875001717824
65,100,quant_float64,0,0.019441832999291364
65,100,quant_float64,1,0.018925416996353306
65,100,quant_float64,2,0.0187929579988122
65,100,quant_float64,3,0.01873054099996807
65,100,quant_float64,4,0.018743874999927357
65,100,quant_float64,5,0.01879341700259829
65,100,quant_float64,6,0.018741333005891647
65,100,quant_float64,7,0.018724125002336223
65,100,quant_float64,8,0.01873087500280235
65,100,quant_float64,9,0.018803457998728845
65,300,quant_float64,0,0.02519070800190093
65,300,quant_float64,1,0.024858374999894295
65,300,quant_float64,2,0.024835042000631802
65,300,quant_float64,3,0.02475570899696322
65,300,quant_float64,4,0.024812041003315244
65,300,quant_float64,5,0.024797834004857577
65,300,quant_float64,6,0.024740416003623977
65,300,quant_float64,7,0.024755167003604583
65,300,quant_float64,8,0.02480041600210825
65,300,quant_float64,9,0.024807875000988133
65,1000,quant_float64,0,0.04826695800147718
65,1000,quant_float64,1,0.04751770800066879
65,1000,quant_float64,2,0.04687504199682735
65,1000,quant_float64,3,0.046898165994207375
65,1000,quant_float64,4,0.046957541002484504
65,1000,quant_float64,5,0.04698320799798239
65,1000,quant_float64,6,0.04693954100366682
65,1000,quant_float64,7,0.046946000002208166
65,1000,quant_float64,8,0.04775474999769358
65,1000,quant_float64,9,0.04679325000324752
65,3000,quant_float64,0,0.11097116699966136
65,3000,quant_float64,1,0.11056045800069114
65,3000,quant_float64,2,0.1102860419996432
65,3000,quant_float64,3,0.11007824999978766
65,3000,quant_float64,4,0.11039804200117942
65,3000,quant_float64,5,0.11057779199472861
65,3000,quant_float64,6,0.11024587500287453
65,3000,quant_float64,7,0.11032145799981663
65,3000,quant_float64,8,0.11048254100023769
65,3000,quant_float64,9,0.110107959000743
65,10000,quant_float64,0,0.3630579999953625
65,10000,quant_float64,1,0.3563555830041878
65,10000,quant_float64,2,0.3629465840058401
65,10000,quant_float64,3,0.364456125003926
65,10000,quant_float64,4,0.3540441250006552
65,10000,quant_float64,5,0.35767070799920475
65,10000,quant_float64,6,0.3574313749995781
65,10000,quant_float64,7,0.362080540995521
65,10000,quant_float64,8,0.35744283299573
65,10000,quant_float64,9,0.3548645420014509
80,1,quant_float64,0,0.016572166998230387
80,1,quant_float64,1,0.016317875000822823
80,1,quant_float64,2,0.01626987500640098
80,1,quant_float64,3,0.016212041999096982
80,1,quant_float64,4,0.016288791004626546
80,1,quant_float64,5,0.016244124999502674
80,1,quant_float64,6,0.016242207995674107
80,1,quant_float64,7,0.016211333000683226
80,1,quant_float64,8,0.01626991699595237
80,1,quant_float64,9,0.016216541996982414
80,3,quant_float64,0,0.017150792002212256
80,3,quant_float64,1,0.01693024999985937
80,3,quant_float64,2,0.016940792003879324
80,3,quant_float64,3,0.017301791995123494
80,3,quant_float64,4,0.017179166999994777
80,3,quant_float64,5,0.017037582998455036
80,3,quant_float64,6,0.017080583005736116
80,3,quant_float64,7,0.01696654099941952
80,3,quant_float64,8,0.016993917000945657
80,3,quant_float64,9,0.017015124998579267
80,10,quant_float64,0,0.01755183399654925
80,10,quant_float64,1,0.017429749997972976
80,10,quant_float64,2,0.01734129199758172
80,10,quant_float64,3,0.0173778750031488
80,10,quant_float64,4,0.017347375003737397
80,10,quant_float64,5,0.01740750000317348
80,10,quant_float64,6,0.017353332994389348
80,10,quant_float64,7,0.017413041001418605
80,10,quant_float64,8,0.01734858300187625
80,10,quant_float64,9,0.017325875000096858
80,30,quant_float64,0,0.01913179199618753
80,30,quant_float64,1,0.018312208994757384
80,30,quant_float64,2,0.018261625002196524
80,30,quant_float64,3,0.01827695799875073
80,30,quant_float64,4,0.018271125001774635
80,30,quant_float64,5,0.018240249999507796
80,30,quant_float64,6,0.01822845800052164
80,30,quant_float64,7,0.01822362500388408
80,30,quant_float64,8,0.018267500003275927
80,30,quant_float64,9,0.018298875002074055
80,100,quant_float64,0,0.02165275000152178
80,100,quant_float64,1,0.0211330420061131
80,100,quant_float64,2,0.021145124999748077
80,100,quant_float64,3,0.021744249999755993
80,100,quant_float64,4,0.02108008399954997
80,100,quant_float64,5,0.02099054200516548
80,100,quant_float64,6,0.02106154200009769
80,100,quant_float64,7,0.020994749997043982
80,100,quant_float64,8,0.02101054099330213
80,100,quant_float64,9,0.02100929200241808
80,300,quant_float64,0,0.029995208999025635
80,300,quant_float64,1,0.029120457998942584
80,300,quant_float64,2,0.02920441599417245
80,300,quant_float64,3,0.029151541006285697
80,300,quant_float64,4,0.02909029200236546
80,300,quant_float64,5,0.029182165999372955
80,300,quant_float64,6,0.029204792001110036
80,300,quant_float64,7,0.029173917006119154
80,300,quant_float64,8,0.02915562500129454
80,300,quant_float64,9,0.029136833996744826
80,1000,quant_float64,0,0.058871665998594835
80,1000,quant_float64,1,0.06088425000052666
80,1000,quant_float64,2,0.05903016700176522
80,1000,quant_float64,3,0.05891670799610438
80,1000,quant_float64,4,0.05886800000007497
80,1000,quant_float64,5,0.05873266700655222
80,1000,quant_float64,6,0.05881687500368571
80,1000,quant_float64,7,0.058893333000014536
80,1000,quant_float64,8,0.05879329099843744
80,1000,quant_float64,9,0.06070941699726973
80,3000,quant_float64,0,0.14959991600335343
80,3000,quant_float64,1,0.14669762500125216
80,3000,quant_float64,2,0.14654983400396304
80,3000,quant_float64,3,0.14641924999887124
80,3000,quant_float64,4,0.14648570799909066
80,3000,quant_float64,5,0.14682441700279014
80,3000,quant_float64,6,0.14974312499543885
80,3000,quant_float64,7,0.1537372500024503
80,3000,quant_float64,8,0.15003675000480143
80,3000,quant_float64,9,0.1460885829947074
80,10000,quant_float64,0,0.48766066700045485
80,10000,quant_float64,1,0.4859383329967386
80,10000,quant_float64,2,0.49135854199994355
80,10000,quant_float64,3,0.4820317910052836
80,10000,quant_float64,4,0.5169493749999674
80,10000,quant_float64,5,0.49449325000023236
80,10000,quant_float64,6,0.4755928749946179
80,10000,quant_float64,7,0.4713242080033524
80,10000,quant_float64,8,0.4731642920014565
80,10000,quant_float64,9,0.4871345830033533
88,1,quant_float64,0,0.016535541995835956
88,1,quant_float64,1,0.016327332996297628
88,1,quant_float64,2,0.016378332999011036
88,1,quant_float64,3,0.016378542000893503
88,1,quant_float64,4,0.016298000002279878
88,1,quant_float64,5,0.016272166998533066
88,1,quant_float64,6,0.016325750002579298
88,1,quant_float64,7,0.016242458004853688
88,1,quant_float64,8,0.01626879200193798
88,1,quant_float64,9,0.016261084005236626
88,3,quant_float64,0,0.017519249995530117
88,3,quant_float64,1,0.017271999997319654
88,3,quant_float64,2,0.017230042001756374
88,3,quant_float64,3,0.017098917000112124
88,3,quant_float64,4,0.017233667000255082
88,3,quant_float64,5,0.017179374997795094
88,3,quant_float64,6,0.017162333002488595
88,3,quant_float64,7,0.017188707999594044
88,3,quant_float64,8,0.017204415999003686
88,3,quant_float64,9,0.01712591700197663
88,10,quant_float64,0,0.018713833000219893
88,10,quant_float64,1,0.018152750002627727
88,10,quant_float64,2,0.01812854099989636
88,10,quant_float64,3,0.018049250000331085
88,10,quant_float64,4,0.018052540995995514
88,10,quant_float64,5,0.01799845800269395
88,10,quant_float64,6,0.018238291995658074
88,10,quant_float64,7,0.017428625003958587
88,10,quant_float64,8,0.01742379200004507
88,10,quant_float64,9,0.01746758299850626
88,30,quant_float64,0,0.019034291995922104
88,30,quant_float64,1,0.018496292002964765
88,30,quant_float64,2,0.01858104200073285
88,30,quant_float64,3,0.018507916000089608
88,30,quant_float64,4,0.018589500003145076
88,30,quant_float64,5,0.01853879099508049
88,30,quant_float64,6,0.018493625000701286
88,30,quant_float64,7,0.018473208001523744
88,30,quant_float64,8,0.01853974999539787
88,30,quant_float64,9,0.0184282499976689
88,100,quant_float64,0,0.022367208999639843
88,100,quant_float64,1,0.02208191699901363
88,100,quant_float64,2,0.02197712499764748
88,100,quant_float64,3,0.022194083998329006
88,100,quant_float64,4,0.022051042004022747
88,100,quant_float64,5,0.02200795800308697
88,100,quant_float64,6,0.022083167001255788
88,100,quant_float64,7,0.021991666995745618
88,100,quant_float64,8,0.02195308299997123
88,100,quant_float64,9,0.02198054199834587
88,300,quant_float64,0,0.031231084001774434
88,300,quant_float64,1,0.03088387499883538
88,300,quant_float64,2,0.030838375001621898
88,300,quant_float64,3,0.030791333003435284
88,300,quant_float64,4,0.030853417003527284
88,300,quant_float64,5,0.03080683299776865
88,300,quant_float64,6,0.03269729200110305
88,300,quant_float64,7,0.03167370900337119
88,300,quant_float64,8,0.03082679200451821
88,300,quant_float64,9,0.030803041998296976
88,1000,quant_float64,0,0.06394270800228696
88,1000,quant_float64,1,0.06432687499909662
88,1000,quant_float64,2,0.06411233299877495
88,1000,quant_float64,3,0.06403633300215006
88,1000,quant_float64,4,0.06412554199778242
88,1000,quant_float64,5,0.06423020899819676
88,1000,quant_float64,6,0.06433983400347643
88,1000,quant_float64,7,0.0641679580003256
88,1000,quant_float64,8,0.0642113750000135
88,1000,quant_float64,9,0.06413924999651499
88,3000,quant_float64,0,0.17007879199809395
88,3000,quant_float64,1,0.16745104100118624
88,3000,quant_float64,2,0.16918304200225975
88,3000,quant_float64,3,0.16746849999617552
88,3000,quant_float64,4,0.16899004200240597
88,3000,quant_float64,5,0.17308745800255565
88,3000,quant_float64,6,0.16889279099996202
88,3000,quant_float64,7,0.16884516699792584
88,3000,quant_float64,8,0.17042845799733186
88,3000,quant_float64,9,0.17125779100024374
88,10000,quant_float64,0,0.545352749999438
88,10000,quant_float64,1,0.5380233750038315
88,10000,quant_float64,2,0.5306899999995949
88,10000,quant_float64,3,0.5412015000038082
88,10000,quant_float64,4,0.5412312919943361
88,10000,quant_float64,5,0.5363062499964144
88,10000,quant_float64,6,0.5395130420001806
88,10000,quant_float64,7,0.5324757499984116
88,10000,quant_float64,8,0.5331610829962301
88,10000,quant_float64,9,0.5320779169996968
96,1,quant_float64,0,0.01716275000217138
96,1,quant_float64,1,0.01719454200065229
96,1,quant_float64,2,0.01722033399710199
96,1,quant_float64,3,0.017274292004003655
96,1,quant_float64,4,0.017850959004135802
96,1,quant_float64,5,0.0177262500001234
96,1,quant_float64,6,0.017228458003955893
96,1,quant_float64,7,0.017247541996766813
96,1,quant_float64,8,0.01711799999611685
96,1,quant_float64,9,0.017205999996804167
96,3,quant_float64,0,0.018042333002085797
96,3,quant_float64,1,0.017840583001088817
96,3,quant_float64,2,0.01787874999718042
96,3,quant_float64,3,0.017820832996221725
96,3,quant_float64,4,0.017895666998811066
96,3,quant_float64,5,0.017843082998297177
96,3,quant_float64,6,0.017862458000308834
96,3,quant_float64,7,0.017855166996014304
96,3,quant_float64,8,0.017883167005493306
96,3,quant_float64,9,0.017869625000457745
96,10,quant_float64,0,0.01853304199903505
96,10,quant_float64,1,0.018333332998736296
96,10,quant_float64,2,0.018258291005622596
96,10,quant_float64,3,0.01834824999968987
96,10,quant_float64,4,0.018275374997756444
96,10,quant_float64,5,0.01830033300211653
96,10,quant_float64,6,0.018306666999706067
96,10,quant_float64,7,0.01829679199727252
96,10,quant_float64,8,0.01829425000323681
96,10,quant_float64,9,0.01829383299627807
96,30,quant_float64,0,0.019740124997042585
96,30,quant_float64,1,0.019401167002797592
96,30,quant_float64,2,0.01938995799719123
96,30,quant_float64,3,0.01936941699386807
96,30,quant_float64,4,0.019385958003113046
96,30,quant_float64,5,0.019311042000481393
96,30,quant_float64,6,0.019379582998226397
96,30,quant_float64,7,0.01995441700273659
96,30,quant_float64,8,0.01999641699512722
96,30,quant_float64,9,0.020022332995722536
96,100,quant_float64,0,0.024215833000198472
96,100,quant_float64,1,0.023428500004229136
96,100,quant_float64,2,0.023862415997427888
96,100,quant_float64,3,0.02363229199545458
96,100,quant_float64,4,0.02358691699919291
96,100,quant_float64,5,0.02408362500136718
96,100,quant_float64,6,0.023699707999185193
96,100,quant_float64,7,0.023634375000256114
96,100,quant_float64,8,0.023671458002354484
96,100,quant_float64,9,0.023671916002058424
96,300,quant_float64,0,0.03383591599413194
96,300,quant_float64,1,0.03322654200019315
96,300,quant_float64,2,0.033629666999331675
96,300,quant_float64,3,0.03339774999767542
96,300,quant_float64,4,0.03335391700238688
96,300,quant_float64,5,0.03329870799643686
96,300,quant_float64,6,0.03328141700330889
96,300,quant_float64,7,0.03385112500109244
96,300,quant_float64,8,0.033370916004059836
96,300,quant_float64,9,0.033176874996570405
96,1000,quant_float64,0,0.07199404200218851
96,1000,quant_float64,1,0.071431999997003
96,1000,quant_float64,2,0.0714131249987986
96,1000,quant_float64,3,0.07135537499561906
96,1000,quant_float64,4,0.07150545799959218
96,1000,quant_float64,5,0.07163783299620263
96,1000,quant_float64,6,0.07149433399899863
96,1000,quant_float64,7,0.0719407080032397
96,1000,quant_float64,8,0.0716772090017912
96,1000,quant_float64,9,0.0717030000014347
96,3000,quant_float64,0,0.19258750000153668
96,3000,quant_float64,1,0.18356475000473438
96,3000,quant_float64,2,0.1838002910008072
96,3000,quant_float64,3,0.1836547499988228
96,3000,quant_float64,4,0.18398708300082944
96,3000,quant_float64,5,0.18360812500031898
96,3000,quant_float64,6,0.18357287500111852
96,3000,quant_float64,7,0.18333050000364892
96,3000,quant_float64,8,0.18904691700299736
96,3000,quant_float64,9,0.18416425000032177
96,10000,quant_float64,0,0.6214152500033379
96,10000,quant_float64,1,0.5967310000050929
96,10000,quant_float64,2,0.6037914590051514
96,10000,quant_float64,3,0.6076332500015269
96,10000,quant_float64,4,0.6040897920029238
96,10000,quant_float64,5,0.6102086660030182
96,10000,quant_float64,6,0.6036495000007562
96,10000,quant_float64,7,0.5993896250001853
96,10000,quant_float64,8,0.6072317079961067
96,10000,quant_float64,9,0.6056633750049514
126,1,quant_float64,0,0.018788084002153482
126,1,quant_float64,1,0.018636583001352847
126,1,quant_float64,2,0.01857479099999182
126,1,quant_float64,3,0.018572916997072753
126,1,quant_float64,4,0.0185183749999851
126,1,quant_float64,5,0.018623042000399437
126,1,quant_float64,6,0.018503125000279397
126,1,quant_float64,7,0.018540291996032465
126,1,quant_float64,8,0.01855575000081444
126,1,quant_float64,9,0.01852770799450809
126,3,quant_float64,0,0.01913862500077812
126,3,quant_float64,1,0.018662000002223067
126,3,quant_float64,2,0.018604625001898967
126,3,quant_float64,3,0.018567542007076554
126,3,quant_float64,4,0.018637583998497576
126,3,quant_float64,5,0.018602374999318272
126,3,quant_float64,6,0.018582416996650863
126,3,quant_float64,7,0.01863608400162775
126,3,quant_float64,8,0.018661457994312514
126,3,quant_float64,9,0.018603208001877647
126,10,quant_float64,0,0.0199352919953526
126,10,quant_float64,1,0.01932325000234414
126,10,quant_float64,2,0.01940666700102156
126,10,quant_float64,3,0.019359958998393267
126,10,quant_float64,4,0.019302084001537878
126,10,quant_float64,5,0.019308167000417598
126,10,quant_float64,6,0.019303499997477047
126,10,quant_float64,7,0.019269042000814807
126,10,quant_float64,8,0.019258457999967504
126,10,quant_float64,9,0.020503375002590474
126,30,quant_float64,0,0.021380707999924198
126,30,quant_float64,1,0.02127966700209072
126,30,quant_float64,2,0.021356542005378287
126,30,quant_float64,3,0.02128900000388967
126,30,quant_float64,4,0.02133233300264692
126,30,quant_float64,5,0.021297207997122314
126,30,quant_float64,6,0.021254209001199342
126,30,quant_float64,7,0.021380041995143984
126,30,quant_float64,8,0.021289832999173086
126,30,quant_float64,9,0.02134462500544032
126,100,quant_float64,0,0.026622957993822638
126,100,quant_float64,1,0.025985416999901645
126,100,quant_float64,2,0.025837958994088694
126,100,quant_float64,3,0.025915082995197736
126,100,quant_float64,4,0.025922749999153893
126,100,quant_float64,5,0.025868584001727868
126,100,quant_float64,6,0.025957666999602225
126,100,quant_float64,7,0.025895917002344504
126,100,quant_float64,8,0.02590833299473161
126,100,quant_float64,9,0.025951290997909382
126,300,quant_float64,0,0.04090225000254577
126,300,quant_float64,1,0.04078329099866096
126,300,quant_float64,2,0.04068558399740141
126,300,quant_float64,3,0.040534958003263455
126,300,quant_float64,4,0.040661582999746315
126,300,quant_float64,5,0.040576792001957074
126,300,quant_float64,6,0.041301500001281966
126,300,quant_float64,7,0.04055129199696239
126,300,quant_float64,8,0.04041058300208533
126,300,quant_float64,9,0.04040695900039282
126,1000,quant_float64,0,0.09420649999810848
126,1000,quant_float64,1,0.09539012500317767
126,1000,quant_float64,2,0.09355545899597928
126,1000,quant_float64,3,0.09228433400130598
126,1000,quant_float64,4,0.09337554200465092
126,1000,quant_float64,5,0.09377229100209661
126,1000,quant_float64,6,0.09332445899781305
126,1000,quant_float64,7,0.09431349999795202
126,1000,quant_float64,8,0.0938155409967294
126,1000,quant_float64,9,0.09292191599524813
126,3000,quant_float64,0,0.2527924169990001
126,3000,quant_float64,1,0.25209970899595646
126,3000,quant_float64,2,0.2461597500005155
126,3000,quant_float64,3,0.2507376249996014
126,3000,quant_float64,4,0.25448933400184615
126,3000,quant_float64,5,0.2460270000010496
126,3000,quant_float64,6,0.24713833399437135
126,3000,quant_float64,7,0.24722874999861233
126,3000,quant_float64,8,0.24731883400090737
126,3000,quant_float64,9,0.25096537500212435
126,10000,quant_float64,0,0.8399811249983031
126,10000,quant_float64,1,0.8447065419968567
126,10000,quant_float64,2,0.8421209590014769
126,10000,quant_float64,3,0.8445636670003296
126,10000,quant_float64,4,0.8412894579960266
126,10000,quant_float64,5,0.8410592080035713
126,10000,quant_float64,6,0.8462708329971065
126,10000,quant_float64,7,0.845355166005902
126,10000,quant_float64,8,0.8373705420017359
126,10000,quant_float64,9,0.8514240840013372
127,1,quant_float64,0,0.018308541999431327
127,1,quant_float64,1,0.018052416999125853
127,1,quant_float64,2,0.017958916003408376
127,1,quant_float64,3,0.01798399999825051
127,1,quant_float64,4,0.017970916000194848
127,1,quant_float64,5,0.01794704100029776
127,1,quant_float64,6,0.017938875003892463
127,1,quant_float64,7,0.017970332999539096
127,1,quant_float64,8,0.017948291002539918
127,1,quant_float64,9,0.017899582999234553
127,3,quant_float64,0,0.018746084002486896
127,3,quant_float64,1,0.018663499999092892
127,3,quant_float64,2,0.018647541997779626
127,3,quant_float64,3,0.018612915999256074
127,3,quant_float64,4,0.018698041996685788
127,3,quant_float64,5,0.018604959004733246
127,3,quant_float64,6,0.018673750004381873
127,3,quant_float64,7,0.018601542004034854
127,3,quant_float64,8,0.018607625002914574
127,3,quant_float64,9,0.01868116699915845
127,10,quant_float64,0,0.019940124999266118
127,10,quant_float64,1,0.019421249999140855
127,10,quant_float64,2,0.01932308400137117
127,10,quant_float64,3,0.019378040997253265
127,10,quant_float64,4,0.019368207998923026
127,10,quant_float64,5,0.019405541999731213
127,10,quant_float64,6,0.019362750004802365
127,10,quant_float64,7,0.019298416998935863
127,10,quant_float64,8,0.019313541997689754
127,10,quant_float64,9,0.020462167005462106
127,30,quant_float64,0,0.021162124998227227
127,30,quant_float64,1,0.02091058299993165
127,30,quant_float64,2,0.020940000002156012
127,30,quant_float64,3,0.020876624999800697
127,30,quant_float64,4,0.02081091600120999
127,30,quant_float64,5,0.020867166997049935
127,30,quant_float64,6,0.021012042001530062
127,30,quant_float64,7,0.02085195799736539
127,30,quant_float64,8,0.020892082997306716
127,30,quant_float64,9,0.02086862500436837
127,100,quant_float64,0,0.026866082997003105
127,100,quant_float64,1,0.026544291999016423
127,100,quant_float64,2,0.026950375002343208
127,100,quant_float64,3,0.026719334004155826
127,100,quant_float64,4,0.026643083001545165
127,100,quant_float64,5,0.026739999993878882
127,100,quant_float64,6,0.026780499996675644
127,100,quant_float64,7,0.02670245799527038
127,100,quant_float64,8,0.027024208000511862
127,100,quant_float64,9,0.027768833002483007
127,300,quant_float64,0,0.04261670800042339
127,300,quant_float64,1,0.04161320899584098
127,300,quant_float64,2,0.041521207996993326
127,300,quant_float64,3,0.04148445800092304
127,300,quant_float64,4,0.04142854099336546
127,300,quant_float64,5,0.04152524999517482
127,300,quant_float64,6,0.04146658399986336
127,300,quant_float64,7,0.041401000002224464
127,300,quant_float64,8,0.04137833300046623
127,300,quant_float64,9,0.04142987500381423
127,1000,quant_float64,0,0.09579687500081491
127,1000,quant_float64,1,0.09672487499483395
127,1000,quant_float64,2,0.09547133399610175
127,1000,quant_float64,3,0.09508300000015879
127,1000,quant_float64,4,0.09502670799702173
127,1000,quant_float64,5,0.09533100000408012
127,1000,quant_float64,6,0.09541895899747033
127,1000,quant_float64,7,0.09549033400253393
127,1000,quant_float64,8,0.09536283300258219
127,1000,quant_float64,9,0.0952904169971589
127,3000,quant_float64,0,0.2605412080010865
127,3000,quant_float64,1,0.2525302920039394
127,3000,quant_float64,2,0.25506137500633486
127,3000,quant_float64,3,0.25715966699499404
127,3000,quant_float64,4,0.25672183300048346
127,3000,quant_float64,5,0.257348582999839
127,3000,quant_float64,6,0.2515933329996187
127,3000,quant_float64,7,0.25842774999910034
127,3000,quant_float64,8,0.25375129200256197
127,3000,quant_float64,9,0.2575419580025482
127,10000,quant_float64,0,0.8648795839981176
127,10000,quant_float64,1,0.8663454999987152
127,10000,quant_float64,2,0.8616410419999738
127,10000,quant_float64,3,0.868504167003266
127,10000,quant_float64,4,0.8751969160002773
127,10000,quant_float64,5,0.8731622499981313
127,10000,quant_float64,6,0.8771213340005488
127,10000,quant_float64,7,0.8649634590037749
127,10000,quant_float64,8,0.8708778750005877
127,10000,quant_float64,9,0.8759082920005312
128,1,quant_float64,0,0.018624875003297348
128,1,quant_float64,1,0.018708499999775086
128,1,quant_float64,2,0.018526375002693385
128,1,quant_float64,3,0.018809749999491032
128,1,quant_float64,4,0.018527584004914388
128,1,quant_float64,5,0.018627375000505708
128,1,quant_float64,6,0.01853179199679289
128,1,quant_float64,7,0.01854220800305484
128,1,quant_float64,8,0.018519167002523318
128,1,quant_float64,9,0.01852470800076844
128,3,quant_float64,0,0.018975291000970174
128,3,quant_float64,1,0.018712958997639362
128,3,quant_float64,2,0.018694165999477264
128,3,quant_float64,3,0.018685457995161414
128,3,quant_float64,4,0.018718166997132357
128,3,quant_float64,5,0.018719249994319398
128,3,quant_float64,6,0.01867708299687365
128,3,quant_float64,7,0.018688707998080645
128,3,quant_float64,8,0.01864262500021141
128,3,quant_float64,9,0.018622125004185364
128,10,quant_float64,0,0.0199499169975752
128,10,quant_float64,1,0.01939887500338955
128,10,quant_float64,2,0.019443958000920247
128,10,quant_float64,3,0.019344416999956593
128,10,quant_float64,4,0.01929050000035204
128,10,quant_float64,5,0.019415166003454942
128,10,quant_float64,6,0.019370207999600098
128,10,quant_float64,7,0.01927504099876387
128,10,quant_float64,8,0.01935020900418749
128,10,quant_float64,9,0.01934883299691137
128,30,quant_float64,0,0.021600166001007892
128,30,quant_float64,1,0.020915499997499865
128,30,quant_float64,2,0.020958959001291078
128,30,quant_float64,3,0.02084729199850699
128,30,quant_float64,4,0.02100620899727801
128,30,quant_float64,5,0.020808417000807822
128,30,quant_float64,6,0.020974125000066124
128,30,quant_float64,7,0.021954875002847984
128,30,quant_float64,8,0.02129070799855981
128,30,quant_float64,9,0.021287999996275175
128,100,quant_float64,0,0.02682970900059445
128,100,quant_float64,1,0.026106124998477753
128,100,quant_float64,2,0.026087874997756444
128,100,quant_float64,3,0.02609041699906811
128,100,quant_float64,4,0.026066292004543357
128,100,quant_float64,5,0.026068916005897336
128,100,quant_float64,6,0.02601058299478609
128,100,quant_float64,7,0.02599220899719512
128,100,quant_float64,8,0.026433790997543838
128,100,quant_float64,9,0.026973209001880605
128,300,quant_float64,0,0.04235829199751606
128,300,quant_float64,1,0.04175308300182223
128,300,quant_float64,2,0.04170200000226032
128,300,quant_float64,3,0.04154883300361689
128,300,quant_float64,4,0.04172050000488525
128,300,quant_float64,5,0.04153312500420725
128,300,quant_float64,6,0.04160683300142409
128,300,quant_float64,7,0.041449790995102376
128,300,quant_float64,8,0.04142083300394006
128,300,quant_float64,9,0.04149200000392739
128,1000,quant_float64,0,0.0935597079951549
128,1000,quant_float64,1,0.093644000000495
128,1000,quant_float64,2,0.09352779199980432
128,1000,quant_float64,3,0.09379070899740327
128,1000,quant_float64,4,0.09348083299846621
128,1000,quant_float64,5,0.09336779099976411
128,1000,quant_float64,6,0.09377941700222436
128,1000,quant_float64,7,0.09343729100510245
128,1000,quant_float64,8,0.09348541700455826
128,1000,quant_float64,9,0.0945339590034564
128,3000,quant_float64,0,0.2522385000047507
128,3000,quant_float64,1,0.2553849169999012
128,3000,quant_float64,2,0.25367391699546715
128,3000,quant_float64,3,0.2516294579982059
128,3000,quant_float64,4,0.24874670900317142
128,3000,quant_float64,5,0.24901766599941766
128,3000,quant_float64,6,0.2539377080029226
128,3000,quant_float64,7,0.2528293750001467
128,3000,quant_float64,8,0.2580952089992934
128,3000,quant_float64,9,0.2512266659978195
128,10000,quant_float64,0,0.8472449159962707
128,10000,quant_float64,1,0.8504438340023626
128,10000,quant_float64,2,0.8514045409974642
128,10000,quant_float64,3,0.8508900420056307
128,10000,quant_float64,4,0.8592104999988806
128,10000,quant_float64,5,0.8563226249971194
128,10000,quant_float64,6,0.8481695000009495
128,10000,quant_float64,7,0.8487168329957058
128,10000,quant_float64,8,0.8424891670001671
128,10000,quant_float64,9,0.8518011660053162
129,1,quant_float64,0,0.01824858300096821
129,1,quant_float64,1,0.017985791004321072
129,1,quant_float64,2,0.018040333001408726
129,1,quant_float64,3,0.018102874993928708
129,1,quant_float64,4,0.018517499993322417
129,1,quant_float64,5,0.01874429199961014
129,1,quant_float64,6,0.018558499999926426
129,1,quant_float64,7,0.018623500000103377
129,1,quant_float64,8,0.018616375004057772
129,1,quant_float64,9,0.018598750000819564
129,3,quant_float64,0,0.019448416998784523
129,3,quant_float64,1,0.0193620420031948
129,3,quant_float64,2,0.019335999997565523
129,3,quant_float64,3,0.019386499996471684
129,3,quant_float64,4,0.019415834001847543
129,3,quant_float64,5,0.019342542000231333
129,3,quant_float64,6,0.019351249997271225
129,3,quant_float64,7,0.019407708998187445
129,3,quant_float64,8,0.019390207999094855
129,3,quant_float64,9,0.019427792001806665
129,10,quant_float64,0,0.02053354200324975
129,10,quant_float64,1,0.019991125001979526
129,10,quant_float64,2,0.01991933299723314
129,10,quant_float64,3,0.020076583001355175
129,10,quant_float64,4,0.020006874998216517
129,10,quant_float64,5,0.01996533299825387
129,10,quant_float64,6,0.019355707998329308
129,10,quant_float64,7,0.01925074999599019
129,10,quant_float64,8,0.01930999999603955
129,10,quant_float64,9,0.019298416998935863
129,30,quant_float64,0,0.02169095799763454
129,30,quant_float64,1,0.02090329199563712
129,30,quant_float64,2,0.020875500005786307
129,30,quant_float64,3,0.020888666003884282
129,30,quant_float64,4,0.02090979099739343
129,30,quant_float64,5,0.020860292002907954
129,30,quant_float64,6,0.020878875002381392
129,30,quant_float64,7,0.02081716599786887
129,30,quant_float64,8,0.020850790999247693
129,30,quant_float64,9,0.0209158750003553
129,100,quant_float64,0,0.02665966600034153
129,100,quant_float64,1,0.02659991600376088
129,100,quant_float64,2,0.0271148340034415
129,100,quant_float64,3,0.026644666002539452
129,100,quant_float64,4,0.02670116600347683
129,100,quant_float64,5,0.02660216599906562
129,100,quant_float64,6,0.0266130410018377
129,100,quant_float64,7,0.02667325000220444
129,100,quant_float64,8,0.027421374994446523
129,100,quant_float64,9,0.02744758300104877
129,300,quant_float64,0,0.041423750000831205
129,300,quant_float64,1,0.04140508300042711
129,300,quant_float64,2,0.041125000003376044
129,300,quant_float64,3,0.04098141600115923
129,300,quant_float64,4,0.04103975000180071
129,300,quant_float64,5,0.04098366600373993
129,300,quant_float64,6,0.04088608399615623
129,300,quant_float64,7,0.04111795900098514
129,300,quant_float64,8,0.04103691600175807
129,300,quant_float64,9,0.04087391599750845
129,1000,quant_float64,0,0.09527374999743188
129,1000,quant_float64,1,0.09468462500080932
129,1000,quant_float64,2,0.09585995800443925
129,1000,quant_float64,3,0.09454591700341552
129,1000,quant_float64,4,0.09438504100398859
129,1000,quant_float64,5,0.09441074999631383
129,1000,quant_float64,6,0.09437970800354378
129,1000,quant_float64,7,0.09759716600092361
129,1000,quant_float64,8,0.09531512499961536
129,1000,quant_float64,9,0.09679945800598944
129,3000,quant_float64,0,0.256075042001612
129,3000,quant_float64,1,0.25013749999925494
129,3000,quant_float64,2,0.2500092920017778
129,3000,quant_float64,3,0.25690837500587804
129,3000,quant_float64,4,0.25069941600668244
129,3000,quant_float64,5,0.2519229589961469
129,3000,quant_float64,6,0.2519543749949662
129,3000,quant_float64,7,0.2527773330002674
129,3000,quant_float64,8,0.25008054100180743
129,3000,quant_float64,9,0.257050000000163
129,10000,quant_float64,0,0.8637191660018289
129,10000,quant_float64,1,0.8865939579991391
129,10000,quant_float64,2,0.8699738329960383
129,10000,quant_float64,3,0.8675961669941898
129,10000,quant_float64,4,0.8710350830006064
129,10000,quant_float64,5,0.866450707995682
129,10000,quant_float64,6,0.8608899590035435
129,10000,quant_float64,7,0.8617420419977861
129,10000,quant_float64,8,0.8611427919968264
129,10000,quant_float64,9,0.8731862079948769
192,1,quant_float64,0,0.02007662500545848
192,1,quant_float64,1,0.019899207996786572
192,1,quant_float64,2,0.01987083299900405
192,1,quant_float64,3,0.019735916001081932
192,1,quant_float64,4,0.01976420799473999
192,1,quant_float64,5,0.01969074999942677
192,1,quant_float64,6,0.019740208001167048
192,1,quant_float64,7,0.019726584003365133
192,1,quant_float64,8,0.019720500000403263
192,1,quant_float64,9,0.019729833002202213
192,3,quant_float64,0,0.021456458998727612
192,3,quant_float64,1,0.020787333000043873
192,3,quant_float64,2,0.020793249997950625
192,3,quant_float64,3,0.021586875001958106
192,3,quant_float64,4,0.020917458001349587
192,3,quant_float64,5,0.020821750003960915
192,3,quant_float64,6,0.020847792002314236
192,3,quant_float64,7,0.020781708000868093
192,3,quant_float64,8,0.020780167003977112
192,3,quant_float64,9,0.020840290999331046
192,10,quant_float64,0,0.021909957999014296
192,10,quant_float64,1,0.021871750002901535
192,10,quant_float64,2,0.021901166001043748
192,10,quant_float64,3,0.021931208000751212
192,10,quant_float64,4,0.021838417000253685
192,10,quant_float64,5,0.02191095799935283
192,10,quant_float64,6,0.02183083400450414
192,10,quant_float64,7,0.021814374995301478
192,10,quant_float64,8,0.021864458998607006
192,10,quant_float64,9,0.021871582997846417
192,30,quant_float64,0,0.025057207996724173
192,30,quant_float64,1,0.02465449999726843
192,30,quant_float64,2,0.024598791998869274
192,30,quant_float64,3,0.0245017910056049
192,30,quant_float64,4,0.024449999997159466
192,30,quant_float64,5,0.024546500004362315
192,30,quant_float64,6,0.024601292003353592
192,30,quant_float64,7,0.024614624999230728
192,30,quant_float64,8,0.024594709000666626
192,30,quant_float64,9,0.02452679099951638
192,100,quant_float64,0,0.03486274999886518
192,100,quant_float64,1,0.034105040998838376
192,100,quant_float64,2,0.03419025000039255
192,100,quant_float64,3,0.034472583000024315
192,100,quant_float64,4,0.035715625002922025
192,100,quant_float64,5,0.034728291000647005
192,100,quant_float64,6,0.03345854200597387
192,100,quant_float64,7,0.03328329199575819
192,100,quant_float64,8,0.03325875000155065
192,100,quant_float64,9,0.033215334005944896
192,300,quant_float64,0,0.06025450000015553
192,300,quant_float64,1,0.05913650000002235
192,300,quant_float64,2,0.05928587500238791
192,300,quant_float64,3,0.05935616599890636
192,300,quant_float64,4,0.05932316599501064
192,300,quant_float64,5,0.05918779099738458
192,300,quant_float64,6,0.05914650000340771
192,300,quant_float64,7,0.0591201249990263
192,300,quant_float64,8,0.059201625001151115
192,300,quant_float64,9,0.05908458399790106
192,1000,quant_float64,0,0.15178162500524195
192,1000,quant_float64,1,0.15170875000330852
192,1000,quant_float64,2,0.15169362500455463
192,1000,quant_float64,3,0.1532138330003363
192,1000,quant_float64,4,0.15010737500415416
192,1000,quant_float64,5,0.1504356250006822
192,1000,quant_float64,6,0.15015379099349957
192,1000,quant_float64,7,0.15273341699503362
192,1000,quant_float64,8,0.15294279199588345
192,1000,quant_float64,9,0.15502200000628363
192,3000,quant_float64,0,0.44284870899718953
192,3000,quant_float64,1,0.44314925000071526
192,3000,quant_float64,2,0.4408400829997845
192,3000,quant_float64,3,0.4331136670007254
192,3000,quant_float64,4,0.4333786249990226
192,3000,quant_float64,5,0.441928457999893
192,3000,quant_float64,6,0.4327416669984814
192,3000,quant_float64,7,0.446299708004517
192,3000,quant_float64,8,0.43369683399942005
192,3000,quant_float64,9,0.4439518750004936
192,10000,quant_float64,0,1.4654025830022874
192,10000,quant_float64,1,1.4755243330000667
192,10000,quant_float64,2,1.4755348340040655
192,10000,quant_float64,3,1.4511642079960438
192,10000,quant_float64,4,1.4677165410030284
192,10000,quant_float64,5,1.4773249580030097
192,10000,quant_float64,6,1.461522874997172
192,10000,quant_float64,7,1.4526750419972814
192,10000,quant_float64,8,1.461822334000317
192,10000,quant_float64,9,1.4725116249974235
254,1,quant_float64,0,0.02057233300001826
254,1,quant_float64,1,0.020076792003237642
254,1,quant_float64,2,0.019973667003796436
254,1,quant_float64,3,0.01999637499829987
254,1,quant_float64,4,0.019968708002124913
254,1,quant_float64,5,0.02004004099580925
254,1,quant_float64,6,0.019977125004515983
254,1,quant_float64,7,0.020014082998386584
254,1,quant_float64,8,0.019925207998312544
254,1,quant_float64,9,0.020075000000360887
254,3,quant_float64,0,0.02161599999817554
254,3,quant_float64,1,0.02100675000110641
254,3,quant_float64,2,0.02179908399557462
254,3,quant_float64,3,0.02106229200580856
254,3,quant_float64,4,0.02098683299846016
254,3,quant_float64,5,0.020989791002648417
254,3,quant_float64,6,0.02100087500002701
254,3,quant_float64,7,0.020954332998371683
254,3,quant_float64,8,0.020992207995732315
254,3,quant_float64,9,0.020931166000082158
254,10,quant_float64,0,0.02234570799919311
254,10,quant_float64,1,0.022327584003505763
254,10,quant_float64,2,0.02229500000248663
254,10,quant_float64,3,0.022352041996782646
254,10,quant_float64,4,0.022327833001327235
254,10,quant_float64,5,0.022352125000907108
254,10,quant_float64,6,0.022358417001669295
254,10,quant_float64,7,0.02234041700285161
254,10,quant_float64,8,0.022256583004491404
254,10,quant_float64,9,0.022352249994582962
254,30,quant_float64,0,0.02641333400242729
254,30,quant_float64,1,0.026792958000442013
254,30,quant_float64,2,0.026121208000404295
254,30,quant_float64,3,0.026149250006710645
254,30,quant_float64,4,0.026172165999014396
254,30,quant_float64,5,0.026381083000160288
254,30,quant_float64,6,0.02630012499867007
254,30,quant_float64,7,0.026028708001831546
254,30,quant_float64,8,0.02608933299779892
254,30,quant_float64,9,0.026019582997832913
254,100,quant_float64,0,0.039290542001253925
254,100,quant_float64,1,0.03880337499867892
254,100,quant_float64,2,0.040139709002687596
254,100,quant_float64,3,0.041658250003820285
254,100,quant_float64,4,0.03981683299934957
254,100,quant_float64,5,0.03969654200045625
254,100,quant_float64,6,0.03976495799724944
254,100,quant_float64,7,0.03973579100420466
254,100,quant_float64,8,0.039617207999981474
254,100,quant_float64,9,0.03962529199634446
254,300,quant_float64,0,0.07692924999719253
254,300,quant_float64,1,0.07674191599653568
254,300,quant_float64,2,0.07679170899791643
254,300,quant_float64,3,0.07671837499947287
254,300,quant_float64,4,0.07669387499481672
254,300,quant_float64,5,0.0767180000038934
254,300,quant_float64,6,0.07647500000166474
254,300,quant_float64,7,0.07876691700221272
254,300,quant_float64,8,0.07703879199834773
254,300,quant_float64,9,0.07713454100303352
254,1000,quant_float64,0,0.20614399999612942
254,1000,quant_float64,1,0.20638758299901383
254,1000,quant_float64,2,0.2064105000026757
254,1000,quant_float64,3,0.2102284580032574
254,1000,quant_float64,4,0.20810466699913377
254,1000,quant_float64,5,0.206034874994657
254,1000,quant_float64,6,0.20634408300247742
254,1000,quant_float64,7,0.20629674999509007
254,1000,quant_float64,8,0.2064634999987902
254,1000,quant_float64,9,0.20642508300079498
254,3000,quant_float64,0,0.6223529589988175
254,3000,quant_float64,1,0.6066585830049007
254,3000,quant_float64,2,0.6035612500054413
254,3000,quant_float64,3,0.6201652500021737
254,3000,quant_float64,4,0.6095742500037886
254,3000,quant_float64,5,0.6232180000006338
254,3000,quant_float64,6,0.6032862080028281
254,3000,quant_float64,7,0.6053553750025458
254,3000,quant_float64,8,0.6176024169981247
254,3000,quant_float64,9,0.6134651669999585
254,10000,quant_float64,0,2.1047480830020504
254,10000,quant_float64,1,2.058497082995018
254,10000,quant_float64,2,2.0745672500052024
254,10000,quant_float64,3,2.076002291003533
254,10000,quant_float64,4,2.084897250002541
254,10000,quant_float64,5,2.071748916998331
254,10000,quant_float64,6,2.1097716669974034
254,10000,quant_float64,7,2.093352916002914
254,10000,quant_float64,8,2.084646374998556
254,10000,quant_float64,9,2.064405999997689
255,1,quant_float64,0,0.020480457998928614
255,1,quant_float64,1,0.02003212499403162
255,1,quant_float64,2,0.020002708995889407
255,1,quant_float64,3,0.020005167003546376
255,1,quant_float64,4,0.020018041002913378
255,1,quant_float64,5,0.019952750000811648
255,1,quant_float64,6,0.019929709000280127
255,1,quant_float64,7,0.019953415998315904
255,1,quant_float64,8,0.01997616699372884
255,1,quant_float64,9,0.01992291700298665
255,3,quant_float64,0,0.02166416700492846
255,3,quant_float64,1,0.021015041995269712
255,3,quant_float64,2,0.020969416000298224
255,3,quant_float64,3,0.02099320799607085
255,3,quant_float64,4,0.020951166996383108
255,3,quant_float64,5,0.020999375003157184
255,3,quant_float64,6,0.02098074999958044
255,3,quant_float64,7,0.02086662499641534
255,3,quant_float64,8,0.020918041998811532
255,3,quant_float64,9,0.020973541999410372
255,10,quant_float64,0,0.02302379100001417
255,10,quant_float64,1,0.02323933399748057
255,10,quant_float64,2,0.023164291997090913
255,10,quant_float64,3,0.023197459006041754
255,10,quant_float64,4,0.023208249993331265
255,10,quant_float64,5,0.023131042005843483
255,10,quant_float64,6,0.023185750003904104
255,10,quant_float64,7,0.023051500000292435
255,10,quant_float64,8,0.023819833004381508
255,10,quant_float64,9,0.02241779199539451
255,30,quant_float64,0,0.02615608400083147
255,30,quant_float64,1,0.026191416996880434
255,30,quant_float64,2,0.025935292003850918
255,30,quant_float64,3,0.026133833001949824
255,30,quant_float64,4,0.02587262499582721
255,30,quant_float64,5,0.026069416999234818
255,30,quant_float64,6,0.025972458999603987
255,30,quant_float64,7,0.0260556670036749
255,30,quant_float64,8,0.025897667001117952
255,30,quant_float64,9,0.02601729200250702
255,100,quant_float64,0,0.04066962499928195
255,100,quant_float64,1,0.03967383400595281
255,100,quant_float64,2,0.041052708998904563
255,100,quant_float64,3,0.0412293330009561
255,100,quant_float64,4,0.039681458998529706
255,100,quant_float64,5,0.03962862500338815
255,100,quant_float64,6,0.03972945900022751
255,100,quant_float64,7,0.03957845799595816
255,100,quant_float64,8,0.03967379199457355
255,100,quant_float64,9,0.03973470900382381
255,300,quant_float64,0,0.07680616700235987
255,300,quant_float64,1,0.07647091699618613
255,300,quant_float64,2,0.07640437499503605
255,300,quant_float64,3,0.07641387500189012
255,300,quant_float64,4,0.07641566700476687
255,300,quant_float64,5,0.07752850000542821
255,300,quant_float64,6,0.07600366699625738
255,300,quant_float64,7,0.07589750000624917
255,300,quant_float64,8,0.07583525000518421
255,300,quant_float64,9,0.07581770800607046
255,1000,quant_float64,0,0.21022712500416674
255,1000,quant_float64,1,0.20470841700443998
255,1000,quant_float64,2,0.20458550000330433
255,1000,quant_float64,3,0.20924870899762027
255,1000,quant_float64,4,0.2056671250029467
255,1000,quant_float64,5,0.2061705840023933
255,1000,quant_float64,6,0.2045072920009261
255,1000,quant_float64,7,0.20462683299410855
255,1000,quant_float64,8,0.20937408399913693
255,1000,quant_float64,9,0.2058514579985058
255,3000,quant_float64,0,0.6231754999971599
255,3000,quant_float64,1,0.6086320409958716
255,3000,quant_float64,2,0.6061219999974128
255,3000,quant_float64,3,0.6002900419989601
255,3000,quant_float64,4,0.6113041659991723
255,3000,quant_float64,5,0.6028122079951572
255,3000,quant_float64,6,0.616134083000361
255,3000,quant_float64,7,0.6012756670024828
255,3000,quant_float64,8,0.6000717499991879
255,3000,quant_float64,9,0.6111766670001089
255,10000,quant_float64,0,2.077577208998264
255,10000,quant_float64,1,2.061054999998305
255,10000,quant_float64,2,2.0430122910038335
255,10000,quant_float64,3,2.0700677080021705
255,10000,quant_float64,4,2.0738899589996436
255,10000,quant_float64,5,2.040869541000575
255,10000,quant_float64,6,2.09970891699777
255,10000,quant_float64,7,2.0600172920021578
255,10000,quant_float64,8,2.0775586659947294
255,10000,quant_float64,9,2.0763818339983118
256,1,quant_float64,0,0.02013825000176439
256,1,quant_float64,1,0.02007712500198977
256,1,quant_float64,2,0.019959499994001817
256,1,quant_float64,3,0.019971999994595535
256,1,quant_float64,4,0.02015762499650009
256,1,quant_float64,5,0.0201131659996463
256,1,quant_float64,6,0.020703458998468705
256,1,quant_float64,7,0.01998954200098524
256,1,quant_float64,8,0.019988790998468176
256,1,quant_float64,9,0.020023707998916507
256,3,quant_float64,0,0.022501916995679494
256,3,quant_float64,1,0.021771709005406592
256,3,quant_float64,2,0.022399916000722442
256,3,quant_float64,3,0.021037375001469627
256,3,quant_float64,4,0.021012042001530062
256,3,quant_float64,5,0.021023124994826503
256,3,quant_float64,6,0.02098637499875622
256,3,quant_float64,7,0.02097245800541714
256,3,quant_float64,8,0.020941999995557126
256,3,quant_float64,9,0.020947666998836212
256,10,quant_float64,0,0.023111916998459492
256,10,quant_float64,1,0.023089084003004245
256,10,quant_float64,2,0.023162167002737988
256,10,quant_float64,3,0.02313812499778578
256,10,quant_float64,4,0.023190708001493476
256,10,quant_float64,5,0.0225464169998304
256,10,quant_float64,6,0.0223397500012652
256,10,quant_float64,7,0.02233733299362939
256,10,quant_float64,8,0.022224457999982405
256,10,quant_float64,9,0.022302083001704887
256,30,quant_float64,0,0.02711170799739193
256,30,quant_float64,1,0.02630562499689404
256,30,quant_float64,2,0.026104416996531654
256,30,quant_float64,3,0.028300416001002304
256,30,quant_float64,4,0.02599591599573614
256,30,quant_float64,5,0.0264392079989193
256,30,quant_float64,6,0.02584562500123866
256,30,quant_float64,7,0.027242500000284053
256,30,quant_float64,8,0.025981666003644932
256,30,quant_float64,9,0.02600620799785247
256,100,quant_float64,0,0.03936708399851341
256,100,quant_float64,1,0.038729667001462076
256,100,quant_float64,2,0.03966716700233519
256,100,quant_float64,3,0.04027779200259829
256,100,quant_float64,4,0.03877054100303212
256,100,quant_float64,5,0.038815458996396046
256,100,quant_float64,6,0.04012637500272831
256,100,quant_float64,7,0.03873500000190688
256,100,quant_float64,8,0.03870370900403941
256,100,quant_float64,9,0.038603832996159326
256,300,quant_float64,0,0.07714341700193472
256,300,quant_float64,1,0.07646104200102855
256,300,quant_float64,2,0.07639149999886286
256,300,quant_float64,3,0.07655170900397934
256,300,quant_float64,4,0.07640387500578072
256,300,quant_float64,5,0.07665637500031153
256,300,quant_float64,6,0.07649958300316939
256,300,quant_float64,7,0.07910608299425803
256,300,quant_float64,8,0.0766689169977326
256,300,quant_float64,9,0.0766092089979793
256,1000,quant_float64,0,0.20754645899432944
256,1000,quant_float64,1,0.210009499998705
256,1000,quant_float64,2,0.21185674999287585
256,1000,quant_float64,3,0.20563966700137826
256,1000,quant_float64,4,0.20546491699496983
256,1000,quant_float64,5,0.20519329099624883
256,1000,quant_float64,6,0.20522233300289372
256,1000,quant_float64,7,0.2050945419978234
256,1000,quant_float64,8,0.2077857500044047
256,1000,quant_float64,9,0.20578579200082459
256,3000,quant_float64,0,0.6142417499941075
256,3000,quant_float64,1,0.6098584159990423
256,3000,quant_float64,2,0.5997893330059014
256,3000,quant_float64,3,0.6037778750032885
256,3000,quant_float64,4,0.605462167004589
256,3000,quant_float64,5,0.6005389169949922
256,3000,quant_float64,6,0.6218696249998175
256,3000,quant_float64,7,0.6065379159990698
256,3000,quant_float64,8,0.6029400410043309
256,3000,quant_float64,9,0.6082589579964406
256,10000,quant_float64,0,2.100001250000787
256,10000,quant_float64,1,2.0803405000042403
256,10000,quant_float64,2,2.1060489999945275
256,10000,quant_float64,3,2.0755518750011106
256,10000,quant_float64,4,2.044746874998964
256,10000,quant_float64,5,2.075640374998329
256,10000,quant_float64,6,2.083948250001413
256,10000,quant_float64,7,2.0511795000056736
256,10000,quant_float64,8,2.0750851670018164
256,10000,quant_float64,9,2.0599772920031683
257,1,quant_float64,0,0.02024570899811806
257,1,quant_float64,1,0.020050540995725896
257,1,quant_float64,2,0.020355665998067707
257,1,quant_float64,3,0.01996954200149048
257,1,quant_float64,4,0.01988504100154387
257,1,quant_float64,5,0.019939124998927582
257,1,quant_float64,6,0.019947125001635868
257,1,quant_float64,7,0.01993058399966685
257,1,quant_float64,8,0.019915416996809654
257,1,quant_float64,9,0.020293625006161164
257,3,quant_float64,0,0.021848666998266708
257,3,quant_float64,1,0.02119779200438643
257,3,quant_float64,2,0.021131624998815823
257,3,quant_float64,3,0.0210646249979618
257,3,quant_float64,4,0.021127667001564987
257,3,quant_float64,5,0.02109945899428567
257,3,quant_float64,6,0.021153583998966496
257,3,quant_float64,7,0.02112900000065565
257,3,quant_float64,8,0.021129207998455968
257,3,quant_float64,9,0.021116167001309805
257,10,quant_float64,0,0.022454334000940435
257,10,quant_float64,1,0.02242041700083064
257,10,quant_float64,2,0.023686250002356246
257,10,quant_float64,3,0.02335033300187206
257,10,quant_float64,4,0.02320549999421928
257,10,quant_float64,5,0.023236583001562394
257,10,quant_float64,6,0.023270125006092712
257,10,quant_float64,7,0.023424917002557777
257,10,quant_float64,8,0.022249583998927847
257,10,quant_float64,9,0.022324750003463123
257,30,quant_float64,0,0.02666237499943236
257,30,quant_float64,1,0.026714874999015592
257,30,quant_float64,2,0.0273080420010956
257,30,quant_float64,3,0.026718125001934823
257,30,quant_float64,4,0.026845207998121623
257,30,quant_float64,5,0.026733916005468927
257,30,quant_float64,6,0.02695304199733073
257,30,quant_float64,7,0.026675707995309494
257,30,quant_float64,8,0.026862332997552585
257,30,quant_float64,9,0.026703292001911905
257,100,quant_float64,0,0.039951374994416256
257,100,quant_float64,1,0.038964625004155096
257,100,quant_float64,2,0.04029520799667807
257,100,quant_float64,3,0.0402281659989967
257,100,quant_float64,4,0.03896104199520778
257,100,quant_float64,5,0.03980474999843864
257,100,quant_float64,6,0.03894612500153016
257,100,quant_float64,7,0.03915933299867902
257,100,quant_float64,8,0.038946541004406754
257,100,quant_float64,9,0.03887858399684774
257,300,quant_float64,0,0.07884845799708273
257,300,quant_float64,1,0.07699900000443449
257,300,quant_float64,2,0.07681187500566011
257,300,quant_float64,3,0.07688258300186135
257,300,quant_float64,4,0.07693720799579751
257,300,quant_float64,5,0.07705391699710162
257,300,quant_float64,6,0.0770137910003541
257,300,quant_float64,7,0.07686850000027334
257,300,quant_float64,8,0.07676362500205869
257,300,quant_float64,9,0.0768458329985151
257,1000,quant_float64,0,0.2149193329969421
257,1000,quant_float64,1,0.212347790999047
257,1000,quant_float64,2,0.20519337500445545
257,1000,quant_float64,3,0.20906320799986133
257,1000,quant_float64,4,0.20875137499388075
257,1000,quant_float64,5,0.20915675000287592
257,1000,quant_float64,6,0.20863687500241213
257,1000,quant_float64,7,0.2088156669997261
257,1000,quant_float64,8,0.20939212499797577
257,1000,quant_float64,9,0.20878850000008242
257,3000,quant_float64,0,0.6293271250033285
257,3000,quant_float64,1,0.6261286659937468
257,3000,quant_float64,2,0.6371319999961997
257,3000,quant_float64,3,0.623290999996243
257,3000,quant_float64,4,0.6115560420003021
257,3000,quant_float64,5,0.6082002080001985
257,3000,quant_float64,6,0.6119200419998378
257,3000,quant_float64,7,0.6217672500060871
257,3000,quant_float64,8,0.6105466670051101
257,3000,quant_float64,9,0.6070530419965507
257,10000,quant_float64,0,2.1063093330012634
257,10000,quant_float64,1,2.080115457996726
257,10000,quant_float64,2,2.07805695800198
257,10000,quant_float64,3,2.104840959000285
257,10000,quant_float64,4,2.0955117089979467
257,10000,quant_float64,5,2.133872624996002
257,10000,quant_float64,6,2.1128052079948247
257,10000,quant_float64,7,2.1024911670028814
257,10000,quant_float64,8,2.1065759580014856
257,10000,quant_float64,9,2.095656792000227
384,1,quant_float64,0,0.021096832999319304
384,1,quant_float64,1,0.020635165994463023
384,1,quant_float64,2,0.020630415994673967
384,1,quant_float64,3,0.020582290999300312
384,1,quant_float64,4,0.020671915997809265
384,1,quant_float64,5,0.020564917002047878
384,1,quant_float64,6,0.020840457997110207
384,1,quant_float64,7,0.020875875001365785
384,1,quant_float64,8,0.020696541003417224
384,1,quant_float64,9,0.02077666699915426
384,3,quant_float64,0,0.022708834003424272
384,3,quant_float64,1,0.021946792003291193
384,3,quant_float64,2,0.021966375003103167
384,3,quant_float64,3,0.023581000001286156
384,3,quant_float64,4,0.02260487499734154
384,3,quant_float64,5,0.02272524999716552
384,3,quant_float64,6,0.022745207999832928
384,3,quant_float64,7,0.022640625000349246
384,3,quant_float64,8,0.022729208001692314
384,3,quant_float64,9,0.022679499998048414
384,10,quant_float64,0,0.024786333000520244
384,10,quant_float64,1,0.024692166000022553
384,10,quant_float64,2,0.02475754100305494
384,10,quant_float64,3,0.024696833002963103
384,10,quant_float64,4,0.02474975000222912
384,10,quant_float64,5,0.02470470900152577
384,10,quant_float64,6,0.024631833002786152
384,10,quant_float64,7,0.024644124998303596
384,10,quant_float64,8,0.02480229200591566
384,10,quant_float64,9,0.02468554099323228
384,30,quant_float64,0,0.031038792003528215
384,30,quant_float64,1,0.030903749997378327
384,30,quant_float64,2,0.03147045800142223
384,30,quant_float64,3,0.031179833997157402
384,30,quant_float64,4,0.031143749998591375
384,30,quant_float64,5,0.031055583000124898
384,30,quant_float64,6,0.03112025000154972
384,30,quant_float64,7,0.031530250002106186
384,30,quant_float64,8,0.031148917005339172
384,30,quant_float64,9,0.031170750000455882
384,100,quant_float64,0,0.05370670800039079
384,100,quant_float64,1,0.05286037499899976
384,100,quant_float64,2,0.05234579199895961
384,100,quant_float64,3,0.05248445899633225
384,100,quant_float64,4,0.05224508299579611
384,100,quant_float64,5,0.052317333000246435
384,100,quant_float64,6,0.05226158400182612
384,100,quant_float64,7,0.0522027920014807
384,100,quant_float64,8,0.05222329199750675
384,100,quant_float64,9,0.05215508299443172
384,300,quant_float64,0,0.11617633399873739
384,300,quant_float64,1,0.11443624999810709
384,300,quant_float64,2,0.11421041600260651
384,300,quant_float64,3,0.11439704200165579
384,300,quant_float64,4,0.11415525000484195
384,300,quant_float64,5,0.11677833299472695
384,300,quant_float64,6,0.11373054099385627
384,300,quant_float64,7,0.11349166699801572
384,300,quant_float64,8,0.11345841699949233
384,300,quant_float64,9,0.11339562499779277
384,1000,quant_float64,0,0.36190945799899055
384,1000,quant_float64,1,0.34167395799886435
384,1000,quant_float64,2,0.3341871250013355
384,1000,quant_float64,3,0.35123975000169594
384,1000,quant_float64,4,0.33779750000394415
384,1000,quant_float64,5,0.3423869170001126
384,1000,quant_float64,6,0.3507421250033076
384,1000,quant_float64,7,0.335437166999327
384,1000,quant_float64,8,0.33738658299989766
384,1000,quant_float64,9,0.3535941250011092
384,3000,quant_float64,0,1.0630044999998063
384,3000,quant_float64,1,1.061421208003594
384,3000,quant_float64,2,1.055488083002274
384,3000,quant_float64,3,1.0542387079985929
384,3000,quant_float64,4,1.0554465420063934
384,3000,quant_float64,5,1.0627206249992014
384,3000,quant_float64,6,1.0527115000004414
384,3000,quant_float64,7,1.0643242919977638
384,3000,quant_float64,8,1.0561352920049103
384,3000,quant_float64,9,1.0530931670000427
384,10000,quant_float64,0,3.5177815839997493
384,10000,quant_float64,1,3.544578458997421
384,10000,quant_float64,2,3.4980946659998153
384,10000,quant_float64,3,3.4730615000007674
384,10000,quant_float64,4,3.5422247919996153
384,10000,quant_float64,5,3.5038531249956577
384,10000,quant_float64,6,3.5591314589983085
384,10000,quant_float64,7,3.5806498329984606
384,10000,quant_float64,8,3.5323674590035807
384,10000,quant_float64,9,3.5310876250005094
510,1,quant_float64,0,0.021145292004803196
510,1,quant_float64,1,0.021095750002132263
510,1,quant_float64,2,0.021022624998295214
510,1,quant_float64,3,0.021052707998023834
510,1,quant_float64,4,0.021070792005048133
510,1,quant_float64,5,0.021977167001750786
510,1,quant_float64,6,0.02112879100604914
510,1,quant_float64,7,0.021038625003711786
510,1,quant_float64,8,0.021056124998722225
510,1,quant_float64,9,0.020919249996950384
510,3,quant_float64,0,0.0229251250057132
510,3,quant_float64,1,0.02245658299943898
510,3,quant_float64,2,0.022783000000345055
510,3,quant_float64,3,0.022432417004893068
510,3,quant_float64,4,0.0223778340005083
510,3,quant_float64,5,0.02239920900319703
510,3,quant_float64,6,0.022429042001022026
510,3,quant_float64,7,0.022349541999574285
510,3,quant_float64,8,0.022380583002814092
510,3,quant_float64,9,0.022370708000380546
510,10,quant_float64,0,0.026354458001151215
510,10,quant_float64,1,0.025476458002231084
510,10,quant_float64,2,0.02604799999971874
510,10,quant_float64,3,0.025552582999807782
510,10,quant_float64,4,0.025503750002826564
510,10,quant_float64,5,0.025599790998967364
510,10,quant_float64,6,0.025608874995668884
510,10,quant_float64,7,0.025626040995121002
510,10,quant_float64,8,0.025548000005073845
510,10,quant_float64,9,0.025522500000079162
510,30,quant_float64,0,0.03528224999899976
510,30,quant_float64,1,0.03480745900014881
510,30,quant_float64,2,0.03478658299718518
510,30,quant_float64,3,0.03475237500242656
510,30,quant_float64,4,0.03486541700112866
510,30,quant_float64,5,0.0348676669964334
510,30,quant_float64,6,0.0348067919985624
510,30,quant_float64,7,0.03479604200401809
510,30,quant_float64,8,0.03490491599950474
510,30,quant_float64,9,0.03679425000154879
510,100,quant_float64,0,0.06783604100201046
510,100,quant_float64,1,0.06559416699747089
510,100,quant_float64,2,0.0657675419934094
510,100,quant_float64,3,0.06546208300278522
510,100,quant_float64,4,0.06527995799842756
510,100,quant_float64,5,0.0652147500004503
510,100,quant_float64,6,0.06522304200188955
510,100,quant_float64,7,0.06494175000261748
510,100,quant_float64,8,0.06513912499940488
510,100,quant_float64,9,0.06508041699999012
510,300,quant_float64,0,0.1631695830001263
510,300,quant_float64,1,0.16074449999723583
510,300,quant_float64,2,0.15807849999691825
510,300,quant_float64,3,0.15795408299891278
510,300,quant_float64,4,0.15731816700281342
510,300,quant_float64,5,0.1576623329965514
510,300,quant_float64,6,0.15972308400523616
510,300,quant_float64,7,0.15754533300059848
510,300,quant_float64,8,0.1574876660015434
510,300,quant_float64,9,0.1577969169957214
510,1000,quant_float64,0,0.490631000000576
510,1000,quant_float64,1,0.47013804099697154
510,1000,quant_float64,2,0.4855367499985732
510,1000,quant_float64,3,0.482861041004071
510,1000,quant_float64,4,0.49214995799411554
510,1000,quant_float64,5,0.482504916995822
510,1000,quant_float64,6,0.4805721669981722
510,1000,quant_float64,7,0.47815416700177593
510,1000,quant_float64,8,0.47900449999724515
510,1000,quant_float64,9,0.4764004169992404
510,3000,quant_float64,0,1.5089723330020206
510,3000,quant_float64,1,1.5005174170000828
510,3000,quant_float64,2,1.478501084005984
510,3000,quant_float64,3,1.4827007500061882
510,3000,quant_float64,4,1.486500207996869
510,3000,quant_float64,5,1.4661521669986541
510,3000,quant_float64,6,1.4741566669981694
510,3000,quant_float64,7,1.4735208330021123
510,3000,quant_float64,8,1.5013407500009635
510,3000,quant_float64,9,1.4961715419995016
510,10000,quant_float64,0,4.974666374997469
510,10000,quant_float64,1,4.903486124996562
510,10000,quant_float64,2,4.944072250000318
510,10000,quant_float64,3,5.00361958299618
510,10000,quant_float64,4,5.035959084001661
510,10000,quant_float64,5,5.028257250000024
510,10000,quant_float64,6,5.009178332998999
510,10000,quant_float64,7,5.0674678340001265
510,10000,quant_float64,8,4.979927666994627
510,10000,quant_float64,9,5.078383375002886
511,1,quant_float64,0,0.022535709002113435
511,1,quant_float64,1,0.021071999995911028
511,1,quant_float64,2,0.021005875001719687
511,1,quant_float64,3,0.020974292005121242
511,1,quant_float64,4,0.021048958995379508
511,1,quant_float64,5,0.020934666994435247
511,1,quant_float64,6,0.020980624998628628
511,1,quant_float64,7,0.021069832997454796
511,1,quant_float64,8,0.020870749998721294
511,1,quant_float64,9,0.020913416999974288
511,3,quant_float64,0,0.022509542002808303
511,3,quant_float64,1,0.022465958005341236
511,3,quant_float64,2,0.022398041997803375
511,3,quant_float64,3,0.022358041002007667
511,3,quant_float64,4,0.022485041998152155
511,3,quant_float64,5,0.02243316700332798
511,3,quant_float64,6,0.02241745899664238
511,3,quant_float64,7,0.02238754199788673
511,3,quant_float64,8,0.0224012499966193
511,3,quant_float64,9,0.022420041997975204
511,10,quant_float64,0,0.026724834002379794
511,10,quant_float64,1,0.025436707997869235
511,10,quant_float64,2,0.02587599999969825
511,10,quant_float64,3,0.02576795800268883
511,10,quant_float64,4,0.025752124995051417
511,10,quant_float64,5,0.02573337499779882
511,10,quant_float64,6,0.02574804199684877
511,10,quant_float64,7,0.025651832998846658
511,10,quant_float64,8,0.025706916996568907
511,10,quant_float64,9,0.025655499994172715
511,30,quant_float64,0,0.03435370799707016
511,30,quant_float64,1,0.03435433299455326
511,30,quant_float64,2,0.03429029200196965
511,30,quant_float64,3,0.03428249999706168
511,30,quant_float64,4,0.03427895900676958
511,30,quant_float64,5,0.034357208001893014
511,30,quant_float64,6,0.03425841700664023
511,30,quant_float64,7,0.03423704099986935
511,30,quant_float64,8,0.03427154199744109
511,30,quant_float64,9,0.03543458399508381
511,100,quant_float64,0,0.06597925000096438
511,100,quant_float64,1,0.0664754589961376
511,100,quant_float64,2,0.06650912500481354
511,100,quant_float64,3,0.06618537499889499
511,100,quant_float64,4,0.06632216599973617
511,100,quant_float64,5,0.06783570799598237
511,100,quant_float64,6,0.0654759169992758
511,100,quant_float64,7,0.06562337499781279
511,100,quant_float64,8,0.0658892499996
511,100,quant_float64,9,0.06537341700459365
511,300,quant_float64,0,0.1608161670010304
511,300,quant_float64,1,0.16058629100007238
511,300,quant_float64,2,0.1605437499965774
511,300,quant_float64,3,0.16021987500425894
511,300,quant_float64,4,0.167513708001934
511,300,quant_float64,5,0.1592270000037388
511,300,quant_float64,6,0.15893879100622144
511,300,quant_float64,7,0.16220804199838312
511,300,quant_float64,8,0.16507008399639744
511,300,quant_float64,9,0.16421929199714214
511,1000,quant_float64,0,0.5014938329986762
511,1000,quant_float64,1,0.5002285419977852
511,1000,quant_float64,2,0.48378729200339876
511,1000,quant_float64,3,0.48569941699679475
511,1000,quant_float64,4,0.48264191699854564
511,1000,quant_float64,5,0.5076808750018245
511,1000,quant_float64,6,0.4808825829968555
511,1000,quant_float64,7,0.4826999170036288
511,1000,quant_float64,8,0.5123393340036273
511,1000,quant_float64,9,0.48312233299657237
511,3000,quant_float64,0,1.5273359999991953
511,3000,quant_float64,1,1.5435666250050417
511,3000,quant_float64,2,1.5188734580005985
511,3000,quant_float64,3,1.5327383749972796
511,3000,quant_float64,4,1.538666957996611
511,3000,quant_float64,5,1.5304681249981513
511,3000,quant_float64,6,1.5068156659981469
511,3000,quant_float64,7,1.5667027919989778
511,3000,quant_float64,8,1.5338109580043238
511,3000,quant_float64,9,1.5439801659958903
511,10000,quant_float64,0,5.056817333999788
511,10000,quant_float64,1,5.041956582994317
511,10000,quant_float64,2,5.06947150000633
511,10000,quant_float64,3,5.0629017499959446
511,10000,quant_float64,4,4.961847250000574
511,10000,quant_float64,5,5.031891665996227
511,10000,quant_float64,6,4.992008875000465
511,10000,quant_float64,7,5.0417280410038074
511,10000,quant_float64,8,5.0857677919993876
511,10000,quant_float64,9,5.052108209005382
512,1,quant_float64,0,0.022943791998841334
512,1,quant_float64,1,0.021738082999945618
512,1,quant_float64,2,0.02182070900016697
512,1,quant_float64,3,0.02177079099783441
512,1,quant_float64,4,0.021736417002102826
512,1,quant_float64,5,0.021749250001448672
512,1,quant_float64,6,0.021699417004128918
512,1,quant_float64,7,0.02179545800026972
512,1,quant_float64,8,0.021830875004525296
512,1,quant_float64,9,0.021740958996815607
512,3,quant_float64,0,0.023140707999118604
512,3,quant_float64,1,0.02302587499434594
512,3,quant_float64,2,0.023023957997793332
512,3,quant_float64,3,0.023043125002004672
512,3,quant_float64,4,0.023056666999764275
512,3,quant_float64,5,0.023053582997818012
512,3,quant_float64,6,0.02300391699827742
512,3,quant_float64,7,0.022954958003538195
512,3,quant_float64,8,0.022928875005163718
512,3,quant_float64,9,0.022871583001688123
512,10,quant_float64,0,0.025542709001456387
512,10,quant_float64,1,0.02545862500119256
512,10,quant_float64,2,0.026436542000737973
512,10,quant_float64,3,0.0257425419986248
512,10,quant_float64,4,0.025757959003385622
512,10,quant_float64,5,0.025680375001684297
512,10,quant_float64,6,0.025638749997597188
512,10,quant_float64,7,0.025705915999424178
512,10,quant_float64,8,0.02572008300194284
512,10,quant_float64,9,0.025616582999646198
512,30,quant_float64,0,0.03486666599928867
512,30,quant_float64,1,0.03655533299752278
512,30,quant_float64,2,0.035635666994494386
512,30,quant_float64,3,0.03566108299855841
512,30,quant_float64,4,0.03574258399748942
512,30,quant_float64,5,0.03566362499987008
512,30,quant_float64,6,0.035861917000147514
512,30,quant_float64,7,0.03638824999507051
512,30,quant_float64,8,0.03584525000042049
512,30,quant_float64,9,0.037184624998189975
512,100,quant_float64,0,0.06571604200144066
512,100,quant_float64,1,0.06567391600401606
512,100,quant_float64,2,0.06560808399808593
512,100,quant_float64,3,0.06564533300115727
512,100,quant_float64,4,0.06559287499840138
512,100,quant_float64,5,0.0655603329942096
512,100,quant_float64,6,0.06852466599957552
512,100,quant_float64,7,0.0655631249974249
512,100,quant_float64,8,0.06544974999997066
512,100,quant_float64,9,0.06539995800267207
512,300,quant_float64,0,0.16411712500121212
512,300,quant_float64,1,0.16198145799717167
512,300,quant_float64,2,0.1618575000029523
512,300,quant_float64,3,0.159814999999071
512,300,quant_float64,4,0.15993645800335798
512,300,quant_float64,5,0.1599800000039977
512,300,quant_float64,6,0.1598787920011091
512,300,quant_float64,7,0.16015887499816017
512,300,quant_float64,8,0.16006712499802234
512,300,quant_float64,9,0.15988604199810652
512,1000,quant_float64,0,0.5111366249984712
512,1000,quant_float64,1,0.47455808400263777
512,1000,quant_float64,2,0.4828144170023734
512,1000,quant_float64,3,0.4877873750010622
512,1000,quant_float64,4,0.49514558399823727
512,1000,quant_float64,5,0.49923929200303974
512,1000,quant_float64,6,0.5081665830002748
512,1000,quant_float64,7,0.4813743330014404
512,1000,quant_float64,8,0.4813688340000226
512,1000,quant_float64,9,0.48633466599858366
512,3000,quant_float64,0,1.5334645420007291
512,3000,quant_float64,1,1.5387935000035213
512,3000,quant_float64,2,1.5084821669952362
512,3000,quant_float64,3,1.5526553750023595
512,3000,quant_float64,4,1.5358734999972512
512,3000,quant_float64,5,1.5393819159944542
512,3000,quant_float64,6,1.5275344580004457
512,3000,quant_float64,7,1.5447047499983455
512,3000,quant_float64,8,1.5653152090017102
512,3000,quant_float64,9,1.550922417001857
512,10000,quant_float64,0,5.007595333001518
512,10000,quant_float64,1,5.030954457994085
512,10000,quant_float64,2,5.076848000004247
512,10000,quant_float64,3,4.986952249993919
512,10000,quant_float64,4,5.017232209000213
512,10000,quant_float64,5,5.068712125001184
512,10000,quant_float64,6,5.059516959001485
512,10000,quant_float64,7,4.975227499999164
512,10000,quant_float64,8,4.930857583000034
512,10000,quant_float64,9,5.009307167005318
513,1,quant_float64,0,0.0216325000001234
513,1,quant_float64,1,0.021125333005329594
513,1,quant_float64,2,0.021077166995382868
513,1,quant_float64,3,0.02104370800225297
513,1,quant_float64,4,0.021036000005551614
513,1,quant_float64,5,0.021040166000602767
513,1,quant_float64,6,0.020969208002497908
513,1,quant_float64,7,0.02106404199730605
513,1,quant_float64,8,0.020949915997334756
513,1,quant_float64,9,0.021030249998148065
513,3,quant_float64,0,0.023852166996221058
513,3,quant_float64,1,0.02260766599647468
513,3,quant_float64,2,0.022493917000247166
513,3,quant_float64,3,0.022523250001540873
513,3,quant_float64,4,0.022464540998043958
513,3,quant_float64,5,0.02253750000090804
513,3,quant_float64,6,0.022496457997476682
513,3,quant_float64,7,0.022486458001367282
513,3,quant_float64,8,0.022408167002140544
513,3,quant_float64,9,0.022897124996234197
513,10,quant_float64,0,0.02646208300575381
513,10,quant_float64,1,0.025725083003635518
513,10,quant_float64,2,0.025568750003003515
513,10,quant_float64,3,0.025656500001787208
513,10,quant_float64,4,0.02559520799695747
513,10,quant_float64,5,0.025616917002480477
513,10,quant_float64,6,0.025628832998336293
513,10,quant_float64,7,0.025560665999364574
513,10,quant_float64,8,0.02555745800054865
513,10,quant_float64,9,0.025577958003850654
513,30,quant_float64,0,0.03434933400421869
513,30,quant_float64,1,0.03500645799795166
513,30,quant_float64,2,0.03436962499836227
513,30,quant_float64,3,0.034361083002295345
513,30,quant_float64,4,0.034221832996991
513,30,quant_float64,5,0.03420870799891418
513,30,quant_float64,6,0.03418095900269691
513,30,quant_float64,7,0.03422741700342158
513,30,quant_float64,8,0.03528841600200394
513,30,quant_float64,9,0.03986250000161817
513,100,quant_float64,0,0.06973966700024903
513,100,quant_float64,1,0.06588462500076275
513,100,quant_float64,2,0.0660303750046296
513,100,quant_float64,3,0.06627891599782743
513,100,quant_float64,4,0.06563212499895599
513,100,quant_float64,5,0.06595104200096102
513,100,quant_float64,6,0.06550070799858076
513,100,quant_float64,7,0.06558458399376832
513,100,quant_float64,8,0.06565612499980489
513,100,quant_float64,9,0.0656012909967103
513,300,quant_float64,0,0.1803421669974341
513,300,quant_float64,1,0.1612909169998602
513,300,quant_float64,2,0.16129591700155288
513,300,quant_float64,3,0.16616591699857963
513,300,quant_float64,4,0.1612627079957747
513,300,quant_float64,5,0.16077954199863598
513,300,quant_float64,6,0.16083745799551252
513,300,quant_float64,7,0.1648726670027827
513,300,quant_float64,8,0.16418616699957056
513,300,quant_float64,9,0.16390591699746437
513,1000,quant_float64,0,0.49894804199720966
513,1000,quant_float64,1,0.502949792004074
513,1000,quant_float64,2,0.4836373750003986
513,1000,quant_float64,3,0.4899782499996945
513,1000,quant_float64,4,0.48267050000140443
513,1000,quant_float64,5,0.49535787499917205
513,1000,quant_float64,6,0.4829221250038245
513,1000,quant_float64,7,0.4980644579991349
513,1000,quant_float64,8,0.5018219579942524
513,1000,quant_float64,9,0.4745849579994683
513,3000,quant_float64,0,1.5267905840009917
513,3000,quant_float64,1,1.5570629170033499
513,3000,quant_float64,2,1.5175369170028716
513,3000,quant_float64,3,1.544010999998136
513,3000,quant_float64,4,1.521413083995867
513,3000,quant_float64,5,1.5424962920005783
513,3000,quant_float64,6,1.5408119999992778
513,3000,quant_float64,7,1.537106625000888
513,3000,quant_float64,8,1.5473022910009604
513,3000,quant_float64,9,1.5463274590001674
513,10000,quant_float64,0,5.042970124995918
513,10000,quant_float64,1,5.004133750000619
513,10000,quant_float64,2,4.979463333002059
513,10000,quant_float64,3,5.017152209002234
513,10000,quant_float64,4,5.063122874998953
513,10000,quant_float64,5,5.101217584000551
513,10000,quant_float64,6,5.043492624994542
513,10000,quant_float64,7,5.056819958001142
513,10000,quant_float64,8,5.002893541997764
513,10000,quant_float64,9,5.077978166998946
768,1,quant_float64,0,0.02195075000054203
768,1,quant_float64,1,0.021403832994110417
768,1,quant_float64,2,0.021404416002042126
768,1,quant_float64,3,0.021398124998086132
768,1,quant_float64,4,0.021347457994124852
768,1,quant_float64,5,0.02139829200314125
768,1,quant_float64,6,0.021399917000962887
768,1,quant_float64,7,0.021381833001214545
768,1,quant_float64,8,0.021441499993670732
768,1,quant_float64,9,0.021394499999587424
768,3,quant_float64,0,0.024455749997287057
768,3,quant_float64,1,0.02334116699785227
768,3,quant_float64,2,0.02371595799922943
768,3,quant_float64,3,0.02361479200044414
768,3,quant_float64,4,0.023563417002151255
768,3,quant_float64,5,0.023573250000481494
768,3,quant_float64,6,0.02357129200390773
768,3,quant_float64,7,0.023520417002146132
768,3,quant_float64,8,0.02353604200470727
768,3,quant_float64,9,0.023576499996124767
768,10,quant_float64,0,0.02871791600045981
768,10,quant_float64,1,0.02902787500352133
768,10,quant_float64,2,0.02881916699698195
768,10,quant_float64,3,0.028673291999439243
768,10,quant_float64,4,0.028552124997077044
768,10,quant_float64,5,0.028676374997303355
768,10,quant_float64,6,0.028557166995597072
768,10,quant_float64,7,0.028616791998501867
768,10,quant_float64,8,0.028632041001401376
768,10,quant_float64,9,0.02859058399917558
768,30,quant_float64,0,0.04480804200284183
768,30,quant_float64,1,0.0436115830016206
768,30,quant_float64,2,0.043341500000678934
768,30,quant_float64,3,0.04327108300640248
768,30,quant_float64,4,0.043312041998433415
768,30,quant_float64,5,0.0432977500022389
768,30,quant_float64,6,0.045052125002257526
768,30,quant_float64,7,0.044486166996648535
768,30,quant_float64,8,0.043341042000974994
768,30,quant_float64,9,0.04339033300493611
768,100,quant_float64,0,0.09894145800353726
768,100,quant_float64,1,0.09873120799602475
768,100,quant_float64,2,0.10027470799832372
768,100,quant_float64,3,0.09863220900297165
768,100,quant_float64,4,0.098863416002132
768,100,quant_float64,5,0.09864058400125941
768,100,quant_float64,6,0.09891570800391492
768,100,quant_float64,7,0.09857125000417
768,100,quant_float64,8,0.09839495800406439
768,100,quant_float64,9,0.09841637500358047
768,300,quant_float64,0,0.25370275000022957
768,300,quant_float64,1,0.24738658300339011
768,300,quant_float64,2,0.249561625001661
768,300,quant_float64,3,0.24725812499673339
768,300,quant_float64,4,0.24951158299518283
768,300,quant_float64,5,0.24718420799763408
768,300,quant_float64,6,0.24930820799636422
768,300,quant_float64,7,0.247451083996566
768,300,quant_float64,8,0.24897345800127368
768,300,quant_float64,9,0.25193008299538633
768,1000,quant_float64,0,0.8470634999976028
768,1000,quant_float64,1,0.846059667004738
768,1000,quant_float64,2,0.8540842919974239
768,1000,quant_float64,3,0.8080934579993482
768,1000,quant_float64,4,0.8391337499997462
768,1000,quant_float64,5,0.8478163330000825
768,1000,quant_float64,6,0.832427875000576
768,1000,quant_float64,7,0.8334398339939071
768,1000,quant_float64,8,0.8227257499966072
768,1000,quant_float64,9,0.8448469159993692
768,3000,quant_float64,0,2.6009180000037304
768,3000,quant_float64,1,2.5878190829971572
768,3000,quant_float64,2,2.5649574589988333
768,3000,quant_float64,3,2.606461292001768
768,3000,quant_float64,4,2.579606874998717
768,3000,quant_float64,5,2.5710891659982735
768,3000,quant_float64,6,2.5882344170022407
768,3000,quant_float64,7,2.5613183329987805
768,3000,quant_float64,8,2.5785895000008168
768,3000,quant_float64,9,2.577749042000505
768,10000,quant_float64,0,8.395537333999528
768,10000,quant_float64,1,8.375616582998191
768,10000,quant_float64,2,8.278721875001793
768,10000,quant_float64,3,8.365967917001399
768,10000,quant_float64,4,8.380758374994912
768,10000,quant_float64,5,8.338294665998546
768,10000,quant_float64,6,8.407587624998996
768,10000,quant_float64,7,8.469493332995626
768,10000,quant_float64,8,8.424662750003336
768,10000,quant_float64,9,8.495856708999781
1022,1,quant_float64,0,0.02338195900665596
1022,1,quant_float64,1,0.021706500003347173
1022,1,quant_float64,2,0.02285137499711709
1022,1,quant_float64,3,0.021791459002997726
1022,1,quant_float64,4,0.021797540997795295
1022,1,quant_float64,5,0.02174087499588495
1022,1,quant_float64,6,0.02156670799740823
1022,1,quant_float64,7,0.021749375002400484
1022,1,quant_float64,8,0.0217238749974058
1022,1,quant_float64,9,0.021628165995934978
1022,3,quant_float64,0,0.02447629199741641
1022,3,quant_float64,1,0.024401000002399087
1022,3,quant_float64,2,0.024328291998244822
1022,3,quant_float64,3,0.024396000000706408
1022,3,quant_float64,4,0.024339917006727774
1022,3,quant_float64,5,0.024313750000146683
1022,3,quant_float64,6,0.024302833000547253
1022,3,quant_float64,7,0.024268458000733517
1022,3,quant_float64,8,0.024405875003139954
1022,3,quant_float64,9,0.02428262500325218
1022,10,quant_float64,0,0.033071124998969026
1022,10,quant_float64,1,0.032807000003231224
1022,10,quant_float64,2,0.03270745900226757
1022,10,quant_float64,3,0.032792167003208306
1022,10,quant_float64,4,0.03271833400503965
1022,10,quant_float64,5,0.032544916997721884
1022,10,quant_float64,6,0.03262074999656761
1022,10,quant_float64,7,0.03263612500450108
1022,10,quant_float64,8,0.032643124999594875
1022,10,quant_float64,9,0.03256349999719532
1022,30,quant_float64,0,0.05470545800199034
1022,30,quant_float64,1,0.05414220800594194
1022,30,quant_float64,2,0.054115499995532446
1022,30,quant_float64,3,0.05418616600218229
1022,30,quant_float64,4,0.05800170899601653
1022,30,quant_float64,5,0.05426649999571964
1022,30,quant_float64,6,0.054008958002668805
1022,30,quant_float64,7,0.05398970800160896
1022,30,quant_float64,8,0.053941750004014466
1022,30,quant_float64,9,0.05380120799964061
1022,100,quant_float64,0,0.13487433300178964
1022,100,quant_float64,1,0.130373291001888
1022,100,quant_float64,2,0.13281112499680603
1022,100,quant_float64,3,0.13489491699874634
1022,100,quant_float64,4,0.13000704099977156
1022,100,quant_float64,5,0.12992170800134772
1022,100,quant_float64,6,0.12986324999656063
1022,100,quant_float64,7,0.12982095900224522
1022,100,quant_float64,8,0.12942633300554007
1022,100,quant_float64,9,0.12973708400386386
1022,300,quant_float64,0,0.39087924999330426
1022,300,quant_float64,1,0.3657947910032817
1022,300,quant_float64,2,0.3698091670012218
1022,300,quant_float64,3,0.35483812500024214
1022,300,quant_float64,4,0.36873849999392405
1022,300,quant_float64,5,0.34988995900494047
1022,300,quant_float64,6,0.35469379200367257
1022,300,quant_float64,7,0.3562393329993938
1022,300,quant_float64,8,0.3548747919994639
1022,300,quant_float64,9,0.35716012500051875
1022,1000,quant_float64,0,1.199237250002625
1022,1000,quant_float64,1,1.175135749996116
1022,1000,quant_float64,2,1.163004333000572
1022,1000,quant_float64,3,1.1667191250016913
1022,1000,quant_float64,4,1.1958352500005276
1022,1000,quant_float64,5,1.1412485000037123
1022,1000,quant_float64,6,1.1659686249986407
1022,1000,quant_float64,7,1.2059348750044592
1022,1000,quant_float64,8,1.1827442080029869
1022,1000,quant_float64,9,1.1750586249982007
1022,3000,quant_float64,0,3.644146375001583
1022,3000,quant_float64,1,3.6481855000020005
1022,3000,quant_float64,2,3.650872624995827
1022,3000,quant_float64,3,3.6314320000019507
1022,3000,quant_float64,4,3.6191280409984756
1022,3000,quant_float64,5,3.6089369999972405
1022,3000,quant_float64,6,3.5925087079958757
1022,3000,quant_float64,7,3.585737417000928
1022,3000,quant_float64,8,3.6384397919973708
1022,3000,quant_float64,9,3.614627750001091
1022,10000,quant_float64,0,11.83040629199968
1022,10000,quant_float64,1,11.845945832996222
1022,10000,quant_float64,2,11.741909000003943
1022,10000,quant_float64,3,11.899654875000124
1022,10000,quant_float64,4,11.788298084000417
1022,10000,quant_float64,5,11.862322916997073
1022,10000,quant_float64,6,12.019359332996828
1022,10000,quant_float64,7,11.853423958003987
1022,10000,quant_float64,8,11.917645958994399
1022,10000,quant_float64,9,11.984052375002648
1023,1,quant_float64,0,0.023616082995431498
1023,1,quant_float64,1,0.021829625002283137
1023,1,quant_float64,2,0.021701582998503
1023,1,quant_float64,3,0.02179900000191992
1023,1,quant_float64,4,0.02178637500037439
1023,1,quant_float64,5,0.0216688329965109
1023,1,quant_float64,6,0.021746624996012542
1023,1,quant_float64,7,0.021715499999118038
1023,1,quant_float64,8,0.021681250000256114
1023,1,quant_float64,9,0.02169799999683164
1023,3,quant_float64,0,0.026039167001727037
1023,3,quant_float64,1,0.02427095900202403
1023,3,quant_float64,2,0.02493408299778821
1023,3,quant_float64,3,0.024194625002564862
1023,3,quant_float64,4,0.024685541000508238
1023,3,quant_float64,5,0.024260582998977043
1023,3,quant_float64,6,0.024553999995987397
1023,3,quant_float64,7,0.024280458004795946
1023,3,quant_float64,8,0.02456108300248161
1023,3,quant_float64,9,0.024117207998642698
1023,10,quant_float64,0,0.03313250000064727
1023,10,quant_float64,1,0.03205191599408863
1023,10,quant_float64,2,0.03359975000057602
1023,10,quant_float64,3,0.03264150000177324
1023,10,quant_float64,4,0.03259908300242387
1023,10,quant_float64,5,0.03257299999677343
1023,10,quant_float64,6,0.03253762499662116
1023,10,quant_float64,7,0.032428416998300236
1023,10,quant_float64,8,0.03249433299788507
1023,10,quant_float64,9,0.03251316699606832
1023,30,quant_float64,0,0.054051583996624686
1023,30,quant_float64,1,0.053207375000056345
1023,30,quant_float64,2,0.05321762499806937
1023,30,quant_float64,3,0.05346054199617356
1023,30,quant_float64,4,0.058376125001814216
1023,30,quant_float64,5,0.05413129099906655
1023,30,quant_float64,6,0.053829541997401975
1023,30,quant_float64,7,0.05388091599888867
1023,30,quant_float64,8,0.05395787500310689
1023,30,quant_float64,9,0.05414924999786308
1023,100,quant_float64,0,0.13340641700051492
1023,100,quant_float64,1,0.13032762499642558
1023,100,quant_float64,2,0.13011700000060955
1023,100,quant_float64,3,0.13013520799722755
1023,100,quant_float64,4,0.1298938330000965
1023,100,quant_float64,5,0.13017254199803574
1023,100,quant_float64,6,0.13954904099955456
1023,100,quant_float64,7,0.12957987499976298
1023,100,quant_float64,8,0.12919095800316427
1023,100,quant_float64,9,0.1290907500006142
1023,300,quant_float64,0,0.3666787080001086
1023,300,quant_float64,1,0.3643986249953741
1023,300,quant_float64,2,0.3664307500002906
1023,300,quant_float64,3,0.37676633299997775
1023,300,quant_float64,4,0.36937683400174137
1023,300,quant_float64,5,0.3606933749979362
1023,300,quant_float64,6,0.36072733299806714
1023,300,quant_float64,7,0.3613154580016271
1023,300,quant_float64,8,0.36005466699862154
1023,300,quant_float64,9,0.3716355829965323
1023,1000,quant_float64,0,1.238423792005051
1023,1000,quant_float64,1,1.1847387079978944
1023,1000,quant_float64,2,1.1969028329986031
1023,1000,quant_float64,3,1.134812417003559
1023,1000,quant_float64,4,1.143672833997698
1023,1000,quant_float64,5,1.1379895419959212
1023,1000,quant_float64,6,1.1782549579947954
1023,1000,quant_float64,7,1.1492291670001578
1023,1000,quant_float64,8,1.1918985419979435
1023,1000,quant_float64,9,1.1973467920033727
1023,3000,quant_float64,0,3.6602522499961196
1023,3000,quant_float64,1,3.6552434170007473
1023,3000,quant_float64,2,3.6095752920009545
1023,3000,quant_float64,3,3.6282625419989927
1023,3000,quant_float64,4,3.6280937920018914
1023,3000,quant_float64,5,3.6470435420051217
1023,3000,quant_float64,6,3.679214874995523
1023,3000,quant_float64,7,3.6530228340052417
1023,3000,quant_float64,8,3.6592663749979693
1023,3000,quant_float64,9,3.6844593749992782
1023,10000,quant_float64,0,11.883766415994614
1023,10000,quant_float64,1,11.837815250000858
1023,10000,quant_float64,2,11.826630458999716
1023,10000,quant_float64,3,11.880293750000419
1023,10000,quant_float64,4,11.894555624996428
1023,10000,quant_float64,5,11.782299624996085
1023,10000,quant_float64,6,11.890179541995167
1023,10000,quant_float64,7,11.880210832998273
1023,10000,quant_float64,8,12.02117712499603
1023,10000,quant_float64,9,11.892629834001127
1024,1,quant_float64,0,0.022149624994199257
1024,1,quant_float64,1,0.021585499998764135
1024,1,quant_float64,2,0.02154154100571759
1024,1,quant_float64,3,0.0215991250006482
1024,1,quant_float64,4,0.021661041995685082
1024,1,quant_float64,5,0.021601874999760184
1024,1,quant_float64,6,0.021609666000586003
1024,1,quant_float64,7,0.02171012500184588
1024,1,quant_float64,8,0.021607583003060427
1024,1,quant_float64,9,0.021572709003521595
1024,3,quant_float64,0,0.027857166998728644
1024,3,quant_float64,1,0.02498870899580652
1024,3,quant_float64,2,0.02491004200419411
1024,3,quant_float64,3,0.0249532919988269
1024,3,quant_float64,4,0.024787833004666027
1024,3,quant_float64,5,0.02488945799996145
1024,3,quant_float64,6,0.024903124998672865
1024,3,quant_float64,7,0.0248501660025795
1024,3,quant_float64,8,0.02482179200160317
1024,3,quant_float64,9,0.0248210419958923
1024,10,quant_float64,0,0.03327112500119256
1024,10,quant_float64,1,0.03280504100257531
1024,10,quant_float64,2,0.032848333998117596
1024,10,quant_float64,3,0.03296754199982388
1024,10,quant_float64,4,0.0334004999967874
1024,10,quant_float64,5,0.032754459003626835
1024,10,quant_float64,6,0.03226675000041723
1024,10,quant_float64,7,0.03276975000335369
1024,10,quant_float64,8,0.03225499999825843
1024,10,quant_float64,9,0.032674499998393
1024,30,quant_float64,0,0.05431033399509033
1024,30,quant_float64,1,0.05321649999677902
1024,30,quant_float64,2,0.05309562500042375
1024,30,quant_float64,3,0.05497412499971688
1024,30,quant_float64,4,0.05710491700301645
1024,30,quant_float64,5,0.053350874994066544
1024,30,quant_float64,6,0.05322954200528329
1024,30,quant_float64,7,0.05316720900009386
1024,30,quant_float64,8,0.05437345899554202
1024,30,quant_float64,9,0.053343833998951595
1024,100,quant_float64,0,0.1325480419982341
1024,100,quant_float64,1,0.12922383400291437
1024,100,quant_float64,2,0.12904525000340072
1024,100,quant_float64,3,0.1322602919972269
1024,100,quant_float64,4,0.13014258300245274
1024,100,quant_float64,5,0.130101916998683
1024,100,quant_float64,6,0.13017479200061643
1024,100,quant_float64,7,0.13363000000390457
1024,100,quant_float64,8,0.12945291699725203
1024,100,quant_float64,9,0.12975183300295612
1024,300,quant_float64,0,0.36786779099929845
1024,300,quant_float64,1,0.3605409160009003
1024,300,quant_float64,2,0.3610146249993704
1024,300,quant_float64,3,0.38423333399987314
1024,300,quant_float64,4,0.354545957998198
1024,300,quant_float64,5,0.35506995800096774
1024,300,quant_float64,6,0.3693427079997491
1024,300,quant_float64,7,0.3483599159953883
1024,300,quant_float64,8,0.38238266699772794
1024,300,quant_float64,9,0.36544045800110325
1024,1000,quant_float64,0,1.2304775410011644
1024,1000,quant_float64,1,1.18188000000373
1024,1000,quant_float64,2,1.1964879580045817
1024,1000,quant_float64,3,1.221658959002525
1024,1000,quant_float64,4,1.2305297080019955
1024,1000,quant_float64,5,1.177313583000796
1024,1000,quant_float64,6,1.191007792003802
1024,1000,quant_float64,7,1.2054177500031074
1024,1000,quant_float64,8,1.1585761249953066
1024,1000,quant_float64,9,1.1267030000017257
1024,3000,quant_float64,0,3.598846290995425
1024,3000,quant_float64,1,3.6559898749983404
1024,3000,quant_float64,2,3.643629582998983
1024,3000,quant_float64,3,3.655191083998943
1024,3000,quant_float64,4,3.666196833997674
1024,3000,quant_float64,5,3.626589250001416
1024,3000,quant_float64,6,3.6252802499948302
1024,3000,quant_float64,7,3.6300417499951436
1024,3000,quant_float64,8,3.623265292000724
1024,3000,quant_float64,9,3.621327459004533
1024,10000,quant_float64,0,11.873507917000097
1024,10000,quant_float64,1,11.783586083001865
1024,10000,quant_float64,2,11.871561790998385
1024,10000,quant_float64,3,11.709349165997992
1024,10000,quant_float64,4,11.798606249998556
1024,10000,quant_float64,5,11.736752832999628
1024,10000,quant_float64,6,11.838517375006631
1024,10000,quant_float64,7,11.774946124998678
1024,10000,quant_float64,8,11.802676291998068
1024,10000,quant_float64,9,11.769227083997976
1025,1,quant_float64,0,0.024700875001144595
1025,1,quant_float64,1,0.02239154200651683
1025,1,quant_float64,2,0.02233554099802859
1025,1,quant_float64,3,0.02186108299792977
1025,1,quant_float64,4,0.021649207999871578
1025,1,quant_float64,5,0.021653125004377216
1025,1,quant_float64,6,0.02162783299718285
1025,1,quant_float64,7,0.021806124997965526
1025,1,quant_float64,8,0.021591374999843538
1025,1,quant_float64,9,0.021608082999591716
1025,3,quant_float64,0,0.025084459004574455
1025,3,quant_float64,1,0.024910709005780518
1025,3,quant_float64,2,0.024863792001269758
1025,3,quant_float64,3,0.025151666995952837
1025,3,quant_float64,4,0.02484287499828497
1025,3,quant_float64,5,0.024875374998373445
1025,3,quant_float64,6,0.02477812500001164
1025,3,quant_float64,7,0.024818167003104463
1025,3,quant_float64,8,0.0249199169993517
1025,3,quant_float64,9,0.02475308399880305
1025,10,quant_float64,0,0.03507337499468122
1025,10,quant_float64,1,0.03242645900172647
1025,10,quant_float64,2,0.032539125000766944
1025,10,quant_float64,3,0.03229783300048439
1025,10,quant_float64,4,0.032564042005105875
1025,10,quant_float64,5,0.03227429200342158
1025,10,quant_float64,6,0.03265541699511232
1025,10,quant_float64,7,0.0322335840028245
1025,10,quant_float64,8,0.032619249999697786
1025,10,quant_float64,9,0.0321814999988419
1025,30,quant_float64,0,0.05404412500502076
1025,30,quant_float64,1,0.05364545799966436
1025,30,quant_float64,2,0.05314691599778598
1025,30,quant_float64,3,0.053514874998654705
1025,30,quant_float64,4,0.056987957999808714
1025,30,quant_float64,5,0.05329649999475805
1025,30,quant_float64,6,0.05336887500016019
1025,30,quant_float64,7,0.05309291699813912
1025,30,quant_float64,8,0.05430750000232365
1025,30,quant_float64,9,0.053573165998386685
1025,100,quant_float64,0,0.13290820799738867
1025,100,quant_float64,1,0.1301691669941647
1025,100,quant_float64,2,0.12991129200236173
1025,100,quant_float64,3,0.13029729099798715
1025,100,quant_float64,4,0.1346520419974695
1025,100,quant_float64,5,0.12905825000052573
1025,100,quant_float64,6,0.1292576670020935
1025,100,quant_float64,7,0.13330762500117999
1025,100,quant_float64,8,0.12900954100041417
1025,100,quant_float64,9,0.12909641599981114
1025,300,quant_float64,0,0.37441704099910567
1025,300,quant_float64,1,0.3752973749942612
1025,300,quant_float64,2,0.368155417003436
1025,300,quant_float64,3,0.3546998750025523
1025,300,quant_float64,4,0.3546264169999631
1025,300,quant_float64,5,0.354788707998523
1025,300,quant_float64,6,0.354861207997601
1025,300,quant_float64,7,0.35497129099530866
1025,300,quant_float64,8,0.35470279199944343
1025,300,quant_float64,9,0.35775966700020945
1025,1000,quant_float64,0,1.2199979579963838
1025,1000,quant_float64,1,1.153753083999618
1025,1000,quant_float64,2,1.222672291994968
1025,1000,quant_float64,3,1.2691344999984722
1025,1000,quant_float64,4,1.2310702499962645
1025,1000,quant_float64,5,1.215517707998515
1025,1000,quant_float64,6,1.2304133330035256
1025,1000,quant_float64,7,1.2248858750026557
1025,1000,quant_float64,8,1.2447931670030812
1025,1000,quant_float64,9,1.1542667079993407
1025,3000,quant_float64,0,3.597787332997541
1025,3000,quant_float64,1,3.6604559580009663
1025,3000,quant_float64,2,3.6670412500025122
1025,3000,quant_float64,3,3.660888791004254
1025,3000,quant_float64,4,3.646838584005309
1025,3000,quant_float64,5,3.6468565839968505
1025,3000,quant_float64,6,3.595137042000715
1025,3000,quant_float64,7,3.604391916000168
1025,3000,quant_float64,8,3.66119116700429
1025,3000,quant_float64,9,3.6348765840011765
1025,10000,quant_float64,0,11.779953082994325
1025,10000,quant_float64,1,11.892623583000386
1025,10000,quant_float64,2,11.775289958997746
1025,10000,quant_float64,3,11.871905624997453
1025,10000,quant_float64,4,11.886505583999678
1025,10000,quant_float64,5,11.762056459003361
1025,10000,quant_float64,6,11.962962582998443
1025,10000,quant_float64,7,11.901606917002937
1025,10000,quant_float64,8,11.87928754099994
1025,10000,quant_float64,9,11.855596499997773
1536,1,quant_float64,0,0.02414754100027494
1536,1,quant_float64,1,0.022577499999897555
1536,1,quant_float64,2,0.022503874999529216
1536,1,quant_float64,3,0.022398832996259443
1536,1,quant_float64,4,0.02249229199514957
1536,1,quant_float64,5,0.022443750000093132
1536,1,quant_float64,6,0.022451625001849607
1536,1,quant_float64,7,0.02245845900324639
1536,1,quant_float64,8,0.02242658300383482
1536,1,quant_float64,9,0.02248337500350317
1536,3,quant_float64,0,0.02830349999567261
1536,3,quant_float64,1,0.027456540999992285
1536,3,quant_float64,2,0.02636516599886818
1536,3,quant_float64,3,0.02766137500293553
1536,3,quant_float64,4,0.026255499993567355
1536,3,quant_float64,5,0.02682720899611013
1536,3,quant_float64,6,0.02622808299929602
1536,3,quant_float64,7,0.026676041998143774
1536,3,quant_float64,8,0.026214792000246234
1536,3,quant_float64,9,0.026674540997191798
1536,10,quant_float64,0,0.04020374999527121
1536,10,quant_float64,1,0.03971333299705293
1536,10,quant_float64,2,0.03948154199315468
1536,10,quant_float64,3,0.03945204199408181
1536,10,quant_float64,4,0.041011332999914885
1536,10,quant_float64,5,0.03966220800066367
1536,10,quant_float64,6,0.039649292004469316
1536,10,quant_float64,7,0.04194958299922291
1536,10,quant_float64,8,0.039929708997078706
1536,10,quant_float64,9,0.040398832999926526
1536,30,quant_float64,0,0.07667179200507235
1536,30,quant_float64,1,0.08285870799591066
1536,30,quant_float64,2,0.07406987500144169
1536,30,quant_float64,3,0.07391008400009014
1536,30,quant_float64,4,0.07370983299915679
1536,30,quant_float64,5,0.07648983399849385
1536,30,quant_float64,6,0.07375837500148918
1536,30,quant_float64,7,0.07385833300213562
1536,30,quant_float64,8,0.0741788750019623
1536,30,quant_float64,9,0.07398245800141012
1536,100,quant_float64,0,0.21009045900427736
1536,100,quant_float64,1,0.2090195000055246
1536,100,quant_float64,2,0.20185558299999684
1536,100,quant_float64,3,0.20219316599832382
1536,100,quant_float64,4,0.20179887500125915
1536,100,quant_float64,5,0.20196416699764086
1536,100,quant_float64,6,0.2029990419978276
1536,100,quant_float64,7,0.2053727919992525
1536,100,quant_float64,8,0.2039775000012014
1536,100,quant_float64,9,0.20578683399799047
1536,300,quant_float64,0,0.6095741250028368
1536,300,quant_float64,1,0.5862751669992576
1536,300,quant_float64,2,0.5653932499990333
1536,300,quant_float64,3,0.6010561660004896
1536,300,quant_float64,4,0.5751851250024629
1536,300,quant_float64,5,0.6043048749997979
1536,300,quant_float64,6,0.5961304590018699
1536,300,quant_float64,7,0.5953086670051562
1536,300,quant_float64,8,0.5977802080014953
1536,300,quant_float64,9,0.575073332998727
1536,1000,quant_float64,0,2.027595500003372
1536,1000,quant_float64,1,2.042854624996835
1536,1000,quant_float64,2,2.0523771669977577
1536,1000,quant_float64,3,2.006652916003077
1536,1000,quant_float64,4,2.018263416000991
1536,1000,quant_float64,5,2.0481891669987817
1536,1000,quant_float64,6,2.015293833996111
1536,1000,quant_float64,7,2.033845541998744
1536,1000,quant_float64,8,2.0253587090046494
1536,1000,quant_float64,9,2.026293542003259
1536,3000,quant_float64,0,5.991637833001732
1536,3000,quant_float64,1,5.967017040995415
1536,3000,quant_float64,2,5.883826166005747
1536,3000,quant_float64,3,5.904798457995639
1536,3000,quant_float64,4,5.9091387079970445
1536,3000,quant_float64,5,5.927296124995337
1536,3000,quant_float64,6,5.935165416995005
1536,3000,quant_float64,7,6.0105309579957975
1536,3000,quant_float64,8,5.871116709000489
1536,3000,quant_float64,9,5.979709250001179
1536,10000,quant_float64,0,19.270249291002983
1536,10000,quant_float64,1,19.225781833003566
1536,10000,quant_float64,2,19.27586962499481
1536,10000,quant_float64,3,19.209179875004338
1536,10000,quant_float64,4,19.262574084001244
1536,10000,quant_float64,5,19.29147925000143
1536,10000,quant_float64,6,19.252540749999753
1536,10000,quant_float64,7,19.45102324999607
1536,10000,quant_float64,8,19.195185583994316
1536,10000,quant_float64,9,19.2989263749987
2046,1,quant_float64,0,0.025052208002307452
2046,1,quant_float64,1,0.023048374998325016
2046,1,quant_float64,2,0.02307991600537207
2046,1,quant_float64,3,0.02301837500272086
2046,1,quant_float64,4,0.022948915997403674
2046,1,quant_float64,5,0.02297483300208114
2046,1,quant_float64,6,0.023020500004349742
2046,1,quant_float64,7,0.023086917004548013
2046,1,quant_float64,8,0.022892166998644825
2046,1,quant_float64,9,0.02295658300135983
2046,3,quant_float64,0,0.030370624997885898
2046,3,quant_float64,1,0.029383042005065363
2046,3,quant_float64,2,0.028896083997096866
2046,3,quant_float64,3,0.028826874993683305
2046,3,quant_float64,4,0.02885887499724049
2046,3,quant_float64,5,0.028803417000744957
2046,3,quant_float64,6,0.028861582999525126
2046,3,quant_float64,7,0.028843874999438412
2046,3,quant_float64,8,0.028803083005186636
2046,3,quant_float64,9,0.028764333001163322
2046,10,quant_float64,0,0.0483111249996
2046,10,quant_float64,1,0.046061583001574036
2046,10,quant_float64,2,0.0461460420046933
2046,10,quant_float64,3,0.046124458000122104
2046,10,quant_float64,4,0.04608833300153492
2046,10,quant_float64,5,0.046606249998148996
2046,10,quant_float64,6,0.046257624999270774
2046,10,quant_float64,7,0.04614920899621211
2046,10,quant_float64,8,0.04616520900162868
2046,10,quant_float64,9,0.046423833999142516
2046,30,quant_float64,0,0.10083679200033657
2046,30,quant_float64,1,0.09654787500039674
2046,30,quant_float64,2,0.0959350839984836
2046,30,quant_float64,3,0.09595699999772478
2046,30,quant_float64,4,0.0959467089996906
2046,30,quant_float64,5,0.0958657920054975
2046,30,quant_float64,6,0.09584483400249155
2046,30,quant_float64,7,0.09595870899647707
2046,30,quant_float64,8,0.09600712500105146
2046,30,quant_float64,9,0.09635500000149477
2046,100,quant_float64,0,0.2814650000000256
2046,100,quant_float64,1,0.2740362910044496
2046,100,quant_float64,2,0.2728654589955113
2046,100,quant_float64,3,0.2859571659937501
2046,100,quant_float64,4,0.27273029199568555
2046,100,quant_float64,5,0.28225158299756004
2046,100,quant_float64,6,0.2678064589999849
2046,100,quant_float64,7,0.27035745800094446
2046,100,quant_float64,8,0.2693104999998468
2046,100,quant_float64,9,0.2694704579989775
2046,300,quant_float64,0,0.8493813750028494
2046,300,quant_float64,1,0.8230792920003296
2046,300,quant_float64,2,0.8200864590035053
2046,300,quant_float64,3,0.8304498340003192
2046,300,quant_float64,4,0.8351430420007091
2046,300,quant_float64,5,0.8766274169975077
2046,300,quant_float64,6,0.8718937919984455
2046,300,quant_float64,7,0.8695095000002766
2046,300,quant_float64,8,0.8197299169987673
2046,300,quant_float64,9,0.8498889999973471
2046,1000,quant_float64,0,2.804773167001258
2046,1000,quant_float64,1,2.792811667000933
2046,1000,quant_float64,2,2.7830922909997753
2046,1000,quant_float64,3,2.7901854579977226
2046,1000,quant_float64,4,2.8106769169971813
2046,1000,quant_float64,5,2.7652180830045836
2046,1000,quant_float64,6,2.815648791998683
2046,1000,quant_float64,7,2.781947833005688
2046,1000,quant_float64,8,2.78179941700364
2046,1000,quant_float64,9,2.7736280419994728
2046,3000,quant_float64,0,8.261492375000671
2046,3000,quant_float64,1,8.233538624997891
2046,3000,quant_float64,2,8.168557166005485
2046,3000,quant_float64,3,8.209255874993687
2046,3000,quant_float64,4,8.245837583999673
2046,3000,quant_float64,5,8.180047250003554
2046,3000,quant_float64,6,8.129852875004872
2046,3000,quant_float64,7,8.155628082997282
2046,3000,quant_float64,8,8.24042245799501
2046,3000,quant_float64,9,8.20808695800224
2046,10000,quant_float64,0,26.96569529199769
2046,10000,quant_float64,1,26.996780665998813
2046,10000,quant_float64,2,27.079210000003513
2046,10000,quant_float64,3,26.909057042001223
2046,10000,quant_float64,4,27.014645957999164
2046,10000,quant_float64,5,26.91515887499554
2046,10000,quant_float64,6,26.999005040997872
2046,10000,quant_float64,7,27.02417233400047
2046,10000,quant_float64,8,26.88456512499397
2046,10000,quant_float64,9,26.957593249993806
2047,1,quant_float64,0,0.025048333998711314
2047,1,quant_float64,1,0.023244209005497396
2047,1,quant_float64,2,0.02312108300247928
2047,1,quant_float64,3,0.023143625003285706
2047,1,quant_float64,4,0.0230224589977297
2047,1,quant_float64,5,0.023140375000366475
2047,1,quant_float64,6,0.023133582995797042
2047,1,quant_float64,7,0.023098582998500206
2047,1,quant_float64,8,0.02485983299993677
2047,1,quant_float64,9,0.0232472499992582
2047,3,quant_float64,0,0.03115537499979837
2047,3,quant_float64,1,0.02874675000202842
2047,3,quant_float64,2,0.029118333004589658
2047,3,quant_float64,3,0.0291130420009722
2047,3,quant_float64,4,0.02905045800434891
2047,3,quant_float64,5,0.029096041005686857
2047,3,quant_float64,6,0.02901654200104531
2047,3,quant_float64,7,0.029075333004584536
2047,3,quant_float64,8,0.029078374995151535
2047,3,quant_float64,9,0.029028625001956243
2047,10,quant_float64,0,0.04790279100416228
2047,10,quant_float64,1,0.046290333004435524
2047,10,quant_float64,2,0.046251084000687115
2047,10,quant_float64,3,0.04623150000406895
2047,10,quant_float64,4,0.049257292004767805
2047,10,quant_float64,5,0.04714599999715574
2047,10,quant_float64,6,0.04714962499565445
2047,10,quant_float64,7,0.04717625000193948
2047,10,quant_float64,8,0.04720083300344413
2047,10,quant_float64,9,0.04720291600096971
2047,30,quant_float64,0,0.10212587500427617
2047,30,quant_float64,1,0.096600083001249
2047,30,quant_float64,2,0.0964717919996474
2047,30,quant_float64,3,0.09598299999925075
2047,30,quant_float64,4,0.09620454200194217
2047,30,quant_float64,5,0.09593112500442658
2047,30,quant_float64,6,0.09662250000110362
2047,30,quant_float64,7,0.09486745899630478
2047,30,quant_float64,8,0.09501204199477797
2047,30,quant_float64,9,0.09502466599951731
2047,100,quant_float64,0,0.28653304200270213
2047,100,quant_float64,1,0.2700902500000666
2047,100,quant_float64,2,0.273195832996862
2047,100,quant_float64,3,0.27853858299931744
2047,100,quant_float64,4,0.27039841700025136
2047,100,quant_float64,5,0.28835699999763165
2047,100,quant_float64,6,0.2713750830007484
2047,100,quant_float64,7,0.2720928750059102
2047,100,quant_float64,8,0.27159966599720065
2047,100,quant_float64,9,0.2816499170003226
2047,300,quant_float64,0,0.8857000839998364
2047,300,quant_float64,1,0.8513533750010538
2047,300,quant_float64,2,0.8423039589979453
2047,300,quant_float64,3,0.8511159170011524
2047,300,quant_float64,4,0.8528186670009745
2047,300,quant_float64,5,0.8211130830022739
2047,300,quant_float64,6,0.8612306659997557
2047,300,quant_float64,7,0.8763021670019953
2047,300,quant_float64,8,0.844947042001877
2047,300,quant_float64,9,0.8206396249952377
2047,1000,quant_float64,0,2.844524749998527
2047,1000,quant_float64,1,2.8774808750022203
2047,1000,quant_float64,2,2.758552083003451
2047,1000,quant_float64,3,2.776835167001991
2047,1000,quant_float64,4,2.8008240000053775
2047,1000,quant_float64,5,2.781798708005226
2047,1000,quant_float64,6,2.7860165830061305
2047,1000,quant_float64,7,2.8372694170029717
2047,1000,quant_float64,8,2.8177084170019953
2047,1000,quant_float64,9,2.7870932080040802
2047,3000,quant_float64,0,8.176772500002699
2047,3000,quant_float64,1,8.23542566600372
2047,3000,quant_float64,2,8.081860708000022
2047,3000,quant_float64,3,8.156710915995063
2047,3000,quant_float64,4,8.176654999995662
2047,3000,quant_float64,5,8.099852583000029
2047,3000,quant_float64,6,8.173542500000622
2047,3000,quant_float64,7,8.21965354099666
2047,3000,quant_float64,8,8.120797000003222
2047,3000,quant_float64,9,8.193886041997757
2047,10000,quant_float64,0,26.983397833006165
2047,10000,quant_float64,1,27.14059620899934
2047,10000,quant_float64,2,27.046289166995848
2047,10000,quant_float64,3,27.063320916997327
2047,10000,quant_float64,4,27.02184508299979
2047,10000,quant_float64,5,26.940949957999692
2047,10000,quant_float64,6,27.03227579099621
2047,10000,quant_float64,7,27.05935849999514
2047,10000,quant_float64,8,27.073884249999537
2047,10000,quant_float64,9,27.088324291995377
2048,1,quant_float64,0,0.02316520800377475
2048,1,quant_float64,1,0.02310162500361912
2048,1,quant_float64,2,0.023147584004618693
2048,1,quant_float64,3,0.023087209003278986
2048,1,quant_float64,4,0.025352292002935428
2048,1,quant_float64,5,0.023853457998484373
2048,1,quant_float64,6,0.02386037500400562
2048,1,quant_float64,7,0.02382979200046975
2048,1,quant_float64,8,0.023652417003177106
2048,1,quant_float64,9,0.023647666996112093
2048,3,quant_float64,0,0.029617500003951136
2048,3,quant_float64,1,0.0298987499991199
2048,3,quant_float64,2,0.029713916999753565
2048,3,quant_float64,3,0.029751624999335036
2048,3,quant_float64,4,0.030117166999843903
2048,3,quant_float64,5,0.029690666997339576
2048,3,quant_float64,6,0.02964116699877195
2048,3,quant_float64,7,0.029956167003547307
2048,3,quant_float64,8,0.02986787499685306
2048,3,quant_float64,9,0.029813541994371917
2048,10,quant_float64,0,0.04810145800001919
2048,10,quant_float64,1,0.0480922089991509
2048,10,quant_float64,2,0.0462777909997385
2048,10,quant_float64,3,0.04627766699559288
2048,10,quant_float64,4,0.04619016699871281
2048,10,quant_float64,5,0.046060707994911354
2048,10,quant_float64,6,0.04613324999809265
2048,10,quant_float64,7,0.04830158400000073
2048,10,quant_float64,8,0.0463164590037195
2048,10,quant_float64,9,0.046431332993961405
2048,30,quant_float64,0,0.10038179200637387
2048,30,quant_float64,1,0.09535912499995902
2048,30,quant_float64,2,0.09526320800068788
2048,30,quant_float64,3,0.09526183299749391
2048,30,quant_float64,4,0.0999858330033021
2048,30,quant_float64,5,0.09599595799954841
2048,30,quant_float64,6,0.09510949999821605
2048,30,quant_float64,7,0.09499912500177743
2048,30,quant_float64,8,0.09511337499861838
2048,30,quant_float64,9,0.0981644170024083
2048,100,quant_float64,0,0.27885412499745144
2048,100,quant_float64,1,0.28402924999682
2048,100,quant_float64,2,0.27210399999603396
2048,100,quant_float64,3,0.28195504199538846
2048,100,quant_float64,4,0.2671984170010546
2048,100,quant_float64,5,0.2843352909985697
2048,100,quant_float64,6,0.27002387499669567
2048,100,quant_float64,7,0.26989537500048755
2048,100,quant_float64,8,0.28066266699897824
2048,100,quant_float64,9,0.2886492499965243
2048,300,quant_float64,0,0.8623165000026347
2048,300,quant_float64,1,0.8318836250036838
2048,300,quant_float64,2,0.8854593750002095
2048,300,quant_float64,3,0.8361236249984358
2048,300,quant_float64,4,0.8560459580039605
2048,300,quant_float64,5,0.8314318750053644
2048,300,quant_float64,6,0.8536101249992498
2048,300,quant_float64,7,0.8200621670039254
2048,300,quant_float64,8,0.8343834159968537
2048,300,quant_float64,9,0.8555422499994165
2048,1000,quant_float64,0,2.800524250000308
2048,1000,quant_float64,1,2.7981736670044484
2048,1000,quant_float64,2,2.7771691250018193
2048,1000,quant_float64,3,2.7695905410000705
2048,1000,quant_float64,4,2.7845643749969895
2048,1000,quant_float64,5,2.740908915999171
2048,1000,quant_float64,6,2.729818375002651
2048,1000,quant_float64,7,2.7377551250028773
2048,1000,quant_float64,8,2.8106676250026794
2048,1000,quant_float64,9,2.778256166995561
2048,3000,quant_float64,0,8.214599500002805
2048,3000,quant_float64,1,8.132471375000023
2048,3000,quant_float64,2,8.182043000000704
2048,3000,quant_float64,3,8.23698870899534
2048,3000,quant_float64,4,8.136162541995873
2048,3000,quant_float64,5,8.140161625000474
2048,3000,quant_float64,6,8.126402707996021
2048,3000,quant_float64,7,8.22199295899918
2048,3000,quant_float64,8,8.181772666001052
2048,3000,quant_float64,9,8.076545874995645
2048,10000,quant_float64,0,26.981905583001208
2048,10000,quant_float64,1,26.92394895900361
2048,10000,quant_float64,2,26.964666624997335
2048,10000,quant_float64,3,26.887136082994402
2048,10000,quant_float64,4,26.866800874995533
2048,10000,quant_float64,5,26.98690129199531
2048,10000,quant_float64,6,26.938169666005706
2048,10000,quant_float64,7,26.885851624996576
2048,10000,quant_float64,8,26.861080583999865
2048,10000,quant_float64,9,27.087173042003997
2049,1,quant_float64,0,0.02504804199998034
2049,1,quant_float64,1,0.02412729099887656
2049,1,quant_float64,2,0.023639999999431893
2049,1,quant_float64,3,0.02347975000157021
2049,1,quant_float64,4,0.02351341600297019
2049,1,quant_float64,5,0.023519958005636
2049,1,quant_float64,6,0.023504208998929244
2049,1,quant_float64,7,0.023499584000092
2049,1,quant_float64,8,0.02351062500383705
2049,1,quant_float64,9,0.023451458000636194
2049,3,quant_float64,0,0.031997749996662606
2049,3,quant_float64,1,0.03063841599941952
2049,3,quant_float64,2,0.030763082999328617
2049,3,quant_float64,3,0.030790874996455386
2049,3,quant_float64,4,0.030690875006257556
2049,3,quant_float64,5,0.03081729100085795
2049,3,quant_float64,6,0.030927832995075732
2049,3,quant_float64,7,0.03061462500045309
2049,3,quant_float64,8,0.030614875002356712
2049,3,quant_float64,9,0.030650708002212923
2049,10,quant_float64,0,0.05042899999534711
2049,10,quant_float64,1,0.04963295799825573
2049,10,quant_float64,2,0.04954104199714493
2049,10,quant_float64,3,0.049578500002098735
2049,10,quant_float64,4,0.04951370900380425
2049,10,quant_float64,5,0.04949858300096821
2049,10,quant_float64,6,0.04957062500034226
2049,10,quant_float64,7,0.04958441700000549
2049,10,quant_float64,8,0.05158320899499813
2049,10,quant_float64,9,0.055192915999214165
2049,30,quant_float64,0,0.09735479100345401
2049,30,quant_float64,1,0.09795829100039555
2049,30,quant_float64,2,0.09886745800031349
2049,30,quant_float64,3,0.09626008299528621
2049,30,quant_float64,4,0.10963875000015832
2049,30,quant_float64,5,0.09617291700124042
2049,30,quant_float64,6,0.09600166699965484
2049,30,quant_float64,7,0.09585695800342364
2049,30,quant_float64,8,0.09605700000247452
2049,30,quant_float64,9,0.09604979200230446
2049,100,quant_float64,0,0.280314333998831
2049,100,quant_float64,1,0.27489220899587963
2049,100,quant_float64,2,0.2911770419959794
2049,100,quant_float64,3,0.2843491659950814
2049,100,quant_float64,4,0.272237999997742
2049,100,quant_float64,5,0.2999009580016718
2049,100,quant_float64,6,0.2734087089993409
2049,100,quant_float64,7,0.2849888330019894
2049,100,quant_float64,8,0.27405266700225184
2049,100,quant_float64,9,0.28861591599707026
2049,300,quant_float64,0,0.9272049170031096
2049,300,quant_float64,1,0.8544219579998753
2049,300,quant_float64,2,0.8630376250002882
2049,300,quant_float64,3,0.9078524579963414
2049,300,quant_float64,4,0.8332978750040638
2049,300,quant_float64,5,0.8814705420008977
2049,300,quant_float64,6,0.8372025410062633
2049,300,quant_float64,7,0.9000047499939683
2049,300,quant_float64,8,0.8586674160032999
2049,300,quant_float64,9,0.9464309999966645
2049,1000,quant_float64,0,2.989700958998583
2049,1000,quant_float64,1,3.007556709002529
2049,1000,quant_float64,2,3.055708083003992
2049,1000,quant_float64,3,3.017555790996994
2049,1000,quant_float64,4,2.9865305420025834
2049,1000,quant_float64,5,3.0304832920010085
2049,1000,quant_float64,6,2.979601166000066
2049,1000,quant_float64,7,2.9900246250035707
2049,1000,quant_float64,8,3.016202124999836
2049,1000,quant_float64,9,3.055408583000826
2049,3000,quant_float64,0,8.714581249994808
2049,3000,quant_float64,1,8.787394457998744
2049,3000,quant_float64,2,8.803581665997626
2049,3000,quant_float64,3,8.77050112500001
2049,3000,quant_float64,4,8.73498987500352
2049,3000,quant_float64,5,8.58705554199696
2049,3000,quant_float64,6,8.854038790996128
2049,3000,quant_float64,7,8.83301408400439
2049,3000,quant_float64,8,8.80786233300023
2049,3000,quant_float64,9,8.743292208004277
2049,10000,quant_float64,0,28.55658808300359
2049,10000,quant_float64,1,29.15713191699615
2049,10000,quant_float64,2,28.90005283299979
2049,10000,quant_float64,3,28.98237083300046
2049,10000,quant_float64,4,28.550778332995833
2049,10000,quant_float64,5,28.448323333002918
2049,10000,quant_float64,6,28.514350999997987
2049,10000,quant_float64,7,28.19594474999758
2049,10000,quant_float64,8,28.91316458300571
2049,10000,quant_float64,9,28.82618637500127
4094,1,quant_float64,0,0.02772808300505858
4094,1,quant_float64,1,0.026787332993990276
4094,1,quant_float64,2,0.02637966700422112
4094,1,quant_float64,3,0.026496958002098836
4094,1,quant_float64,4,0.026468333999218885
4094,1,quant_float64,5,0.026426916003401857
4094,1,quant_float64,6,0.02636612499918556
4094,1,quant_float64,7,0.026405208998767193
4094,1,quant_float64,8,0.026381291005236562
4094,1,quant_float64,9,0.026419041998451576
4094,3,quant_float64,0,0.041305541002657264
4094,3,quant_float64,1,0.04002079200290609
4094,3,quant_float64,2,0.0401315000053728
4094,3,quant_float64,3,0.039891499996883795
4094,3,quant_float64,4,0.03995075000420911
4094,3,quant_float64,5,0.04017550000571646
4094,3,quant_float64,6,0.03989825000462588
4094,3,quant_float64,7,0.039951999999175314
4094,3,quant_float64,8,0.040079999998852145
4094,3,quant_float64,9,0.039875415997812524
4094,10,quant_float64,0,0.08024091600236716
4094,10,quant_float64,1,0.07822504199430114
4094,10,quant_float64,2,0.07820574999641394
4094,10,quant_float64,3,0.0785371669990127
4094,10,quant_float64,4,0.08571612499508774
4094,10,quant_float64,5,0.07734766700014006
4094,10,quant_float64,6,0.07725920799566666
4094,10,quant_float64,7,0.07738104099553311
4094,10,quant_float64,8,0.077230334005435
4094,10,quant_float64,9,0.07676479099609423
4094,30,quant_float64,0,0.20423241599928588
4094,30,quant_float64,1,0.20058849999622907
4094,30,quant_float64,2,0.1915361249994021
4094,30,quant_float64,3,0.1908459580008639
4094,30,quant_float64,4,0.19090287500148406
4094,30,quant_float64,5,0.1905387089936994
4094,30,quant_float64,6,0.19143533400347224
4094,30,quant_float64,7,0.19399145799980033
4094,30,quant_float64,8,0.18814574999851175
4094,30,quant_float64,9,0.1919391249975888
4094,100,quant_float64,0,0.627378208002483
4094,100,quant_float64,1,0.6076105000029202
4094,100,quant_float64,2,0.589587708003819
4094,100,quant_float64,3,0.6086684999972931
4094,100,quant_float64,4,0.6141946249990724
4094,100,quant_float64,5,0.6082697500023642
4094,100,quant_float64,6,0.6158638329943642
4094,100,quant_float64,7,0.5930546669987962
4094,100,quant_float64,8,0.6115686670018476
4094,100,quant_float64,9,0.5924373750021914
4094,300,quant_float64,0,1.9489489999978105
4094,300,quant_float64,1,1.922742124996148
4094,300,quant_float64,2,1.9232031669962453
4094,300,quant_float64,3,1.937882999998692
4094,300,quant_float64,4,1.9279854579945095
4094,300,quant_float64,5,1.9340536249947036
4094,300,quant_float64,6,1.9254416249968926
4094,300,quant_float64,7,1.9220448749983916
4094,300,quant_float64,8,1.9099500410011387
4094,300,quant_float64,9,1.9227769579956657
4094,1000,quant_float64,0,6.105436666999594
4094,1000,quant_float64,1,6.098386417004804
4094,1000,quant_float64,2,6.163884749999852
4094,1000,quant_float64,3,6.112196167006914
4094,1000,quant_float64,4,6.132776375001413
4094,1000,quant_float64,5,6.091652874994907
4094,1000,quant_float64,6,6.0511594580020756
4094,1000,quant_float64,7,6.199178375005431
4094,1000,quant_float64,8,6.09069704200374
4094,1000,quant_float64,9,6.162618749993271
4094,3000,quant_float64,0,18.232348041994555
4094,3000,quant_float64,1,18.016052833001595
4094,3000,quant_float64,2,18.136333165995893
4094,3000,quant_float64,3,18.112265166004363
4094,3000,quant_float64,4,18.252700208002352
4094,3000,quant_float64,5,18.176051875001576
4094,3000,quant_float64,6,18.13256520900177
4094,3000,quant_float64,7,18.200102707996848
4094,3000,quant_float64,8,18.123120667005423
4094,3000,quant_float64,9,18.20181945800141
4094,10000,quant_float64,0,61.32095329200092
4094,10000,quant_float64,1,60.005320249998476
4094,10000,quant_float64,2,59.86366837499372
4094,10000,quant_float64,3,59.99608816699765
4094,10000,quant_float64,4,59.888477749998856
4094,10000,quant_float64,5,59.90809345799789
4094,10000,quant_float64,6,59.91697795800428
4094,10000,quant_float64,7,59.99908137500461
4094,10000,quant_float64,8,60.064295249998395
4094,10000,quant_float64,9,59.89438079200045
4095,1,quant_float64,0,0.027857792003487702
4095,1,quant_float64,1,0.026407333003589883
4095,1,quant_float64,2,0.026193584002612624
4095,1,quant_float64,3,0.026199125000857748
4095,1,quant_float64,4,0.02627125000435626
4095,1,quant_float64,5,0.02618004100077087
4095,1,quant_float64,6,0.026198999999905936
4095,1,quant_float64,7,0.026209582996671088
4095,1,quant_float64,8,0.026079292001668364
4095,1,quant_float64,9,0.026300541998352855
4095,3,quant_float64,0,0.03964258299674839
4095,3,quant_float64,1,0.038957000004302245
4095,3,quant_float64,2,0.0404084999972838
4095,3,quant_float64,3,0.038450874999398366
4095,3,quant_float64,4,0.038019125000573695
4095,3,quant_float64,5,0.03787070800171932
4095,3,quant_float64,6,0.03797945800033631
4095,3,quant_float64,7,0.0378980000023148
4095,3,quant_float64,8,0.03799804199661594
4095,3,quant_float64,9,0.037955708998197224
4095,10,quant_float64,0,0.08018929100217065
4095,10,quant_float64,1,0.07719391700084088
4095,10,quant_float64,2,0.08032100000127684
4095,10,quant_float64,3,0.07731608300673543
4095,10,quant_float64,4,0.07813970800634706
4095,10,quant_float64,5,0.07749241600686219
4095,10,quant_float64,6,0.07682724999904167
4095,10,quant_float64,7,0.0769376669995836
4095,10,quant_float64,8,0.07699329100432806
4095,10,quant_float64,9,0.077122041999246
4095,30,quant_float64,0,0.1870532090033521
4095,30,quant_float64,1,0.1845850420068018
4095,30,quant_float64,2,0.19200654200540157
4095,30,quant_float64,3,0.18549033300223527
4095,30,quant_float64,4,0.18826020900451113
4095,30,quant_float64,5,0.1891334999963874
4095,30,quant_float64,6,0.18795537499681814
4095,30,quant_float64,7,0.18885725000291131
4095,30,quant_float64,8,0.19455170800210908
4095,30,quant_float64,9,0.18657616700511426
4095,100,quant_float64,0,0.6045200000007753
4095,100,quant_float64,1,0.5930481250034063
4095,100,quant_float64,2,0.6048063330017612
4095,100,quant_float64,3,0.6112014999962412
4095,100,quant_float64,4,0.5971723339971504
4095,100,quant_float64,5,0.6001755420002155
4095,100,quant_float64,6,0.5858982499994454
4095,100,quant_float64,7,0.59622516699892
4095,100,quant_float64,8,0.6007650419996935
4095,100,quant_float64,9,0.5898897499937448
4095,300,quant_float64,0,1.8566314170020632
4095,300,quant_float64,1,1.8614392500021495
4095,300,quant_float64,2,1.8245953339937842
4095,300,quant_float64,3,1.8326091659982922
4095,300,quant_float64,4,1.8893648749944987
4095,300,quant_float64,5,1.824627916997997
4095,300,quant_float64,6,1.8316885829990497
4095,300,quant_float64,7,1.8209152079944033
4095,300,quant_float64,8,1.8737193749984726
4095,300,quant_float64,9,1.8985478750037146
4095,1000,quant_float64,0,6.0021506670018425
4095,1000,quant_float64,1,6.010491083005036
4095,1000,quant_float64,2,6.0464934580013505
4095,1000,quant_float64,3,6.074595666999812
4095,1000,quant_float64,4,6.0663310829986585
4095,1000,quant_float64,5,6.004015582999273
4095,1000,quant_float64,6,6.055699208001897
4095,1000,quant_float64,7,6.089348374996916
4095,1000,quant_float64,8,6.0450242910010274
4095,1000,quant_float64,9,6.03158650000114
4095,3000,quant_float64,0,18.01938937500381
4095,3000,quant_float64,1,17.99867020900274
4095,3000,quant_float64,2,18.097761917000753
4095,3000,quant_float64,3,18.05581654100388
4095,3000,quant_float64,4,18.03256758399948
4095,3000,quant_float64,5,18.045365582998784
4095,3000,quant_float64,6,18.130339249997633
4095,3000,quant_float64,7,18.116373124998063
4095,3000,quant_float64,8,18.017996167000092
4095,3000,quant_float64,9,18.03027591600403
4095,10000,quant_float64,0,59.875145625002915
4095,10000,quant_float64,1,59.72947787500016
4095,10000,quant_float64,2,59.759061582997674
4095,10000,quant_float64,3,59.72497762500279
4095,10000,quant_float64,4,59.85568783400231
4095,10000,quant_float64,5,59.800800249999156
4095,10000,quant_float64,6,59.74725620899699
4095,10000,quant_float64,7,59.76450745800685
4095,10000,quant_float64,8,59.841732958004286
4095,10000,quant_float64,9,59.904996832992765
4096,1,quant_float64,0,0.03005575000133831
4096,1,quant_float64,1,0.026839250000193715
4096,1,quant_float64,2,0.02687895899725845
4096,1,quant_float64,3,0.02681762500287732
4096,1,quant_float64,4,0.026640625001164153
4096,1,quant_float64,5,0.026629167005012278
4096,1,quant_float64,6,0.026642875003744848
4096,1,quant_float64,7,0.026722916001745034
4096,1,quant_float64,8,0.026811167001142167
4096,1,quant_float64,9,0.026672250001865905
4096,3,quant_float64,0,0.03957662500033621
4096,3,quant_float64,1,0.0396351249946747
4096,3,quant_float64,2,0.038684041996020824
4096,3,quant_float64,3,0.03861541700462112
4096,3,quant_float64,4,0.0386585419983021
4096,3,quant_float64,5,0.03862720899633132
4096,3,quant_float64,6,0.03868900000088615
4096,3,quant_float64,7,0.03863295799965272
4096,3,quant_float64,8,0.03862829200079432
4096,3,quant_float64,9,0.03870687499875203
4096,10,quant_float64,0,0.0776039589982247
4096,10,quant_float64,1,0.07624916600616416
4096,10,quant_float64,2,0.0764417919999687
4096,10,quant_float64,3,0.07632491600088542
4096,10,quant_float64,4,0.07912720899912529
4096,10,quant_float64,5,0.07720658300240757
4096,10,quant_float64,6,0.07667049999872688
4096,10,quant_float64,7,0.07675675000064075
4096,10,quant_float64,8,0.0766964590002317
4096,10,quant_float64,9,0.07698399999935646
4096,30,quant_float64,0,0.18550204199709697
4096,30,quant_float64,1,0.18510937499377178
4096,30,quant_float64,2,0.18696929099678528
4096,30,quant_float64,3,0.1936909169962746
4096,30,quant_float64,4,0.19844483300403226
4096,30,quant_float64,5,0.1878385839954717
4096,30,quant_float64,6,0.18696995799837168
4096,30,quant_float64,7,0.18682854100188706
4096,30,quant_float64,8,0.1871026669978164
4096,30,quant_float64,9,0.18740750000142725
4096,100,quant_float64,0,0.5975531250005588
4096,100,quant_float64,1,0.6006852919963421
4096,100,quant_float64,2,0.5813756669958821
4096,100,quant_float64,3,0.5835971249980503
4096,100,quant_float64,4,0.5848189169992111
4096,100,quant_float64,5,0.6100324169965461
4096,100,quant_float64,6,0.5816544999979669
4096,100,quant_float64,7,0.5904184589962824
4096,100,quant_float64,8,0.5788784169999417
4096,100,quant_float64,9,0.5823044999997364
4096,300,quant_float64,0,1.8293549590016482
4096,300,quant_float64,1,1.806618292001076
4096,300,quant_float64,2,1.8074776670036954
4096,300,quant_float64,3,1.8273229999977048
4096,300,quant_float64,4,1.7900176250041113
4096,300,quant_float64,5,1.8412972090009134
4096,300,quant_float64,6,1.8219275419978658
4096,300,quant_float64,7,1.8263092920024064
4096,300,quant_float64,8,1.8410641250011395
4096,300,quant_float64,9,1.832430791000661
4096,1000,quant_float64,0,5.975684958000784
4096,1000,quant_float64,1,6.000781458998972
4096,1000,quant_float64,2,5.961778582997795
4096,1000,quant_float64,3,5.975928625004599
4096,1000,quant_float64,4,5.993715666001663
4096,1000,quant_float64,5,5.9637682090033195
4096,1000,quant_float64,6,5.99551766699733
4096,1000,quant_float64,7,5.948868291998224
4096,1000,quant_float64,8,5.985954332994879
4096,1000,quant_float64,9,5.961677541003155
4096,3000,quant_float64,0,17.83211254199705
4096,3000,quant_float64,1,17.980862375006836
4096,3000,quant_float64,2,17.94655708299979
4096,3000,quant_float64,3,18.048178749995714
4096,3000,quant_float64,4,18.15768816700438
4096,3000,quant_float64,5,18.042301458997827
4096,3000,quant_float64,6,18.107692957994004
4096,3000,quant_float64,7,18.023809957994672
4096,3000,quant_float64,8,17.927735833000042
4096,3000,quant_float64,9,18.175762416998623
4096,10000,quant_float64,0,59.76753920900228
4096,10000,quant_float64,1,59.88413283299451
4096,10000,quant_float64,2,59.66379245799908
4096,10000,quant_float64,3,59.6924513749982
4096,10000,quant_float64,4,59.8313532079992
4096,10000,quant_float64,5,59.71853816599469
4096,10000,quant_float64,6,59.79475262499909
4096,10000,quant_float64,7,59.71054254099727
4096,10000,quant_float64,8,59.73744545899535
4096,10000,quant_float64,9,59.939478290994884
8192,1,quant_float64,0,0.03395079100300791
8192,1,quant_float64,1,0.033882249997986946
8192,1,quant_float64,2,0.03364062500622822
8192,1,quant_float64,3,0.03350441699876683
8192,1,quant_float64,4,0.033963625006435905
8192,1,quant_float64,5,0.035140874999342486
8192,1,quant_float64,6,0.034442000003764406
8192,1,quant_float64,7,0.03430254100385355
8192,1,quant_float64,8,0.03432708400214324
8192,1,quant_float64,9,0.03425912499369588
8192,3,quant_float64,0,0.05896258400025545
8192,3,quant_float64,1,0.05894533299579052
8192,3,quant_float64,2,0.058855916002357844
8192,3,quant_float64,3,0.058879458003502805
8192,3,quant_float64,4,0.058775000004970934
8192,3,quant_float64,5,0.05887908300064737
8192,3,quant_float64,6,0.05876074999832781
8192,3,quant_float64,7,0.058777625003131106
8192,3,quant_float64,8,0.05874879199836869
8192,3,quant_float64,9,0.05880379099835409
8192,10,quant_float64,0,0.1480575410023448
8192,10,quant_float64,1,0.14624683400325011
8192,10,quant_float64,2,0.14505929200095125
8192,10,quant_float64,3,0.14509637500304962
8192,10,quant_float64,4,0.14485983300255612
8192,10,quant_float64,5,0.1452722910034936
8192,10,quant_float64,6,0.1448537079995731
8192,10,quant_float64,7,0.14511004100495484
8192,10,quant_float64,8,0.14516170799470274
8192,10,quant_float64,9,0.14566458300396334
8192,30,quant_float64,0,0.39512829200248234
8192,30,quant_float64,1,0.38970895900274627
8192,30,quant_float64,2,0.3978885420001461
8192,30,quant_float64,3,0.39772166599868797
8192,30,quant_float64,4,0.3972488329964108
8192,30,quant_float64,5,0.39364704200124834
8192,30,quant_float64,6,0.3915007079995121
8192,30,quant_float64,7,0.39180483300151536
8192,30,quant_float64,8,0.3937243749969639
8192,30,quant_float64,9,0.39596937500027707
8192,100,quant_float64,0,1.3084313329964061
8192,100,quant_float64,1,1.2953343749977648
8192,100,quant_float64,2,1.3241335830025491
8192,100,quant_float64,3,1.3245281659983448
8192,100,quant_float64,4,1.310835958000098
8192,100,quant_float64,5,1.300036499997077
8192,100,quant_float64,6,1.3023126250045607
8192,100,quant_float64,7,1.32995991599455
8192,100,quant_float64,8,1.2855145840003388
8192,100,quant_float64,9,1.307103916995402
8192,300,quant_float64,0,3.9579455420025624
8192,300,quant_float64,1,3.9593382090024534
8192,300,quant_float64,2,3.958034458999464
8192,300,quant_float64,3,3.979486165997514
8192,300,quant_float64,4,3.945321958999557
8192,300,quant_float64,5,3.9704058749994147
8192,300,quant_float64,6,3.935281666999799
8192,300,quant_float64,7,3.932364707994566
8192,300,quant_float64,8,3.9429699999964214
8192,300,quant_float64,9,3.9925816250033677
8192,1000,quant_float64,0,13.074217958004738
8192,1000,quant_float64,1,13.095829207995848
8192,1000,quant_float64,2,13.139825458994892
8192,1000,quant_float64,3,13.084184999999707
8192,1000,quant_float64,4,13.12562812500255
8192,1000,quant_float64,5,13.240766833005182
8192,1000,quant_float64,6,13.24579800000356
8192,1000,quant_float64,7,13.155419957998674
8192,1000,quant_float64,8,13.20793662500364
8192,1000,quant_float64,9,13.145687165997515
8192,3000,quant_float64,0,39.435661374998745
8192,3000,quant_float64,1,39.42305437500181
8192,3000,quant_float64,2,39.56638925000152
8192,3000,quant_float64,3,39.47165012500045
8192,3000,quant_float64,4,39.4583561670006
8192,3000,quant_float64,5,39.54122058299981
8192,3000,quant_float64,6,39.50570662500104
8192,3000,quant_float64,7,39.439148041994486
8192,3000,quant_float64,8,39.51800345799711
8192,3000,quant_float64,9,39.51628054199682
8192,10000,quant_float64,0,137.8645267920001
8192,10000,quant_float64,1,135.54930862499896
8192,10000,quant_float64,2,135.71780237500207
8192,10000,quant_float64,3,135.74537708299613
8192,10000,quant_float64,4,135.7250062499952
8192,10000,quant_float64,5,135.58187666600134
8192,10000,quant_float64,6,135.23436870799924
8192,10000,quant_float64,7,135.07975433400134
8192,10000,quant_float64,8,135.97486924999976
8192,10000,quant_float64,9,134.78818016700097
