Series length,Number of samples,Estimator,Run,Threads,Runtime
16,1,moment_quant_exact_intervals,8,8,0.0011770419987442438
16,1,moment_quant_exact_samples,9,8,0.0008050409996940289
16,1,moment_quant_approx_samples,8,8,0.004210916998999892
16,1,moment_quant_exact_intervals,7,8,0.0011562499967112672
16,1,moment_quant_exact_samples,1,8,0.0008846249984344468
16,1,moment_quant_exact_intervals,1,8,0.0011706670011335518
16,1,moment_quant_approx_intervals,5,8,0.004507500001636799
16,1,moment_quant_approx_intervals,6,8,0.004501957999309525
16,1,moment_quant_exact_samples,4,8,0.0007392080005956814
16,1,moment_quant_approx_intervals,8,8,0.004544709001493175
16,1,moment_quant_approx_samples,1,8,0.004296291001082864
16,1,moment_quant_approx_intervals,2,8,0.004506834000494564
16,1,moment_quant_exact_samples,0,8,0.0006544590032717679
16,1,moment_quant_exact_samples,3,8,0.0007601659999636468
16,1,moment_quant_approx_samples,0,8,0.004138541997235734
16,1,moment_quant_exact_samples,5,8,0.0006865840005048085
16,1,moment_quant_approx_samples,4,8,0.004142042002058588
16,1,moment_quant_approx_intervals,9,8,0.004515915999945719
16,1,moment_quant_approx_samples,3,8,0.004146874998696148
16,1,moment_quant_exact_intervals,5,8,0.0011302919992886018
16,1,moment_quant_approx_samples,7,8,0.00416870899789501
16,1,moment_quant_exact_samples,8,8,0.0007607500010635704
16,1,moment_quant_approx_intervals,1,8,0.004550583998934599
16,1,moment_quant_approx_samples,9,8,0.004133792001084657
16,1,moment_quant_exact_intervals,9,8,0.001168792001408292
16,1,moment_quant_exact_intervals,2,8,0.0011433750005380716
16,1,moment_quant_exact_intervals,6,8,0.0011044169987144414
16,1,moment_quant_exact_samples,2,8,0.0008420419981121086
16,1,moment_quant_exact_intervals,3,8,0.0011169579993293155
16,1,moment_quant_exact_samples,7,8,0.000693958001647843
16,1,moment_quant_approx_samples,5,8,0.004215790999296587
16,1,moment_quant_approx_samples,2,8,0.0041409999976167455
16,1,moment_quant_approx_intervals,3,8,0.004526042001089081
16,1,moment_quant_approx_intervals,4,8,0.004644542001187801
16,1,moment_quant_approx_intervals,7,8,0.004535249998298241
16,1,moment_quant_exact_samples,6,8,0.0007119170004443731
16,1,moment_quant_approx_samples,6,8,0.004238708002958447
16,1,moment_quant_exact_intervals,0,8,0.0011632080022536684
16,1,moment_quant_approx_intervals,0,8,0.004530083999270573
16,1,moment_quant_exact_intervals,4,8,0.001134707999881357
16,2,moment_quant_approx_intervals,5,8,0.004657499997847481
16,2,moment_quant_approx_intervals,1,8,0.004652666000765748
16,2,moment_quant_exact_samples,4,8,0.0007447499992849771
16,2,moment_quant_approx_samples,9,8,0.004228290999890305
16,2,moment_quant_approx_intervals,2,8,0.0045977500012668315
16,2,moment_quant_approx_intervals,8,8,0.004553958999167662
16,2,moment_quant_approx_intervals,6,8,0.004587333001836669
16,2,moment_quant_exact_samples,5,8,0.0008179999967978802
16,2,moment_quant_approx_intervals,0,8,0.004617250000592321
16,2,moment_quant_approx_intervals,9,8,0.004603957997460384
16,2,moment_quant_approx_samples,2,8,0.004304500002035638
16,2,moment_quant_exact_intervals,4,8,0.0011553750009625219
16,2,moment_quant_exact_samples,8,8,0.0006454169997596182
16,2,moment_quant_approx_samples,5,8,0.00413579199812375
16,2,moment_quant_exact_samples,2,8,0.0007472079996659886
16,2,moment_quant_approx_samples,1,8,0.004185459001746494
16,2,moment_quant_exact_intervals,5,8,0.0011632499990810174
16,2,moment_quant_approx_samples,0,8,0.004197207999823149
16,2,moment_quant_exact_intervals,7,8,0.0011267910012975335
16,2,moment_quant_approx_samples,6,8,0.004162417000770802
16,2,moment_quant_approx_intervals,3,8,0.004632125001080567
16,2,moment_quant_exact_samples,0,8,0.0007545410007878672
16,2,moment_quant_exact_samples,3,8,0.0007154159975470975
16,2,moment_quant_approx_samples,7,8,0.004243082999892067
16,2,moment_quant_exact_intervals,1,8,0.0011547499998414423
16,2,moment_quant_exact_samples,1,8,0.0007859580000513233
16,2,moment_quant_exact_intervals,8,8,0.0011758329965232406
16,2,moment_quant_approx_samples,8,8,0.0042883329988399055
16,2,moment_quant_exact_samples,6,8,0.0007053750014165416
16,2,moment_quant_exact_intervals,3,8,0.0011532089993124828
16,2,moment_quant_approx_samples,4,8,0.004373208001197781
16,2,moment_quant_approx_intervals,7,8,0.004688332999648992
16,2,moment_quant_approx_intervals,4,8,0.004595249996782513
16,2,moment_quant_exact_intervals,2,8,0.0011451669997768477
16,2,moment_quant_exact_samples,7,8,0.0007150839992391411
16,2,moment_quant_exact_intervals,9,8,0.0011633750000328291
16,2,moment_quant_exact_samples,9,8,0.0006700409976474475
16,2,moment_quant_exact_intervals,6,8,0.0011536250021890737
16,2,moment_quant_exact_intervals,0,8,0.0011003330000676215
16,2,moment_quant_approx_samples,3,8,0.004162125002039829
16,3,moment_quant_exact_intervals,4,8,0.0011397910020605195
16,3,moment_quant_exact_intervals,0,8,0.0010987920031766407
16,3,moment_quant_approx_samples,4,8,0.004315459002100397
16,3,moment_quant_approx_intervals,6,8,0.004642333002266241
16,3,moment_quant_exact_samples,4,8,0.0007132499995350372
16,3,moment_quant_exact_intervals,6,8,0.0011799169988080394
16,3,moment_quant_exact_samples,6,8,0.000823375001345994
16,3,moment_quant_approx_intervals,8,8,0.004715375001978828
16,3,moment_quant_exact_intervals,5,8,0.0011637500028882641
16,3,moment_quant_exact_samples,2,8,0.0007853330025682226
16,3,moment_quant_exact_samples,3,8,0.000761874998715939
16,3,moment_quant_exact_intervals,3,8,0.0011563330008357298
16,3,moment_quant_approx_samples,2,8,0.004234207997797057
16,3,moment_quant_exact_samples,7,8,0.0006549159988935571
16,3,moment_quant_exact_intervals,2,8,0.0011437499997555278
16,3,moment_quant_exact_samples,5,8,0.0007264170017151628
16,3,moment_quant_approx_intervals,4,8,0.004662999999709427
16,3,moment_quant_approx_intervals,2,8,0.004634375000023283
16,3,moment_quant_approx_intervals,0,8,0.0046140409976942465
16,3,moment_quant_approx_samples,7,8,0.004329792001954047
16,3,moment_quant_exact_intervals,8,8,0.0011677500006044284
16,3,moment_quant_exact_samples,0,8,0.0008754579976084642
16,3,moment_quant_approx_samples,9,8,0.004185124998912215
16,3,moment_quant_exact_samples,1,8,0.0007939999995869584
16,3,moment_quant_approx_intervals,9,8,0.004662415998609504
16,3,moment_quant_approx_intervals,3,8,0.00462412500201026
16,3,moment_quant_exact_samples,9,8,0.0008477499977743719
16,3,moment_quant_exact_intervals,9,8,0.0011567920009838417
16,3,moment_quant_approx_samples,8,8,0.004461708002054365
16,3,moment_quant_approx_samples,0,8,0.004432624999026302
16,3,moment_quant_approx_intervals,1,8,0.004687332999310456
16,3,moment_quant_approx_intervals,7,8,0.00463116699756938
16,3,moment_quant_approx_intervals,5,8,0.0046211250009946525
16,3,moment_quant_exact_intervals,7,8,0.001149957999587059
16,3,moment_quant_approx_samples,5,8,0.004255541000020457
16,3,moment_quant_exact_samples,8,8,0.0006787919992348179
16,3,moment_quant_approx_samples,1,8,0.004169833002379164
16,3,moment_quant_approx_samples,6,8,0.00418133399944054
16,3,moment_quant_exact_intervals,1,8,0.0011613749993557576
16,3,moment_quant_approx_samples,3,8,0.004226875000313157
16,4,moment_quant_exact_intervals,9,8,0.0011482500012789387
16,4,moment_quant_approx_samples,4,8,0.004221457998937694
16,4,moment_quant_exact_samples,2,8,0.000791041999036679
16,4,moment_quant_exact_samples,5,8,0.0008522499992977828
16,4,moment_quant_approx_intervals,9,8,0.0046302089976961724
16,4,moment_quant_exact_samples,6,8,0.0007475000020349398
16,4,moment_quant_approx_intervals,7,8,0.004557333999400726
16,4,moment_quant_approx_samples,3,8,0.0042285420022381
16,4,moment_quant_exact_intervals,7,8,0.0011541659987415187
16,4,moment_quant_approx_intervals,4,8,0.004573209000227507
16,4,moment_quant_approx_intervals,8,8,0.004557749998639338
16,4,moment_quant_exact_samples,7,8,0.000793790997704491
16,4,moment_quant_exact_samples,8,8,0.000801792000856949
16,4,moment_quant_approx_samples,7,8,0.004235500000504544
16,4,moment_quant_exact_intervals,2,8,0.0011654170011752285
16,4,moment_quant_exact_intervals,8,8,0.00110816700180294
16,4,moment_quant_approx_intervals,3,8,0.004603083998517832
16,4,moment_quant_exact_intervals,1,8,0.0011188330026925541
16,4,moment_quant_approx_samples,2,8,0.004233791001752252
16,4,moment_quant_exact_intervals,0,8,0.0011213340003450867
16,4,moment_quant_exact_samples,3,8,0.0007479169980797451
16,4,moment_quant_approx_intervals,5,8,0.004581291999784298
16,4,moment_quant_exact_intervals,6,8,0.0011269579990766943
16,4,moment_quant_exact_intervals,3,8,0.0011021669997717254
16,4,moment_quant_approx_samples,0,8,0.004189790997770615
16,4,moment_quant_exact_intervals,5,8,0.0011363749981683213
16,4,moment_quant_exact_samples,4,8,0.0007330410007853061
16,4,moment_quant_approx_intervals,6,8,0.004584500002238201
16,4,moment_quant_approx_samples,9,8,0.004199000002699904
16,4,moment_quant_approx_samples,8,8,0.004210708000755403
16,4,moment_quant_approx_intervals,1,8,0.004654583000956336
16,4,moment_quant_approx_samples,5,8,0.004285874998458894
16,4,moment_quant_exact_samples,9,8,0.0006925830020918511
16,4,moment_quant_exact_samples,0,8,0.0007722919981461018
16,4,moment_quant_approx_intervals,0,8,0.004664833999413531
16,4,moment_quant_approx_samples,6,8,0.004276750001736218
16,4,moment_quant_approx_samples,1,8,0.0042847499971685465
16,4,moment_quant_exact_samples,1,8,0.0007772919998387806
16,4,moment_quant_approx_intervals,2,8,0.004722375000710599
16,4,moment_quant_exact_intervals,4,8,0.0011342089965182822
16,8,moment_quant_approx_intervals,7,8,0.004644624998036306
16,8,moment_quant_exact_samples,0,8,0.0008223750010074582
16,8,moment_quant_approx_samples,5,8,0.004393791998154484
16,8,moment_quant_approx_samples,0,8,0.004291125002055196
16,8,moment_quant_exact_samples,9,8,0.0008769580017542467
16,8,moment_quant_approx_samples,7,8,0.004200332998152589
16,8,moment_quant_exact_intervals,3,8,0.0011430410013417713
16,8,moment_quant_approx_intervals,2,8,0.004656290999264456
16,8,moment_quant_exact_intervals,9,8,0.0011559590020624455
16,8,moment_quant_approx_samples,9,8,0.004351165996922646
16,8,moment_quant_approx_intervals,9,8,0.004716667001048336
16,8,moment_quant_approx_intervals,1,8,0.0046602090005762875
16,8,moment_quant_exact_intervals,4,8,0.0011704579992510844
16,8,moment_quant_approx_intervals,3,8,0.004676915999880293
16,8,moment_quant_approx_samples,2,8,0.004261457997927209
16,8,moment_quant_exact_samples,1,8,0.00080895900100586
16,8,moment_quant_exact_intervals,2,8,0.0011655829985102173
16,8,moment_quant_approx_samples,6,8,0.004288125001039589
16,8,moment_quant_exact_intervals,8,8,0.001161583000794053
16,8,moment_quant_exact_intervals,7,8,0.0011303339997539297
16,8,moment_quant_exact_samples,3,8,0.0008588749988120981
16,8,moment_quant_approx_samples,1,8,0.004324417001043912
16,8,moment_quant_exact_samples,7,8,0.0008309170007123612
16,8,moment_quant_exact_intervals,6,8,0.0011816250007541385
16,8,moment_quant_approx_samples,4,8,0.004360083999927156
16,8,moment_quant_exact_intervals,5,8,0.0011591670008783694
16,8,moment_quant_exact_samples,6,8,0.000751042000047164
16,8,moment_quant_exact_samples,5,8,0.0007780420019116718
16,8,moment_quant_approx_intervals,4,8,0.00470412499998929
16,8,moment_quant_approx_intervals,6,8,0.004682499999034917
16,8,moment_quant_approx_intervals,8,8,0.004662749997805804
16,8,moment_quant_exact_intervals,1,8,0.001150832998973783
16,8,moment_quant_approx_intervals,0,8,0.004697291002230486
16,8,moment_quant_exact_samples,8,8,0.0009154170002148021
16,8,moment_quant_exact_samples,4,8,0.0007675830020161811
16,8,moment_quant_approx_samples,8,8,0.004350750001322012
16,8,moment_quant_approx_samples,3,8,0.004275625000445871
16,8,moment_quant_approx_intervals,5,8,0.004613000000972534
16,8,moment_quant_exact_samples,2,8,0.000827457999548642
16,8,moment_quant_exact_intervals,0,8,0.001151332999143051
16,10,moment_quant_exact_samples,7,8,0.0008457910007564351
16,10,moment_quant_exact_intervals,7,8,0.0011946670019824523
16,10,moment_quant_exact_samples,2,8,0.0008590000034018885
16,10,moment_quant_approx_samples,1,8,0.004342917000030866
16,10,moment_quant_exact_intervals,0,8,0.0011392080014047679
16,10,moment_quant_approx_intervals,6,8,0.004619790997821838
16,10,moment_quant_approx_samples,2,8,0.004258500001014909
16,10,moment_quant_approx_intervals,5,8,0.004664792002586182
16,10,moment_quant_exact_samples,5,8,0.000826624996989267
16,10,moment_quant_approx_samples,8,8,0.004296957999031292
16,10,moment_quant_approx_intervals,8,8,0.004733707999548642
16,10,moment_quant_approx_samples,7,8,0.0042411249996803235
16,10,moment_quant_approx_intervals,1,8,0.004592249999404885
16,10,moment_quant_exact_intervals,8,8,0.001150374999269843
16,10,moment_quant_exact_samples,8,8,0.0008487500017508864
16,10,moment_quant_approx_samples,5,8,0.004347917001723545
16,10,moment_quant_exact_intervals,4,8,0.001155791000201134
16,10,moment_quant_approx_intervals,0,8,0.004700000001321314
16,10,moment_quant_exact_intervals,6,8,0.0011945420010306407
16,10,moment_quant_exact_samples,0,8,0.0008733340000617318
16,10,moment_quant_exact_intervals,5,8,0.0011735000007320195
16,10,moment_quant_approx_intervals,7,8,0.004740708001918392
16,10,moment_quant_approx_samples,4,8,0.004279249998944579
16,10,moment_quant_approx_samples,0,8,0.0044114169977547135
16,10,moment_quant_approx_samples,3,8,0.004261750000296161
16,10,moment_quant_exact_samples,6,8,0.0008948750000854488
16,10,moment_quant_approx_intervals,4,8,0.004727499999717111
16,10,moment_quant_approx_intervals,9,8,0.004669583002396394
16,10,moment_quant_approx_intervals,2,8,0.004681041002186248
16,10,moment_quant_exact_samples,9,8,0.0009077919967239723
16,10,moment_quant_exact_samples,3,8,0.0008619580003141891
16,10,moment_quant_exact_intervals,2,8,0.0011920420001843013
16,10,moment_quant_exact_intervals,3,8,0.0011137500005133916
16,10,moment_quant_approx_intervals,3,8,0.004640916002244921
16,10,moment_quant_exact_intervals,9,8,0.00112658400030341
16,10,moment_quant_exact_samples,4,8,0.00086479199671885
16,10,moment_quant_exact_samples,1,8,0.0007873329996073153
16,10,moment_quant_approx_samples,6,8,0.0042690419977589045
16,10,moment_quant_approx_samples,9,8,0.004305165999539895
16,10,moment_quant_exact_intervals,1,8,0.001145417001680471
16,16,moment_quant_exact_intervals,6,8,0.0011440829985076562
16,16,moment_quant_approx_intervals,9,8,0.004654291999031557
16,16,moment_quant_exact_intervals,0,8,0.0012122080006520264
16,16,moment_quant_exact_samples,4,8,0.0008868330005498137
16,16,moment_quant_exact_samples,5,8,0.0008291249978356063
16,16,moment_quant_exact_samples,2,8,0.0009030420005728956
16,16,moment_quant_approx_intervals,1,8,0.004733208999823546
16,16,moment_quant_exact_intervals,3,8,0.001169250001112232
16,16,moment_quant_exact_samples,3,8,0.0009507920003670733
16,16,moment_quant_approx_samples,3,8,0.004360999999335036
16,16,moment_quant_approx_samples,6,8,0.0043898749972868245
16,16,moment_quant_approx_samples,8,8,0.004320916999859037
16,16,moment_quant_approx_samples,0,8,0.004404541999974754
16,16,moment_quant_approx_intervals,4,8,0.004747582999698352
16,16,moment_quant_exact_samples,7,8,0.0008746250023250468
16,16,moment_quant_approx_samples,9,8,0.0043804169981740415
16,16,moment_quant_exact_intervals,1,8,0.0011899590026587248
16,16,moment_quant_exact_intervals,7,8,0.0011487920019135345
16,16,moment_quant_approx_samples,2,8,0.0043457909996504895
16,16,moment_quant_exact_intervals,5,8,0.00116787500155624
16,16,moment_quant_exact_samples,1,8,0.0009111670005950145
16,16,moment_quant_approx_samples,1,8,0.004359125003247755
16,16,moment_quant_exact_samples,6,8,0.0008271250007965136
16,16,moment_quant_exact_intervals,2,8,0.0011792090008384548
16,16,moment_quant_approx_intervals,8,8,0.004764750003232621
16,16,moment_quant_exact_samples,0,8,0.0008632080025563482
16,16,moment_quant_approx_samples,5,8,0.00427049999780138
16,16,moment_quant_approx_intervals,3,8,0.0047289590002037585
16,16,moment_quant_approx_samples,7,8,0.0043992499995511025
16,16,moment_quant_approx_intervals,6,8,0.0047482500012847595
16,16,moment_quant_exact_intervals,4,8,0.0011815420002676547
16,16,moment_quant_approx_intervals,0,8,0.0047455420026381034
16,16,moment_quant_approx_intervals,5,8,0.004731834000267554
16,16,moment_quant_exact_samples,9,8,0.0009764169990376104
16,16,moment_quant_exact_samples,8,8,0.0008575000028940849
16,16,moment_quant_exact_intervals,9,8,0.0011806660004367586
16,16,moment_quant_approx_intervals,2,8,0.004768083003000356
16,16,moment_quant_approx_samples,4,8,0.00435670799924992
16,16,moment_quant_approx_intervals,7,8,0.004811832997802412
16,16,moment_quant_exact_intervals,8,8,0.0011720420006895438
16,30,moment_quant_approx_intervals,0,8,0.004896291000477504
16,30,moment_quant_approx_intervals,6,8,0.004908958999294555
16,30,moment_quant_exact_samples,1,8,0.0011069590000261087
16,30,moment_quant_exact_intervals,8,8,0.0012051659978169482
16,30,moment_quant_exact_samples,2,8,0.0009630419990571681
16,30,moment_quant_exact_intervals,7,8,0.0011779580017901026
16,30,moment_quant_approx_samples,3,8,0.004423582999152131
16,30,moment_quant_exact_intervals,4,8,0.0012274170003365725
16,30,moment_quant_approx_samples,0,8,0.004342082997027319
16,30,moment_quant_exact_samples,6,8,0.001028250000672415
16,30,moment_quant_exact_intervals,9,8,0.0011981669995293487
16,30,moment_quant_exact_intervals,1,8,0.0011579170022741891
16,30,moment_quant_approx_samples,1,8,0.004385208998428425
16,30,moment_quant_exact_intervals,0,8,0.0012189159970148467
16,30,moment_quant_approx_samples,2,8,0.004287291001674021
16,30,moment_quant_approx_intervals,3,8,0.004790959003003081
16,30,moment_quant_approx_intervals,9,8,0.004836915999476332
16,30,moment_quant_exact_samples,3,8,0.0010037909996754024
16,30,moment_quant_exact_intervals,6,8,0.0012408750008034986
16,30,moment_quant_exact_intervals,5,8,0.001156749996880535
16,30,moment_quant_approx_intervals,8,8,0.004754000001412351
16,30,moment_quant_exact_intervals,2,8,0.0011695409993990324
16,30,moment_quant_approx_intervals,4,8,0.004770750001625856
16,30,moment_quant_exact_samples,4,8,0.0010550830011197831
16,30,moment_quant_approx_samples,7,8,0.004374125001049833
16,30,moment_quant_exact_samples,5,8,0.000999124997179024
16,30,moment_quant_approx_intervals,2,8,0.004812667000805959
16,30,moment_quant_exact_samples,0,8,0.0009401249990332872
16,30,moment_quant_approx_samples,8,8,0.00432270800229162
16,30,moment_quant_exact_samples,9,8,0.0009393750005983748
16,30,moment_quant_exact_samples,7,8,0.0010016249980253633
16,30,moment_quant_approx_samples,9,8,0.004425708997587208
16,30,moment_quant_approx_intervals,1,8,0.004752459000883391
16,30,moment_quant_approx_samples,4,8,0.004427208998095011
16,30,moment_quant_approx_samples,6,8,0.004306375001760898
16,30,moment_quant_approx_intervals,5,8,0.004792957999598002
16,30,moment_quant_exact_intervals,3,8,0.0012021250004181638
16,30,moment_quant_exact_samples,8,8,0.0010216250011580996
16,30,moment_quant_approx_intervals,7,8,0.00480283400247572
16,30,moment_quant_approx_samples,5,8,0.004374874999484746
16,32,moment_quant_exact_intervals,5,8,0.0012036670013912953
16,32,moment_quant_approx_intervals,4,8,0.0047824169996601995
16,32,moment_quant_exact_samples,6,8,0.0011814160025096498
16,32,moment_quant_approx_samples,8,8,0.0044181669982208405
16,32,moment_quant_exact_samples,0,8,0.0009520409985270817
16,32,moment_quant_approx_samples,3,8,0.004443041998456465
16,32,moment_quant_approx_samples,7,8,0.004432875000929926
16,32,moment_quant_approx_samples,2,8,0.004381541999464389
16,32,moment_quant_approx_samples,5,8,0.004419541000970639
16,32,moment_quant_approx_samples,0,8,0.004382832998089725
16,32,moment_quant_exact_intervals,2,8,0.0012167090026196092
16,32,moment_quant_approx_samples,9,8,0.00433550000161631
16,32,moment_quant_exact_samples,5,8,0.0009622090001357719
16,32,moment_quant_approx_intervals,8,8,0.004906124999251915
16,32,moment_quant_exact_samples,2,8,0.000977833002252737
16,32,moment_quant_approx_intervals,5,8,0.004894875000900356
16,32,moment_quant_exact_samples,7,8,0.0009842920007940847
16,32,moment_quant_approx_intervals,9,8,0.004899791998468572
16,32,moment_quant_exact_intervals,6,8,0.001225416999659501
16,32,moment_quant_exact_intervals,0,8,0.0011924169994017575
16,32,moment_quant_approx_intervals,2,8,0.004766750000271713
16,32,moment_quant_exact_intervals,1,8,0.0011892080001416616
16,32,moment_quant_approx_samples,1,8,0.00441891599984956
16,32,moment_quant_exact_samples,3,8,0.000996292001218535
16,32,moment_quant_approx_samples,4,8,0.004325291996792657
16,32,moment_quant_exact_samples,1,8,0.0010382090003986377
16,32,moment_quant_exact_intervals,8,8,0.0012107080001442228
16,32,moment_quant_approx_intervals,0,8,0.00477725000018836
16,32,moment_quant_exact_samples,4,8,0.0010447079985169694
16,32,moment_quant_exact_intervals,7,8,0.0012372089986456558
16,32,moment_quant_approx_intervals,7,8,0.004774625002028188
16,32,moment_quant_approx_intervals,1,8,0.00479629199980991
16,32,moment_quant_exact_intervals,3,8,0.0012015419997624122
16,32,moment_quant_exact_samples,9,8,0.0010278749978169799
16,32,moment_quant_approx_samples,6,8,0.004380750000564149
16,32,moment_quant_approx_intervals,3,8,0.004765958001371473
16,32,moment_quant_approx_intervals,6,8,0.00481562499771826
16,32,moment_quant_exact_intervals,9,8,0.001204790998599492
16,32,moment_quant_exact_intervals,4,8,0.001204750002216315
16,32,moment_quant_exact_samples,8,8,0.001066499997250503
16,64,moment_quant_exact_intervals,3,8,0.0013329579996934626
16,64,moment_quant_exact_samples,1,8,0.0011421249982959125
16,64,moment_quant_approx_intervals,9,8,0.0050972919998457655
16,64,moment_quant_exact_intervals,8,8,0.0012956660029885825
16,64,moment_quant_exact_samples,8,8,0.001302667002164526
16,64,moment_quant_approx_samples,1,8,0.0044778330011467915
16,64,moment_quant_exact_samples,2,8,0.001258708998648217
16,64,moment_quant_approx_samples,0,8,0.004471207997994497
16,64,moment_quant_exact_intervals,6,8,0.0013266249989101198
16,64,moment_quant_exact_samples,6,8,0.0013322499980858993
16,64,moment_quant_exact_samples,0,8,0.0012399589977576397
16,64,moment_quant_approx_samples,9,8,0.004408207998494618
16,64,moment_quant_exact_intervals,4,8,0.0012817079987144098
16,64,moment_quant_exact_intervals,1,8,0.001297332997637568
16,64,moment_quant_exact_samples,9,8,0.0011842919993796386
16,64,moment_quant_exact_samples,3,8,0.0011432920000515878
16,64,moment_quant_approx_intervals,4,8,0.005163290999917081
16,64,moment_quant_exact_intervals,0,8,0.0012894579995190725
16,64,moment_quant_approx_samples,3,8,0.004651125000236789
16,64,moment_quant_approx_intervals,8,8,0.0051640830024553
16,64,moment_quant_exact_samples,4,8,0.0012344160022621509
16,64,moment_quant_approx_samples,8,8,0.004408999997394858
16,64,moment_quant_exact_intervals,9,8,0.0012662080007430632
16,64,moment_quant_exact_intervals,7,8,0.0012332499973126687
16,64,moment_quant_approx_samples,4,8,0.004469583000172861
16,64,moment_quant_exact_intervals,5,8,0.0012939579974045046
16,64,moment_quant_approx_intervals,3,8,0.005106000000523636
16,64,moment_quant_approx_intervals,5,8,0.005078291000245372
16,64,moment_quant_exact_samples,7,8,0.0012816250018659048
16,64,moment_quant_exact_samples,5,8,0.0012426670000422746
16,64,moment_quant_approx_samples,7,8,0.00451700000121491
16,64,moment_quant_approx_samples,5,8,0.004419250002683839
16,64,moment_quant_approx_intervals,0,8,0.0050756660020852
16,64,moment_quant_approx_intervals,6,8,0.005068459002359305
16,64,moment_quant_approx_samples,2,8,0.004536458000075072
16,64,moment_quant_approx_intervals,7,8,0.005152375000761822
16,64,moment_quant_approx_samples,6,8,0.004500874998484505
16,64,moment_quant_approx_intervals,2,8,0.005083916999865323
16,64,moment_quant_approx_intervals,1,8,0.005072709001979092
16,64,moment_quant_exact_intervals,2,8,0.001269874999707099
16,100,moment_quant_exact_samples,9,8,0.0015035840006021317
16,100,moment_quant_exact_samples,6,8,0.001473334003094351
16,100,moment_quant_approx_samples,9,8,0.004583208999974886
16,100,moment_quant_exact_intervals,8,8,0.0013909580011386424
16,100,moment_quant_approx_samples,5,8,0.004687750002631219
16,100,moment_quant_approx_samples,3,8,0.004697915999713587
16,100,moment_quant_exact_intervals,3,8,0.0013674170004378539
16,100,moment_quant_approx_intervals,2,8,0.0054351250000763685
16,100,moment_quant_exact_samples,4,8,0.0015065410007082392
16,100,moment_quant_exact_samples,0,8,0.001450457999453647
16,100,moment_quant_approx_intervals,1,8,0.005395209002017509
16,100,moment_quant_exact_intervals,6,8,0.0013640830002259463
16,100,moment_quant_approx_samples,4,8,0.004587375002301997
16,100,moment_quant_approx_intervals,5,8,0.0054059169997344725
16,100,moment_quant_exact_intervals,5,8,0.0013593330004368909
16,100,moment_quant_exact_samples,3,8,0.0014622500020777807
16,100,moment_quant_exact_intervals,9,8,0.001394709001033334
16,100,moment_quant_approx_intervals,9,8,0.005391415998019511
16,100,moment_quant_approx_samples,6,8,0.004694584000390023
16,100,moment_quant_exact_intervals,0,8,0.001363333998597227
16,100,moment_quant_exact_samples,7,8,0.0015293340002244804
16,100,moment_quant_approx_intervals,7,8,0.0054419169973698445
16,100,moment_quant_exact_intervals,4,8,0.0013379159972828347
16,100,moment_quant_approx_intervals,8,8,0.005299790998833487
16,100,moment_quant_exact_samples,2,8,0.0015329579982790165
16,100,moment_quant_exact_samples,8,8,0.0014580419992853422
16,100,moment_quant_approx_samples,7,8,0.004681708000134677
16,100,moment_quant_approx_samples,0,8,0.004505832999711856
16,100,moment_quant_approx_samples,8,8,0.004577791998599423
16,100,moment_quant_exact_samples,5,8,0.0015091249988472555
16,100,moment_quant_exact_samples,1,8,0.0015649579981982242
16,100,moment_quant_exact_intervals,1,8,0.001392582998960279
16,100,moment_quant_exact_intervals,2,8,0.0013306250002642628
16,100,moment_quant_approx_intervals,0,8,0.005412124999566004
16,100,moment_quant_approx_intervals,4,8,0.005352250002033543
16,100,moment_quant_approx_intervals,3,8,0.005324833000486251
16,100,moment_quant_approx_samples,1,8,0.0046485839993692935
16,100,moment_quant_exact_intervals,7,8,0.0013672499990207143
16,100,moment_quant_approx_samples,2,8,0.004596250000759028
16,100,moment_quant_approx_intervals,6,8,0.005375917000492336
16,300,moment_quant_approx_samples,5,8,0.005332917000487214
16,300,moment_quant_approx_samples,1,8,0.005467666996992193
16,300,moment_quant_approx_intervals,7,8,0.007061332999001024
16,300,moment_quant_exact_samples,8,8,0.0028459169989218935
16,300,moment_quant_approx_intervals,0,8,0.006981125003221678
16,300,moment_quant_exact_samples,9,8,0.002781834002234973
16,300,moment_quant_exact_samples,2,8,0.00288837499829242
16,300,moment_quant_exact_samples,3,8,0.002839790999132674
16,300,moment_quant_exact_samples,7,8,0.002723083001910709
16,300,moment_quant_approx_intervals,5,8,0.007138125001802109
16,300,moment_quant_exact_intervals,6,8,0.0018777500008582138
16,300,moment_quant_approx_samples,3,8,0.005735416001698468
16,300,moment_quant_approx_intervals,1,8,0.007126665997930104
16,300,moment_quant_approx_intervals,4,8,0.007006583000475075
16,300,moment_quant_exact_samples,4,8,0.002931000002718065
16,300,moment_quant_exact_intervals,5,8,0.0018324999982723966
16,300,moment_quant_approx_intervals,2,8,0.007081499999912921
16,300,moment_quant_exact_intervals,9,8,0.0017851249976956751
16,300,moment_quant_exact_samples,6,8,0.0026522500011196826
16,300,moment_quant_approx_samples,9,8,0.0053542499990726355
16,300,moment_quant_approx_intervals,3,8,0.007040791999315843
16,300,moment_quant_exact_samples,0,8,0.0028939590010850225
16,300,moment_quant_exact_intervals,1,8,0.00188033399899723
16,300,moment_quant_approx_samples,8,8,0.0053578330007439945
16,300,moment_quant_exact_intervals,7,8,0.0017989580010180362
16,300,moment_quant_approx_samples,0,8,0.005303624999214662
16,300,moment_quant_approx_intervals,6,8,0.007141458001569845
16,300,moment_quant_exact_intervals,4,8,0.0018288330029463395
16,300,moment_quant_exact_intervals,3,8,0.0017805000024964102
16,300,moment_quant_approx_samples,2,8,0.00540608300070744
16,300,moment_quant_approx_samples,7,8,0.005224541997449705
16,300,moment_quant_exact_intervals,0,8,0.0018367499978921842
16,300,moment_quant_exact_samples,1,8,0.002675457999430364
16,300,moment_quant_exact_intervals,8,8,0.0018424999980197754
16,300,moment_quant_approx_intervals,9,8,0.00710866699955659
16,300,moment_quant_approx_samples,6,8,0.00541249999878346
16,300,moment_quant_exact_intervals,2,8,0.0018090830017172266
16,300,moment_quant_approx_samples,4,8,0.005355000001145527
16,300,moment_quant_approx_intervals,8,8,0.007194541998615023
16,300,moment_quant_exact_samples,5,8,0.00288383299994166
16,1000,moment_quant_exact_samples,8,8,0.007367250000243075
16,1000,moment_quant_approx_intervals,2,8,0.015278957998816622
16,1000,moment_quant_exact_samples,9,8,0.007793249998940155
16,1000,moment_quant_exact_samples,4,8,0.00756720800200128
16,1000,moment_quant_exact_samples,0,8,0.007566291998955421
16,1000,moment_quant_exact_intervals,8,8,0.0033920419991773088
16,1000,moment_quant_approx_samples,3,8,0.007831791997887194
16,1000,moment_quant_exact_intervals,4,8,0.0033430840012442786
16,1000,moment_quant_approx_intervals,4,8,0.013286792000144487
16,1000,moment_quant_approx_samples,4,8,0.007787624999764375
16,1000,moment_quant_approx_samples,0,8,0.007882083002186846
16,1000,moment_quant_approx_samples,6,8,0.008174083999620052
16,1000,moment_quant_exact_samples,5,8,0.007611375000124099
16,1000,moment_quant_exact_intervals,6,8,0.0035053749998041894
16,1000,moment_quant_exact_intervals,7,8,0.003319583000120474
16,1000,moment_quant_exact_samples,7,8,0.007449708999047289
16,1000,moment_quant_approx_samples,2,8,0.007903666999482084
16,1000,moment_quant_approx_intervals,8,8,0.013152416999218985
16,1000,moment_quant_approx_samples,9,8,0.007799125000019558
16,1000,moment_quant_exact_intervals,0,8,0.0034155419998569414
16,1000,moment_quant_exact_intervals,9,8,0.0032527920011489186
16,1000,moment_quant_approx_samples,5,8,0.007779332998325117
16,1000,moment_quant_approx_samples,8,8,0.00779054199665552
16,1000,moment_quant_approx_intervals,1,8,0.013175582997064339
16,1000,moment_quant_exact_intervals,2,8,0.003272541998740053
16,1000,moment_quant_approx_samples,7,8,0.007945624998683343
16,1000,moment_quant_exact_samples,2,8,0.007522124997194624
16,1000,moment_quant_exact_samples,3,8,0.007452124998962972
16,1000,moment_quant_exact_samples,1,8,0.0074844159971689805
16,1000,moment_quant_approx_intervals,6,8,0.013267291000374826
16,1000,moment_quant_exact_intervals,3,8,0.00338108299911255
16,1000,moment_quant_approx_intervals,3,8,0.013059832999715582
16,1000,moment_quant_approx_intervals,7,8,0.013080957996862708
16,1000,moment_quant_approx_intervals,5,8,0.013043708000623155
16,1000,moment_quant_approx_intervals,0,8,0.013046999996731756
16,1000,moment_quant_approx_samples,1,8,0.007739083001069957
16,1000,moment_quant_exact_samples,6,8,0.007417000000714324
16,1000,moment_quant_exact_intervals,5,8,0.0033036659988283645
16,1000,moment_quant_approx_intervals,9,8,0.013123958997312002
16,1000,moment_quant_exact_intervals,1,8,0.003268499996920582
16,3000,moment_quant_exact_samples,7,8,0.020963000002666377
16,3000,moment_quant_exact_samples,6,8,0.02116037499945378
16,3000,moment_quant_approx_samples,2,8,0.015623791001416976
16,3000,moment_quant_exact_intervals,3,8,0.00778133399944636
16,3000,moment_quant_exact_intervals,7,8,0.007651167001313297
16,3000,moment_quant_approx_samples,7,8,0.015476790998945944
16,3000,moment_quant_approx_intervals,0,8,0.03128370799822733
16,3000,moment_quant_approx_samples,0,8,0.015430709001520881
16,3000,moment_quant_exact_intervals,9,8,0.007972999999765307
16,3000,moment_quant_exact_intervals,4,8,0.007729000000836095
16,3000,moment_quant_approx_samples,6,8,0.015234041999065084
16,3000,moment_quant_exact_intervals,8,8,0.007917666000139434
16,3000,moment_quant_exact_samples,8,8,0.021381041002314305
16,3000,moment_quant_exact_samples,3,8,0.020770125000126427
16,3000,moment_quant_exact_samples,0,8,0.020519249999779277
16,3000,moment_quant_exact_samples,1,8,0.020900791998428758
16,3000,moment_quant_approx_intervals,1,8,0.030868291003571358
16,3000,moment_quant_approx_samples,3,8,0.015074999999342253
16,3000,moment_quant_approx_samples,1,8,0.015454958000191255
16,3000,moment_quant_exact_samples,5,8,0.021406625000963686
16,3000,moment_quant_exact_intervals,1,8,0.007880375000240747
16,3000,moment_quant_approx_intervals,4,8,0.030754375002288725
16,3000,moment_quant_exact_samples,2,8,0.021229624999250518
16,3000,moment_quant_approx_samples,4,8,0.01499725000030594
16,3000,moment_quant_approx_intervals,8,8,0.031219874999806052
16,3000,moment_quant_approx_samples,9,8,0.01555329199982225
16,3000,moment_quant_approx_intervals,5,8,0.031199417000607355
16,3000,moment_quant_approx_intervals,3,8,0.03118079200066859
16,3000,moment_quant_exact_intervals,5,8,0.008033833000808954
16,3000,moment_quant_exact_intervals,0,8,0.00785850000102073
16,3000,moment_quant_approx_intervals,7,8,0.031088249997992534
16,3000,moment_quant_approx_intervals,6,8,0.03105945800052723
16,3000,moment_quant_approx_intervals,9,8,0.030921165998734068
16,3000,moment_quant_approx_samples,5,8,0.015519083000981482
16,3000,moment_quant_approx_samples,8,8,0.015540832999249687
16,3000,moment_quant_approx_intervals,2,8,0.030708874997799285
16,3000,moment_quant_exact_intervals,2,8,0.007782582997606369
16,3000,moment_quant_exact_samples,9,8,0.020476584002608433
16,3000,moment_quant_exact_samples,4,8,0.021194457996898564
16,3000,moment_quant_exact_intervals,6,8,0.00765750000209664
16,10000,moment_quant_approx_intervals,1,8,0.1072979580021638
16,10000,moment_quant_exact_intervals,9,8,0.024841374997777166
16,10000,moment_quant_exact_samples,6,8,0.06737966700165998
16,10000,moment_quant_exact_intervals,4,8,0.025332249999337364
16,10000,moment_quant_approx_samples,8,8,0.04553658299846575
16,10000,moment_quant_approx_samples,3,8,0.047181957997963764
16,10000,moment_quant_approx_samples,6,8,0.04634391699801199
16,10000,moment_quant_exact_intervals,1,8,0.02405966700098361
16,10000,moment_quant_exact_intervals,8,8,0.02399962499839603
16,10000,moment_quant_exact_intervals,7,8,0.023842499998863786
16,10000,moment_quant_exact_intervals,6,8,0.023878083000454353
16,10000,moment_quant_exact_samples,3,8,0.07030870900052832
16,10000,moment_quant_approx_intervals,5,8,0.10413158400115208
16,10000,moment_quant_exact_samples,2,8,0.06797037499927683
16,10000,moment_quant_exact_samples,5,8,0.06936454199967557
16,10000,moment_quant_approx_intervals,3,8,0.1061329999974987
16,10000,moment_quant_exact_intervals,3,8,0.0248338329984108
16,10000,moment_quant_exact_samples,7,8,0.07042070799798239
16,10000,moment_quant_approx_samples,7,8,0.049651666999125155
16,10000,moment_quant_approx_intervals,8,8,0.11009158299930277
16,10000,moment_quant_exact_samples,1,8,0.06766599999900791
16,10000,moment_quant_exact_samples,4,8,0.06858991599801811
16,10000,moment_quant_exact_intervals,5,8,0.024503625001671026
16,10000,moment_quant_approx_intervals,0,8,0.1048619579996739
16,10000,moment_quant_approx_samples,4,8,0.047893458999169525
16,10000,moment_quant_approx_intervals,6,8,0.10837420800089603
16,10000,moment_quant_approx_intervals,7,8,0.10570600000210106
16,10000,moment_quant_approx_intervals,9,8,0.1057875829974364
16,10000,moment_quant_approx_samples,9,8,0.04728912499922444
16,10000,moment_quant_approx_intervals,2,8,0.1086832080000022
16,10000,moment_quant_approx_samples,2,8,0.048820249998243526
16,10000,moment_quant_approx_samples,5,8,0.046867292003298644
16,10000,moment_quant_exact_intervals,2,8,0.02446991699980572
16,10000,moment_quant_approx_samples,1,8,0.046841250001307344
16,10000,moment_quant_approx_intervals,4,8,0.1043513750009879
16,10000,moment_quant_exact_samples,8,8,0.06881441699806601
16,10000,moment_quant_exact_samples,0,8,0.0681417909981974
16,10000,moment_quant_approx_samples,0,8,0.0475205000002461
16,10000,moment_quant_exact_intervals,0,8,0.02422883300096146
16,10000,moment_quant_exact_samples,9,8,0.07130120799774886
32,1,moment_quant_approx_samples,3,8,0.008644875000754837
32,1,moment_quant_exact_intervals,6,8,0.002525834002881311
32,1,moment_quant_exact_samples,1,8,0.0007066660000418779
32,1,moment_quant_exact_samples,5,8,0.0007889169974077959
32,1,moment_quant_exact_intervals,3,8,0.002516791999369161
32,1,moment_quant_exact_samples,2,8,0.0007249170012073591
32,1,moment_quant_approx_samples,4,8,0.00844120900001144
32,1,moment_quant_approx_intervals,0,8,0.010074917001475114
32,1,moment_quant_approx_samples,7,8,0.008641958000225713
32,1,moment_quant_exact_intervals,2,8,0.0024682909970579203
32,1,moment_quant_exact_intervals,9,8,0.0024227089998021256
32,1,moment_quant_approx_intervals,5,8,0.009948124999937136
32,1,moment_quant_approx_intervals,3,8,0.009976084002119023
32,1,moment_quant_approx_intervals,7,8,0.009962709002138581
32,1,moment_quant_approx_intervals,9,8,0.009914209000271512
32,1,moment_quant_approx_intervals,2,8,0.010014041999966139
32,1,moment_quant_exact_intervals,0,8,0.0024586670006101485
32,1,moment_quant_exact_intervals,1,8,0.002444124998874031
32,1,moment_quant_approx_samples,1,8,0.008325624999997672
32,1,moment_quant_approx_samples,2,8,0.008359708001080435
32,1,moment_quant_approx_intervals,6,8,0.009915750000800472
32,1,moment_quant_approx_intervals,4,8,0.009963290998712182
32,1,moment_quant_approx_samples,6,8,0.008412249997491017
32,1,moment_quant_approx_samples,0,8,0.00838270799795282
32,1,moment_quant_approx_intervals,1,8,0.010052417001134017
32,1,moment_quant_exact_intervals,5,8,0.0024358340015169233
32,1,moment_quant_exact_samples,7,8,0.0008166669977072161
32,1,moment_quant_approx_samples,8,8,0.0082996249984717
32,1,moment_quant_approx_intervals,8,8,0.010011124999437016
32,1,moment_quant_exact_samples,8,8,0.0006986670014157426
32,1,moment_quant_exact_samples,3,8,0.000754249998863088
32,1,moment_quant_exact_samples,4,8,0.0007206670015875716
32,1,moment_quant_exact_intervals,7,8,0.002440917000058107
32,1,moment_quant_approx_samples,5,8,0.00841687499996624
32,1,moment_quant_approx_samples,9,8,0.008290458001283696
32,1,moment_quant_exact_samples,6,8,0.0006689170004392508
32,1,moment_quant_exact_intervals,8,8,0.002455707999615697
32,1,moment_quant_exact_samples,9,8,0.0007677909998164978
32,1,moment_quant_exact_intervals,4,8,0.0024264589992526453
32,1,moment_quant_exact_samples,0,8,0.0006521670002257451
32,2,moment_quant_exact_samples,0,8,0.0007345410012931097
32,2,moment_quant_approx_samples,7,8,0.008666292000270914
32,2,moment_quant_exact_intervals,0,8,0.0024738749998505227
32,2,moment_quant_exact_intervals,2,8,0.0024655000015627593
32,2,moment_quant_exact_samples,8,8,0.0008006669995666016
32,2,moment_quant_approx_intervals,0,8,0.010215791997325141
32,2,moment_quant_exact_samples,5,8,0.0007983750001585577
32,2,moment_quant_exact_intervals,8,8,0.0024707909979042597
32,2,moment_quant_exact_intervals,9,8,0.002457583999785129
32,2,moment_quant_exact_intervals,6,8,0.0024410830010310747
32,2,moment_quant_approx_intervals,5,8,0.010196874998655403
32,2,moment_quant_approx_samples,3,8,0.008665666999149835
32,2,moment_quant_exact_samples,9,8,0.0007193749988800846
32,2,moment_quant_approx_intervals,9,8,0.010229750001599314
32,2,moment_quant_approx_samples,4,8,0.008567207998567028
32,2,moment_quant_approx_intervals,3,8,0.010239499999443069
32,2,moment_quant_exact_samples,3,8,0.0007279999990714714
32,2,moment_quant_exact_samples,4,8,0.0008201660020858981
32,2,moment_quant_approx_samples,0,8,0.008604457998444559
32,2,moment_quant_approx_samples,9,8,0.008504374996846309
32,2,moment_quant_approx_intervals,7,8,0.010199332999036415
32,2,moment_quant_exact_intervals,1,8,0.0024901659999159165
32,2,moment_quant_approx_intervals,6,8,0.010239375002129236
32,2,moment_quant_approx_samples,6,8,0.00875254100174061
32,2,moment_quant_approx_intervals,2,8,0.010220582997135352
32,2,moment_quant_approx_samples,5,8,0.008702375002030749
32,2,moment_quant_exact_samples,2,8,0.0007768329996906687
32,2,moment_quant_approx_intervals,4,8,0.01017429100102163
32,2,moment_quant_exact_samples,1,8,0.0008006660027604084
32,2,moment_quant_exact_samples,7,8,0.0007038340008875821
32,2,moment_quant_exact_intervals,3,8,0.0024987910001073033
32,2,moment_quant_exact_intervals,4,8,0.0024492080010531936
32,2,moment_quant_approx_intervals,1,8,0.010186124996835133
32,2,moment_quant_exact_samples,6,8,0.000806709002063144
32,2,moment_quant_approx_samples,2,8,0.008566791999328416
32,2,moment_quant_exact_intervals,7,8,0.002495374999853084
32,2,moment_quant_approx_samples,8,8,0.008464667000225745
32,2,moment_quant_approx_samples,1,8,0.008605457998783095
32,2,moment_quant_exact_intervals,5,8,0.0024826669978210703
32,2,moment_quant_approx_intervals,8,8,0.010181834000832168
32,3,moment_quant_approx_intervals,7,8,0.010306125001079636
32,3,moment_quant_exact_samples,7,8,0.0008388329988520127
32,3,moment_quant_exact_intervals,6,8,0.002485334000084549
32,3,moment_quant_exact_intervals,5,8,0.0024421250018349383
32,3,moment_quant_exact_samples,9,8,0.0008374160024686716
32,3,moment_quant_approx_intervals,6,8,0.010238750001008157
32,3,moment_quant_exact_samples,8,8,0.0008417089993599802
32,3,moment_quant_exact_samples,1,8,0.0008901250002963934
32,3,moment_quant_exact_intervals,1,8,0.0025304170012532268
32,3,moment_quant_exact_samples,5,8,0.0007576659991173074
32,3,moment_quant_approx_samples,9,8,0.008617750001576496
32,3,moment_quant_exact_intervals,9,8,0.0024898329975258093
32,3,moment_quant_approx_samples,8,8,0.008665000001201406
32,3,moment_quant_exact_samples,2,8,0.0007887079991633072
32,3,moment_quant_approx_intervals,2,8,0.010300250000000233
32,3,moment_quant_approx_samples,1,8,0.008602666999649955
32,3,moment_quant_approx_intervals,9,8,0.010255749999487307
32,3,moment_quant_approx_samples,6,8,0.008547749999706866
32,3,moment_quant_approx_intervals,1,8,0.010277124998538056
32,3,moment_quant_exact_samples,6,8,0.0008206249985960312
32,3,moment_quant_approx_samples,5,8,0.00864233299944317
32,3,moment_quant_exact_samples,3,8,0.000729041999875335
32,3,moment_quant_approx_samples,4,8,0.008751290999498451
32,3,moment_quant_approx_intervals,3,8,0.01023120799800381
32,3,moment_quant_exact_intervals,8,8,0.002504708998458227
32,3,moment_quant_exact_intervals,7,8,0.0024525000007997733
32,3,moment_quant_approx_samples,3,8,0.00868116700075916
32,3,moment_quant_approx_samples,0,8,0.008606957999290898
32,3,moment_quant_exact_intervals,2,8,0.0025072499993257225
32,3,moment_quant_approx_samples,7,8,0.008775582999078324
32,3,moment_quant_approx_intervals,4,8,0.010267833000398241
32,3,moment_quant_approx_samples,2,8,0.008657082998979604
32,3,moment_quant_approx_intervals,0,8,0.010279749996698229
32,3,moment_quant_exact_intervals,0,8,0.002527290998841636
32,3,moment_quant_exact_intervals,4,8,0.0024528329995519016
32,3,moment_quant_exact_samples,4,8,0.0007817500008968636
32,3,moment_quant_approx_intervals,8,8,0.010261542000080226
32,3,moment_quant_exact_intervals,3,8,0.0024955000008048955
32,3,moment_quant_exact_samples,0,8,0.0007999580011528451
32,3,moment_quant_approx_intervals,5,8,0.010254041997541208
32,4,moment_quant_exact_intervals,8,8,0.0024852080023265444
32,4,moment_quant_approx_intervals,0,8,0.010387500002252636
32,4,moment_quant_exact_intervals,4,8,0.002509583002392901
32,4,moment_quant_approx_samples,1,8,0.008737332998862257
32,4,moment_quant_approx_samples,6,8,0.008635958998638671
32,4,moment_quant_exact_intervals,5,8,0.00250929100002395
32,4,moment_quant_exact_intervals,6,8,0.002466083999024704
32,4,moment_quant_approx_samples,7,8,0.008698874997207895
32,4,moment_quant_approx_samples,8,8,0.008609374999650754
32,4,moment_quant_exact_samples,7,8,0.0008587090014771093
32,4,moment_quant_approx_samples,4,8,0.008679249996930594
32,4,moment_quant_exact_intervals,1,8,0.002493542000593152
32,4,moment_quant_exact_samples,4,8,0.0008085829977062531
32,4,moment_quant_exact_intervals,2,8,0.0024982089998957235
32,4,moment_quant_approx_samples,0,8,0.008804583001619903
32,4,moment_quant_approx_intervals,3,8,0.010288208999554627
32,4,moment_quant_approx_samples,2,8,0.008638999999675434
32,4,moment_quant_approx_intervals,7,8,0.010282250001182547
32,4,moment_quant_exact_intervals,9,8,0.00250791700091213
32,4,moment_quant_approx_samples,5,8,0.008595625000452856
32,4,moment_quant_exact_samples,2,8,0.0008403329993598163
32,4,moment_quant_approx_intervals,6,8,0.01030637499934528
32,4,moment_quant_approx_intervals,1,8,0.010242833999654977
32,4,moment_quant_exact_samples,3,8,0.0009325409992015921
32,4,moment_quant_approx_intervals,4,8,0.01033066600211896
32,4,moment_quant_approx_intervals,5,8,0.01025475000278675
32,4,moment_quant_approx_samples,3,8,0.008793166001851205
32,4,moment_quant_exact_intervals,3,8,0.0025466250008321367
32,4,moment_quant_exact_samples,5,8,0.000863375000335509
32,4,moment_quant_exact_samples,9,8,0.0008093340002233163
32,4,moment_quant_approx_intervals,2,8,0.01028158299959614
32,4,moment_quant_exact_samples,6,8,0.0008848750003380701
32,4,moment_quant_approx_intervals,9,8,0.01028625000253669
32,4,moment_quant_approx_samples,9,8,0.008759167001699097
32,4,moment_quant_exact_samples,8,8,0.0008199160001822747
32,4,moment_quant_exact_samples,1,8,0.0007623750025231857
32,4,moment_quant_approx_intervals,8,8,0.010285332999046659
32,4,moment_quant_exact_intervals,7,8,0.002489916998456465
32,4,moment_quant_exact_samples,0,8,0.0008505000005243346
32,4,moment_quant_exact_intervals,0,8,0.002512333001504885
32,8,moment_quant_exact_intervals,8,8,0.0025094580014410894
32,8,moment_quant_exact_intervals,6,8,0.002496667002560571
32,8,moment_quant_approx_intervals,4,8,0.01043733300321037
32,8,moment_quant_exact_intervals,9,8,0.00254112499897019
32,8,moment_quant_approx_samples,5,8,0.008837291999952868
32,8,moment_quant_approx_samples,6,8,0.008754499998758547
32,8,moment_quant_approx_samples,1,8,0.008722374997887528
32,8,moment_quant_approx_samples,0,8,0.008751958001084859
32,8,moment_quant_approx_intervals,5,8,0.010352958001021761
32,8,moment_quant_exact_intervals,1,8,0.002529541998228524
32,8,moment_quant_exact_intervals,4,8,0.002502958999684779
32,8,moment_quant_exact_samples,0,8,0.0010166669999307487
32,8,moment_quant_exact_intervals,5,8,0.0025526659992465284
32,8,moment_quant_exact_samples,4,8,0.0008529579972673673
32,8,moment_quant_exact_samples,9,8,0.0008887500007404014
32,8,moment_quant_approx_intervals,2,8,0.010425542001030408
32,8,moment_quant_exact_intervals,7,8,0.002536207997763995
32,8,moment_quant_exact_samples,6,8,0.0009180420020129532
32,8,moment_quant_approx_intervals,6,8,0.01039933399806614
32,8,moment_quant_exact_intervals,3,8,0.0025144999999611173
32,8,moment_quant_approx_samples,2,8,0.008783041997958208
32,8,moment_quant_approx_intervals,0,8,0.01040383299914538
32,8,moment_quant_exact_intervals,0,8,0.0025246670011256356
32,8,moment_quant_exact_samples,1,8,0.0008764170015638229
32,8,moment_quant_exact_samples,2,8,0.0009858749981503934
32,8,moment_quant_exact_intervals,2,8,0.002502957999240607
32,8,moment_quant_exact_samples,8,8,0.0008427499997196719
32,8,moment_quant_exact_samples,5,8,0.0008846250020724256
32,8,moment_quant_approx_samples,7,8,0.00874866700178245
32,8,moment_quant_approx_samples,8,8,0.008716625001397915
32,8,moment_quant_approx_intervals,8,8,0.010400208000646671
32,8,moment_quant_approx_samples,3,8,0.008845124997606035
32,8,moment_quant_exact_samples,7,8,0.0009114590029639658
32,8,moment_quant_approx_samples,4,8,0.008616916999017121
32,8,moment_quant_approx_intervals,1,8,0.010394500000984408
32,8,moment_quant_approx_samples,9,8,0.008720750000065891
32,8,moment_quant_approx_intervals,7,8,0.010396000001492212
32,8,moment_quant_exact_samples,3,8,0.0008917920022213366
32,8,moment_quant_approx_intervals,3,8,0.010340000000724103
32,8,moment_quant_approx_intervals,9,8,0.010336041999835288
32,10,moment_quant_exact_samples,0,8,0.0010296250002284069
32,10,moment_quant_approx_samples,7,8,0.008809249997284496
32,10,moment_quant_approx_samples,1,8,0.008783041001152014
32,10,moment_quant_exact_intervals,6,8,0.0025405000014870893
32,10,moment_quant_exact_samples,9,8,0.0008911250006349292
32,10,moment_quant_approx_samples,4,8,0.008781042000919115
32,10,moment_quant_approx_intervals,3,8,0.010354416001064237
32,10,moment_quant_exact_intervals,9,8,0.002540749999752734
32,10,moment_quant_exact_samples,4,8,0.0009552920018904842
32,10,moment_quant_exact_intervals,3,8,0.002529540997784352
32,10,moment_quant_approx_intervals,2,8,0.010386250000010477
32,10,moment_quant_approx_intervals,1,8,0.010360291998949833
32,10,moment_quant_exact_samples,6,8,0.0010150410016649403
32,10,moment_quant_approx_samples,9,8,0.008882958001777297
32,10,moment_quant_approx_intervals,0,8,0.010443999999552034
32,10,moment_quant_exact_samples,3,8,0.0009517079997749534
32,10,moment_quant_approx_samples,6,8,0.008798750001005828
32,10,moment_quant_exact_intervals,1,8,0.002552750000177184
32,10,moment_quant_approx_intervals,6,8,0.01038495799730299
32,10,moment_quant_approx_intervals,4,8,0.010329333999834489
32,10,moment_quant_exact_samples,2,8,0.0009658330018282868
32,10,moment_quant_approx_intervals,5,8,0.010449624998727813
32,10,moment_quant_approx_samples,3,8,0.008745625000301516
32,10,moment_quant_approx_samples,8,8,0.008733333997952286
32,10,moment_quant_exact_samples,1,8,0.0008817499983706512
32,10,moment_quant_approx_samples,2,8,0.008793375000095693
32,10,moment_quant_exact_intervals,0,8,0.0025637079997977708
32,10,moment_quant_exact_intervals,4,8,0.002505707998352591
32,10,moment_quant_exact_intervals,7,8,0.002477250000083586
32,10,moment_quant_approx_intervals,8,8,0.010366458998760208
32,10,moment_quant_exact_intervals,5,8,0.0025160830009554047
32,10,moment_quant_approx_intervals,7,8,0.010404333002952626
32,10,moment_quant_approx_samples,0,8,0.008728291002626065
32,10,moment_quant_approx_samples,5,8,0.008641958000225713
32,10,moment_quant_approx_intervals,9,8,0.010342375000618631
32,10,moment_quant_exact_intervals,8,8,0.00253300000258605
32,10,moment_quant_exact_intervals,2,8,0.002540749999752734
32,10,moment_quant_exact_samples,7,8,0.0009591660018486436
32,10,moment_quant_exact_samples,5,8,0.0009484580004937015
32,10,moment_quant_exact_samples,8,8,0.0009434580024390016
32,16,moment_quant_exact_intervals,7,8,0.0026015420007752255
32,16,moment_quant_exact_intervals,5,8,0.002552417001425056
32,16,moment_quant_exact_samples,1,8,0.0011125829987577163
32,16,moment_quant_approx_intervals,5,8,0.010940042000584072
32,16,moment_quant_approx_intervals,1,8,0.010711207996791927
32,16,moment_quant_approx_samples,9,8,0.009013541999593144
32,16,moment_quant_exact_intervals,1,8,0.0025920829975802917
32,16,moment_quant_approx_intervals,2,8,0.01048554199951468
32,16,moment_quant_approx_intervals,4,8,0.010403249998489628
32,16,moment_quant_exact_samples,3,8,0.0010790000014821999
32,16,moment_quant_approx_samples,5,8,0.008842917002766626
32,16,moment_quant_exact_samples,9,8,0.0010221249976893887
32,16,moment_quant_exact_intervals,6,8,0.0031090000011317898
32,16,moment_quant_exact_samples,7,8,0.0010294580024492461
32,16,moment_quant_approx_samples,6,8,0.008745458002522355
32,16,moment_quant_exact_samples,8,8,0.001027792000968475
32,16,moment_quant_exact_intervals,0,8,0.002570791999460198
32,16,moment_quant_exact_samples,4,8,0.0009898329990392085
32,16,moment_quant_exact_samples,0,8,0.0010428750028950162
32,16,moment_quant_exact_intervals,8,8,0.0026122090021090116
32,16,moment_quant_approx_samples,8,8,0.008889958000509068
32,16,moment_quant_exact_samples,5,8,0.000994458001514431
32,16,moment_quant_approx_intervals,8,8,0.01054025000121328
32,16,moment_quant_approx_samples,2,8,0.008764583999436582
32,16,moment_quant_exact_samples,2,8,0.0011092080021626316
32,16,moment_quant_approx_samples,1,8,0.008873916001903126
32,16,moment_quant_approx_intervals,0,8,0.010466542000358459
32,16,moment_quant_exact_intervals,4,8,0.002569874999608146
32,16,moment_quant_approx_intervals,7,8,0.010444625000673113
32,16,moment_quant_approx_samples,0,8,0.008766875002038432
32,16,moment_quant_exact_intervals,9,8,0.0026357079987064935
32,16,moment_quant_approx_intervals,9,8,0.01068762499926379
32,16,moment_quant_approx_samples,7,8,0.009004250001453329
32,16,moment_quant_exact_samples,6,8,0.0010330000004614703
32,16,moment_quant_approx_samples,3,8,0.00891720800063922
32,16,moment_quant_approx_intervals,6,8,0.010553000000072643
32,16,moment_quant_exact_intervals,2,8,0.002591874999779975
32,16,moment_quant_approx_intervals,3,8,0.010460833000252023
32,16,moment_quant_approx_samples,4,8,0.008797250000498025
32,16,moment_quant_exact_intervals,3,8,0.002601250002044253
32,30,moment_quant_exact_samples,3,8,0.0013410840001597535
32,30,moment_quant_exact_samples,9,8,0.0012772919981216546
32,30,moment_quant_exact_samples,0,8,0.0012666250004258472
32,30,moment_quant_exact_intervals,1,8,0.002713249999942491
32,30,moment_quant_exact_intervals,5,8,0.0026670420011214446
32,30,moment_quant_approx_intervals,4,8,0.010720417001721216
32,30,moment_quant_exact_intervals,3,8,0.0026389589984319173
32,30,moment_quant_approx_samples,2,8,0.008989541998744244
32,30,moment_quant_exact_intervals,9,8,0.002695250001124805
32,30,moment_quant_exact_samples,6,8,0.001300334002735326
32,30,moment_quant_approx_samples,9,8,0.008871124999132007
32,30,moment_quant_approx_intervals,2,8,0.010745875002612593
32,30,moment_quant_approx_samples,0,8,0.008890834000339964
32,30,moment_quant_approx_samples,5,8,0.008887625001079869
32,30,moment_quant_exact_intervals,6,8,0.0026580000012472738
32,30,moment_quant_approx_intervals,0,8,0.010707583998737391
32,30,moment_quant_exact_intervals,4,8,0.0026428749988554046
32,30,moment_quant_exact_samples,2,8,0.0013451660015562084
32,30,moment_quant_approx_intervals,7,8,0.010796791000757366
32,30,moment_quant_approx_samples,7,8,0.008903625002858462
32,30,moment_quant_exact_samples,1,8,0.0013168340010452084
32,30,moment_quant_exact_intervals,2,8,0.0026797919999808073
32,30,moment_quant_approx_samples,6,8,0.008940665997215547
32,30,moment_quant_approx_samples,4,8,0.008903792000637623
32,30,moment_quant_approx_intervals,1,8,0.010707999997976003
32,30,moment_quant_approx_intervals,9,8,0.010657584000000497
32,30,moment_quant_exact_samples,5,8,0.0012790000000677537
32,30,moment_quant_exact_samples,8,8,0.0012736670032609254
32,30,moment_quant_exact_intervals,7,8,0.002673625000170432
32,30,moment_quant_approx_samples,3,8,0.008896625000488712
32,30,moment_quant_approx_samples,1,8,0.008875083996827016
32,30,moment_quant_exact_samples,4,8,0.0012592909988597967
32,30,moment_quant_approx_intervals,6,8,0.010783083002024796
32,30,moment_quant_approx_intervals,3,8,0.010712625000451226
32,30,moment_quant_approx_samples,8,8,0.008888749998732237
32,30,moment_quant_approx_intervals,8,8,0.0106938330027333
32,30,moment_quant_exact_intervals,0,8,0.0026488339972274844
32,30,moment_quant_approx_intervals,5,8,0.0106614169999375
32,30,moment_quant_exact_intervals,8,8,0.002657124998222571
32,30,moment_quant_exact_samples,7,8,0.0013117080015945248
32,32,moment_quant_approx_intervals,5,8,0.010836041998118162
32,32,moment_quant_approx_samples,1,8,0.008957582998846192
32,32,moment_quant_approx_samples,3,8,0.008938541002862621
32,32,moment_quant_exact_intervals,0,8,0.002683416001673322
32,32,moment_quant_exact_samples,7,8,0.0013253329998406116
32,32,moment_quant_exact_samples,4,8,0.0013467909993778449
32,32,moment_quant_exact_intervals,3,8,0.0026737919979495928
32,32,moment_quant_approx_intervals,4,8,0.010749875000328757
32,32,moment_quant_approx_samples,4,8,0.00889666699731606
32,32,moment_quant_approx_intervals,9,8,0.010806333000800805
32,32,moment_quant_approx_samples,5,8,0.00893716600330663
32,32,moment_quant_exact_intervals,9,8,0.0026491669996175915
32,32,moment_quant_approx_samples,9,8,0.008943500000896165
32,32,moment_quant_approx_samples,0,8,0.00892675000068266
32,32,moment_quant_approx_samples,8,8,0.008918375002394896
32,32,moment_quant_approx_samples,6,8,0.008822083000268321
32,32,moment_quant_exact_samples,5,8,0.0013080830030958168
32,32,moment_quant_exact_intervals,8,8,0.002695708000828745
32,32,moment_quant_approx_intervals,7,8,0.010759249998955056
32,32,moment_quant_approx_samples,2,8,0.008987624998553656
32,32,moment_quant_approx_intervals,3,8,0.010728541001299163
32,32,moment_quant_exact_intervals,6,8,0.002655249998497311
32,32,moment_quant_exact_samples,1,8,0.001264999998966232
32,32,moment_quant_exact_intervals,5,8,0.002699749999010237
32,32,moment_quant_approx_intervals,2,8,0.010760875000414671
32,32,moment_quant_exact_intervals,7,8,0.0026888329994108062
32,32,moment_quant_approx_intervals,1,8,0.010709666003094753
32,32,moment_quant_exact_intervals,1,8,0.0026370420018793084
32,32,moment_quant_exact_samples,8,8,0.0013868749992980156
32,32,moment_quant_exact_samples,6,8,0.0012866670003859326
32,32,moment_quant_exact_samples,2,8,0.001296458998695016
32,32,moment_quant_exact_samples,9,8,0.0013177500004530884
32,32,moment_quant_exact_samples,0,8,0.0012777500014635734
32,32,moment_quant_approx_samples,7,8,0.009007250002468936
32,32,moment_quant_approx_intervals,0,8,0.01076991599984467
32,32,moment_quant_exact_intervals,2,8,0.0026640409996616654
32,32,moment_quant_approx_intervals,6,8,0.010731999998824904
32,32,moment_quant_exact_samples,3,8,0.0013779580003756564
32,32,moment_quant_exact_intervals,4,8,0.0026804590015672147
32,32,moment_quant_approx_intervals,8,8,0.01079287500033388
32,64,moment_quant_exact_intervals,7,8,0.0028719170004478656
32,64,moment_quant_approx_intervals,2,8,0.011367250001057982
32,64,moment_quant_approx_samples,6,8,0.009175791001325706
32,64,moment_quant_exact_intervals,3,8,0.0028967500002181623
32,64,moment_quant_exact_samples,8,8,0.001757250000082422
32,64,moment_quant_exact_samples,2,8,0.0018738340004347265
32,64,moment_quant_approx_intervals,5,8,0.011766832998546306
32,64,moment_quant_approx_intervals,1,8,0.011277916997642023
32,64,moment_quant_approx_intervals,6,8,0.011409541999455541
32,64,moment_quant_exact_intervals,0,8,0.0028522089996840805
32,64,moment_quant_exact_samples,7,8,0.0017893750009534415
32,64,moment_quant_exact_samples,0,8,0.0017497500011813827
32,64,moment_quant_approx_samples,2,8,0.00980866700047045
32,64,moment_quant_approx_samples,7,8,0.00923404100103653
32,64,moment_quant_exact_samples,3,8,0.0018361660004302394
32,64,moment_quant_approx_samples,5,8,0.00932933299918659
32,64,moment_quant_exact_samples,9,8,0.001804834002541611
32,64,moment_quant_exact_samples,5,8,0.0017278329978580587
32,64,moment_quant_exact_intervals,9,8,0.002882957996916957
32,64,moment_quant_exact_samples,6,8,0.0018654170016816352
32,64,moment_quant_exact_intervals,1,8,0.002840291999746114
32,64,moment_quant_approx_samples,1,8,0.009119833001022926
32,64,moment_quant_exact_intervals,2,8,0.0028984169985051267
32,64,moment_quant_approx_samples,8,8,0.009129707999818493
32,64,moment_quant_exact_samples,1,8,0.0018324170014238916
32,64,moment_quant_approx_samples,0,8,0.009462917001656024
32,64,moment_quant_approx_intervals,8,8,0.011554208002053201
32,64,moment_quant_approx_intervals,4,8,0.01132629200219526
32,64,moment_quant_approx_intervals,7,8,0.011340207998728147
32,64,moment_quant_exact_intervals,4,8,0.0028585830004885793
32,64,moment_quant_exact_intervals,6,8,0.0028122500007157214
32,64,moment_quant_approx_intervals,3,8,0.011338042000716086
32,64,moment_quant_approx_samples,3,8,0.009113083000556799
32,64,moment_quant_exact_intervals,8,8,0.002853707999747712
32,64,moment_quant_approx_samples,4,8,0.009316125000623288
32,64,moment_quant_exact_intervals,5,8,0.003001083998242393
32,64,moment_quant_approx_samples,9,8,0.009677666999778012
32,64,moment_quant_exact_samples,4,8,0.0017340000013064127
32,64,moment_quant_approx_intervals,9,8,0.011354000002029352
32,64,moment_quant_approx_intervals,0,8,0.011233375000301749
32,100,moment_quant_exact_samples,4,8,0.0024642079988552723
32,100,moment_quant_exact_intervals,4,8,0.0030952500019338913
32,100,moment_quant_approx_intervals,3,8,0.012037916996632703
32,100,moment_quant_exact_samples,2,8,0.0029119169994373806
32,100,moment_quant_exact_samples,7,8,0.0024642499993206
32,100,moment_quant_exact_intervals,5,8,0.003092208000452956
32,100,moment_quant_exact_intervals,2,8,0.003014291996805696
32,100,moment_quant_exact_samples,3,8,0.002290000000357395
32,100,moment_quant_approx_samples,9,8,0.009753541999089066
32,100,moment_quant_approx_intervals,9,8,0.012169957997684833
32,100,moment_quant_approx_samples,5,8,0.010408792000816902
32,100,moment_quant_approx_samples,1,8,0.009802999997191364
32,100,moment_quant_exact_samples,8,8,0.0027484579986776225
32,100,moment_quant_exact_samples,9,8,0.002479583999956958
32,100,moment_quant_exact_intervals,9,8,0.003104957999312319
32,100,moment_quant_approx_samples,3,8,0.009422041002835613
32,100,moment_quant_approx_intervals,0,8,0.012193624999781605
32,100,moment_quant_exact_intervals,0,8,0.003102624999883119
32,100,moment_quant_approx_samples,2,8,0.009808291997615015
32,100,moment_quant_approx_intervals,5,8,0.012162790997535922
32,100,moment_quant_approx_samples,4,8,0.010054625003249384
32,100,moment_quant_approx_samples,0,8,0.009835083001235034
32,100,moment_quant_approx_intervals,2,8,0.012159333000454353
32,100,moment_quant_approx_samples,8,8,0.00954466700204648
32,100,moment_quant_approx_intervals,7,8,0.012372875000437489
32,100,moment_quant_exact_samples,1,8,0.0024794589990051463
32,100,moment_quant_exact_samples,6,8,0.0024574999988544732
32,100,moment_quant_approx_intervals,1,8,0.012248499999259366
32,100,moment_quant_exact_intervals,1,8,0.0030614999996032566
32,100,moment_quant_approx_intervals,6,8,0.012102749999030493
32,100,moment_quant_approx_samples,6,8,0.009750124998390675
32,100,moment_quant_exact_samples,5,8,0.0023859579996496905
32,100,moment_quant_approx_samples,7,8,0.009866250002232846
32,100,moment_quant_exact_intervals,3,8,0.0030956250011513475
32,100,moment_quant_exact_samples,0,8,0.002331250001589069
32,100,moment_quant_exact_intervals,6,8,0.0030526250011462253
32,100,moment_quant_approx_intervals,4,8,0.012288249999983236
32,100,moment_quant_approx_intervals,8,8,0.012049541997839697
32,100,moment_quant_exact_intervals,7,8,0.0030763329996261746
32,100,moment_quant_exact_intervals,8,8,0.003007875002367655
32,300,moment_quant_exact_samples,7,8,0.005533250001462875
32,300,moment_quant_approx_intervals,4,8,0.016939542001637165
32,300,moment_quant_exact_samples,9,8,0.0060695840002154
32,300,moment_quant_approx_samples,8,8,0.012098540999431862
32,300,moment_quant_exact_intervals,2,8,0.004350750001322012
32,300,moment_quant_approx_samples,4,8,0.011532959000760457
32,300,moment_quant_approx_intervals,0,8,0.01701729200067348
32,300,moment_quant_exact_samples,8,8,0.005667165998602286
32,300,moment_quant_exact_samples,5,8,0.00547174999883282
32,300,moment_quant_approx_samples,2,8,0.012222208999446593
32,300,moment_quant_approx_intervals,7,8,0.016430458999820985
32,300,moment_quant_approx_samples,6,8,0.011952041000768077
32,300,moment_quant_approx_samples,9,8,0.01168208300077822
32,300,moment_quant_approx_samples,5,8,0.011527958999067778
32,300,moment_quant_exact_intervals,7,8,0.004349625000031665
32,300,moment_quant_exact_intervals,0,8,0.004193583001324441
32,300,moment_quant_exact_intervals,3,8,0.004197833997750422
32,300,moment_quant_approx_intervals,9,8,0.017014832999848295
32,300,moment_quant_exact_intervals,9,8,0.004240791000484023
32,300,moment_quant_approx_intervals,3,8,0.01658708399918396
32,300,moment_quant_exact_samples,4,8,0.005405500000051688
32,300,moment_quant_approx_samples,7,8,0.011651458000415005
32,300,moment_quant_approx_intervals,5,8,0.01702037499853759
32,300,moment_quant_approx_intervals,8,8,0.01656708299924503
32,300,moment_quant_approx_intervals,1,8,0.016492958999151597
32,300,moment_quant_exact_samples,1,8,0.005495332999998936
32,300,moment_quant_exact_intervals,4,8,0.004263750000973232
32,300,moment_quant_approx_samples,1,8,0.011195833998499438
32,300,moment_quant_exact_samples,0,8,0.005430500001239125
32,300,moment_quant_exact_intervals,5,8,0.00430554100239533
32,300,moment_quant_exact_intervals,8,8,0.004217417001200374
32,300,moment_quant_exact_samples,6,8,0.005551750000449829
32,300,moment_quant_exact_intervals,1,8,0.004252458002156345
32,300,moment_quant_exact_intervals,6,8,0.0041912080014299136
32,300,moment_quant_approx_intervals,2,8,0.01675079199776519
32,300,moment_quant_exact_samples,2,8,0.005266207997919992
32,300,moment_quant_approx_samples,3,8,0.012225416998262517
32,300,moment_quant_approx_samples,0,8,0.011446707998402417
32,300,moment_quant_approx_intervals,6,8,0.017008332997647813
32,300,moment_quant_exact_samples,3,8,0.0053627090019290335
32,1000,moment_quant_approx_samples,4,8,0.018762957999570062
32,1000,moment_quant_exact_samples,7,8,0.016735917000914924
32,1000,moment_quant_approx_intervals,4,8,0.03128770799958147
32,1000,moment_quant_exact_samples,9,8,0.0170953750020999
32,1000,moment_quant_exact_intervals,9,8,0.008524959001078969
32,1000,moment_quant_approx_intervals,5,8,0.031008833000669256
32,1000,moment_quant_exact_samples,1,8,0.0164850840010331
32,1000,moment_quant_exact_samples,5,8,0.016359625002223765
32,1000,moment_quant_exact_samples,8,8,0.016868874998181127
32,1000,moment_quant_exact_samples,0,8,0.01660762500250712
32,1000,moment_quant_exact_samples,6,8,0.016987125000014203
32,1000,moment_quant_approx_intervals,7,8,0.03123954100010451
32,1000,moment_quant_exact_intervals,6,8,0.008519041999534238
32,1000,moment_quant_approx_samples,3,8,0.018196291999629466
32,1000,moment_quant_approx_samples,9,8,0.01845504200173309
32,1000,moment_quant_exact_intervals,3,8,0.008699209000042174
32,1000,moment_quant_approx_samples,8,8,0.01844791699841153
32,1000,moment_quant_approx_intervals,8,8,0.031423000000359025
32,1000,moment_quant_exact_samples,3,8,0.016365666000638157
32,1000,moment_quant_approx_samples,5,8,0.017592874999536434
32,1000,moment_quant_approx_intervals,9,8,0.03142929200112121
32,1000,moment_quant_exact_intervals,1,8,0.008733374997973442
32,1000,moment_quant_approx_intervals,1,8,0.03076054100165493
32,1000,moment_quant_approx_intervals,2,8,0.030553541000699624
32,1000,moment_quant_exact_intervals,7,8,0.008484125002723886
32,1000,moment_quant_exact_intervals,2,8,0.008378499998798361
32,1000,moment_quant_exact_intervals,4,8,0.00833254199824296
32,1000,moment_quant_approx_samples,0,8,0.017219082998053636
32,1000,moment_quant_approx_samples,1,8,0.018857999999454478
32,1000,moment_quant_approx_samples,2,8,0.017046791999746347
32,1000,moment_quant_approx_intervals,3,8,0.031718041998828994
32,1000,moment_quant_approx_intervals,0,8,0.03380624999772408
32,1000,moment_quant_approx_intervals,6,8,0.031050833000335842
32,1000,moment_quant_approx_samples,7,8,0.01791025000056834
32,1000,moment_quant_exact_intervals,0,8,0.008540792001440423
32,1000,moment_quant_exact_intervals,5,8,0.008821625000564381
32,1000,moment_quant_approx_samples,6,8,0.019159791998390574
32,1000,moment_quant_exact_samples,2,8,0.01769366699954844
32,1000,moment_quant_exact_samples,4,8,0.017112957997596823
32,1000,moment_quant_exact_intervals,8,8,0.008624917001725407
32,3000,moment_quant_exact_intervals,5,8,0.02139750000060303
32,3000,moment_quant_approx_intervals,2,8,0.07316754099883838
32,3000,moment_quant_exact_samples,4,8,0.04881458299860242
32,3000,moment_quant_exact_intervals,6,8,0.020722958997794194
32,3000,moment_quant_approx_samples,9,8,0.03742995800348581
32,3000,moment_quant_exact_intervals,1,8,0.02127266699972097
32,3000,moment_quant_approx_samples,6,8,0.03716224999880069
32,3000,moment_quant_exact_samples,5,8,0.04670741599693429
32,3000,moment_quant_exact_intervals,4,8,0.02103562500269618
32,3000,moment_quant_approx_intervals,8,8,0.07438595800340408
32,3000,moment_quant_approx_intervals,1,8,0.07394283300163806
32,3000,moment_quant_exact_samples,2,8,0.04893762500068988
32,3000,moment_quant_exact_samples,7,8,0.04900041700238944
32,3000,moment_quant_approx_intervals,7,8,0.07351895899773808
32,3000,moment_quant_approx_samples,1,8,0.03742187499665306
32,3000,moment_quant_exact_samples,8,8,0.049189790999662364
32,3000,moment_quant_approx_intervals,3,8,0.07354900000063935
32,3000,moment_quant_exact_intervals,0,8,0.02119308300098055
32,3000,moment_quant_approx_intervals,0,8,0.07561641600113944
32,3000,moment_quant_approx_intervals,5,8,0.0741080410007271
32,3000,moment_quant_approx_samples,8,8,0.03763550000076066
32,3000,moment_quant_approx_samples,7,8,0.03707883300012327
32,3000,moment_quant_exact_samples,0,8,0.047978708000300685
32,3000,moment_quant_approx_samples,0,8,0.036312374999397434
32,3000,moment_quant_exact_intervals,7,8,0.021185749999858672
32,3000,moment_quant_exact_intervals,3,8,0.02074012500088429
32,3000,moment_quant_exact_samples,3,8,0.047980250001273816
32,3000,moment_quant_exact_intervals,2,8,0.02185312500296277
32,3000,moment_quant_exact_intervals,9,8,0.02126920899900142
32,3000,moment_quant_approx_samples,5,8,0.0375865000023623
32,3000,moment_quant_exact_samples,1,8,0.049060375000408385
32,3000,moment_quant_approx_intervals,9,8,0.07526808399779839
32,3000,moment_quant_exact_intervals,8,8,0.02159758299967507
32,3000,moment_quant_approx_samples,3,8,0.037653333998605376
32,3000,moment_quant_approx_samples,2,8,0.03734633299973211
32,3000,moment_quant_approx_intervals,6,8,0.07295787499970174
32,3000,moment_quant_approx_samples,4,8,0.03656462499930058
32,3000,moment_quant_approx_intervals,4,8,0.07338187500135973
32,3000,moment_quant_exact_samples,6,8,0.05450987500080373
32,3000,moment_quant_exact_samples,9,8,0.05038883299857844
32,10000,moment_quant_approx_samples,2,8,0.11312412499682978
32,10000,moment_quant_exact_intervals,4,8,0.07360587500079419
32,10000,moment_quant_approx_intervals,6,8,0.2524237500001618
32,10000,moment_quant_exact_samples,4,8,0.1604378749980242
32,10000,moment_quant_approx_samples,7,8,0.10983029199996963
32,10000,moment_quant_approx_intervals,2,8,0.26305637499899603
32,10000,moment_quant_approx_samples,0,8,0.10931754199918942
32,10000,moment_quant_exact_samples,8,8,0.1613665829972888
32,10000,moment_quant_approx_samples,3,8,0.11311229100101627
32,10000,moment_quant_exact_samples,9,8,0.16496675000234973
32,10000,moment_quant_approx_intervals,5,8,0.2560135409985378
32,10000,moment_quant_exact_intervals,9,8,0.07651195799917332
32,10000,moment_quant_exact_samples,1,8,0.15469300000040676
32,10000,moment_quant_exact_intervals,0,8,0.08116608300042571
32,10000,moment_quant_approx_intervals,3,8,0.25589429200044833
32,10000,moment_quant_approx_samples,6,8,0.11887099999876227
32,10000,moment_quant_approx_samples,1,8,0.10983187500096392
32,10000,moment_quant_exact_intervals,2,8,0.08404179200078943
32,10000,moment_quant_approx_intervals,8,8,0.2561231250001583
32,10000,moment_quant_approx_samples,9,8,0.10956850000002305
32,10000,moment_quant_exact_intervals,3,8,0.07024291699781315
32,10000,moment_quant_approx_samples,8,8,0.1147669579986541
32,10000,moment_quant_exact_samples,6,8,0.16919658299957518
32,10000,moment_quant_exact_samples,7,8,0.15896525000061956
32,10000,moment_quant_exact_intervals,1,8,0.06821470799695817
32,10000,moment_quant_exact_intervals,8,8,0.06806620899806148
32,10000,moment_quant_exact_intervals,6,8,0.0680118330019468
32,10000,moment_quant_approx_samples,4,8,0.11342391700236476
32,10000,moment_quant_approx_intervals,0,8,0.24439879200144787
32,10000,moment_quant_exact_samples,2,8,0.15564170800280408
32,10000,moment_quant_exact_samples,0,8,0.16079241699844715
32,10000,moment_quant_exact_intervals,7,8,0.08488866699917708
32,10000,moment_quant_approx_samples,5,8,0.11932070800321526
32,10000,moment_quant_approx_intervals,9,8,0.25338045800162945
32,10000,moment_quant_approx_intervals,7,8,0.26296541600095225
32,10000,moment_quant_exact_intervals,5,8,0.07635141700302484
32,10000,moment_quant_exact_samples,3,8,0.16156437500103493
32,10000,moment_quant_approx_intervals,1,8,0.2531401249980263
32,10000,moment_quant_approx_intervals,4,8,0.26248166599907563
32,10000,moment_quant_exact_samples,5,8,0.15500199999951292
64,1,moment_quant_approx_samples,9,8,0.017350666999846
64,1,moment_quant_approx_intervals,3,8,0.02061758300260408
64,1,moment_quant_approx_samples,4,8,0.01723166599913384
64,1,moment_quant_exact_intervals,2,8,0.005158541000128025
64,1,moment_quant_approx_samples,5,8,0.017220458001247607
64,1,moment_quant_approx_intervals,6,8,0.02058716700048535
64,1,moment_quant_exact_samples,9,8,0.0009088330007216427
64,1,moment_quant_exact_intervals,7,8,0.005204416000196943
64,1,moment_quant_approx_intervals,8,8,0.020590374999301275
64,1,moment_quant_exact_samples,1,8,0.0008752089997869916
64,1,moment_quant_approx_intervals,4,8,0.02063595800063922
64,1,moment_quant_exact_intervals,3,8,0.005120916997839231
64,1,moment_quant_approx_samples,2,8,0.017159333001472987
64,1,moment_quant_approx_samples,0,8,0.017017959002259886
64,1,moment_quant_exact_samples,2,8,0.0008599169996159617
64,1,moment_quant_approx_intervals,7,8,0.020611083000403596
64,1,moment_quant_exact_intervals,1,8,0.005160541000805097
64,1,moment_quant_exact_intervals,0,8,0.005119207999086939
64,1,moment_quant_exact_samples,0,8,0.0007918330011307262
64,1,moment_quant_approx_samples,6,8,0.01708087500082911
64,1,moment_quant_exact_samples,7,8,0.0007679169975745026
64,1,moment_quant_exact_intervals,4,8,0.005162249999557389
64,1,moment_quant_approx_intervals,5,8,0.020647750003263354
64,1,moment_quant_exact_samples,4,8,0.0007472500001313165
64,1,moment_quant_exact_samples,8,8,0.0009012920017994475
64,1,moment_quant_approx_samples,3,8,0.017141000000265194
64,1,moment_quant_approx_samples,7,8,0.01708599999983562
64,1,moment_quant_exact_intervals,8,8,0.005159042000741465
64,1,moment_quant_approx_intervals,0,8,0.02060870900095324
64,1,moment_quant_approx_intervals,9,8,0.020629499998904066
64,1,moment_quant_approx_intervals,2,8,0.020560291999572655
64,1,moment_quant_exact_intervals,5,8,0.005163750000065193
64,1,moment_quant_approx_intervals,1,8,0.020601666998118162
64,1,moment_quant_exact_intervals,9,8,0.005170459000510164
64,1,moment_quant_approx_samples,1,8,0.01713625000047614
64,1,moment_quant_approx_samples,8,8,0.017098666001402307
64,1,moment_quant_exact_samples,3,8,0.0007808339978510048
64,1,moment_quant_exact_intervals,6,8,0.0051827079987560865
64,1,moment_quant_exact_samples,6,8,0.0008322079993376974
64,1,moment_quant_exact_samples,5,8,0.0008439580014965031
64,2,moment_quant_approx_samples,7,8,0.017696416998660425
64,2,moment_quant_exact_samples,8,8,0.0008107080029731151
64,2,moment_quant_approx_intervals,3,8,0.021109499997692183
64,2,moment_quant_approx_samples,1,8,0.017774625001038658
64,2,moment_quant_exact_intervals,9,8,0.005244292002316797
64,2,moment_quant_exact_intervals,6,8,0.005173583998839604
64,2,moment_quant_approx_samples,5,8,0.01764125000045169
64,2,moment_quant_approx_intervals,9,8,0.021026040998549433
64,2,moment_quant_approx_intervals,1,8,0.021002292000048328
64,2,moment_quant_approx_samples,3,8,0.0176331670008949
64,2,moment_quant_exact_samples,3,8,0.0008226659992942587
64,2,moment_quant_exact_samples,4,8,0.0008305419978569262
64,2,moment_quant_exact_intervals,1,8,0.005273499999020714
64,2,moment_quant_exact_intervals,3,8,0.005209291997744003
64,2,moment_quant_approx_intervals,7,8,0.021077000001241686
64,2,moment_quant_exact_samples,2,8,0.000959459001023788
64,2,moment_quant_exact_intervals,5,8,0.005203833999985363
64,2,moment_quant_approx_samples,9,8,0.01766312499967171
64,2,moment_quant_approx_intervals,0,8,0.020971207999537
64,2,moment_quant_exact_intervals,8,8,0.005200124996918021
64,2,moment_quant_exact_samples,7,8,0.0009351250009785872
64,2,moment_quant_approx_intervals,2,8,0.020977874999516644
64,2,moment_quant_approx_samples,2,8,0.01778179200118757
64,2,moment_quant_exact_intervals,7,8,0.005193500001041684
64,2,moment_quant_approx_intervals,5,8,0.021014625002862886
64,2,moment_quant_exact_samples,0,8,0.0009781250009837095
64,2,moment_quant_exact_samples,9,8,0.0008938749997469131
64,2,moment_quant_exact_samples,6,8,0.0007809999988239724
64,2,moment_quant_approx_samples,0,8,0.017526791998534463
64,2,moment_quant_exact_intervals,4,8,0.0052343339993967675
64,2,moment_quant_exact_samples,1,8,0.0009499589978076983
64,2,moment_quant_exact_intervals,0,8,0.005293334001180483
64,2,moment_quant_exact_samples,5,8,0.0008212920001824386
64,2,moment_quant_exact_intervals,2,8,0.005231875002209563
64,2,moment_quant_approx_intervals,8,8,0.021071832998131867
64,2,moment_quant_approx_samples,6,8,0.01754583299771184
64,2,moment_quant_approx_samples,8,8,0.01762616699852515
64,2,moment_quant_approx_intervals,6,8,0.021313375000318047
64,2,moment_quant_approx_samples,4,8,0.017654916002356913
64,2,moment_quant_approx_intervals,4,8,0.02100504200279829
64,3,moment_quant_approx_intervals,4,8,0.021202833002462285
64,3,moment_quant_approx_intervals,1,8,0.02105137500257115
64,3,moment_quant_approx_samples,5,8,0.017734625002049142
64,3,moment_quant_exact_samples,6,8,0.0009679999966465402
64,3,moment_quant_exact_intervals,2,8,0.005256000000372296
64,3,moment_quant_approx_samples,2,8,0.017732374999468448
64,3,moment_quant_exact_samples,7,8,0.0008464170023216866
64,3,moment_quant_exact_samples,8,8,0.0008631659984530415
64,3,moment_quant_approx_intervals,3,8,0.021176583002670668
64,3,moment_quant_approx_intervals,7,8,0.021093499999551568
64,3,moment_quant_exact_samples,3,8,0.0009853749979811255
64,3,moment_quant_exact_intervals,9,8,0.005267374999675667
64,3,moment_quant_exact_samples,4,8,0.0008227079997595865
64,3,moment_quant_exact_samples,1,8,0.0008572920014557894
64,3,moment_quant_exact_intervals,0,8,0.005236290999164339
64,3,moment_quant_approx_samples,0,8,0.017616207998798927
64,3,moment_quant_approx_samples,1,8,0.017760957998689264
64,3,moment_quant_approx_samples,8,8,0.017590874998859363
64,3,moment_quant_approx_intervals,9,8,0.021105832998728147
64,3,moment_quant_approx_samples,3,8,0.01769037499980186
64,3,moment_quant_exact_intervals,5,8,0.005252833001577528
64,3,moment_quant_exact_intervals,6,8,0.005244125000899658
64,3,moment_quant_exact_intervals,1,8,0.005249457997706486
64,3,moment_quant_approx_intervals,6,8,0.021113375001732493
64,3,moment_quant_exact_samples,0,8,0.0008353750017704442
64,3,moment_quant_approx_samples,9,8,0.017760083999746712
64,3,moment_quant_exact_samples,2,8,0.0008447079999314155
64,3,moment_quant_approx_intervals,0,8,0.021098541998071596
64,3,moment_quant_approx_intervals,2,8,0.021120834000612376
64,3,moment_quant_approx_samples,6,8,0.017723040997225326
64,3,moment_quant_approx_samples,7,8,0.017650542002229486
64,3,moment_quant_exact_intervals,3,8,0.005246374999842374
64,3,moment_quant_exact_intervals,8,8,0.005256832999293692
64,3,moment_quant_exact_samples,5,8,0.0008980000020528678
64,3,moment_quant_approx_intervals,8,8,0.021106208998389775
64,3,moment_quant_approx_intervals,5,8,0.021059874998172745
64,3,moment_quant_exact_intervals,4,8,0.0052742910011147615
64,3,moment_quant_approx_samples,4,8,0.017802916998334695
64,3,moment_quant_exact_intervals,7,8,0.005263625000225147
64,3,moment_quant_exact_samples,9,8,0.0008184590005839709
64,4,moment_quant_exact_intervals,3,8,0.005264667001029011
64,4,moment_quant_exact_samples,5,8,0.0009542499974486418
64,4,moment_quant_exact_intervals,2,8,0.005362249998142943
64,4,moment_quant_approx_intervals,4,8,0.02117379199989955
64,4,moment_quant_exact_intervals,6,8,0.005243707997578895
64,4,moment_quant_approx_intervals,7,8,0.02109629199912888
64,4,moment_quant_approx_samples,0,8,0.017835167000157526
64,4,moment_quant_exact_intervals,9,8,0.005234708998614224
64,4,moment_quant_approx_samples,8,8,0.0177329580001242
64,4,moment_quant_exact_intervals,5,8,0.005261667000013404
64,4,moment_quant_approx_samples,9,8,0.017755791999661596
64,4,moment_quant_approx_samples,5,8,0.017650124998908723
64,4,moment_quant_exact_samples,8,8,0.0009621659992262721
64,4,moment_quant_approx_intervals,2,8,0.021109291999891866
64,4,moment_quant_exact_intervals,7,8,0.005245207998086698
64,4,moment_quant_approx_intervals,5,8,0.021246207998046884
64,4,moment_quant_approx_intervals,6,8,0.02115179199972772
64,4,moment_quant_approx_samples,3,8,0.01771766700039734
64,4,moment_quant_exact_intervals,4,8,0.005241458999080351
64,4,moment_quant_exact_samples,2,8,0.0009697089990368113
64,4,moment_quant_approx_samples,1,8,0.01772904100289452
64,4,moment_quant_approx_intervals,0,8,0.02114383299704059
64,4,moment_quant_exact_samples,7,8,0.0009281670027121436
64,4,moment_quant_approx_samples,7,8,0.01760308400116628
64,4,moment_quant_exact_samples,1,8,0.0008720000005268957
64,4,moment_quant_exact_samples,6,8,0.0009378750000905711
64,4,moment_quant_exact_intervals,8,8,0.005312124998454237
64,4,moment_quant_exact_samples,3,8,0.0009207920011249371
64,4,moment_quant_approx_intervals,9,8,0.021086417000333313
64,4,moment_quant_exact_intervals,0,8,0.005244500000117114
64,4,moment_quant_approx_intervals,8,8,0.021246000000246568
64,4,moment_quant_exact_intervals,1,8,0.005309125001076609
64,4,moment_quant_exact_samples,9,8,0.0009746249997988343
64,4,moment_quant_approx_intervals,1,8,0.021266166000714293
64,4,moment_quant_exact_samples,0,8,0.0009360829972138163
64,4,moment_quant_approx_samples,2,8,0.017598374997760402
64,4,moment_quant_approx_samples,4,8,0.017650791000050958
64,4,moment_quant_approx_samples,6,8,0.017663499998889165
64,4,moment_quant_approx_intervals,3,8,0.02114354199875379
64,4,moment_quant_exact_samples,4,8,0.0009399170012329705
64,8,moment_quant_exact_intervals,5,8,0.0059979580000799615
64,8,moment_quant_exact_samples,5,8,0.0011594999996304978
64,8,moment_quant_approx_samples,8,8,0.018715875001362292
64,8,moment_quant_exact_samples,6,8,0.0009694170003058389
64,8,moment_quant_approx_samples,5,8,0.01766687499912223
64,8,moment_quant_exact_intervals,8,8,0.006407832999684615
64,8,moment_quant_approx_samples,0,8,0.017756875000486616
64,8,moment_quant_approx_samples,9,8,0.017789500001526903
64,8,moment_quant_exact_samples,0,8,0.0010912090001511388
64,8,moment_quant_exact_intervals,6,8,0.005331332999048755
64,8,moment_quant_exact_samples,8,8,0.0009786250011529773
64,8,moment_quant_approx_intervals,6,8,0.021286208000674378
64,8,moment_quant_exact_samples,4,8,0.001016958001855528
64,8,moment_quant_approx_samples,1,8,0.017618249999941327
64,8,moment_quant_approx_intervals,7,8,0.021269415999995545
64,8,moment_quant_exact_samples,3,8,0.0011583330015128013
64,8,moment_quant_approx_samples,4,8,0.01763754099738435
64,8,moment_quant_approx_samples,6,8,0.01795345799837378
64,8,moment_quant_exact_intervals,3,8,0.005537249999179039
64,8,moment_quant_exact_intervals,2,8,0.005429083001217805
64,8,moment_quant_approx_samples,7,8,0.0183477499995206
64,8,moment_quant_exact_samples,2,8,0.001126625000324566
64,8,moment_quant_approx_intervals,9,8,0.021321374999388354
64,8,moment_quant_approx_intervals,2,8,0.02121370799795841
64,8,moment_quant_approx_intervals,8,8,0.021283916998072527
64,8,moment_quant_approx_intervals,1,8,0.02120387499962817
64,8,moment_quant_exact_intervals,4,8,0.00536383299913723
64,8,moment_quant_exact_intervals,1,8,0.005278666001686361
64,8,moment_quant_approx_intervals,4,8,0.02126625000164495
64,8,moment_quant_approx_intervals,5,8,0.0212964579986874
64,8,moment_quant_approx_intervals,3,8,0.021285374998115003
64,8,moment_quant_approx_intervals,0,8,0.021244542000204092
64,8,moment_quant_exact_samples,7,8,0.0011126659992442
64,8,moment_quant_exact_intervals,9,8,0.006400792000931688
64,8,moment_quant_exact_intervals,7,8,0.005327375001797918
64,8,moment_quant_exact_samples,9,8,0.0011208329997316469
64,8,moment_quant_exact_samples,1,8,0.0010283750016242266
64,8,moment_quant_approx_samples,2,8,0.017741125000611646
64,8,moment_quant_approx_samples,3,8,0.017744290998962242
64,8,moment_quant_exact_intervals,0,8,0.005340332998457598
64,10,moment_quant_approx_intervals,5,8,0.0213865830010036
64,10,moment_quant_approx_samples,2,8,0.017753042000549613
64,10,moment_quant_exact_samples,7,8,0.0011903339982382022
64,10,moment_quant_approx_samples,6,8,0.017915291999088367
64,10,moment_quant_approx_samples,3,8,0.017854959001851967
64,10,moment_quant_approx_intervals,3,8,0.021388749999459833
64,10,moment_quant_exact_intervals,0,8,0.005361083000025246
64,10,moment_quant_exact_samples,1,8,0.001169708000816172
64,10,moment_quant_exact_samples,8,8,0.0011055830000259448
64,10,moment_quant_approx_samples,4,8,0.01782479200119269
64,10,moment_quant_approx_samples,0,8,0.017785208001441788
64,10,moment_quant_approx_intervals,1,8,0.021406957999715814
64,10,moment_quant_exact_intervals,5,8,0.005367042002035305
64,10,moment_quant_approx_intervals,4,8,0.02136962500298978
64,10,moment_quant_approx_samples,1,8,0.01779050000186544
64,10,moment_quant_exact_intervals,4,8,0.005391208000219194
64,10,moment_quant_approx_intervals,7,8,0.021317041999282083
64,10,moment_quant_approx_samples,5,8,0.017838250001659617
64,10,moment_quant_exact_samples,0,8,0.0011748750002880115
64,10,moment_quant_approx_samples,9,8,0.017874458000733284
64,10,moment_quant_exact_samples,6,8,0.0011905419996764977
64,10,moment_quant_approx_intervals,0,8,0.021374708001530962
64,10,moment_quant_exact_intervals,7,8,0.005337209000572329
64,10,moment_quant_exact_intervals,3,8,0.005310958000336541
64,10,moment_quant_exact_intervals,9,8,0.005312124998454237
64,10,moment_quant_approx_intervals,8,8,0.021387000000686385
64,10,moment_quant_approx_intervals,9,8,0.02141887499965378
64,10,moment_quant_approx_samples,8,8,0.017806666997785214
64,10,moment_quant_exact_samples,5,8,0.0011803340021288022
64,10,moment_quant_exact_intervals,6,8,0.005401708996942034
64,10,moment_quant_exact_intervals,1,8,0.0053232499994919635
64,10,moment_quant_approx_intervals,6,8,0.021430708999105264
64,10,moment_quant_exact_samples,2,8,0.0011824159992102068
64,10,moment_quant_exact_samples,4,8,0.0010911669996858109
64,10,moment_quant_exact_intervals,8,8,0.005385458000091603
64,10,moment_quant_exact_samples,3,8,0.0011900409990630578
64,10,moment_quant_exact_samples,9,8,0.00109787499968661
64,10,moment_quant_approx_samples,7,8,0.017862874999991618
64,10,moment_quant_exact_intervals,2,8,0.00537912499930826
64,10,moment_quant_approx_intervals,2,8,0.02149574999930337
64,16,moment_quant_exact_intervals,9,8,0.00549729100021068
64,16,moment_quant_exact_intervals,5,8,0.0055482090028817765
64,16,moment_quant_exact_intervals,1,8,0.005451249999168795
64,16,moment_quant_exact_samples,7,8,0.0013962919983896427
64,16,moment_quant_exact_samples,1,8,0.0013591669994639233
64,16,moment_quant_exact_samples,6,8,0.0013727920013479888
64,16,moment_quant_approx_intervals,0,8,0.021669834000931587
64,16,moment_quant_exact_intervals,6,8,0.0055055830016499385
64,16,moment_quant_approx_samples,5,8,0.017959916996915126
64,16,moment_quant_approx_samples,2,8,0.01777520900213858
64,16,moment_quant_approx_intervals,1,8,0.02160579100018367
64,16,moment_quant_approx_intervals,6,8,0.021561000001383945
64,16,moment_quant_approx_intervals,4,8,0.021632125000905944
64,16,moment_quant_approx_intervals,8,8,0.021514583997486625
64,16,moment_quant_approx_intervals,9,8,0.02153412500047125
64,16,moment_quant_exact_samples,4,8,0.0013649159991473425
64,16,moment_quant_approx_samples,4,8,0.017938332999619888
64,16,moment_quant_exact_samples,0,8,0.0012394999976095278
64,16,moment_quant_approx_samples,3,8,0.01768649999939953
64,16,moment_quant_approx_samples,7,8,0.01792191600179649
64,16,moment_quant_exact_intervals,0,8,0.00545566599976155
64,16,moment_quant_approx_samples,9,8,0.017941999998583924
64,16,moment_quant_exact_samples,2,8,0.0014033750012458768
64,16,moment_quant_exact_intervals,7,8,0.0055101250000006985
64,16,moment_quant_exact_intervals,8,8,0.0054396249979618005
64,16,moment_quant_approx_intervals,3,8,0.02161537500069244
64,16,moment_quant_approx_samples,8,8,0.01790133300164598
64,16,moment_quant_exact_samples,9,8,0.0013885410007787868
64,16,moment_quant_exact_samples,3,8,0.0013729999991483055
64,16,moment_quant_exact_intervals,4,8,0.005543082999793114
64,16,moment_quant_approx_intervals,5,8,0.021618333001242718
64,16,moment_quant_approx_samples,0,8,0.017912041999807116
64,16,moment_quant_exact_intervals,3,8,0.005473082997923484
64,16,moment_quant_approx_intervals,2,8,0.021536708001804072
64,16,moment_quant_exact_intervals,2,8,0.005438042000605492
64,16,moment_quant_approx_intervals,7,8,0.021758375001809327
64,16,moment_quant_exact_samples,5,8,0.0016028749996621627
64,16,moment_quant_exact_samples,8,8,0.0015749580015835818
64,16,moment_quant_approx_samples,6,8,0.01835041700178408
64,16,moment_quant_approx_samples,1,8,0.018076415999530582
64,30,moment_quant_approx_samples,7,8,0.018273124998813728
64,30,moment_quant_approx_intervals,1,8,0.02212583299842663
64,30,moment_quant_exact_samples,9,8,0.0018629579972184729
64,30,moment_quant_approx_intervals,6,8,0.022130917001049966
64,30,moment_quant_exact_intervals,7,8,0.005713374997867504
64,30,moment_quant_exact_samples,1,8,0.0019666670013975818
64,30,moment_quant_exact_intervals,4,8,0.005775375000666827
64,30,moment_quant_approx_samples,8,8,0.018055958000331884
64,30,moment_quant_approx_intervals,9,8,0.02204979199814261
64,30,moment_quant_exact_intervals,9,8,0.005684957999619655
64,30,moment_quant_approx_samples,2,8,0.018017124999460066
64,30,moment_quant_exact_intervals,2,8,0.005659124999510823
64,30,moment_quant_approx_intervals,5,8,0.02205366699854494
64,30,moment_quant_approx_intervals,0,8,0.022040374999050982
64,30,moment_quant_exact_intervals,0,8,0.005684166997525608
64,30,moment_quant_approx_samples,1,8,0.018172583000705345
64,30,moment_quant_approx_intervals,2,8,0.022090250000474043
64,30,moment_quant_exact_samples,3,8,0.0018449580020387657
64,30,moment_quant_approx_samples,3,8,0.018169832997955382
64,30,moment_quant_approx_intervals,3,8,0.022114125000371132
64,30,moment_quant_exact_samples,0,8,0.0019097499971394427
64,30,moment_quant_exact_samples,8,8,0.0017263330009882338
64,30,moment_quant_exact_samples,2,8,0.0018541659992479254
64,30,moment_quant_exact_intervals,5,8,0.0057234580017393455
64,30,moment_quant_approx_intervals,8,8,0.02216749999934109
64,30,moment_quant_approx_intervals,4,8,0.02212974999929429
64,30,moment_quant_exact_intervals,3,8,0.0057144590027746744
64,30,moment_quant_approx_samples,6,8,0.018044333999569062
64,30,moment_quant_exact_intervals,1,8,0.005712833000870887
64,30,moment_quant_approx_samples,5,8,0.018020291998254834
64,30,moment_quant_exact_intervals,6,8,0.005669999998644926
64,30,moment_quant_approx_samples,9,8,0.018107249998138286
64,30,moment_quant_approx_samples,4,8,0.018147999999200692
64,30,moment_quant_approx_intervals,7,8,0.02216983399921446
64,30,moment_quant_exact_intervals,8,8,0.005692792001354974
64,30,moment_quant_exact_samples,7,8,0.0029060419983579777
64,30,moment_quant_exact_samples,5,8,0.0018121659995813388
64,30,moment_quant_exact_samples,6,8,0.001797290999093093
64,30,moment_quant_approx_samples,0,8,0.018140916999982437
64,30,moment_quant_exact_samples,4,8,0.0018240829995193053
64,32,moment_quant_exact_samples,9,8,0.0019389580011193175
64,32,moment_quant_approx_intervals,8,8,0.022387791999790352
64,32,moment_quant_exact_intervals,9,8,0.005767333001131192
64,32,moment_quant_exact_samples,3,8,0.0019416659997659735
64,32,moment_quant_approx_samples,7,8,0.018362167000304908
64,32,moment_quant_approx_intervals,1,8,0.022225000000617
64,32,moment_quant_approx_samples,4,8,0.01810329200088745
64,32,moment_quant_approx_samples,1,8,0.018069834000925766
64,32,moment_quant_approx_samples,2,8,0.01803516700238106
64,32,moment_quant_approx_samples,8,8,0.018969083997944836
64,32,moment_quant_approx_intervals,4,8,0.02322837500105379
64,32,moment_quant_exact_intervals,1,8,0.005914290999498917
64,32,moment_quant_approx_samples,3,8,0.01824687499902211
64,32,moment_quant_exact_intervals,4,8,0.005753458000981482
64,32,moment_quant_approx_intervals,0,8,0.022165082998981234
64,32,moment_quant_approx_intervals,5,8,0.022228875001019333
64,32,moment_quant_exact_intervals,5,8,0.005833625000377651
64,32,moment_quant_exact_samples,8,8,0.003269791999628069
64,32,moment_quant_exact_intervals,6,8,0.005744541998865316
64,32,moment_quant_approx_intervals,3,8,0.02230345800126088
64,32,moment_quant_approx_intervals,6,8,0.022219833997951355
64,32,moment_quant_exact_samples,4,8,0.00203454199800035
64,32,moment_quant_exact_samples,7,8,0.0019999579999421258
64,32,moment_quant_exact_intervals,2,8,0.005784125001810025
64,32,moment_quant_approx_intervals,7,8,0.022122207999927923
64,32,moment_quant_approx_samples,5,8,0.018116458999429597
64,32,moment_quant_approx_intervals,9,8,0.022398125001927838
64,32,moment_quant_exact_samples,6,8,0.003073042000323767
64,32,moment_quant_exact_samples,2,8,0.001939665999088902
64,32,moment_quant_exact_samples,0,8,0.0018877500006055925
64,32,moment_quant_exact_intervals,7,8,0.005785457997262711
64,32,moment_quant_exact_intervals,3,8,0.005683250001311535
64,32,moment_quant_approx_intervals,2,8,0.02218445800099289
64,32,moment_quant_approx_samples,0,8,0.018168040998716606
64,32,moment_quant_exact_intervals,0,8,0.0057692910013429355
64,32,moment_quant_exact_samples,5,8,0.0019442920020082965
64,32,moment_quant_approx_samples,6,8,0.018109959000867093
64,32,moment_quant_approx_samples,9,8,0.018051582999760285
64,32,moment_quant_exact_intervals,8,8,0.005761458000051789
64,32,moment_quant_exact_samples,1,8,0.0020661250018747523
64,64,moment_quant_exact_intervals,9,8,0.006290249999437947
64,64,moment_quant_exact_intervals,0,8,0.006280666999373352
64,64,moment_quant_approx_intervals,8,8,0.023388166999211535
64,64,moment_quant_exact_samples,3,8,0.004145708000578452
64,64,moment_quant_exact_samples,7,8,0.0029945419992145617
64,64,moment_quant_approx_samples,7,8,0.020040666000568308
64,64,moment_quant_exact_intervals,4,8,0.006363458996929694
64,64,moment_quant_approx_samples,4,8,0.019470167000690708
64,64,moment_quant_approx_intervals,3,8,0.024136166997777764
64,64,moment_quant_approx_samples,8,8,0.019096042000455782
64,64,moment_quant_exact_intervals,8,8,0.006282582999119768
64,64,moment_quant_exact_samples,8,8,0.0030171250000421423
64,64,moment_quant_approx_samples,0,8,0.018383833001280436
64,64,moment_quant_exact_samples,0,8,0.0031270840008801315
64,64,moment_quant_exact_intervals,2,8,0.006230875002074754
64,64,moment_quant_approx_samples,5,8,0.019909124999685446
64,64,moment_quant_exact_samples,4,8,0.002967041000374593
64,64,moment_quant_approx_intervals,0,8,0.023323875000642147
64,64,moment_quant_approx_samples,2,8,0.018406624996714527
64,64,moment_quant_approx_intervals,1,8,0.02320954199967673
64,64,moment_quant_exact_samples,2,8,0.004027124999993248
64,64,moment_quant_approx_intervals,6,8,0.024576916999649256
64,64,moment_quant_exact_intervals,7,8,0.006275290998019045
64,64,moment_quant_exact_samples,1,8,0.0030221659981179982
64,64,moment_quant_exact_intervals,6,8,0.006288249998760875
64,64,moment_quant_approx_intervals,4,8,0.023363666001387173
64,64,moment_quant_exact_intervals,5,8,0.006196417001774535
64,64,moment_quant_approx_samples,9,8,0.019303417000628542
64,64,moment_quant_exact_samples,5,8,0.002942709001217736
64,64,moment_quant_exact_samples,9,8,0.0029308750017662533
64,64,moment_quant_approx_intervals,2,8,0.024182290999306133
64,64,moment_quant_approx_intervals,5,8,0.02332866600045236
64,64,moment_quant_exact_samples,6,8,0.0038472499982162844
64,64,moment_quant_approx_samples,6,8,0.019068083001911873
64,64,moment_quant_approx_intervals,9,8,0.024488499999279156
64,64,moment_quant_approx_intervals,7,8,0.023841250000259606
64,64,moment_quant_exact_intervals,3,8,0.006240665999939665
64,64,moment_quant_exact_intervals,1,8,0.006165458999021212
64,64,moment_quant_approx_samples,3,8,0.019331625000631902
64,64,moment_quant_approx_samples,1,8,0.018989332998899044
64,100,moment_quant_approx_intervals,9,8,0.026844124997296603
64,100,moment_quant_approx_intervals,6,8,0.02560141700087115
64,100,moment_quant_exact_samples,0,8,0.0049067920008383226
64,100,moment_quant_approx_samples,5,8,0.020710083001176827
64,100,moment_quant_approx_samples,1,8,0.019546166000509402
64,100,moment_quant_exact_samples,6,8,0.004215749999275431
64,100,moment_quant_exact_intervals,1,8,0.006817875000706408
64,100,moment_quant_exact_intervals,0,8,0.0067414579971227795
64,100,moment_quant_approx_intervals,1,8,0.026326249997509876
64,100,moment_quant_approx_samples,8,8,0.02026391600156785
64,100,moment_quant_approx_samples,2,8,0.019482625000819098
64,100,moment_quant_exact_intervals,7,8,0.0068192500002624
64,100,moment_quant_approx_intervals,8,8,0.025713166000059573
64,100,moment_quant_exact_intervals,5,8,0.00677529200038407
64,100,moment_quant_approx_samples,4,8,0.019488582998747006
64,100,moment_quant_approx_samples,9,8,0.01985774999775458
64,100,moment_quant_exact_samples,8,8,0.004843624999921303
64,100,moment_quant_exact_samples,9,8,0.005554374998610001
64,100,moment_quant_exact_intervals,6,8,0.006869540997286094
64,100,moment_quant_approx_intervals,4,8,0.02525291599886259
64,100,moment_quant_exact_samples,5,8,0.00419566699929419
64,100,moment_quant_exact_samples,3,8,0.0057262499976786785
64,100,moment_quant_approx_samples,3,8,0.020661624999775086
64,100,moment_quant_approx_intervals,2,8,0.025748083997314097
64,100,moment_quant_exact_samples,2,8,0.004287124997063074
64,100,moment_quant_exact_intervals,2,8,0.006799082999350503
64,100,moment_quant_exact_samples,7,8,0.005123291997733759
64,100,moment_quant_approx_intervals,7,8,0.02584283399846754
64,100,moment_quant_approx_samples,6,8,0.02036687500003609
64,100,moment_quant_approx_samples,7,8,0.019192207997548394
64,100,moment_quant_exact_intervals,9,8,0.006835125001089182
64,100,moment_quant_exact_intervals,3,8,0.006739874999766471
64,100,moment_quant_exact_intervals,4,8,0.006713582999509526
64,100,moment_quant_approx_intervals,5,8,0.025254916999983834
64,100,moment_quant_exact_samples,1,8,0.005273208000289742
64,100,moment_quant_exact_samples,4,8,0.004213832999084843
64,100,moment_quant_approx_intervals,3,8,0.026113374999113148
64,100,moment_quant_exact_intervals,8,8,0.0068621250029536895
64,100,moment_quant_approx_samples,0,8,0.020757209000294097
64,100,moment_quant_approx_intervals,0,8,0.02476454100178671
64,300,moment_quant_exact_intervals,9,8,0.011273000000073807
64,300,moment_quant_exact_intervals,0,8,0.010908208998444024
64,300,moment_quant_exact_samples,3,8,0.013065417002508184
64,300,moment_quant_approx_intervals,0,8,0.038178167000296526
64,300,moment_quant_exact_samples,1,8,0.012672708002355648
64,300,moment_quant_exact_samples,6,8,0.0117997910019767
64,300,moment_quant_exact_intervals,7,8,0.01151012499758508
64,300,moment_quant_approx_intervals,2,8,0.03742174999933923
64,300,moment_quant_approx_intervals,4,8,0.03727091700056917
64,300,moment_quant_approx_samples,8,8,0.025898459000018192
64,300,moment_quant_approx_intervals,7,8,0.0339285000009113
64,300,moment_quant_exact_intervals,1,8,0.010089416999107925
64,300,moment_quant_exact_intervals,2,8,0.009951292002369883
64,300,moment_quant_approx_samples,0,8,0.023411875001329463
64,300,moment_quant_exact_intervals,3,8,0.011089957999502076
64,300,moment_quant_approx_samples,7,8,0.02441654100039159
64,300,moment_quant_exact_samples,0,8,0.01265616599994246
64,300,moment_quant_exact_samples,9,8,0.011673167002300033
64,300,moment_quant_approx_intervals,9,8,0.03623554200021317
64,300,moment_quant_approx_intervals,1,8,0.03586287500002072
64,300,moment_quant_approx_intervals,5,8,0.03583674999754294
64,300,moment_quant_exact_intervals,4,8,0.010728291999839712
64,300,moment_quant_exact_samples,2,8,0.012011499999061925
64,300,moment_quant_approx_samples,4,8,0.026149082998017548
64,300,moment_quant_exact_samples,8,8,0.011662708999210736
64,300,moment_quant_exact_intervals,8,8,0.010648791001585778
64,300,moment_quant_approx_samples,9,8,0.026458500000444474
64,300,moment_quant_exact_samples,4,8,0.012238374998560175
64,300,moment_quant_approx_intervals,8,8,0.03447812499871361
64,300,moment_quant_exact_intervals,5,8,0.010120124999957625
64,300,moment_quant_exact_samples,7,8,0.01309279199995217
64,300,moment_quant_exact_samples,5,8,0.011690082999848528
64,300,moment_quant_approx_samples,2,8,0.02552983300120104
64,300,moment_quant_approx_samples,5,8,0.0263862079991668
64,300,moment_quant_approx_samples,1,8,0.026012375001300825
64,300,moment_quant_approx_samples,3,8,0.023559833000035724
64,300,moment_quant_exact_intervals,6,8,0.010500000000320142
64,300,moment_quant_approx_samples,6,8,0.025406166998436674
64,300,moment_quant_approx_intervals,3,8,0.03659016700112261
64,300,moment_quant_approx_intervals,6,8,0.03641133400014951
64,1000,moment_quant_exact_samples,8,8,0.03662049999911687
64,1000,moment_quant_exact_samples,3,8,0.03539091599668609
64,1000,moment_quant_approx_intervals,2,8,0.06769266599803814
64,1000,moment_quant_exact_samples,6,8,0.03569529100059299
64,1000,moment_quant_approx_intervals,4,8,0.06766425000023446
64,1000,moment_quant_approx_intervals,1,8,0.06820416700065834
64,1000,moment_quant_approx_intervals,5,8,0.06692587500219815
64,1000,moment_quant_exact_intervals,4,8,0.021600667001621332
64,1000,moment_quant_exact_samples,2,8,0.03621316700082389
64,1000,moment_quant_approx_samples,8,8,0.037560207998467376
64,1000,moment_quant_exact_samples,9,8,0.03659137499926146
64,1000,moment_quant_exact_intervals,1,8,0.02230766700085951
64,1000,moment_quant_approx_samples,2,8,0.03828429200075334
64,1000,moment_quant_approx_samples,1,8,0.038167875001818174
64,1000,moment_quant_approx_intervals,9,8,0.06561291699836147
64,1000,moment_quant_exact_intervals,9,8,0.022015082999132574
64,1000,moment_quant_approx_intervals,8,8,0.06541016600021976
64,1000,moment_quant_approx_samples,6,8,0.03814862500075833
64,1000,moment_quant_exact_samples,5,8,0.035376625000935746
64,1000,moment_quant_exact_intervals,0,8,0.02234350000071572
64,1000,moment_quant_approx_intervals,7,8,0.06779770799766993
64,1000,moment_quant_exact_intervals,8,8,0.022586374998354586
64,1000,moment_quant_approx_samples,4,8,0.037737208000180544
64,1000,moment_quant_approx_intervals,0,8,0.06750895799996215
64,1000,moment_quant_approx_samples,3,8,0.03735654100091779
64,1000,moment_quant_exact_samples,0,8,0.03768291699816473
64,1000,moment_quant_exact_intervals,3,8,0.022664457999781007
64,1000,moment_quant_approx_samples,5,8,0.03946958300002734
64,1000,moment_quant_exact_samples,1,8,0.04040750000058324
64,1000,moment_quant_approx_intervals,6,8,0.06699508299789159
64,1000,moment_quant_exact_intervals,7,8,0.021308832998329308
64,1000,moment_quant_approx_intervals,3,8,0.06760379199840827
64,1000,moment_quant_approx_samples,9,8,0.03714149999723304
64,1000,moment_quant_exact_samples,7,8,0.03592858399861143
64,1000,moment_quant_approx_samples,7,8,0.03803991699896869
64,1000,moment_quant_exact_intervals,5,8,0.023315833997912705
64,1000,moment_quant_exact_intervals,2,8,0.022437667001213413
64,1000,moment_quant_approx_samples,0,8,0.038216042001295136
64,1000,moment_quant_exact_samples,4,8,0.03587487500044517
64,1000,moment_quant_exact_intervals,6,8,0.022330499999952735
64,3000,moment_quant_approx_samples,1,8,0.07775466599923675
64,3000,moment_quant_approx_samples,5,8,0.07386287500048638
64,3000,moment_quant_approx_intervals,8,8,0.15791216700017685
64,3000,moment_quant_approx_samples,6,8,0.07649820799997542
64,3000,moment_quant_exact_intervals,8,8,0.055980832999921404
64,3000,moment_quant_approx_intervals,2,8,0.15842937500201515
64,3000,moment_quant_exact_samples,5,8,0.10821874999965075
64,3000,moment_quant_approx_intervals,0,8,0.16185824999774923
64,3000,moment_quant_approx_samples,9,8,0.07663600000159931
64,3000,moment_quant_exact_samples,0,8,0.10774549999769079
64,3000,moment_quant_approx_intervals,5,8,0.15520912500142003
64,3000,moment_quant_exact_samples,4,8,0.10774658300215378
64,3000,moment_quant_exact_intervals,6,8,0.05647987500196905
64,3000,moment_quant_approx_intervals,4,8,0.15505358300288208
64,3000,moment_quant_approx_intervals,7,8,0.1547120420000283
64,3000,moment_quant_approx_intervals,9,8,0.15447462500014808
64,3000,moment_quant_approx_samples,2,8,0.07592166700123926
64,3000,moment_quant_exact_intervals,2,8,0.05518687500079977
64,3000,moment_quant_approx_samples,0,8,0.07554254099886748
64,3000,moment_quant_approx_samples,8,8,0.07439508300012676
64,3000,moment_quant_exact_samples,8,8,0.10489400000005844
64,3000,moment_quant_exact_samples,2,8,0.10877525000250898
64,3000,moment_quant_exact_intervals,1,8,0.06078387500019744
64,3000,moment_quant_approx_samples,7,8,0.07811662499807426
64,3000,moment_quant_exact_samples,7,8,0.10527833399828523
64,3000,moment_quant_approx_samples,3,8,0.07448908299920731
64,3000,moment_quant_exact_samples,6,8,0.1072998749987164
64,3000,moment_quant_approx_intervals,6,8,0.16107841699704295
64,3000,moment_quant_exact_samples,1,8,0.10516324999844073
64,3000,moment_quant_exact_intervals,5,8,0.056692166999710025
64,3000,moment_quant_approx_intervals,1,8,0.15519987500010757
64,3000,moment_quant_approx_samples,4,8,0.07461150000017369
64,3000,moment_quant_exact_samples,3,8,0.10476474999813945
64,3000,moment_quant_approx_intervals,3,8,0.15480508299879148
64,3000,moment_quant_exact_samples,9,8,0.11419116600154666
64,3000,moment_quant_exact_intervals,4,8,0.06101687499904074
64,3000,moment_quant_exact_intervals,9,8,0.061413124996761326
64,3000,moment_quant_exact_intervals,7,8,0.06192949999967823
64,3000,moment_quant_exact_intervals,3,8,0.061542999999801395
64,3000,moment_quant_exact_intervals,0,8,0.061596625000674976
64,10000,moment_quant_exact_intervals,0,8,0.21173183399878326
64,10000,moment_quant_exact_samples,1,8,0.3438600840017898
64,10000,moment_quant_exact_intervals,9,8,0.19277233300090302
64,10000,moment_quant_approx_samples,3,8,0.21159399999669404
64,10000,moment_quant_exact_samples,8,8,0.34360066699809977
64,10000,moment_quant_exact_samples,9,8,0.3332863340001495
64,10000,moment_quant_exact_intervals,7,8,0.22688154199931887
64,10000,moment_quant_approx_samples,5,8,0.2601242500022636
64,10000,moment_quant_exact_intervals,4,8,0.2285545419981645
64,10000,moment_quant_approx_samples,7,8,0.25330899999971734
64,10000,moment_quant_approx_intervals,3,8,0.6213497089993325
64,10000,moment_quant_approx_samples,1,8,0.2641519589997188
64,10000,moment_quant_approx_intervals,2,8,0.6668233749987849
64,10000,moment_quant_exact_samples,7,8,0.3581555830023717
64,10000,moment_quant_approx_intervals,7,8,0.549325833999319
64,10000,moment_quant_exact_intervals,2,8,0.1926132080006937
64,10000,moment_quant_exact_intervals,8,8,0.2310006660009094
64,10000,moment_quant_approx_samples,6,8,0.2530344580009114
64,10000,moment_quant_approx_intervals,8,8,0.6255645420023939
64,10000,moment_quant_approx_intervals,5,8,0.5507492920005461
64,10000,moment_quant_approx_samples,4,8,0.206405665998318
64,10000,moment_quant_approx_samples,2,8,0.2639804579994234
64,10000,moment_quant_approx_intervals,4,8,0.5458497079998779
64,10000,moment_quant_approx_intervals,9,8,0.559096832999785
64,10000,moment_quant_exact_intervals,3,8,0.22161112499816227
64,10000,moment_quant_exact_intervals,5,8,0.21143579199997475
64,10000,moment_quant_approx_intervals,6,8,0.6318289169976197
64,10000,moment_quant_approx_intervals,0,8,0.5458338749995164
64,10000,moment_quant_exact_samples,6,8,0.32378062499992666
64,10000,moment_quant_exact_intervals,6,8,0.19434787500358652
64,10000,moment_quant_exact_samples,0,8,0.3361423749993264
64,10000,moment_quant_exact_intervals,1,8,0.19523970899899723
64,10000,moment_quant_exact_samples,4,8,0.3451524999982212
64,10000,moment_quant_approx_samples,8,8,0.2670056669994665
64,10000,moment_quant_approx_samples,9,8,0.21308141599729424
64,10000,moment_quant_approx_samples,0,8,0.2642134579982667
64,10000,moment_quant_exact_samples,2,8,0.34827195899924845
64,10000,moment_quant_exact_samples,5,8,0.3441613340000913
64,10000,moment_quant_exact_samples,3,8,0.3406627920012397
64,10000,moment_quant_approx_intervals,1,8,0.547890166999423
128,1,moment_quant_exact_intervals,3,8,0.0067024579984718
128,1,moment_quant_exact_intervals,7,8,0.006497207999927923
128,1,moment_quant_exact_samples,0,8,0.0010441250014991965
128,1,moment_quant_exact_samples,5,8,0.000877791997481836
128,1,moment_quant_exact_intervals,9,8,0.006543833002069732
128,1,moment_quant_exact_intervals,0,8,0.006467209001129959
128,1,moment_quant_approx_intervals,6,8,0.02184316700004274
128,1,moment_quant_approx_samples,8,8,0.01808116699976381
128,1,moment_quant_exact_samples,4,8,0.0010472499998286366
128,1,moment_quant_exact_intervals,8,8,0.006449125001381617
128,1,moment_quant_approx_samples,9,8,0.018290583000634797
128,1,moment_quant_approx_intervals,9,8,0.021839375000126893
128,1,moment_quant_exact_samples,7,8,0.0008819590002531186
128,1,moment_quant_approx_intervals,8,8,0.021831415997439763
128,1,moment_quant_exact_samples,6,8,0.0008607499985373579
128,1,moment_quant_approx_intervals,1,8,0.021955333999358118
128,1,moment_quant_approx_intervals,5,8,0.02181058299902361
128,1,moment_quant_exact_intervals,4,8,0.006547707998834085
128,1,moment_quant_exact_samples,1,8,0.0008927499984565657
128,1,moment_quant_exact_intervals,1,8,0.006458542000473244
128,1,moment_quant_exact_intervals,5,8,0.0064184160000877455
128,1,moment_quant_approx_intervals,0,8,0.021836500000063097
128,1,moment_quant_approx_intervals,7,8,0.021795041997393128
128,1,moment_quant_approx_samples,6,8,0.018050709000817733
128,1,moment_quant_exact_intervals,6,8,0.006426707997889025
128,1,moment_quant_approx_samples,7,8,0.018086957999912556
128,1,moment_quant_approx_samples,5,8,0.01800895899941679
128,1,moment_quant_approx_samples,4,8,0.01792458300042199
128,1,moment_quant_exact_samples,2,8,0.0009460830005991738
128,1,moment_quant_approx_samples,0,8,0.01791245900312788
128,1,moment_quant_approx_intervals,2,8,0.021808333000080893
128,1,moment_quant_approx_samples,3,8,0.01802283299912233
128,1,moment_quant_approx_intervals,3,8,0.022141417000966612
128,1,moment_quant_approx_samples,1,8,0.018027958998573013
128,1,moment_quant_exact_intervals,2,8,0.006504332999611506
128,1,moment_quant_exact_samples,9,8,0.0008600000001024455
128,1,moment_quant_exact_samples,8,8,0.0008584999995946418
128,1,moment_quant_approx_intervals,4,8,0.021788000001834007
128,1,moment_quant_approx_samples,2,8,0.018003207998845028
128,1,moment_quant_exact_samples,3,8,0.0009212080003635492
128,2,moment_quant_exact_intervals,5,8,0.006587374999071471
128,2,moment_quant_exact_samples,2,8,0.0008979159974842332
128,2,moment_quant_approx_samples,5,8,0.01870704199973261
128,2,moment_quant_approx_samples,8,8,0.01855483300096239
128,2,moment_quant_exact_samples,8,8,0.0009002500009955838
128,2,moment_quant_approx_samples,7,8,0.01855470899681677
128,2,moment_quant_exact_intervals,4,8,0.006549000001541572
128,2,moment_quant_exact_intervals,1,8,0.006497124999441439
128,2,moment_quant_approx_samples,1,8,0.018637875000422355
128,2,moment_quant_approx_intervals,6,8,0.022268957996857353
128,2,moment_quant_exact_intervals,7,8,0.006604207999771461
128,2,moment_quant_exact_samples,5,8,0.0009255000004486647
128,2,moment_quant_exact_intervals,3,8,0.006559334000485251
128,2,moment_quant_approx_samples,0,8,0.01872212500165915
128,2,moment_quant_exact_intervals,9,8,0.0065796250019047875
128,2,moment_quant_exact_intervals,2,8,0.0065117920021293685
128,2,moment_quant_approx_samples,2,8,0.01861020899741561
128,2,moment_quant_exact_samples,3,8,0.0009366670019517187
128,2,moment_quant_exact_samples,0,8,0.0008656660029373597
128,2,moment_quant_approx_samples,3,8,0.018565207999927225
128,2,moment_quant_approx_intervals,8,8,0.022294500002317363
128,2,moment_quant_exact_samples,9,8,0.000939208002819214
128,2,moment_quant_exact_samples,4,8,0.000929833000554936
128,2,moment_quant_approx_intervals,1,8,0.022287957999651553
128,2,moment_quant_approx_intervals,7,8,0.022209624999959487
128,2,moment_quant_exact_samples,7,8,0.0009349590000056196
128,2,moment_quant_approx_intervals,5,8,0.022298083000350744
128,2,moment_quant_approx_intervals,2,8,0.022205959001439624
128,2,moment_quant_approx_intervals,3,8,0.022169333999045193
128,2,moment_quant_approx_intervals,4,8,0.022215291999600595
128,2,moment_quant_approx_intervals,0,8,0.02222670799892512
128,2,moment_quant_exact_intervals,8,8,0.006579916996997781
128,2,moment_quant_exact_intervals,0,8,0.006526666002173442
128,2,moment_quant_exact_samples,1,8,0.0009261670020350721
128,2,moment_quant_approx_samples,9,8,0.01863716700245277
128,2,moment_quant_approx_intervals,9,8,0.02227133400083403
128,2,moment_quant_approx_samples,4,8,0.018648291999852518
128,2,moment_quant_approx_samples,6,8,0.018622750001668464
128,2,moment_quant_exact_samples,6,8,0.0009243749991583172
128,2,moment_quant_exact_intervals,6,8,0.006646374997217208
128,3,moment_quant_approx_intervals,3,8,0.02250708299834514
128,3,moment_quant_approx_intervals,2,8,0.022395790998416487
128,3,moment_quant_exact_samples,2,8,0.001124874997913139
128,3,moment_quant_exact_samples,6,8,0.000992749999568332
128,3,moment_quant_approx_intervals,5,8,0.02297362500030431
128,3,moment_quant_approx_samples,4,8,0.019259374999819556
128,3,moment_quant_approx_intervals,0,8,0.022524374999193242
128,3,moment_quant_approx_samples,5,8,0.01885279099951731
128,3,moment_quant_exact_intervals,8,8,0.006717666001350153
128,3,moment_quant_approx_samples,7,8,0.018742457999906037
128,3,moment_quant_exact_samples,8,8,0.0010667079986887984
128,3,moment_quant_exact_intervals,3,8,0.006699292000121204
128,3,moment_quant_approx_samples,9,8,0.01885729100104072
128,3,moment_quant_exact_samples,9,8,0.0009362499986309558
128,3,moment_quant_approx_intervals,9,8,0.022485000001324806
128,3,moment_quant_exact_samples,1,8,0.0010318750028091017
128,3,moment_quant_exact_intervals,9,8,0.0066165409989480395
128,3,moment_quant_exact_samples,7,8,0.0008769579981162678
128,3,moment_quant_approx_samples,2,8,0.018689791999349836
128,3,moment_quant_exact_samples,0,8,0.0009390420018462464
128,3,moment_quant_exact_intervals,0,8,0.006586000003153458
128,3,moment_quant_exact_intervals,6,8,0.006550375001097564
128,3,moment_quant_approx_samples,6,8,0.018694582999160048
128,3,moment_quant_exact_intervals,7,8,0.006683291998342611
128,3,moment_quant_approx_intervals,6,8,0.022464000001491513
128,3,moment_quant_exact_intervals,1,8,0.00663387499662349
128,3,moment_quant_exact_intervals,2,8,0.006571750000148313
128,3,moment_quant_approx_samples,1,8,0.018610125000122935
128,3,moment_quant_exact_samples,3,8,0.0009217920014634728
128,3,moment_quant_exact_samples,4,8,0.0009447500015085097
128,3,moment_quant_exact_intervals,4,8,0.006693499999528285
128,3,moment_quant_exact_intervals,5,8,0.006590832999791019
128,3,moment_quant_approx_intervals,7,8,0.02245379200030584
128,3,moment_quant_exact_samples,5,8,0.0009394999979122076
128,3,moment_quant_approx_samples,0,8,0.0185389589969418
128,3,moment_quant_approx_samples,3,8,0.018662792001123307
128,3,moment_quant_approx_intervals,8,8,0.022442333000071812
128,3,moment_quant_approx_intervals,1,8,0.0227405000005092
128,3,moment_quant_approx_intervals,4,8,0.022411707999708597
128,3,moment_quant_approx_samples,8,8,0.018527291998907458
128,4,moment_quant_exact_samples,2,8,0.002073916999506764
128,4,moment_quant_approx_samples,1,8,0.018728625000221655
128,4,moment_quant_approx_intervals,8,8,0.023586582999996608
128,4,moment_quant_approx_intervals,0,8,0.022472250002465444
128,4,moment_quant_approx_samples,4,8,0.018826250001438893
128,4,moment_quant_exact_samples,3,8,0.001177750000351807
128,4,moment_quant_exact_samples,7,8,0.0019847500007017516
128,4,moment_quant_exact_intervals,6,8,0.006723750000674045
128,4,moment_quant_approx_samples,8,8,0.018681958001252497
128,4,moment_quant_exact_intervals,3,8,0.006620875003136462
128,4,moment_quant_approx_samples,3,8,0.01879137500145589
128,4,moment_quant_approx_samples,7,8,0.018589833998703398
128,4,moment_quant_approx_intervals,4,8,0.022525459000462433
128,4,moment_quant_approx_intervals,3,8,0.02244254200195428
128,4,moment_quant_exact_intervals,4,8,0.0066879170008178335
128,4,moment_quant_exact_intervals,7,8,0.00661124999896856
128,4,moment_quant_approx_samples,9,8,0.018711415999860037
128,4,moment_quant_approx_samples,2,8,0.018679333999898518
128,4,moment_quant_exact_samples,9,8,0.0009847500004980247
128,4,moment_quant_exact_samples,5,8,0.0009461669978918508
128,4,moment_quant_exact_intervals,8,8,0.0066636660012591165
128,4,moment_quant_exact_intervals,2,8,0.006583082998986356
128,4,moment_quant_approx_samples,5,8,0.01876966599957086
128,4,moment_quant_approx_intervals,9,8,0.02365049999934854
128,4,moment_quant_approx_intervals,1,8,0.022389833997294772
128,4,moment_quant_exact_intervals,0,8,0.0066722909978125244
128,4,moment_quant_approx_samples,6,8,0.01879216599991196
128,4,moment_quant_approx_samples,0,8,0.01859645800141152
128,4,moment_quant_approx_intervals,6,8,0.022498624999570893
128,4,moment_quant_approx_intervals,5,8,0.02246933300193632
128,4,moment_quant_exact_intervals,9,8,0.006696707998344209
128,4,moment_quant_exact_samples,4,8,0.0010693330004869495
128,4,moment_quant_approx_intervals,2,8,0.022466750000603497
128,4,moment_quant_exact_intervals,1,8,0.006694457999401493
128,4,moment_quant_exact_samples,0,8,0.001049291000526864
128,4,moment_quant_exact_intervals,5,8,0.006647124999290099
128,4,moment_quant_exact_samples,8,8,0.0009517910002614371
128,4,moment_quant_exact_samples,6,8,0.000991834000160452
128,4,moment_quant_exact_samples,1,8,0.0009762499976204708
128,4,moment_quant_approx_intervals,7,8,0.022501125000417233
128,8,moment_quant_exact_intervals,6,8,0.006876333001855528
128,8,moment_quant_approx_samples,8,8,0.018849457999749575
128,8,moment_quant_exact_samples,0,8,0.001212333001603838
128,8,moment_quant_exact_samples,6,8,0.0011070420005125925
128,8,moment_quant_exact_intervals,9,8,0.0068361250014277175
128,8,moment_quant_approx_intervals,5,8,0.02273270799923921
128,8,moment_quant_exact_samples,7,8,0.001218208002683241
128,8,moment_quant_exact_intervals,4,8,0.006822125000326196
128,8,moment_quant_approx_intervals,7,8,0.022664542000711663
128,8,moment_quant_approx_intervals,2,8,0.022637209000095027
128,8,moment_quant_approx_intervals,0,8,0.02266166699700989
128,8,moment_quant_approx_samples,5,8,0.018759624999802327
128,8,moment_quant_approx_intervals,6,8,0.022725667000486283
128,8,moment_quant_exact_samples,4,8,0.0012161250015196856
128,8,moment_quant_approx_intervals,3,8,0.02270058300200617
128,8,moment_quant_approx_samples,7,8,0.01886695800203597
128,8,moment_quant_approx_intervals,9,8,0.022715499999321764
128,8,moment_quant_approx_intervals,4,8,0.022732458000973566
128,8,moment_quant_approx_samples,3,8,0.018893750002462184
128,8,moment_quant_exact_samples,5,8,0.0012749590023304336
128,8,moment_quant_approx_samples,0,8,0.018742959000519477
128,8,moment_quant_exact_samples,1,8,0.0011648340005194768
128,8,moment_quant_approx_samples,6,8,0.018753459000436123
128,8,moment_quant_exact_samples,3,8,0.0012983329979761038
128,8,moment_quant_exact_intervals,5,8,0.006887667001137743
128,8,moment_quant_exact_intervals,0,8,0.006820958002208499
128,8,moment_quant_exact_intervals,8,8,0.006782874999771593
128,8,moment_quant_exact_samples,9,8,0.0012078330000804272
128,8,moment_quant_exact_intervals,2,8,0.006863624999823514
128,8,moment_quant_approx_samples,9,8,0.018838791002053767
128,8,moment_quant_approx_samples,2,8,0.018753125001239823
128,8,moment_quant_approx_samples,4,8,0.018670000001293374
128,8,moment_quant_approx_intervals,1,8,0.022695416999340523
128,8,moment_quant_exact_samples,2,8,0.0011779999986174516
128,8,moment_quant_approx_samples,1,8,0.018836208997527137
128,8,moment_quant_exact_intervals,3,8,0.006855083000118611
128,8,moment_quant_approx_intervals,8,8,0.022898499999428168
128,8,moment_quant_exact_intervals,1,8,0.006890166998346103
128,8,moment_quant_exact_samples,8,8,0.0012308340010349639
128,8,moment_quant_exact_intervals,7,8,0.0068289580012788065
128,10,moment_quant_approx_intervals,5,8,0.022969833000388462
128,10,moment_quant_exact_intervals,1,8,0.006931583000550745
128,10,moment_quant_approx_samples,7,8,0.018993084002431715
128,10,moment_quant_exact_intervals,5,8,0.006991500002186513
128,10,moment_quant_approx_intervals,6,8,0.022800541002652608
128,10,moment_quant_exact_intervals,4,8,0.0069452919997274876
128,10,moment_quant_exact_samples,8,8,0.001460750001569977
128,10,moment_quant_exact_samples,2,8,0.001351625000097556
128,10,moment_quant_approx_samples,5,8,0.018795792002492817
128,10,moment_quant_exact_intervals,2,8,0.007003959002759075
128,10,moment_quant_exact_samples,7,8,0.0013808750009047799
128,10,moment_quant_approx_intervals,1,8,0.022905417001311434
128,10,moment_quant_exact_samples,0,8,0.0013437919988064095
128,10,moment_quant_approx_intervals,0,8,0.02284466700075427
128,10,moment_quant_approx_samples,6,8,0.018859959000110393
128,10,moment_quant_exact_samples,5,8,0.0013007499983359594
128,10,moment_quant_approx_intervals,7,8,0.022890708001796156
128,10,moment_quant_approx_intervals,9,8,0.022800792001362424
128,10,moment_quant_exact_samples,4,8,0.0012978749982721638
128,10,moment_quant_approx_samples,4,8,0.018830458000593353
128,10,moment_quant_approx_intervals,3,8,0.02286150000145426
128,10,moment_quant_exact_intervals,7,8,0.006876542000100017
128,10,moment_quant_approx_samples,9,8,0.018762415998935467
128,10,moment_quant_approx_samples,3,8,0.018881083000451326
128,10,moment_quant_approx_intervals,8,8,0.022817166001914302
128,10,moment_quant_exact_samples,9,8,0.001249625001946697
128,10,moment_quant_exact_samples,3,8,0.0012808749997930136
128,10,moment_quant_approx_samples,1,8,0.018900625000242144
128,10,moment_quant_exact_intervals,3,8,0.006894041998748435
128,10,moment_quant_approx_samples,2,8,0.018871333999413764
128,10,moment_quant_approx_samples,8,8,0.018885207999119302
128,10,moment_quant_approx_samples,0,8,0.01880654199703713
128,10,moment_quant_approx_intervals,4,8,0.022869084001285955
128,10,moment_quant_approx_intervals,2,8,0.022810917002061615
128,10,moment_quant_exact_intervals,0,8,0.0069084999995538965
128,10,moment_quant_exact_intervals,9,8,0.006890625001688022
128,10,moment_quant_exact_intervals,8,8,0.006927875001565553
128,10,moment_quant_exact_samples,1,8,0.0013409579987637699
128,10,moment_quant_exact_intervals,6,8,0.006898042000102578
128,10,moment_quant_exact_samples,6,8,0.0012562499978230335
128,16,moment_quant_exact_intervals,8,8,0.007217833001050167
128,16,moment_quant_exact_intervals,2,8,0.0071793749993958045
128,16,moment_quant_exact_samples,9,8,0.0015369170032499824
128,16,moment_quant_approx_intervals,0,8,0.023197291997348657
128,16,moment_quant_approx_intervals,8,8,0.02307591700082412
128,16,moment_quant_exact_samples,2,8,0.0017032920004567131
128,16,moment_quant_approx_intervals,2,8,0.02308945799813955
128,16,moment_quant_approx_samples,3,8,0.019074915999226505
128,16,moment_quant_approx_samples,1,8,0.01899129199955496
128,16,moment_quant_approx_samples,5,8,0.01895325000077719
128,16,moment_quant_approx_samples,0,8,0.019005292000656482
128,16,moment_quant_exact_intervals,4,8,0.007119458998204209
128,16,moment_quant_exact_intervals,3,8,0.007060500000079628
128,16,moment_quant_exact_intervals,1,8,0.007067833001201507
128,16,moment_quant_exact_samples,3,8,0.001626042001589667
128,16,moment_quant_approx_intervals,4,8,0.023069415998179466
128,16,moment_quant_exact_intervals,5,8,0.007109209000191186
128,16,moment_quant_exact_intervals,0,8,0.007055250000121305
128,16,moment_quant_approx_samples,8,8,0.018986041999596637
128,16,moment_quant_approx_intervals,9,8,0.023061916999722598
128,16,moment_quant_exact_intervals,9,8,0.0071376249979948625
128,16,moment_quant_exact_intervals,6,8,0.007064000001264503
128,16,moment_quant_exact_samples,6,8,0.001547957999719074
128,16,moment_quant_exact_samples,4,8,0.0014676659993710928
128,16,moment_quant_approx_intervals,5,8,0.023234416999912355
128,16,moment_quant_approx_intervals,6,8,0.023110417001589667
128,16,moment_quant_exact_samples,5,8,0.0027028340009565
128,16,moment_quant_approx_samples,9,8,0.018918249999842374
128,16,moment_quant_approx_intervals,1,8,0.023083167001459515
128,16,moment_quant_exact_intervals,7,8,0.007116791002772516
128,16,moment_quant_exact_samples,8,8,0.001644542000576621
128,16,moment_quant_exact_samples,1,8,0.0016069170014816336
128,16,moment_quant_approx_samples,2,8,0.0189694580003561
128,16,moment_quant_approx_samples,4,8,0.01902529200015124
128,16,moment_quant_approx_intervals,3,8,0.02309433399932459
128,16,moment_quant_approx_samples,6,8,0.01897754200035706
128,16,moment_quant_approx_samples,7,8,0.019246790998295182
128,16,moment_quant_exact_samples,7,8,0.0028159169996797573
128,16,moment_quant_exact_samples,0,8,0.0015843750006752089
128,16,moment_quant_approx_intervals,7,8,0.02315570800055866
128,30,moment_quant_approx_samples,0,8,0.019262540998170152
128,30,moment_quant_approx_samples,3,8,0.01943208400189178
128,30,moment_quant_exact_intervals,7,8,0.0077462090011977125
128,30,moment_quant_approx_intervals,4,8,0.023724166996544227
128,30,moment_quant_exact_samples,4,8,0.0023384579981211573
128,30,moment_quant_approx_samples,1,8,0.019344374999491265
128,30,moment_quant_approx_samples,8,8,0.019234875002439367
128,30,moment_quant_exact_intervals,2,8,0.007645000001502922
128,30,moment_quant_approx_intervals,0,8,0.023806834000424715
128,30,moment_quant_approx_intervals,5,8,0.02369708300102502
128,30,moment_quant_exact_samples,7,8,0.0023374159973172937
128,30,moment_quant_exact_samples,8,8,0.0032888329988054466
128,30,moment_quant_exact_samples,6,8,0.002530750000005355
128,30,moment_quant_approx_intervals,7,8,0.023841082998842467
128,30,moment_quant_approx_samples,7,8,0.019227124997996725
128,30,moment_quant_approx_intervals,3,8,0.023684249998041196
128,30,moment_quant_exact_samples,5,8,0.003335332999995444
128,30,moment_quant_approx_samples,6,8,0.019268000000010943
128,30,moment_quant_approx_intervals,2,8,0.02382579199911561
128,30,moment_quant_exact_intervals,4,8,0.0076550000012503006
128,30,moment_quant_approx_samples,5,8,0.01940695799930836
128,30,moment_quant_exact_samples,9,8,0.0033463340005255304
128,30,moment_quant_approx_samples,2,8,0.019309624996822095
128,30,moment_quant_approx_intervals,9,8,0.023752291999699082
128,30,moment_quant_approx_samples,4,8,0.01922500000000582
128,30,moment_quant_exact_intervals,9,8,0.007654000000911765
128,30,moment_quant_exact_intervals,0,8,0.007618957999511622
128,30,moment_quant_exact_intervals,3,8,0.0075862910016439855
128,30,moment_quant_approx_intervals,8,8,0.023750541997287655
128,30,moment_quant_exact_intervals,5,8,0.007594165999762481
128,30,moment_quant_exact_samples,3,8,0.0022164580004755408
128,30,moment_quant_approx_samples,9,8,0.019259124997915933
128,30,moment_quant_approx_intervals,6,8,0.023842958002205705
128,30,moment_quant_exact_intervals,6,8,0.007631832999322796
128,30,moment_quant_exact_intervals,1,8,0.007580833000247367
128,30,moment_quant_exact_intervals,8,8,0.0075454580000950955
128,30,moment_quant_exact_samples,2,8,0.0030646660015918314
128,30,moment_quant_exact_samples,0,8,0.0024125419986376073
128,30,moment_quant_exact_samples,1,8,0.0022529580019181594
128,30,moment_quant_approx_intervals,1,8,0.023783290998835582
128,32,moment_quant_approx_intervals,6,8,0.02500266700008069
128,32,moment_quant_exact_intervals,4,8,0.00846191600066959
128,32,moment_quant_exact_intervals,0,8,0.0077529999980470166
128,32,moment_quant_exact_samples,9,8,0.004122750000533415
128,32,moment_quant_approx_samples,7,8,0.019414375001360895
128,32,moment_quant_approx_intervals,8,8,0.02393741699779639
128,32,moment_quant_approx_samples,2,8,0.020214624997606734
128,32,moment_quant_approx_intervals,9,8,0.02389091700024437
128,32,moment_quant_approx_samples,6,8,0.02017691700166324
128,32,moment_quant_exact_intervals,9,8,0.007775124999170657
128,32,moment_quant_approx_samples,9,8,0.019431084001553245
128,32,moment_quant_exact_samples,8,8,0.00295791700045811
128,32,moment_quant_approx_samples,0,8,0.01929204200132517
128,32,moment_quant_exact_intervals,3,8,0.007776207999995677
128,32,moment_quant_approx_intervals,7,8,0.023873542002547765
128,32,moment_quant_approx_samples,8,8,0.01926979199924972
128,32,moment_quant_exact_samples,1,8,0.002328290996956639
128,32,moment_quant_exact_intervals,5,8,0.007778708000842016
128,32,moment_quant_exact_samples,7,8,0.0024798749982437585
128,32,moment_quant_approx_intervals,0,8,0.0239465829981782
128,32,moment_quant_exact_samples,3,8,0.002285000002302695
128,32,moment_quant_approx_intervals,1,8,0.02390887500223471
128,32,moment_quant_exact_samples,5,8,0.0023087500012479722
128,32,moment_quant_approx_intervals,5,8,0.023938458998600254
128,32,moment_quant_exact_samples,6,8,0.00426612500086776
128,32,moment_quant_exact_samples,2,8,0.003373542000190355
128,32,moment_quant_approx_intervals,2,8,0.024227666999649955
128,32,moment_quant_approx_samples,3,8,0.019248625001637265
128,32,moment_quant_exact_intervals,7,8,0.008103790998575278
128,32,moment_quant_approx_intervals,3,8,0.024038625000684988
128,32,moment_quant_approx_samples,1,8,0.020898833998217015
128,32,moment_quant_exact_samples,0,8,0.002513332998205442
128,32,moment_quant_exact_intervals,1,8,0.00780191699959687
128,32,moment_quant_exact_intervals,2,8,0.008137916000123369
128,32,moment_quant_exact_intervals,6,8,0.007692208000662504
128,32,moment_quant_approx_intervals,4,8,0.023923749999084976
128,32,moment_quant_approx_samples,4,8,0.01952083400101401
128,32,moment_quant_exact_intervals,8,8,0.0077709580000373535
128,32,moment_quant_approx_samples,5,8,0.01933916699999827
128,32,moment_quant_exact_samples,4,8,0.002298082999914186
128,64,moment_quant_approx_samples,4,8,0.02011570899776416
128,64,moment_quant_exact_intervals,5,8,0.008906999999453546
128,64,moment_quant_approx_intervals,6,8,0.025476750000962056
128,64,moment_quant_approx_samples,0,8,0.02103158400132088
128,64,moment_quant_exact_samples,0,8,0.004911416999675566
128,64,moment_quant_approx_samples,3,8,0.02058233299976564
128,64,moment_quant_exact_samples,4,8,0.005289749999064952
128,64,moment_quant_approx_intervals,4,8,0.02634891599882394
128,64,moment_quant_approx_intervals,1,8,0.02606562499931897
128,64,moment_quant_exact_intervals,3,8,0.009243833999789786
128,64,moment_quant_exact_intervals,9,8,0.00909045799926389
128,64,moment_quant_approx_samples,1,8,0.02165604100082419
128,64,moment_quant_approx_samples,2,8,0.021310625001206063
128,64,moment_quant_approx_samples,5,8,0.02046729099674849
128,64,moment_quant_exact_samples,9,8,0.0048124999993888196
128,64,moment_quant_approx_intervals,7,8,0.026337792001868365
128,64,moment_quant_exact_intervals,1,8,0.009253459000319708
128,64,moment_quant_exact_samples,6,8,0.0042852089973166585
128,64,moment_quant_exact_intervals,7,8,0.009173290996841388
128,64,moment_quant_approx_samples,8,8,0.020437666000361787
128,64,moment_quant_exact_samples,7,8,0.005133582999405917
128,64,moment_quant_exact_samples,5,8,0.004143833997659385
128,64,moment_quant_exact_samples,1,8,0.004514958000072511
128,64,moment_quant_approx_intervals,5,8,0.025609125001210487
128,64,moment_quant_exact_intervals,6,8,0.008900458000425715
128,64,moment_quant_approx_samples,7,8,0.02193016700039152
128,64,moment_quant_exact_samples,3,8,0.004576999999699183
128,64,moment_quant_approx_samples,6,8,0.020391207999637118
128,64,moment_quant_exact_samples,2,8,0.0040169160020013805
128,64,moment_quant_approx_intervals,2,8,0.02566454100087867
128,64,moment_quant_exact_samples,8,8,0.005222874999162741
128,64,moment_quant_exact_intervals,4,8,0.008900458000425715
128,64,moment_quant_exact_intervals,2,8,0.008830250000755768
128,64,moment_quant_approx_intervals,3,8,0.026784000001498498
128,64,moment_quant_exact_intervals,0,8,0.008857958997396054
128,64,moment_quant_approx_intervals,8,8,0.02615670900195255
128,64,moment_quant_approx_samples,9,8,0.021084625001094537
128,64,moment_quant_approx_intervals,0,8,0.026248291000229074
128,64,moment_quant_approx_intervals,9,8,0.026169083997956477
128,64,moment_quant_exact_intervals,8,8,0.00897524999891175
128,100,moment_quant_exact_intervals,4,8,0.010352292003517505
128,100,moment_quant_approx_intervals,0,8,0.02986274999784655
128,100,moment_quant_exact_samples,6,8,0.006711082998663187
128,100,moment_quant_approx_intervals,6,8,0.0294622920009715
128,100,moment_quant_approx_intervals,1,8,0.02920116699897335
128,100,moment_quant_approx_intervals,3,8,0.028873625000414904
128,100,moment_quant_approx_intervals,4,8,0.02976391699849046
128,100,moment_quant_exact_intervals,8,8,0.01014887500059558
128,100,moment_quant_approx_samples,0,8,0.023928665999847
128,100,moment_quant_approx_intervals,7,8,0.02901716699852841
128,100,moment_quant_exact_intervals,9,8,0.010212584002147196
128,100,moment_quant_approx_samples,5,8,0.02110687499953201
128,100,moment_quant_approx_samples,4,8,0.023237833000166574
128,100,moment_quant_exact_samples,4,8,0.0063985830020101275
128,100,moment_quant_exact_samples,2,8,0.006367791000229772
128,100,moment_quant_approx_intervals,8,8,0.029334041002584854
128,100,moment_quant_approx_samples,6,8,0.021510458002012456
128,100,moment_quant_exact_intervals,2,8,0.010238541999569861
128,100,moment_quant_exact_samples,3,8,0.0055608750008104835
128,100,moment_quant_exact_intervals,0,8,0.01018816599753336
128,100,moment_quant_approx_intervals,2,8,0.029892833001213148
128,100,moment_quant_approx_intervals,9,8,0.02902183399783098
128,100,moment_quant_exact_intervals,7,8,0.01013112500004354
128,100,moment_quant_exact_samples,9,8,0.00772254199910094
128,100,moment_quant_exact_samples,7,8,0.006645833000220591
128,100,moment_quant_exact_intervals,1,8,0.010323499998776242
128,100,moment_quant_exact_intervals,3,8,0.010521374999370892
128,100,moment_quant_exact_intervals,5,8,0.010377040998719167
128,100,moment_quant_approx_samples,1,8,0.02238920800300548
128,100,moment_quant_approx_samples,9,8,0.022640791998128407
128,100,moment_quant_exact_samples,0,8,0.006452707999414997
128,100,moment_quant_exact_samples,5,8,0.005960750000667758
128,100,moment_quant_approx_samples,8,8,0.021259916000417434
128,100,moment_quant_exact_samples,1,8,0.006343583998386748
128,100,moment_quant_approx_intervals,5,8,0.030529999999998836
128,100,moment_quant_approx_samples,3,8,0.022116542000730988
128,100,moment_quant_exact_samples,8,8,0.005736041999625741
128,100,moment_quant_approx_samples,2,8,0.022147457999381004
128,100,moment_quant_exact_intervals,6,8,0.010285124997608364
128,100,moment_quant_approx_samples,7,8,0.022724040998582495
128,300,moment_quant_exact_intervals,9,8,0.020343083000625484
128,300,moment_quant_exact_samples,7,8,0.019556457998987753
128,300,moment_quant_approx_intervals,8,8,0.044651708001765655
128,300,moment_quant_approx_intervals,1,8,0.04419950000010431
128,300,moment_quant_approx_samples,2,8,0.029565916000137804
128,300,moment_quant_approx_intervals,6,8,0.0451258749999397
128,300,moment_quant_approx_intervals,5,8,0.04666387499673874
128,300,moment_quant_exact_samples,4,8,0.016088459000457078
128,300,moment_quant_exact_intervals,2,8,0.01847733300019172
128,300,moment_quant_approx_intervals,7,8,0.0438487499995972
128,300,moment_quant_exact_intervals,8,8,0.01768150000134483
128,300,moment_quant_exact_samples,3,8,0.01636691699968651
128,300,moment_quant_approx_samples,9,8,0.027835124998091487
128,300,moment_quant_exact_intervals,0,8,0.018996333998074988
128,300,moment_quant_exact_samples,5,8,0.017454207998525817
128,300,moment_quant_approx_intervals,3,8,0.04424779200053308
128,300,moment_quant_exact_samples,2,8,0.016142708002007566
128,300,moment_quant_exact_samples,6,8,0.018044749998807674
128,300,moment_quant_exact_samples,8,8,0.016510249999555526
128,300,moment_quant_exact_intervals,4,8,0.018630833001225255
128,300,moment_quant_approx_intervals,9,8,0.046572750001359964
128,300,moment_quant_exact_samples,0,8,0.016932791000726866
128,300,moment_quant_approx_intervals,0,8,0.0426104159996612
128,300,moment_quant_exact_intervals,1,8,0.018687750001845416
128,300,moment_quant_approx_intervals,2,8,0.04402691699942807
128,300,moment_quant_approx_samples,1,8,0.02930641700004344
128,300,moment_quant_approx_samples,6,8,0.02734075000262237
128,300,moment_quant_approx_samples,3,8,0.028320375000475906
128,300,moment_quant_exact_intervals,7,8,0.018627334000484552
128,300,moment_quant_approx_samples,8,8,0.029046666997601278
128,300,moment_quant_approx_samples,4,8,0.0280360409997229
128,300,moment_quant_exact_intervals,6,8,0.01942195899755461
128,300,moment_quant_exact_intervals,3,8,0.0182484580000164
128,300,moment_quant_exact_samples,9,8,0.016478333000122802
128,300,moment_quant_approx_samples,7,8,0.02933054100139998
128,300,moment_quant_exact_intervals,5,8,0.018455082998116268
128,300,moment_quant_approx_samples,5,8,0.029264500000863336
128,300,moment_quant_approx_intervals,4,8,0.040570041001046775
128,300,moment_quant_approx_samples,0,8,0.028339917000266723
128,300,moment_quant_exact_samples,1,8,0.017058167002687696
128,1000,moment_quant_exact_intervals,9,8,0.046259333001216874
128,1000,moment_quant_approx_intervals,7,8,0.08397804099877249
128,1000,moment_quant_exact_samples,1,8,0.05164645799959544
128,1000,moment_quant_exact_samples,7,8,0.05281316699984018
128,1000,moment_quant_approx_samples,1,8,0.046499583000695566
128,1000,moment_quant_approx_samples,5,8,0.04760354199970607
128,1000,moment_quant_approx_samples,4,8,0.047544499997457024
128,1000,moment_quant_approx_samples,6,8,0.04521366699918872
128,1000,moment_quant_exact_intervals,7,8,0.045203249999758555
128,1000,moment_quant_exact_samples,6,8,0.05317300000024261
128,1000,moment_quant_exact_samples,4,8,0.05323316700014402
128,1000,moment_quant_approx_samples,8,8,0.04766725000081351
128,1000,moment_quant_approx_samples,7,8,0.045994833002623636
128,1000,moment_quant_approx_samples,9,8,0.046607666998170316
128,1000,moment_quant_approx_intervals,6,8,0.08314370900188806
128,1000,moment_quant_exact_intervals,3,8,0.044387917001586175
128,1000,moment_quant_approx_intervals,0,8,0.08399370799816097
128,1000,moment_quant_exact_samples,2,8,0.05374487500012037
128,1000,moment_quant_exact_samples,5,8,0.052202791997842724
128,1000,moment_quant_exact_intervals,4,8,0.04405062499790802
128,1000,moment_quant_approx_intervals,5,8,0.08467070799815701
128,1000,moment_quant_exact_intervals,0,8,0.04438108300018939
128,1000,moment_quant_exact_intervals,8,8,0.044115790999057936
128,1000,moment_quant_approx_intervals,9,8,0.08419916599814314
128,1000,moment_quant_exact_intervals,6,8,0.044366540998453274
128,1000,moment_quant_approx_intervals,8,8,0.08396729199739639
128,1000,moment_quant_approx_intervals,1,8,0.08272991699777776
128,1000,moment_quant_exact_samples,9,8,0.052965416998631554
128,1000,moment_quant_exact_intervals,5,8,0.04642158299975563
128,1000,moment_quant_approx_intervals,3,8,0.08585975000096369
128,1000,moment_quant_approx_samples,2,8,0.047249792001821334
128,1000,moment_quant_approx_samples,0,8,0.046651332999317674
128,1000,moment_quant_exact_samples,8,8,0.05138325000007171
128,1000,moment_quant_exact_samples,0,8,0.053048541998578
128,1000,moment_quant_exact_intervals,1,8,0.04434654099895852
128,1000,moment_quant_exact_intervals,2,8,0.04424170900165336
128,1000,moment_quant_exact_samples,3,8,0.05258462500205496
128,1000,moment_quant_approx_intervals,4,8,0.08510079199913889
128,1000,moment_quant_approx_samples,3,8,0.046094375000393484
128,1000,moment_quant_approx_intervals,2,8,0.08283420899897465
128,3000,moment_quant_approx_samples,6,8,0.10721954100154107
128,3000,moment_quant_approx_samples,9,8,0.10247579099814175
128,3000,moment_quant_exact_samples,1,8,0.14147820800280897
128,3000,moment_quant_approx_intervals,1,8,0.21094595799877425
128,3000,moment_quant_exact_intervals,7,8,0.1329865420011629
128,3000,moment_quant_approx_samples,5,8,0.1007272919996467
128,3000,moment_quant_exact_intervals,3,8,0.13025574999846867
128,3000,moment_quant_exact_intervals,9,8,0.12987583299764083
128,3000,moment_quant_exact_samples,8,8,0.1500886249996256
128,3000,moment_quant_exact_samples,3,8,0.15159554199999548
128,3000,moment_quant_approx_samples,8,8,0.10333720899870968
128,3000,moment_quant_exact_intervals,5,8,0.12895216600009007
128,3000,moment_quant_exact_intervals,8,8,0.12972033300320618
128,3000,moment_quant_exact_samples,7,8,0.15282112500062794
128,3000,moment_quant_exact_samples,6,8,0.15597791700201924
128,3000,moment_quant_approx_samples,7,8,0.10616304199720616
128,3000,moment_quant_exact_intervals,2,8,0.13155941700097173
128,3000,moment_quant_approx_intervals,9,8,0.20567099999971106
128,3000,moment_quant_approx_samples,0,8,0.1034705420024693
128,3000,moment_quant_exact_intervals,0,8,0.12838245799866854
128,3000,moment_quant_exact_samples,5,8,0.15093295800033957
128,3000,moment_quant_approx_samples,2,8,0.1016881249997823
128,3000,moment_quant_approx_intervals,2,8,0.2150560830014001
128,3000,moment_quant_exact_intervals,1,8,0.14474470799905248
128,3000,moment_quant_approx_intervals,8,8,0.20977516600032686
128,3000,moment_quant_approx_intervals,6,8,0.2080717499993625
128,3000,moment_quant_approx_intervals,0,8,0.20505237499673967
128,3000,moment_quant_approx_intervals,4,8,0.20387375000063912
128,3000,moment_quant_approx_samples,3,8,0.1071812919981312
128,3000,moment_quant_exact_intervals,4,8,0.12917058400125825
128,3000,moment_quant_approx_samples,1,8,0.10324724999736645
128,3000,moment_quant_approx_intervals,7,8,0.2152782910015958
128,3000,moment_quant_approx_intervals,5,8,0.2097731659996498
128,3000,moment_quant_exact_intervals,6,8,0.1286500829992292
128,3000,moment_quant_exact_samples,0,8,0.14894637500037788
128,3000,moment_quant_approx_samples,4,8,0.10270849999869824
128,3000,moment_quant_exact_samples,4,8,0.1538015420010197
128,3000,moment_quant_exact_samples,2,8,0.1506955000004382
128,3000,moment_quant_approx_intervals,3,8,0.21103141700223205
128,3000,moment_quant_exact_samples,9,8,0.15004675000091083
128,10000,moment_quant_exact_intervals,0,8,0.516131749998749
128,10000,moment_quant_exact_intervals,5,8,0.48746954200032633
128,10000,moment_quant_approx_samples,1,8,0.3744573340009083
128,10000,moment_quant_approx_intervals,5,8,0.8647207499998331
128,10000,moment_quant_exact_samples,8,8,0.4865823750005802
128,10000,moment_quant_exact_samples,4,8,0.4634667079990322
128,10000,moment_quant_approx_samples,6,8,0.42777820900300867
128,10000,moment_quant_exact_samples,1,8,0.4673800000018673
128,10000,moment_quant_exact_intervals,3,8,0.47178079199875356
128,10000,moment_quant_exact_samples,6,8,0.4738582919999317
128,10000,moment_quant_exact_samples,2,8,0.48934374999953434
128,10000,moment_quant_exact_samples,9,8,0.46991983400221216
128,10000,moment_quant_approx_intervals,6,8,0.8695199579997279
128,10000,moment_quant_approx_intervals,4,8,0.8650431249989197
128,10000,moment_quant_exact_samples,5,8,0.4783997919985268
128,10000,moment_quant_exact_samples,0,8,0.48445791600170196
128,10000,moment_quant_approx_intervals,7,8,1.1293275829993945
128,10000,moment_quant_approx_samples,7,8,0.3617227909999201
128,10000,moment_quant_approx_samples,0,8,0.44534708300125203
128,10000,moment_quant_exact_intervals,8,8,0.4901589589971991
128,10000,moment_quant_exact_intervals,9,8,0.4960031250011525
128,10000,moment_quant_approx_samples,3,8,0.38685208300012164
128,10000,moment_quant_approx_intervals,1,8,1.1201736669972888
128,10000,moment_quant_approx_intervals,0,8,1.064599042001646
128,10000,moment_quant_approx_samples,2,8,0.39450291600223863
128,10000,moment_quant_approx_samples,4,8,0.3925684999994701
128,10000,moment_quant_approx_intervals,2,8,0.8637572080006066
128,10000,moment_quant_exact_intervals,7,8,0.4642286669986788
128,10000,moment_quant_exact_intervals,4,8,0.4921961250001914
128,10000,moment_quant_exact_intervals,1,8,0.5115235419980309
128,10000,moment_quant_exact_samples,7,8,0.46861529200032237
128,10000,moment_quant_approx_samples,9,8,0.37997070900019025
128,10000,moment_quant_approx_intervals,9,8,0.8648927089998324
128,10000,moment_quant_exact_intervals,2,8,0.4664550000015879
128,10000,moment_quant_exact_samples,3,8,0.4703789169980155
128,10000,moment_quant_approx_samples,5,8,0.403200790999108
128,10000,moment_quant_approx_samples,8,8,0.41853824999998324
128,10000,moment_quant_exact_intervals,6,8,0.48875058299745433
128,10000,moment_quant_approx_intervals,8,8,1.159750000002532
128,10000,moment_quant_approx_intervals,3,8,0.9382837500015739
192,1,moment_quant_exact_samples,9,8,0.0010561670023889747
192,1,moment_quant_approx_intervals,9,8,0.017604374999791617
192,1,moment_quant_approx_samples,7,8,0.013762374997895677
192,1,moment_quant_exact_intervals,8,8,0.007689707999816164
192,1,moment_quant_exact_samples,0,8,0.0009675419969426002
192,1,moment_quant_approx_samples,3,8,0.013732417002756847
192,1,moment_quant_exact_intervals,3,8,0.007719166002061684
192,1,moment_quant_exact_samples,3,8,0.0009286670028814115
192,1,moment_quant_approx_intervals,8,8,0.017444084001908777
192,1,moment_quant_exact_intervals,0,8,0.007618499999807682
192,1,moment_quant_exact_intervals,6,8,0.007582459002151154
192,1,moment_quant_exact_samples,5,8,0.0009488340001553297
192,1,moment_quant_exact_intervals,5,8,0.007582917001855094
192,1,moment_quant_approx_intervals,5,8,0.01747895800144761
192,1,moment_quant_approx_samples,1,8,0.013650416996824788
192,1,moment_quant_approx_intervals,7,8,0.01738587500221911
192,1,moment_quant_exact_intervals,9,8,0.007609917000081623
192,1,moment_quant_exact_samples,6,8,0.0009648749983171001
192,1,moment_quant_exact_samples,1,8,0.0009208749979734421
192,1,moment_quant_approx_intervals,2,8,0.017419125000742497
192,1,moment_quant_approx_samples,0,8,0.013740624999627471
192,1,moment_quant_approx_intervals,4,8,0.01740316699942923
192,1,moment_quant_approx_samples,2,8,0.013710040999285411
192,1,moment_quant_exact_samples,4,8,0.0009525419991405215
192,1,moment_quant_exact_samples,2,8,0.0010222079981758725
192,1,moment_quant_exact_intervals,1,8,0.00764770900059375
192,1,moment_quant_approx_samples,8,8,0.01362508300007903
192,1,moment_quant_approx_intervals,0,8,0.017487291999714216
192,1,moment_quant_exact_intervals,4,8,0.007611417000589427
192,1,moment_quant_approx_samples,6,8,0.013598125002317829
192,1,moment_quant_exact_intervals,2,8,0.007612417000927962
192,1,moment_quant_approx_intervals,1,8,0.01742050000029849
192,1,moment_quant_exact_intervals,7,8,0.007599250002385816
192,1,moment_quant_approx_intervals,6,8,0.01741391600080533
192,1,moment_quant_approx_samples,9,8,0.013586959001258947
192,1,moment_quant_exact_samples,7,8,0.0009586670021235477
192,1,moment_quant_exact_samples,8,8,0.0009907919993565883
192,1,moment_quant_approx_samples,5,8,0.013700209001399344
192,1,moment_quant_approx_samples,4,8,0.013527958002669038
192,1,moment_quant_approx_intervals,3,8,0.017442958000174258
192,2,moment_quant_exact_intervals,6,8,0.0077237500008777715
192,2,moment_quant_approx_intervals,6,8,0.017935249998117797
192,2,moment_quant_approx_intervals,3,8,0.01780091599721345
192,2,moment_quant_exact_samples,7,8,0.000993624998955056
192,2,moment_quant_exact_samples,2,8,0.000845792001200607
192,2,moment_quant_approx_intervals,5,8,0.01786162499774946
192,2,moment_quant_exact_intervals,0,8,0.007733916998404311
192,2,moment_quant_approx_samples,8,8,0.014240584001527168
192,2,moment_quant_approx_intervals,4,8,0.01783441600127844
192,2,moment_quant_exact_intervals,2,8,0.0076501250005094334
192,2,moment_quant_exact_intervals,1,8,0.007643540997378295
192,2,moment_quant_approx_samples,7,8,0.014161957999021979
192,2,moment_quant_approx_samples,0,8,0.014205832998413825
192,2,moment_quant_exact_samples,8,8,0.0010396249999757856
192,2,moment_quant_exact_intervals,8,8,0.007800667000992689
192,2,moment_quant_exact_samples,6,8,0.0010941660002572462
192,2,moment_quant_approx_samples,5,8,0.014059124998311745
192,2,moment_quant_approx_samples,6,8,0.013995290999446297
192,2,moment_quant_exact_intervals,9,8,0.00772770899857278
192,2,moment_quant_exact_samples,1,8,0.0009716249987832271
192,2,moment_quant_approx_samples,1,8,0.01425924999784911
192,2,moment_quant_approx_intervals,8,8,0.01794425000116462
192,2,moment_quant_approx_samples,2,8,0.01418112499959534
192,2,moment_quant_approx_intervals,7,8,0.017942458001925843
192,2,moment_quant_approx_samples,4,8,0.01414883300094516
192,2,moment_quant_exact_samples,5,8,0.0010009159996116068
192,2,moment_quant_approx_samples,3,8,0.014088666997849941
192,2,moment_quant_exact_intervals,3,8,0.007755499998893356
192,2,moment_quant_exact_samples,3,8,0.0009672499982116278
192,2,moment_quant_approx_intervals,0,8,0.017928707999089966
192,2,moment_quant_approx_intervals,1,8,0.01785566699982155
192,2,moment_quant_exact_intervals,5,8,0.007701041999098379
192,2,moment_quant_approx_intervals,9,8,0.017845667000074172
192,2,moment_quant_exact_samples,0,8,0.0009360410003864672
192,2,moment_quant_exact_samples,4,8,0.0009759999993548263
192,2,moment_quant_exact_intervals,7,8,0.007685333999688737
192,2,moment_quant_approx_samples,9,8,0.014101875000051223
192,2,moment_quant_exact_samples,9,8,0.0009377909991599154
192,2,moment_quant_approx_intervals,2,8,0.017878375001600944
192,2,moment_quant_exact_intervals,4,8,0.0077342079966911115
192,3,moment_quant_approx_intervals,8,8,0.01812354200228583
192,3,moment_quant_approx_samples,0,8,0.014313416999357287
192,3,moment_quant_approx_intervals,7,8,0.017968915999517776
192,3,moment_quant_approx_samples,9,8,0.014163374999043299
192,3,moment_quant_exact_samples,8,8,0.0010271659994032234
192,3,moment_quant_approx_intervals,6,8,0.018053959000098985
192,3,moment_quant_exact_samples,0,8,0.0010284169984515756
192,3,moment_quant_exact_intervals,1,8,0.007756000002700603
192,3,moment_quant_approx_samples,1,8,0.014190542002324946
192,3,moment_quant_exact_samples,6,8,0.0010651670017978176
192,3,moment_quant_approx_intervals,3,8,0.018037833000562387
192,3,moment_quant_exact_samples,4,8,0.0011185840012331028
192,3,moment_quant_approx_samples,6,8,0.014210790999641176
192,3,moment_quant_approx_intervals,5,8,0.018074999999953434
192,3,moment_quant_exact_intervals,5,8,0.007817207999323728
192,3,moment_quant_exact_intervals,4,8,0.007788625000102911
192,3,moment_quant_exact_samples,9,8,0.00113825000153156
192,3,moment_quant_approx_samples,2,8,0.014294832999439677
192,3,moment_quant_exact_samples,7,8,0.0010840420000022277
192,3,moment_quant_exact_intervals,9,8,0.007853458999306895
192,3,moment_quant_exact_intervals,8,8,0.007963083000504412
192,3,moment_quant_exact_intervals,6,8,0.007966916000441415
192,3,moment_quant_approx_samples,5,8,0.014824459001829382
192,3,moment_quant_approx_intervals,9,8,0.018282916000316618
192,3,moment_quant_exact_intervals,3,8,0.007787167000060435
192,3,moment_quant_exact_intervals,2,8,0.008031999997911043
192,3,moment_quant_exact_intervals,7,8,0.007701875001657754
192,3,moment_quant_exact_samples,1,8,0.0010934589990938548
192,3,moment_quant_approx_samples,4,8,0.01433299999916926
192,3,moment_quant_approx_samples,3,8,0.014179375000821892
192,3,moment_quant_approx_intervals,4,8,0.01809954200143693
192,3,moment_quant_exact_samples,2,8,0.001092458998755319
192,3,moment_quant_approx_samples,8,8,0.014403749999473803
192,3,moment_quant_approx_samples,7,8,0.014375832997757243
192,3,moment_quant_approx_intervals,1,8,0.018051125000056345
192,3,moment_quant_exact_samples,5,8,0.0010055419988930225
192,3,moment_quant_approx_intervals,0,8,0.01815520899981493
192,3,moment_quant_exact_samples,3,8,0.0010856659973796923
192,3,moment_quant_exact_intervals,0,8,0.007800167000823421
192,3,moment_quant_approx_intervals,2,8,0.018015583002124913
192,4,moment_quant_approx_intervals,0,8,0.01802937499815016
192,4,moment_quant_exact_samples,8,8,0.0011142080002173316
192,4,moment_quant_approx_intervals,7,8,0.018197583998698974
192,4,moment_quant_exact_samples,1,8,0.0009518329970887862
192,4,moment_quant_exact_intervals,8,8,0.007820916998753091
192,4,moment_quant_exact_samples,6,8,0.0010794580011861399
192,4,moment_quant_approx_intervals,5,8,0.01805416700153728
192,4,moment_quant_exact_samples,2,8,0.0010830410028574988
192,4,moment_quant_approx_samples,7,8,0.014205958999809809
192,4,moment_quant_approx_intervals,8,8,0.018057790999591816
192,4,moment_quant_approx_samples,5,8,0.014181874998030253
192,4,moment_quant_exact_intervals,2,8,0.007867582997278078
192,4,moment_quant_exact_samples,3,8,0.0009587499989720527
192,4,moment_quant_exact_samples,4,8,0.000965292001637863
192,4,moment_quant_exact_samples,5,8,0.0010191250003117602
192,4,moment_quant_exact_intervals,3,8,0.00784041700171656
192,4,moment_quant_exact_samples,7,8,0.0010065409987873863
192,4,moment_quant_exact_intervals,7,8,0.00782995799818309
192,4,moment_quant_exact_intervals,0,8,0.0077840419980930164
192,4,moment_quant_approx_samples,1,8,0.014265875001001405
192,4,moment_quant_exact_intervals,9,8,0.007822541996574728
192,4,moment_quant_approx_samples,6,8,0.014202500002284069
192,4,moment_quant_exact_intervals,6,8,0.007797750000463566
192,4,moment_quant_approx_intervals,3,8,0.018027583999355556
192,4,moment_quant_exact_intervals,5,8,0.007789499999489635
192,4,moment_quant_approx_samples,8,8,0.014280667001003167
192,4,moment_quant_approx_intervals,4,8,0.018120875000022352
192,4,moment_quant_approx_samples,4,8,0.014483082999504404
192,4,moment_quant_exact_samples,9,8,0.001044292002916336
192,4,moment_quant_exact_intervals,1,8,0.007869500001106644
192,4,moment_quant_approx_intervals,6,8,0.018100041001162026
192,4,moment_quant_approx_samples,2,8,0.014328249999380205
192,4,moment_quant_approx_intervals,1,8,0.018089459001203068
192,4,moment_quant_approx_samples,9,8,0.014280125000368571
192,4,moment_quant_exact_samples,0,8,0.0010500419994059484
192,4,moment_quant_approx_samples,0,8,0.014264958001149353
192,4,moment_quant_approx_intervals,2,8,0.01818812499914202
192,4,moment_quant_approx_samples,3,8,0.014294374999735737
192,4,moment_quant_exact_intervals,4,8,0.007828999998309882
192,4,moment_quant_approx_intervals,9,8,0.018130624997866107
192,8,moment_quant_exact_intervals,6,8,0.008262416999059496
192,8,moment_quant_approx_intervals,6,8,0.018386250001640292
192,8,moment_quant_approx_samples,0,8,0.014613666000514058
192,8,moment_quant_exact_intervals,1,8,0.008206250000512227
192,8,moment_quant_exact_samples,5,8,0.0024686249998921994
192,8,moment_quant_exact_intervals,9,8,0.008137790999171557
192,8,moment_quant_approx_samples,3,8,0.014337249998789048
192,8,moment_quant_approx_intervals,9,8,0.0184384999993199
192,8,moment_quant_approx_samples,6,8,0.014427124999201624
192,8,moment_quant_exact_intervals,7,8,0.008228958999097813
192,8,moment_quant_exact_intervals,3,8,0.008124625001073582
192,8,moment_quant_exact_samples,0,8,0.0012939999978698324
192,8,moment_quant_approx_intervals,4,8,0.018430625001201406
192,8,moment_quant_approx_samples,8,8,0.014456208002229687
192,8,moment_quant_approx_samples,2,8,0.0144482079995214
192,8,moment_quant_approx_intervals,7,8,0.0184019169973908
192,8,moment_quant_approx_samples,1,8,0.014425083998503396
192,8,moment_quant_approx_samples,4,8,0.014473457998974482
192,8,moment_quant_exact_intervals,0,8,0.008133416002237936
192,8,moment_quant_exact_samples,4,8,0.0012823329998354893
192,8,moment_quant_approx_intervals,8,8,0.018440458999975817
192,8,moment_quant_approx_samples,9,8,0.014495958002953557
192,8,moment_quant_exact_intervals,5,8,0.008159625002008397
192,8,moment_quant_approx_intervals,3,8,0.018437083999742754
192,8,moment_quant_approx_intervals,1,8,0.018362874998274492
192,8,moment_quant_approx_intervals,5,8,0.018366125001193723
192,8,moment_quant_approx_intervals,2,8,0.018300666997674853
192,8,moment_quant_approx_samples,5,8,0.014351207999425242
192,8,moment_quant_exact_samples,2,8,0.0023962079976627138
192,8,moment_quant_exact_samples,6,8,0.0012320000023464672
192,8,moment_quant_exact_samples,7,8,0.001253250000445405
192,8,moment_quant_exact_intervals,2,8,0.008202499997423729
192,8,moment_quant_exact_samples,8,8,0.0020166249996691477
192,8,moment_quant_exact_samples,1,8,0.0012468340028135572
192,8,moment_quant_exact_intervals,4,8,0.00816066599873011
192,8,moment_quant_approx_intervals,0,8,0.01833670799896936
192,8,moment_quant_exact_samples,3,8,0.0012827090031350963
192,8,moment_quant_approx_samples,7,8,0.014480457997706253
192,8,moment_quant_exact_intervals,8,8,0.008165416998963337
192,8,moment_quant_exact_samples,9,8,0.0012279169968678616
192,10,moment_quant_approx_intervals,0,8,0.018967042000440415
192,10,moment_quant_exact_intervals,3,8,0.008288916000310564
192,10,moment_quant_exact_samples,6,8,0.0015405410013045184
192,10,moment_quant_exact_intervals,5,8,0.008276667002064642
192,10,moment_quant_approx_intervals,2,8,0.01846795800156542
192,10,moment_quant_exact_samples,2,8,0.0013772500024060719
192,10,moment_quant_approx_samples,9,8,0.014527834002365125
192,10,moment_quant_approx_intervals,9,8,0.018476165998436045
192,10,moment_quant_approx_intervals,1,8,0.01838566700098454
192,10,moment_quant_approx_samples,5,8,0.014468458000919782
192,10,moment_quant_exact_intervals,0,8,0.008309000000735978
192,10,moment_quant_approx_intervals,7,8,0.018622125000547385
192,10,moment_quant_exact_samples,7,8,0.0013421250005194452
192,10,moment_quant_approx_intervals,5,8,0.0185447080002632
192,10,moment_quant_approx_samples,0,8,0.014452874998823972
192,10,moment_quant_exact_intervals,7,8,0.008310875000461238
192,10,moment_quant_exact_samples,1,8,0.0024636249981995206
192,10,moment_quant_exact_samples,9,8,0.0014466659995377995
192,10,moment_quant_exact_intervals,8,8,0.008326791998115368
192,10,moment_quant_approx_samples,2,8,0.014671957997052232
192,10,moment_quant_exact_intervals,6,8,0.008320875000208616
192,10,moment_quant_approx_samples,7,8,0.014405582998733735
192,10,moment_quant_approx_samples,8,8,0.014433833002840402
192,10,moment_quant_approx_intervals,8,8,0.018436125003063353
192,10,moment_quant_approx_intervals,4,8,0.01837116699971375
192,10,moment_quant_exact_samples,5,8,0.0023976249976840336
192,10,moment_quant_exact_samples,0,8,0.0014624169998569414
192,10,moment_quant_exact_intervals,2,8,0.008350042000529356
192,10,moment_quant_exact_intervals,1,8,0.008241208000981715
192,10,moment_quant_exact_intervals,4,8,0.008279375000711298
192,10,moment_quant_exact_samples,3,8,0.0015424170014739502
192,10,moment_quant_approx_samples,1,8,0.014486707998003112
192,10,moment_quant_approx_samples,3,8,0.014412874999834457
192,10,moment_quant_exact_intervals,9,8,0.008292333001008956
192,10,moment_quant_exact_samples,4,8,0.0014444999978877604
192,10,moment_quant_approx_intervals,3,8,0.01843508299862151
192,10,moment_quant_approx_samples,6,8,0.014525832997605903
192,10,moment_quant_approx_intervals,6,8,0.018441999996866798
192,10,moment_quant_approx_samples,4,8,0.014575584002159303
192,10,moment_quant_exact_samples,8,8,0.002305416997842258
192,16,moment_quant_exact_samples,0,8,0.002503874999092659
192,16,moment_quant_exact_intervals,3,8,0.00884133399813436
192,16,moment_quant_exact_intervals,1,8,0.008723000002646586
192,16,moment_quant_approx_samples,9,8,0.014806584000325529
192,16,moment_quant_approx_samples,8,8,0.014596790999348741
192,16,moment_quant_exact_intervals,6,8,0.008762375000515021
192,16,moment_quant_approx_samples,5,8,0.014681583001220133
192,16,moment_quant_approx_intervals,8,8,0.018834667000191985
192,16,moment_quant_approx_intervals,0,8,0.018806582997058285
192,16,moment_quant_approx_samples,1,8,0.014712916999997105
192,16,moment_quant_exact_samples,2,8,0.0017862499989860225
192,16,moment_quant_exact_intervals,4,8,0.008750042001338443
192,16,moment_quant_exact_intervals,9,8,0.008699207999598002
192,16,moment_quant_approx_intervals,1,8,0.01892641700032982
192,16,moment_quant_approx_intervals,9,8,0.018804624996846542
192,16,moment_quant_approx_samples,2,8,0.014696375001221895
192,16,moment_quant_exact_intervals,0,8,0.00871374999769614
192,16,moment_quant_exact_intervals,7,8,0.008675917000800837
192,16,moment_quant_approx_intervals,2,8,0.01887212500150781
192,16,moment_quant_exact_samples,1,8,0.0018032500011031516
192,16,moment_quant_approx_intervals,6,8,0.01890395800000988
192,16,moment_quant_exact_samples,6,8,0.0027444999977888074
192,16,moment_quant_approx_intervals,7,8,0.018935666001198115
192,16,moment_quant_exact_samples,7,8,0.002871791999496054
192,16,moment_quant_approx_intervals,3,8,0.018885000001318986
192,16,moment_quant_approx_samples,6,8,0.014659917000244604
192,16,moment_quant_exact_intervals,5,8,0.0087723750002624
192,16,moment_quant_exact_samples,9,8,0.0024839580000843853
192,16,moment_quant_exact_intervals,2,8,0.008688000001711771
192,16,moment_quant_exact_intervals,8,8,0.008611583001766121
192,16,moment_quant_exact_samples,8,8,0.0018495000003895257
192,16,moment_quant_exact_samples,4,8,0.0017732089982018806
192,16,moment_quant_approx_samples,7,8,0.014745624997885898
192,16,moment_quant_approx_samples,0,8,0.014761250000447035
192,16,moment_quant_exact_samples,3,8,0.0025332080003863666
192,16,moment_quant_approx_samples,4,8,0.01474745900122798
192,16,moment_quant_approx_intervals,4,8,0.018788500001392094
192,16,moment_quant_approx_intervals,5,8,0.018800166999426438
192,16,moment_quant_approx_samples,3,8,0.014629624998633517
192,16,moment_quant_exact_samples,5,8,0.0024430410012428183
192,30,moment_quant_approx_intervals,7,8,0.019850999997288454
192,30,moment_quant_approx_intervals,3,8,0.01955929200266837
192,30,moment_quant_approx_samples,5,8,0.01510779200179968
192,30,moment_quant_approx_intervals,6,8,0.01973145800002385
192,30,moment_quant_exact_samples,1,8,0.0037910409992036875
192,30,moment_quant_exact_intervals,4,8,0.009809000002860557
192,30,moment_quant_exact_samples,5,8,0.003081124999880558
192,30,moment_quant_exact_samples,9,8,0.0027153339979122393
192,30,moment_quant_approx_samples,1,8,0.016143250002642162
192,30,moment_quant_exact_intervals,1,8,0.009736165997310309
192,30,moment_quant_approx_intervals,2,8,0.020240624999132706
192,30,moment_quant_approx_samples,7,8,0.015232374997140141
192,30,moment_quant_exact_samples,4,8,0.002928457997768419
192,30,moment_quant_exact_intervals,3,8,0.009688665999419754
192,30,moment_quant_exact_samples,7,8,0.0027542079988052137
192,30,moment_quant_exact_samples,2,8,0.00301904200023273
192,30,moment_quant_approx_intervals,9,8,0.02056862500103307
192,30,moment_quant_approx_samples,4,8,0.01604616699842154
192,30,moment_quant_exact_intervals,8,8,0.009718624998640735
192,30,moment_quant_approx_samples,9,8,0.015080334000231232
192,30,moment_quant_approx_samples,0,8,0.015147916001296835
192,30,moment_quant_exact_samples,6,8,0.0027568330006033648
192,30,moment_quant_exact_intervals,5,8,0.00969933300075354
192,30,moment_quant_approx_intervals,0,8,0.0196199579986569
192,30,moment_quant_exact_intervals,2,8,0.009662790998845594
192,30,moment_quant_approx_intervals,5,8,0.01959283299947856
192,30,moment_quant_exact_samples,0,8,0.0033453750002081506
192,30,moment_quant_approx_samples,6,8,0.016144666999025503
192,30,moment_quant_approx_samples,3,8,0.014981457999965642
192,30,moment_quant_exact_intervals,0,8,0.009725374999106862
192,30,moment_quant_exact_samples,8,8,0.0026167500000155997
192,30,moment_quant_approx_samples,2,8,0.01617850000184262
192,30,moment_quant_exact_intervals,6,8,0.00968595900121727
192,30,moment_quant_approx_intervals,4,8,0.019673667000461137
192,30,moment_quant_approx_intervals,1,8,0.01956866700129467
192,30,moment_quant_exact_samples,3,8,0.004230416998325381
192,30,moment_quant_approx_intervals,8,8,0.019690875000378583
192,30,moment_quant_exact_intervals,9,8,0.010072207998746308
192,30,moment_quant_approx_samples,8,8,0.016726082998502534
192,30,moment_quant_exact_intervals,7,8,0.009775333001016406
192,32,moment_quant_exact_intervals,2,8,0.0104292500000156
192,32,moment_quant_exact_samples,4,8,0.0030723339987162035
192,32,moment_quant_exact_intervals,5,8,0.010795917001814814
192,32,moment_quant_approx_intervals,0,8,0.020175917001324706
192,32,moment_quant_approx_samples,2,8,0.015153332999034319
192,32,moment_quant_exact_intervals,7,8,0.009822332998737693
192,32,moment_quant_approx_samples,7,8,0.015089000000443775
192,32,moment_quant_approx_intervals,2,8,0.020240333000401733
192,32,moment_quant_exact_samples,7,8,0.0029455840012815315
192,32,moment_quant_approx_intervals,8,8,0.01981983299992862
192,32,moment_quant_approx_samples,0,8,0.01607516700096312
192,32,moment_quant_approx_intervals,1,8,0.019837874999211635
192,32,moment_quant_exact_samples,0,8,0.003444499998295214
192,32,moment_quant_approx_samples,5,8,0.01552675000129966
192,32,moment_quant_exact_samples,1,8,0.0034508750031818636
192,32,moment_quant_approx_samples,4,8,0.01620970799922361
192,32,moment_quant_approx_intervals,9,8,0.02054683399910573
192,32,moment_quant_exact_intervals,3,8,0.010219957999652252
192,32,moment_quant_exact_intervals,9,8,0.010046708001027582
192,32,moment_quant_approx_intervals,5,8,0.020066209002834512
192,32,moment_quant_approx_intervals,3,8,0.019949916000769008
192,32,moment_quant_exact_intervals,1,8,0.010068709001643583
192,32,moment_quant_approx_samples,8,8,0.015149874998314772
192,32,moment_quant_exact_intervals,0,8,0.009869416000583442
192,32,moment_quant_exact_intervals,4,8,0.009817250000196509
192,32,moment_quant_approx_intervals,6,8,0.01977904199884506
192,32,moment_quant_approx_samples,3,8,0.015443375003087567
192,32,moment_quant_approx_intervals,7,8,0.019756500001676613
192,32,moment_quant_exact_samples,3,8,0.002927334000560222
192,32,moment_quant_exact_samples,5,8,0.002832125002896646
192,32,moment_quant_exact_samples,6,8,0.004467249997105682
192,32,moment_quant_exact_intervals,8,8,0.010390791001555044
192,32,moment_quant_exact_samples,9,8,0.003158832998451544
192,32,moment_quant_exact_samples,8,8,0.002805208001518622
192,32,moment_quant_approx_samples,6,8,0.01560287499887636
192,32,moment_quant_approx_samples,1,8,0.015025832999526756
192,32,moment_quant_exact_intervals,6,8,0.009765040998900076
192,32,moment_quant_approx_intervals,4,8,0.019773167001403635
192,32,moment_quant_exact_samples,2,8,0.0036203330018906854
192,32,moment_quant_approx_samples,9,8,0.015122582997719292
192,64,moment_quant_approx_samples,9,8,0.017371750000165775
192,64,moment_quant_approx_intervals,7,8,0.024008417000004556
192,64,moment_quant_approx_samples,6,8,0.01658195900017745
192,64,moment_quant_exact_intervals,4,8,0.012033499999233754
192,64,moment_quant_approx_intervals,8,8,0.023878708001575433
192,64,moment_quant_approx_intervals,6,8,0.022997125000983942
192,64,moment_quant_exact_intervals,1,8,0.012020999998640036
192,64,moment_quant_exact_intervals,0,8,0.011937708000914427
192,64,moment_quant_exact_samples,0,8,0.006289375000051223
192,64,moment_quant_exact_samples,3,8,0.005944249998719897
192,64,moment_quant_exact_samples,5,8,0.005592000001342967
192,64,moment_quant_approx_intervals,9,8,0.024213916000007885
192,64,moment_quant_exact_samples,4,8,0.004673333001846913
192,64,moment_quant_exact_intervals,9,8,0.012931707999086939
192,64,moment_quant_approx_intervals,4,8,0.0236884169971745
192,64,moment_quant_exact_samples,6,8,0.006089583002903964
192,64,moment_quant_approx_samples,1,8,0.016344374998880085
192,64,moment_quant_exact_samples,7,8,0.005598792002274422
192,64,moment_quant_exact_samples,1,8,0.005269917000987334
192,64,moment_quant_exact_intervals,7,8,0.01233279200096149
192,64,moment_quant_exact_intervals,5,8,0.012256875001185108
192,64,moment_quant_approx_intervals,3,8,0.023945166998601053
192,64,moment_quant_approx_samples,4,8,0.01749454200034961
192,64,moment_quant_exact_samples,9,8,0.00526937499671476
192,64,moment_quant_approx_samples,2,8,0.017409915999451187
192,64,moment_quant_approx_samples,7,8,0.01600299999699928
192,64,moment_quant_approx_intervals,0,8,0.02152912500241655
192,64,moment_quant_approx_intervals,5,8,0.02140425000106916
192,64,moment_quant_exact_samples,8,8,0.0046669590010424145
192,64,moment_quant_exact_intervals,2,8,0.012063875001331326
192,64,moment_quant_approx_samples,0,8,0.01689908299886156
192,64,moment_quant_exact_intervals,6,8,0.012036457999784034
192,64,moment_quant_exact_intervals,8,8,0.011821792002592701
192,64,moment_quant_approx_intervals,1,8,0.02159712499997113
192,64,moment_quant_approx_samples,3,8,0.01743170900226687
192,64,moment_quant_exact_intervals,3,8,0.013189749999583
192,64,moment_quant_approx_samples,5,8,0.01645829200060689
192,64,moment_quant_exact_samples,2,8,0.006188999999722
192,64,moment_quant_approx_intervals,2,8,0.023845125000661938
192,64,moment_quant_approx_samples,8,8,0.016510583001945633
192,100,moment_quant_exact_samples,4,8,0.007909708001534455
192,100,moment_quant_approx_intervals,0,8,0.02401695899970946
192,100,moment_quant_exact_intervals,9,8,0.014341583999339491
192,100,moment_quant_exact_samples,6,8,0.008154208000632934
192,100,moment_quant_approx_samples,9,8,0.018715000001975568
192,100,moment_quant_approx_samples,7,8,0.01814337500036345
192,100,moment_quant_exact_intervals,0,8,0.015275541998562403
192,100,moment_quant_approx_intervals,5,8,0.02484941700095078
192,100,moment_quant_approx_samples,8,8,0.018484167001588503
192,100,moment_quant_approx_intervals,1,8,0.02576762500029872
192,100,moment_quant_exact_samples,3,8,0.00861070899918559
192,100,moment_quant_exact_intervals,1,8,0.014538125000399305
192,100,moment_quant_approx_samples,2,8,0.01827433400103473
192,100,moment_quant_exact_intervals,8,8,0.015356207997683669
192,100,moment_quant_approx_intervals,6,8,0.026286374999472173
192,100,moment_quant_exact_intervals,2,8,0.01503308300016215
192,100,moment_quant_approx_samples,6,8,0.02021220900132903
192,100,moment_quant_approx_intervals,7,8,0.02463250000073458
192,100,moment_quant_exact_samples,0,8,0.007572458001959603
192,100,moment_quant_exact_intervals,5,8,0.015476459000637988
192,100,moment_quant_exact_samples,1,8,0.0068167500030540396
192,100,moment_quant_exact_intervals,7,8,0.014386791997822002
192,100,moment_quant_approx_intervals,4,8,0.025148582997644553
192,100,moment_quant_approx_samples,4,8,0.01809612500073854
192,100,moment_quant_approx_samples,3,8,0.01849729100285913
192,100,moment_quant_exact_samples,7,8,0.007314250000490574
192,100,moment_quant_exact_intervals,3,8,0.0145099580004171
192,100,moment_quant_exact_samples,9,8,0.007143625000026077
192,100,moment_quant_exact_samples,5,8,0.0068280420018709265
192,100,moment_quant_exact_intervals,6,8,0.015807792002306087
192,100,moment_quant_approx_intervals,9,8,0.02501591599866515
192,100,moment_quant_exact_samples,2,8,0.00820791700243717
192,100,moment_quant_approx_intervals,2,8,0.025133375002042158
192,100,moment_quant_approx_samples,1,8,0.018046791999950074
192,100,moment_quant_approx_samples,5,8,0.017537542000354733
192,100,moment_quant_approx_intervals,8,8,0.02387845799967181
192,100,moment_quant_exact_intervals,4,8,0.014731041999766603
192,100,moment_quant_approx_intervals,3,8,0.023776083002303494
192,100,moment_quant_approx_samples,0,8,0.019252875001257053
192,100,moment_quant_exact_samples,8,8,0.00802220799960196
192,300,moment_quant_approx_intervals,9,8,0.04119287499997881
192,300,moment_quant_exact_samples,0,8,0.020860249998804647
192,300,moment_quant_approx_samples,0,8,0.027232832999288803
192,300,moment_quant_approx_intervals,1,8,0.04213358400011202
192,300,moment_quant_approx_samples,2,8,0.02695999999923515
192,300,moment_quant_approx_samples,9,8,0.025575625000783475
192,300,moment_quant_approx_intervals,2,8,0.04167933300050208
192,300,moment_quant_approx_intervals,4,8,0.04259212500255671
192,300,moment_quant_approx_samples,7,8,0.025805959001445444
192,300,moment_quant_approx_samples,5,8,0.0257006249994447
192,300,moment_quant_approx_samples,3,8,0.026027791001979494
192,300,moment_quant_exact_intervals,4,8,0.029071832999761682
192,300,moment_quant_approx_samples,6,8,0.027378124999813735
192,300,moment_quant_exact_samples,1,8,0.02219350000086706
192,300,moment_quant_exact_samples,9,8,0.019396125000639586
192,300,moment_quant_exact_samples,3,8,0.02112758300063433
192,300,moment_quant_exact_intervals,9,8,0.028104707998863887
192,300,moment_quant_exact_intervals,1,8,0.02779270899918629
192,300,moment_quant_approx_intervals,0,8,0.04287458300314029
192,300,moment_quant_exact_samples,8,8,0.02108891600073548
192,300,moment_quant_exact_intervals,5,8,0.028781332999642473
192,300,moment_quant_approx_intervals,7,8,0.0410952919992269
192,300,moment_quant_exact_intervals,8,8,0.028575042000738904
192,300,moment_quant_exact_intervals,6,8,0.02852037499906146
192,300,moment_quant_exact_samples,4,8,0.021497375000762986
192,300,moment_quant_approx_intervals,5,8,0.043194582998694386
192,300,moment_quant_approx_intervals,3,8,0.040359124999667984
192,300,moment_quant_approx_intervals,6,8,0.03834366699811653
192,300,moment_quant_exact_intervals,2,8,0.028625417002331233
192,300,moment_quant_approx_samples,8,8,0.028740957997797523
192,300,moment_quant_approx_intervals,8,8,0.042065207999257836
192,300,moment_quant_approx_samples,4,8,0.026240209001116455
192,300,moment_quant_exact_intervals,3,8,0.028850040998804616
192,300,moment_quant_exact_samples,7,8,0.02161550000164425
192,300,moment_quant_exact_samples,2,8,0.020616541998606408
192,300,moment_quant_approx_samples,1,8,0.026258292000420624
192,300,moment_quant_exact_intervals,0,8,0.028521999996883096
192,300,moment_quant_exact_samples,5,8,0.021535874999244697
192,300,moment_quant_exact_intervals,7,8,0.028581874998053536
192,300,moment_quant_exact_samples,6,8,0.019424041998718167
192,1000,moment_quant_approx_intervals,8,8,0.09140675000162446
192,1000,moment_quant_exact_samples,4,8,0.06462316599936457
192,1000,moment_quant_approx_intervals,5,8,0.08970849999968777
192,1000,moment_quant_exact_intervals,5,8,0.07670762500129058
192,1000,moment_quant_exact_samples,9,8,0.06227208400014206
192,1000,moment_quant_approx_samples,5,8,0.04848462500012829
192,1000,moment_quant_exact_intervals,3,8,0.0773905839996587
192,1000,moment_quant_exact_samples,7,8,0.06458099999872502
192,1000,moment_quant_approx_samples,9,8,0.04815987500114716
192,1000,moment_quant_approx_samples,4,8,0.04757920900010504
192,1000,moment_quant_approx_intervals,0,8,0.08856491600090521
192,1000,moment_quant_approx_intervals,3,8,0.0884487920011452
192,1000,moment_quant_exact_intervals,9,8,0.07816204100163304
192,1000,moment_quant_exact_intervals,1,8,0.0780966249985795
192,1000,moment_quant_exact_samples,1,8,0.06376795799951651
192,1000,moment_quant_approx_intervals,6,8,0.08966237500135321
192,1000,moment_quant_exact_intervals,4,8,0.0784182499992312
192,1000,moment_quant_approx_samples,0,8,0.047540249997837236
192,1000,moment_quant_approx_samples,8,8,0.04774712499784073
192,1000,moment_quant_exact_samples,3,8,0.0643078749999404
192,1000,moment_quant_approx_samples,1,8,0.04862124999999651
192,1000,moment_quant_approx_samples,3,8,0.04688487499879557
192,1000,moment_quant_exact_samples,6,8,0.06478775000141468
192,1000,moment_quant_exact_samples,0,8,0.06291020900243893
192,1000,moment_quant_approx_samples,2,8,0.04847199999858276
192,1000,moment_quant_exact_intervals,8,8,0.08148516599976574
192,1000,moment_quant_approx_intervals,1,8,0.0922898749995511
192,1000,moment_quant_approx_intervals,7,8,0.08871433300009812
192,1000,moment_quant_approx_intervals,4,8,0.08883729199806112
192,1000,moment_quant_exact_intervals,0,8,0.08130391599843279
192,1000,moment_quant_approx_samples,6,8,0.046823625001707114
192,1000,moment_quant_exact_intervals,6,8,0.07797145899894531
192,1000,moment_quant_exact_samples,5,8,0.06509579200064763
192,1000,moment_quant_approx_intervals,9,8,0.0902676670011715
192,1000,moment_quant_exact_samples,8,8,0.0654867090015614
192,1000,moment_quant_exact_intervals,2,8,0.0799750000005588
192,1000,moment_quant_exact_samples,2,8,0.06507404199874145
192,1000,moment_quant_approx_intervals,2,8,0.09006762500212062
192,1000,moment_quant_approx_samples,7,8,0.05015612499846611
192,1000,moment_quant_exact_intervals,7,8,0.08071429199844715
192,3000,moment_quant_approx_samples,2,8,0.11747237500094343
192,3000,moment_quant_exact_intervals,9,8,0.23417637500097044
192,3000,moment_quant_approx_intervals,4,8,0.2459110830022837
192,3000,moment_quant_exact_intervals,6,8,0.23417683300067438
192,3000,moment_quant_approx_samples,3,8,0.1168030840017309
192,3000,moment_quant_exact_samples,9,8,0.18312149999837857
192,3000,moment_quant_exact_intervals,7,8,0.23435287500251434
192,3000,moment_quant_exact_samples,2,8,0.18577854199975263
192,3000,moment_quant_exact_samples,3,8,0.186463250000088
192,3000,moment_quant_approx_samples,6,8,0.1183033749985043
192,3000,moment_quant_approx_samples,7,8,0.11892783299845178
192,3000,moment_quant_exact_samples,0,8,0.1803960420002113
192,3000,moment_quant_exact_samples,8,8,0.19201791700106696
192,3000,moment_quant_approx_intervals,6,8,0.24980954099737573
192,3000,moment_quant_exact_samples,7,8,0.18896762499934994
192,3000,moment_quant_exact_intervals,8,8,0.2561910410004202
192,3000,moment_quant_exact_intervals,2,8,0.24313816699941526
192,3000,moment_quant_approx_samples,5,8,0.11788304199944832
192,3000,moment_quant_approx_intervals,0,8,0.2511589579989959
192,3000,moment_quant_approx_intervals,2,8,0.24580566700024065
192,3000,moment_quant_approx_samples,9,8,0.116269750000356
192,3000,moment_quant_exact_intervals,3,8,0.24934299999949872
192,3000,moment_quant_approx_samples,1,8,0.11846650000006775
192,3000,moment_quant_exact_samples,4,8,0.17906479199882597
192,3000,moment_quant_exact_samples,6,8,0.1829993329993158
192,3000,moment_quant_approx_samples,8,8,0.11917608400108293
192,3000,moment_quant_exact_intervals,4,8,0.2679486660017574
192,3000,moment_quant_approx_samples,0,8,0.11541870799919707
192,3000,moment_quant_approx_intervals,3,8,0.2516059169975051
192,3000,moment_quant_exact_intervals,5,8,0.2568176669992681
192,3000,moment_quant_exact_intervals,1,8,0.24289891599983093
192,3000,moment_quant_approx_intervals,8,8,0.24714425000274787
192,3000,moment_quant_exact_samples,5,8,0.1902512909982761
192,3000,moment_quant_approx_intervals,7,8,0.251454332999856
192,3000,moment_quant_approx_intervals,5,8,0.24507004099723417
192,3000,moment_quant_approx_intervals,1,8,0.2479227500007255
192,3000,moment_quant_exact_intervals,0,8,0.23394995800117613
192,3000,moment_quant_exact_samples,1,8,0.18199962500148104
192,3000,moment_quant_approx_intervals,9,8,0.25168712500089896
192,3000,moment_quant_approx_samples,4,8,0.11980991699965671
192,10000,moment_quant_exact_intervals,3,8,0.9320661669989931
192,10000,moment_quant_exact_samples,4,8,0.5947202919996926
192,10000,moment_quant_approx_samples,5,8,0.4537944170006085
192,10000,moment_quant_approx_intervals,3,8,1.1962113749978016
192,10000,moment_quant_exact_samples,7,8,0.588661208999838
192,10000,moment_quant_exact_samples,0,8,0.6064707920013461
192,10000,moment_quant_exact_samples,1,8,0.5872210840025218
192,10000,moment_quant_exact_intervals,2,8,0.9248016669989738
192,10000,moment_quant_exact_intervals,9,8,0.9253272079986345
192,10000,moment_quant_approx_intervals,5,8,1.3450341670031776
192,10000,moment_quant_approx_intervals,7,8,1.2003417919986532
192,10000,moment_quant_exact_samples,3,8,0.5806221659986477
192,10000,moment_quant_exact_intervals,6,8,0.9267672919995675
192,10000,moment_quant_approx_samples,8,8,0.4456101670002681
192,10000,moment_quant_approx_intervals,4,8,1.3726803329991526
192,10000,moment_quant_approx_samples,7,8,0.4338744159977068
192,10000,moment_quant_approx_intervals,1,8,1.3254598749990691
192,10000,moment_quant_exact_samples,5,8,0.6172510420001345
192,10000,moment_quant_approx_intervals,6,8,1.434974042000249
192,10000,moment_quant_approx_samples,3,8,0.44451416700030677
192,10000,moment_quant_approx_samples,9,8,0.47850616600044305
192,10000,moment_quant_approx_samples,0,8,0.4412994999984221
192,10000,moment_quant_approx_samples,1,8,0.4304597080008534
192,10000,moment_quant_exact_intervals,4,8,0.9371230420001666
192,10000,moment_quant_exact_samples,2,8,0.5891828749990964
192,10000,moment_quant_exact_samples,6,8,0.5984659589994408
192,10000,moment_quant_exact_intervals,1,8,0.9348074160006945
192,10000,moment_quant_approx_samples,2,8,0.4681553749978775
192,10000,moment_quant_approx_intervals,8,8,1.3409295409983315
192,10000,moment_quant_approx_samples,4,8,0.4584121249972668
192,10000,moment_quant_exact_intervals,5,8,0.9343575419989065
192,10000,moment_quant_approx_intervals,0,8,1.199184208002407
192,10000,moment_quant_exact_samples,9,8,0.5912250840010529
192,10000,moment_quant_approx_intervals,2,8,1.421201042001485
192,10000,moment_quant_exact_samples,8,8,0.5838401660003001
192,10000,moment_quant_approx_intervals,9,8,1.3631815000007919
192,10000,moment_quant_exact_intervals,8,8,0.9228765000007115
192,10000,moment_quant_exact_intervals,0,8,0.9216332500000135
192,10000,moment_quant_exact_intervals,7,8,0.9166223329993954
192,10000,moment_quant_approx_samples,6,8,0.4421335410006577
256,1,moment_quant_approx_intervals,2,8,0.017818166001234204
256,1,moment_quant_exact_samples,2,8,0.0010899590015469585
256,1,moment_quant_approx_samples,1,8,0.01389004199882038
256,1,moment_quant_approx_samples,6,8,0.013777707998087863
256,1,moment_quant_approx_samples,2,8,0.013795499999105232
256,1,moment_quant_exact_samples,1,8,0.0011037920012313407
256,1,moment_quant_exact_samples,7,8,0.0010208339990640525
256,1,moment_quant_approx_samples,5,8,0.013832500000717118
256,1,moment_quant_approx_intervals,4,8,0.01772016600079951
256,1,moment_quant_approx_samples,8,8,0.013808875002723653
256,1,moment_quant_approx_intervals,0,8,0.017666833999101073
256,1,moment_quant_exact_samples,0,8,0.0010330420009267982
256,1,moment_quant_exact_intervals,8,8,0.007667000001674751
256,1,moment_quant_exact_samples,9,8,0.0010761669982457533
256,1,moment_quant_approx_intervals,3,8,0.017685915998299606
256,1,moment_quant_exact_intervals,2,8,0.0076658329999190755
256,1,moment_quant_exact_intervals,7,8,0.007700332997046644
256,1,moment_quant_exact_intervals,5,8,0.007626250000612345
256,1,moment_quant_approx_intervals,7,8,0.01767308299895376
256,1,moment_quant_exact_samples,3,8,0.0010530830004427116
256,1,moment_quant_exact_samples,4,8,0.0010687499998311978
256,1,moment_quant_exact_intervals,1,8,0.007639874998858431
256,1,moment_quant_exact_samples,8,8,0.0010032919999503065
256,1,moment_quant_approx_intervals,5,8,0.0176925410014519
256,1,moment_quant_exact_samples,5,8,0.000989125001069624
256,1,moment_quant_exact_intervals,3,8,0.0076999999982945155
256,1,moment_quant_approx_intervals,6,8,0.017637459000980016
256,1,moment_quant_exact_intervals,0,8,0.0076522910021594726
256,1,moment_quant_exact_samples,6,8,0.0011264589993515983
256,1,moment_quant_approx_samples,0,8,0.01402441599930171
256,1,moment_quant_approx_intervals,1,8,0.017753833999449853
256,1,moment_quant_approx_samples,4,8,0.013964083002065308
256,1,moment_quant_approx_samples,9,8,0.013813833997119218
256,1,moment_quant_approx_intervals,9,8,0.017627458000788465
256,1,moment_quant_exact_intervals,6,8,0.00766904200281715
256,1,moment_quant_exact_intervals,9,8,0.007599833003041567
256,1,moment_quant_approx_samples,7,8,0.013734957999986364
256,1,moment_quant_exact_intervals,4,8,0.007615375001478242
256,1,moment_quant_approx_intervals,8,8,0.017559165997226955
256,1,moment_quant_approx_samples,3,8,0.013793624999379972
256,2,moment_quant_approx_samples,3,8,0.014545499998348532
256,2,moment_quant_exact_samples,5,8,0.0011334580012771767
256,2,moment_quant_approx_samples,5,8,0.01439724999727332
256,2,moment_quant_approx_samples,6,8,0.014286208999692462
256,2,moment_quant_exact_intervals,6,8,0.007882583002356114
256,2,moment_quant_exact_intervals,0,8,0.0077974170017114375
256,2,moment_quant_exact_intervals,4,8,0.0078125
256,2,moment_quant_exact_samples,8,8,0.0011595420000958256
256,2,moment_quant_approx_samples,8,8,0.014455541997449473
256,2,moment_quant_exact_samples,1,8,0.0010073329976876266
256,2,moment_quant_exact_samples,2,8,0.0010363750006945338
256,2,moment_quant_approx_intervals,8,8,0.018212625000160187
256,2,moment_quant_approx_intervals,3,8,0.018162458000006154
256,2,moment_quant_exact_intervals,7,8,0.007889000000432134
256,2,moment_quant_approx_intervals,7,8,0.01817674999983865
256,2,moment_quant_approx_intervals,0,8,0.018156833000830375
256,2,moment_quant_approx_intervals,9,8,0.018121250002877787
256,2,moment_quant_exact_intervals,3,8,0.00783962499917834
256,2,moment_quant_approx_intervals,4,8,0.018118459000106668
256,2,moment_quant_exact_samples,6,8,0.0010872089987969957
256,2,moment_quant_exact_intervals,2,8,0.007928208000521408
256,2,moment_quant_approx_samples,9,8,0.014497041000140598
256,2,moment_quant_approx_intervals,2,8,0.018181667001044843
256,2,moment_quant_exact_intervals,5,8,0.00786070899994229
256,2,moment_quant_approx_samples,7,8,0.014358832999278093
256,2,moment_quant_approx_samples,4,8,0.014495374998659827
256,2,moment_quant_exact_samples,0,8,0.001081708000128856
256,2,moment_quant_exact_samples,7,8,0.0009630829990783241
256,2,moment_quant_exact_samples,9,8,0.0010803750010381918
256,2,moment_quant_exact_samples,4,8,0.0009752919977472629
256,2,moment_quant_approx_intervals,6,8,0.018122499997843988
256,2,moment_quant_approx_samples,0,8,0.014504582999506965
256,2,moment_quant_exact_intervals,1,8,0.007877125000959495
256,2,moment_quant_approx_intervals,1,8,0.018184125001425855
256,2,moment_quant_approx_samples,1,8,0.014404790999833494
256,2,moment_quant_approx_intervals,5,8,0.01821633399958955
256,2,moment_quant_exact_intervals,9,8,0.007858209002733929
256,2,moment_quant_approx_samples,2,8,0.014380500000697793
256,2,moment_quant_exact_intervals,8,8,0.007924333000119077
256,2,moment_quant_exact_samples,3,8,0.0010287919976690318
256,3,moment_quant_exact_intervals,5,8,0.008095375000266358
256,3,moment_quant_approx_samples,9,8,0.014605749998736428
256,3,moment_quant_exact_intervals,3,8,0.008002582999324659
256,3,moment_quant_exact_intervals,1,8,0.007938999999169027
256,3,moment_quant_approx_samples,5,8,0.014503041998978006
256,3,moment_quant_exact_samples,5,8,0.00110862500150688
256,3,moment_quant_exact_intervals,7,8,0.0079632919987489
256,3,moment_quant_approx_intervals,0,8,0.018423125002300367
256,3,moment_quant_approx_intervals,2,8,0.01824750000014319
256,3,moment_quant_exact_intervals,2,8,0.007973167001182446
256,3,moment_quant_exact_samples,6,8,0.0010495409987925086
256,3,moment_quant_exact_samples,4,8,0.00114591699821176
256,3,moment_quant_approx_intervals,9,8,0.018374832998233614
256,3,moment_quant_exact_samples,9,8,0.0009911670022120234
256,3,moment_quant_approx_intervals,1,8,0.01837212499958696
256,3,moment_quant_approx_samples,0,8,0.014508166001178324
256,3,moment_quant_exact_samples,2,8,0.0010233330031041987
256,3,moment_quant_exact_intervals,9,8,0.007998125001904555
256,3,moment_quant_exact_samples,0,8,0.0010080829997605179
256,3,moment_quant_exact_intervals,6,8,0.0080197080023936
256,3,moment_quant_approx_intervals,4,8,0.018655957999726525
256,3,moment_quant_approx_intervals,6,8,0.018787875000271015
256,3,moment_quant_approx_samples,1,8,0.014852416999929119
256,3,moment_quant_exact_intervals,0,8,0.008051125001657056
256,3,moment_quant_approx_samples,2,8,0.014495417002763133
256,3,moment_quant_approx_samples,7,8,0.014432416999625275
256,3,moment_quant_approx_intervals,3,8,0.018289999999979045
256,3,moment_quant_approx_samples,6,8,0.014589750000595814
256,3,moment_quant_approx_intervals,5,8,0.018263999998453073
256,3,moment_quant_exact_intervals,8,8,0.00798554100038018
256,3,moment_quant_exact_samples,3,8,0.0010936250000668224
256,3,moment_quant_exact_samples,1,8,0.001007458002277417
256,3,moment_quant_exact_samples,7,8,0.0011156660002598073
256,3,moment_quant_approx_samples,3,8,0.014489458000753075
256,3,moment_quant_exact_samples,8,8,0.0010179999990214128
256,3,moment_quant_approx_samples,8,8,0.014536791000864469
256,3,moment_quant_approx_intervals,8,8,0.01841233400045894
256,3,moment_quant_exact_intervals,4,8,0.007961249997606501
256,3,moment_quant_approx_samples,4,8,0.01458483399983379
256,3,moment_quant_approx_intervals,7,8,0.018502458002330968
256,4,moment_quant_approx_intervals,4,8,0.018607666999741923
256,4,moment_quant_exact_intervals,8,8,0.009200124997732928
256,4,moment_quant_exact_intervals,2,8,0.008065207999607082
256,4,moment_quant_exact_samples,9,8,0.0012800000004062895
256,4,moment_quant_approx_intervals,6,8,0.01862125000116066
256,4,moment_quant_exact_samples,1,8,0.0011884999985340983
256,4,moment_quant_exact_samples,4,8,0.0010832499974640086
256,4,moment_quant_approx_samples,2,8,0.014633124999818392
256,4,moment_quant_approx_intervals,1,8,0.01845304200105602
256,4,moment_quant_approx_intervals,8,8,0.018398375003016554
256,4,moment_quant_approx_samples,0,8,0.014688917002786184
256,4,moment_quant_exact_intervals,4,8,0.008083665998128708
256,4,moment_quant_exact_samples,6,8,0.0012179999976069666
256,4,moment_quant_exact_intervals,0,8,0.008045916998526081
256,4,moment_quant_approx_samples,6,8,0.014628624998294981
256,4,moment_quant_exact_samples,2,8,0.0011156670007039793
256,4,moment_quant_approx_samples,3,8,0.014510375000099884
256,4,moment_quant_approx_intervals,0,8,0.01858462499876623
256,4,moment_quant_exact_samples,3,8,0.0011947079983656295
256,4,moment_quant_exact_samples,5,8,0.0011648750005406328
256,4,moment_quant_exact_samples,7,8,0.0011089580002590083
256,4,moment_quant_approx_samples,5,8,0.014541542001097696
256,4,moment_quant_approx_intervals,5,8,0.01846129199839197
256,4,moment_quant_approx_intervals,7,8,0.018358792000071844
256,4,moment_quant_approx_intervals,2,8,0.018386249998002313
256,4,moment_quant_approx_samples,9,8,0.014579665999917779
256,4,moment_quant_exact_samples,0,8,0.0012759999990521464
256,4,moment_quant_approx_intervals,9,8,0.018393541999103036
256,4,moment_quant_exact_intervals,7,8,0.008073875000263797
256,4,moment_quant_exact_intervals,3,8,0.00809270900208503
256,4,moment_quant_approx_samples,8,8,0.014589457998226862
256,4,moment_quant_exact_intervals,6,8,0.00806120799825294
256,4,moment_quant_exact_intervals,9,8,0.008074958001088817
256,4,moment_quant_approx_intervals,3,8,0.018441124997480074
256,4,moment_quant_approx_samples,7,8,0.01464858300096239
256,4,moment_quant_approx_samples,1,8,0.01454270799877122
256,4,moment_quant_approx_samples,4,8,0.014514541999233188
256,4,moment_quant_exact_intervals,1,8,0.008197125000151573
256,4,moment_quant_exact_intervals,5,8,0.008041124998271698
256,4,moment_quant_exact_samples,8,8,0.0011770829987653997
256,8,moment_quant_exact_intervals,6,8,0.0084980829997221
256,8,moment_quant_exact_intervals,7,8,0.008411167000303976
256,8,moment_quant_approx_samples,3,8,0.01483129100233782
256,8,moment_quant_exact_samples,0,8,0.001467958001740044
256,8,moment_quant_approx_intervals,9,8,0.01872995899975649
256,8,moment_quant_approx_samples,4,8,0.014808500000071945
256,8,moment_quant_approx_intervals,8,8,0.018683207999856677
256,8,moment_quant_exact_samples,5,8,0.0014750829977856483
256,8,moment_quant_exact_intervals,9,8,0.008510833002219442
256,8,moment_quant_approx_intervals,6,8,0.018704417001572438
256,8,moment_quant_exact_samples,9,8,0.0012875419997726567
256,8,moment_quant_exact_intervals,0,8,0.008522874999471242
256,8,moment_quant_exact_intervals,1,8,0.008381292002013652
256,8,moment_quant_approx_samples,5,8,0.014754125000763452
256,8,moment_quant_approx_samples,9,8,0.01479799999651732
256,8,moment_quant_approx_intervals,2,8,0.01873041699946043
256,8,moment_quant_exact_samples,2,8,0.001433334000466857
256,8,moment_quant_exact_intervals,2,8,0.008478874999127584
256,8,moment_quant_exact_intervals,5,8,0.0083853750002163
256,8,moment_quant_exact_samples,4,8,0.0014638329994340893
256,8,moment_quant_approx_intervals,5,8,0.018730375002633082
256,8,moment_quant_approx_intervals,4,8,0.018663082999410108
256,8,moment_quant_approx_intervals,3,8,0.01876237499891431
256,8,moment_quant_approx_intervals,1,8,0.01866758300093352
256,8,moment_quant_approx_samples,7,8,0.014812416997301625
256,8,moment_quant_approx_samples,0,8,0.014679124997201143
256,8,moment_quant_approx_intervals,0,8,0.01868458299941267
256,8,moment_quant_exact_samples,3,8,0.0014741659979335964
256,8,moment_quant_exact_intervals,8,8,0.008445916002528975
256,8,moment_quant_exact_samples,8,8,0.0013419170027191285
256,8,moment_quant_exact_samples,1,8,0.0024209170005633496
256,8,moment_quant_approx_samples,1,8,0.014674292000563582
256,8,moment_quant_approx_samples,6,8,0.01479095799732022
256,8,moment_quant_approx_samples,8,8,0.01472108300004038
256,8,moment_quant_exact_intervals,3,8,0.00845991700043669
256,8,moment_quant_approx_intervals,7,8,0.018674000002647517
256,8,moment_quant_exact_samples,6,8,0.0014276670008257497
256,8,moment_quant_approx_samples,2,8,0.014717000001837732
256,8,moment_quant_exact_intervals,4,8,0.008435832998657133
256,8,moment_quant_exact_samples,7,8,0.0014054999992367812
256,10,moment_quant_approx_samples,0,8,0.014862584001093637
256,10,moment_quant_approx_intervals,4,8,0.01889883299736539
256,10,moment_quant_exact_samples,7,8,0.0016498330005561002
256,10,moment_quant_approx_samples,6,8,0.01485954099916853
256,10,moment_quant_approx_samples,9,8,0.01477879199956078
256,10,moment_quant_approx_samples,5,8,0.014805040998908225
256,10,moment_quant_exact_intervals,0,8,0.00869408300059149
256,10,moment_quant_approx_intervals,2,8,0.018824709000909934
256,10,moment_quant_approx_intervals,3,8,0.018824833998223767
256,10,moment_quant_exact_intervals,4,8,0.008614583999587921
256,10,moment_quant_exact_intervals,7,8,0.008589541997935157
256,10,moment_quant_approx_intervals,7,8,0.01889258299706853
256,10,moment_quant_approx_intervals,5,8,0.018773374999000225
256,10,moment_quant_exact_samples,5,8,0.00238879199969233
256,10,moment_quant_approx_samples,8,8,0.014935208000679268
256,10,moment_quant_exact_samples,8,8,0.0027390420000301674
256,10,moment_quant_approx_intervals,8,8,0.018852916000469122
256,10,moment_quant_approx_samples,3,8,0.014794624999922235
256,10,moment_quant_approx_intervals,6,8,0.01884341600089101
256,10,moment_quant_approx_intervals,0,8,0.01883008399818209
256,10,moment_quant_approx_intervals,1,8,0.01884754200000316
256,10,moment_quant_exact_samples,6,8,0.0016329160025634337
256,10,moment_quant_approx_samples,7,8,0.01481466699988232
256,10,moment_quant_approx_samples,1,8,0.014751374998013489
256,10,moment_quant_approx_samples,4,8,0.014813249999861
256,10,moment_quant_exact_intervals,1,8,0.008593790997110773
256,10,moment_quant_exact_intervals,8,8,0.008583458002249245
256,10,moment_quant_exact_samples,9,8,0.0015704590005043428
256,10,moment_quant_exact_samples,3,8,0.0013547079979616683
256,10,moment_quant_exact_samples,2,8,0.0014820830001553986
256,10,moment_quant_approx_intervals,9,8,0.01884862500082818
256,10,moment_quant_approx_samples,2,8,0.014950499997212319
256,10,moment_quant_exact_samples,0,8,0.0014539170006173663
256,10,moment_quant_exact_intervals,3,8,0.008598082997195888
256,10,moment_quant_exact_intervals,5,8,0.008516750000126194
256,10,moment_quant_exact_intervals,2,8,0.008565291998820612
256,10,moment_quant_exact_samples,1,8,0.002492666997568449
256,10,moment_quant_exact_samples,4,8,0.0014836250011285301
256,10,moment_quant_exact_intervals,9,8,0.008636416998342611
256,10,moment_quant_exact_intervals,6,8,0.008552582999982405
256,16,moment_quant_approx_samples,0,8,0.015181790997303324
256,16,moment_quant_approx_intervals,5,8,0.0192809580003086
256,16,moment_quant_approx_intervals,3,8,0.019228707998991013
256,16,moment_quant_approx_intervals,9,8,0.01917279199915356
256,16,moment_quant_approx_samples,5,8,0.015181916998699307
256,16,moment_quant_exact_samples,5,8,0.0030905830026313197
256,16,moment_quant_approx_samples,4,8,0.015015207998658298
256,16,moment_quant_exact_samples,9,8,0.0019714160007424653
256,16,moment_quant_approx_samples,9,8,0.015053916999022476
256,16,moment_quant_approx_intervals,2,8,0.019243000002461486
256,16,moment_quant_approx_intervals,8,8,0.019218958001147257
256,16,moment_quant_exact_intervals,5,8,0.00919791699925554
256,16,moment_quant_approx_samples,6,8,0.014987208000093233
256,16,moment_quant_approx_samples,3,8,0.01598191599987331
256,16,moment_quant_exact_intervals,3,8,0.010048291998828063
256,16,moment_quant_exact_samples,8,8,0.0030394999994314276
256,16,moment_quant_approx_intervals,7,8,0.019301958000141894
256,16,moment_quant_exact_intervals,6,8,0.009191916000418132
256,16,moment_quant_approx_intervals,1,8,0.019202750001568347
256,16,moment_quant_approx_intervals,0,8,0.019198875001166016
256,16,moment_quant_approx_samples,8,8,0.015010541999799898
256,16,moment_quant_exact_intervals,2,8,0.009203458001138642
256,16,moment_quant_exact_samples,4,8,0.0020211670016578864
256,16,moment_quant_exact_intervals,9,8,0.009963290998712182
256,16,moment_quant_exact_samples,0,8,0.0019120409997412935
256,16,moment_quant_exact_intervals,0,8,0.009221541997249005
256,16,moment_quant_approx_samples,2,8,0.015113624998775776
256,16,moment_quant_exact_samples,2,8,0.0030507909978041425
256,16,moment_quant_exact_samples,6,8,0.0021034580022387672
256,16,moment_quant_approx_intervals,6,8,0.019324084001709707
256,16,moment_quant_exact_samples,1,8,0.001953167000465328
256,16,moment_quant_exact_samples,7,8,0.00230349999765167
256,16,moment_quant_approx_intervals,4,8,0.019381750000320608
256,16,moment_quant_exact_intervals,1,8,0.00917108400244615
256,16,moment_quant_approx_samples,7,8,0.016067584001575597
256,16,moment_quant_exact_intervals,7,8,0.009236041998519795
256,16,moment_quant_exact_intervals,8,8,0.009120041999267414
256,16,moment_quant_exact_intervals,4,8,0.009151207999821054
256,16,moment_quant_approx_samples,1,8,0.01505495899982634
256,16,moment_quant_exact_samples,3,8,0.0028710000005958136
256,30,moment_quant_exact_samples,3,8,0.003824916999292327
256,30,moment_quant_exact_samples,5,8,0.003506959001242649
256,30,moment_quant_approx_intervals,3,8,0.020687542000814574
256,30,moment_quant_approx_samples,5,8,0.015979666000930592
256,30,moment_quant_approx_intervals,2,8,0.020213042000250425
256,30,moment_quant_exact_intervals,0,8,0.010422416999062989
256,30,moment_quant_exact_intervals,1,8,0.01038387500011595
256,30,moment_quant_exact_samples,8,8,0.0031182089987851214
256,30,moment_quant_approx_samples,4,8,0.016574834000493865
256,30,moment_quant_approx_intervals,4,8,0.02023133300099289
256,30,moment_quant_approx_intervals,6,8,0.020116167001106078
256,30,moment_quant_approx_samples,7,8,0.015534917001787107
256,30,moment_quant_exact_intervals,5,8,0.011330249999446096
256,30,moment_quant_exact_samples,4,8,0.003416625000681961
256,30,moment_quant_exact_samples,1,8,0.004107457996724406
256,30,moment_quant_exact_samples,2,8,0.003630457998951897
256,30,moment_quant_approx_samples,0,8,0.015529624997725477
256,30,moment_quant_approx_samples,1,8,0.016174541997315828
256,30,moment_quant_exact_intervals,3,8,0.011192207999556558
256,30,moment_quant_approx_intervals,8,8,0.02050566699836054
256,30,moment_quant_exact_samples,0,8,0.004127415999391815
256,30,moment_quant_exact_intervals,9,8,0.010462416998052504
256,30,moment_quant_exact_intervals,7,8,0.010358790997997858
256,30,moment_quant_approx_intervals,7,8,0.02049737499692128
256,30,moment_quant_approx_intervals,1,8,0.020131334000325296
256,30,moment_quant_approx_intervals,0,8,0.020114709001063602
256,30,moment_quant_exact_intervals,8,8,0.01037279099909938
256,30,moment_quant_exact_intervals,2,8,0.010403083000710467
256,30,moment_quant_exact_samples,6,8,0.003741332999197766
256,30,moment_quant_approx_samples,3,8,0.015850833002332365
256,30,moment_quant_exact_samples,9,8,0.00307283400252345
256,30,moment_quant_approx_samples,9,8,0.01565404199936893
256,30,moment_quant_approx_samples,8,8,0.015551125001366017
256,30,moment_quant_exact_samples,7,8,0.004091416998562636
256,30,moment_quant_approx_intervals,9,8,0.020647250003094086
256,30,moment_quant_approx_samples,6,8,0.0169077919999836
256,30,moment_quant_approx_samples,2,8,0.01654279199647135
256,30,moment_quant_exact_intervals,4,8,0.010459124998305924
256,30,moment_quant_exact_intervals,6,8,0.010394749999250052
256,30,moment_quant_approx_intervals,5,8,0.020192125000903616
256,32,moment_quant_approx_samples,9,8,0.015801249999640277
256,32,moment_quant_exact_samples,2,8,0.003138249998301035
256,32,moment_quant_exact_samples,7,8,0.004082708001078572
256,32,moment_quant_approx_intervals,2,8,0.02112245900207199
256,32,moment_quant_approx_samples,1,8,0.0155585840002459
256,32,moment_quant_exact_intervals,4,8,0.011055500002839835
256,32,moment_quant_approx_samples,4,8,0.015512833000684623
256,32,moment_quant_approx_samples,3,8,0.015502209000260336
256,32,moment_quant_exact_intervals,6,8,0.011909374999959255
256,32,moment_quant_approx_intervals,1,8,0.02092241699938313
256,32,moment_quant_approx_intervals,5,8,0.020595792000676738
256,32,moment_quant_exact_intervals,3,8,0.010948458999337163
256,32,moment_quant_exact_intervals,9,8,0.010936166996543761
256,32,moment_quant_approx_intervals,8,8,0.020907041998725617
256,32,moment_quant_approx_samples,0,8,0.015930124998703832
256,32,moment_quant_exact_intervals,0,8,0.010905208000622224
256,32,moment_quant_exact_samples,6,8,0.004447416999028064
256,32,moment_quant_exact_intervals,8,8,0.011067957999330247
256,32,moment_quant_exact_samples,9,8,0.003076042001339374
256,32,moment_quant_approx_intervals,7,8,0.020541750000120373
256,32,moment_quant_approx_intervals,3,8,0.020320499999797903
256,32,moment_quant_approx_samples,2,8,0.015501917001529364
256,32,moment_quant_approx_intervals,9,8,0.021435791000840254
256,32,moment_quant_exact_samples,3,8,0.0035003750017494895
256,32,moment_quant_exact_samples,1,8,0.0032550840005569626
256,32,moment_quant_exact_samples,4,8,0.0037946250013192184
256,32,moment_quant_exact_intervals,1,8,0.01104637500247918
256,32,moment_quant_approx_samples,7,8,0.015655167000659276
256,32,moment_quant_exact_intervals,2,8,0.011259957998845493
256,32,moment_quant_approx_samples,6,8,0.01612366699919221
256,32,moment_quant_approx_intervals,4,8,0.020467249996727332
256,32,moment_quant_exact_samples,0,8,0.004258959001163021
256,32,moment_quant_exact_samples,5,8,0.004255624997313134
256,32,moment_quant_approx_samples,8,8,0.01564262499960023
256,32,moment_quant_approx_intervals,6,8,0.020449457999347942
256,32,moment_quant_approx_samples,5,8,0.01656620900030248
256,32,moment_quant_exact_samples,8,8,0.0031832499989832286
256,32,moment_quant_exact_intervals,7,8,0.010697165998863056
256,32,moment_quant_exact_intervals,5,8,0.01054025000121328
256,32,moment_quant_approx_intervals,0,8,0.020278792002500268
256,64,moment_quant_approx_samples,9,8,0.01956150000114576
256,64,moment_quant_exact_samples,4,8,0.006153166999865789
256,64,moment_quant_exact_samples,3,8,0.006309250002232147
256,64,moment_quant_approx_samples,0,8,0.018165207999118138
256,64,moment_quant_approx_samples,6,8,0.017682875000900822
256,64,moment_quant_exact_samples,7,8,0.0066367079998599365
256,64,moment_quant_exact_intervals,9,8,0.013560334002249874
256,64,moment_quant_approx_intervals,9,8,0.023469416999432724
256,64,moment_quant_exact_samples,2,8,0.007318500000110362
256,64,moment_quant_exact_samples,8,8,0.005269708999549039
256,64,moment_quant_exact_samples,6,8,0.006381540999427671
256,64,moment_quant_exact_samples,9,8,0.007231792002130533
256,64,moment_quant_approx_samples,2,8,0.018287333001353545
256,64,moment_quant_exact_intervals,7,8,0.01414245799969649
256,64,moment_quant_approx_intervals,6,8,0.024455875001876848
256,64,moment_quant_exact_intervals,4,8,0.013818709001498064
256,64,moment_quant_approx_intervals,7,8,0.024427208001725376
256,64,moment_quant_exact_intervals,0,8,0.013819874999171589
256,64,moment_quant_approx_samples,1,8,0.01703129199813702
256,64,moment_quant_approx_intervals,3,8,0.02431549999892013
256,64,moment_quant_approx_samples,7,8,0.018244499999127584
256,64,moment_quant_exact_intervals,2,8,0.01401116700071725
256,64,moment_quant_exact_samples,0,8,0.00703258399880724
256,64,moment_quant_exact_intervals,5,8,0.014422459000343224
256,64,moment_quant_approx_intervals,4,8,0.023594292000780115
256,64,moment_quant_approx_intervals,2,8,0.02326349999930244
256,64,moment_quant_approx_intervals,8,8,0.023424167000484886
256,64,moment_quant_approx_samples,4,8,0.018146541999158217
256,64,moment_quant_exact_intervals,6,8,0.013638374999572989
256,64,moment_quant_exact_samples,5,8,0.006454041998949833
256,64,moment_quant_approx_intervals,0,8,0.025740625002072193
256,64,moment_quant_exact_samples,1,8,0.008370209001441253
256,64,moment_quant_exact_intervals,8,8,0.013643708000017796
256,64,moment_quant_approx_samples,8,8,0.018693082998652244
256,64,moment_quant_exact_intervals,3,8,0.014048249999177642
256,64,moment_quant_approx_samples,5,8,0.018096332998538855
256,64,moment_quant_exact_intervals,1,8,0.014193957998941187
256,64,moment_quant_approx_intervals,5,8,0.024418332999630366
256,64,moment_quant_approx_samples,3,8,0.017828583000664366
256,64,moment_quant_approx_intervals,1,8,0.02498600000035367
256,100,moment_quant_exact_samples,9,8,0.009150874997430947
256,100,moment_quant_exact_samples,3,8,0.00999437499922351
256,100,moment_quant_exact_samples,6,8,0.009063541001523845
256,100,moment_quant_exact_samples,4,8,0.009511707998171914
256,100,moment_quant_exact_samples,0,8,0.010200208002061117
256,100,moment_quant_approx_intervals,0,8,0.025409875001059845
256,100,moment_quant_approx_intervals,7,8,0.02498570799798472
256,100,moment_quant_approx_samples,5,8,0.022263499999098713
256,100,moment_quant_approx_intervals,8,8,0.02646170899970457
256,100,moment_quant_exact_intervals,1,8,0.016926792002777802
256,100,moment_quant_approx_samples,6,8,0.01992104099917924
256,100,moment_quant_approx_samples,3,8,0.020212208000884857
256,100,moment_quant_exact_intervals,6,8,0.016766583001299296
256,100,moment_quant_approx_intervals,1,8,0.02632587499829242
256,100,moment_quant_exact_intervals,5,8,0.01669200000105775
256,100,moment_quant_approx_intervals,3,8,0.02643316700050491
256,100,moment_quant_exact_samples,5,8,0.010274000000208616
256,100,moment_quant_exact_intervals,9,8,0.016664333001244813
256,100,moment_quant_exact_samples,8,8,0.01047024999934365
256,100,moment_quant_exact_samples,1,8,0.00896275000195601
256,100,moment_quant_approx_intervals,2,8,0.026562541999737732
256,100,moment_quant_exact_intervals,2,8,0.017046916000253987
256,100,moment_quant_approx_samples,2,8,0.01948279199859826
256,100,moment_quant_approx_samples,0,8,0.019876833001035266
256,100,moment_quant_exact_samples,2,8,0.00896962499973597
256,100,moment_quant_approx_intervals,9,8,0.02740549999725772
256,100,moment_quant_approx_samples,7,8,0.020736499998747604
256,100,moment_quant_approx_samples,8,8,0.019109083001239924
256,100,moment_quant_exact_intervals,4,8,0.017887124999106163
256,100,moment_quant_approx_intervals,5,8,0.027005916999769397
256,100,moment_quant_approx_samples,9,8,0.021170875003008405
256,100,moment_quant_exact_intervals,3,8,0.01729775000057998
256,100,moment_quant_approx_samples,4,8,0.020045125002070563
256,100,moment_quant_exact_samples,7,8,0.009542458999931114
256,100,moment_quant_approx_samples,1,8,0.01970445799815934
256,100,moment_quant_exact_intervals,0,8,0.01690733400027966
256,100,moment_quant_approx_intervals,4,8,0.025361084000905976
256,100,moment_quant_exact_intervals,7,8,0.016618459001620067
256,100,moment_quant_exact_intervals,8,8,0.01660733400058234
256,100,moment_quant_approx_intervals,6,8,0.025073083001188934
256,300,moment_quant_approx_intervals,9,8,0.044909792002727045
256,300,moment_quant_exact_intervals,7,8,0.034546916002000216
256,300,moment_quant_approx_intervals,2,8,0.04478874999767868
256,300,moment_quant_exact_samples,9,8,0.025707541000883793
256,300,moment_quant_approx_intervals,0,8,0.04246854099983466
256,300,moment_quant_approx_intervals,1,8,0.042463624999072636
256,300,moment_quant_exact_intervals,5,8,0.03534087500156602
256,300,moment_quant_approx_intervals,4,8,0.04273625000132597
256,300,moment_quant_approx_intervals,8,8,0.04236141700312146
256,300,moment_quant_approx_intervals,6,8,0.04234629199709161
256,300,moment_quant_approx_samples,9,8,0.029550333998486167
256,300,moment_quant_approx_intervals,5,8,0.04660587500256952
256,300,moment_quant_exact_intervals,3,8,0.03674370799853932
256,300,moment_quant_approx_samples,3,8,0.03277395799887017
256,300,moment_quant_approx_intervals,3,8,0.0459242090000771
256,300,moment_quant_exact_intervals,1,8,0.035753333002503496
256,300,moment_quant_approx_samples,7,8,0.03339945799962152
256,300,moment_quant_exact_intervals,4,8,0.0390490409990889
256,300,moment_quant_approx_samples,6,8,0.02820241600056761
256,300,moment_quant_approx_samples,2,8,0.028837124998972286
256,300,moment_quant_exact_intervals,9,8,0.03467895799985854
256,300,moment_quant_exact_intervals,2,8,0.034849915999075165
256,300,moment_quant_exact_samples,4,8,0.02657424999779323
256,300,moment_quant_exact_samples,6,8,0.026602249999996275
256,300,moment_quant_approx_intervals,7,8,0.04649312499896041
256,300,moment_quant_approx_samples,1,8,0.030649332999018952
256,300,moment_quant_exact_samples,0,8,0.02573912499792641
256,300,moment_quant_approx_samples,0,8,0.02911987500192481
256,300,moment_quant_exact_intervals,0,8,0.037697583000408486
256,300,moment_quant_exact_samples,8,8,0.02554779199999757
256,300,moment_quant_exact_samples,5,8,0.026116958000784507
256,300,moment_quant_exact_intervals,8,8,0.03527070800191723
256,300,moment_quant_exact_samples,3,8,0.024491667001711903
256,300,moment_quant_approx_samples,5,8,0.033302208001259714
256,300,moment_quant_approx_samples,8,8,0.02888870899914764
256,300,moment_quant_exact_samples,2,8,0.0263127500002156
256,300,moment_quant_exact_samples,7,8,0.026443334001669427
256,300,moment_quant_exact_intervals,6,8,0.03564516600090428
256,300,moment_quant_exact_samples,1,8,0.026239374998112908
256,300,moment_quant_approx_samples,4,8,0.0310708329998306
256,1000,moment_quant_exact_intervals,9,8,0.10338575000059791
256,1000,moment_quant_exact_samples,1,8,0.07618162499784376
256,1000,moment_quant_exact_intervals,2,8,0.10090245899846195
256,1000,moment_quant_exact_samples,4,8,0.07728895800028113
256,1000,moment_quant_exact_intervals,3,8,0.10166187499999069
256,1000,moment_quant_approx_samples,3,8,0.05900616600047215
256,1000,moment_quant_approx_samples,4,8,0.05811391700262902
256,1000,moment_quant_exact_intervals,1,8,0.10402529100247193
256,1000,moment_quant_approx_intervals,3,8,0.10522404199946322
256,1000,moment_quant_approx_intervals,7,8,0.10456729199722758
256,1000,moment_quant_approx_samples,9,8,0.05914979199951631
256,1000,moment_quant_exact_samples,8,8,0.07922670900006779
256,1000,moment_quant_exact_samples,5,8,0.07941741600006935
256,1000,moment_quant_approx_intervals,2,8,0.10594625000157976
256,1000,moment_quant_approx_intervals,8,8,0.10521337500176742
256,1000,moment_quant_exact_intervals,0,8,0.10473474999889731
256,1000,moment_quant_approx_intervals,9,8,0.1044660829975328
256,1000,moment_quant_approx_intervals,0,8,0.10448970799916424
256,1000,moment_quant_exact_intervals,7,8,0.10475629100255901
256,1000,moment_quant_approx_samples,7,8,0.06279666699992958
256,1000,moment_quant_approx_samples,2,8,0.05847170900233323
256,1000,moment_quant_approx_samples,1,8,0.05748791700170841
256,1000,moment_quant_approx_intervals,5,8,0.10612754099929589
256,1000,moment_quant_exact_intervals,5,8,0.10471845799838775
256,1000,moment_quant_approx_samples,8,8,0.057105374999082414
256,1000,moment_quant_approx_samples,6,8,0.058403458999237046
256,1000,moment_quant_exact_intervals,8,8,0.10396879200197873
256,1000,moment_quant_approx_intervals,6,8,0.10480441699837684
256,1000,moment_quant_exact_intervals,6,8,0.10359104199960711
256,1000,moment_quant_exact_samples,7,8,0.08134479099680902
256,1000,moment_quant_exact_intervals,4,8,0.10226741699807462
256,1000,moment_quant_approx_samples,0,8,0.059012500001699664
256,1000,moment_quant_approx_intervals,1,8,0.10542137499942328
256,1000,moment_quant_exact_samples,3,8,0.09221712499856949
256,1000,moment_quant_approx_intervals,4,8,0.11703108300207532
256,1000,moment_quant_exact_samples,0,8,0.07964591699783341
256,1000,moment_quant_exact_samples,9,8,0.07702308399893809
256,1000,moment_quant_exact_samples,6,8,0.07811375000164844
256,1000,moment_quant_approx_samples,5,8,0.05866500000047381
256,1000,moment_quant_exact_samples,2,8,0.07923112500066054
256,3000,moment_quant_approx_intervals,9,8,0.29125624999869615
256,3000,moment_quant_exact_samples,4,8,0.24533283300115727
256,3000,moment_quant_approx_samples,8,8,0.1673912910009676
256,3000,moment_quant_exact_intervals,0,8,0.3299341669990099
256,3000,moment_quant_approx_samples,0,8,0.1455363330023829
256,3000,moment_quant_exact_intervals,4,8,0.3122812499968859
256,3000,moment_quant_exact_intervals,2,8,0.3116672500000277
256,3000,moment_quant_exact_samples,1,8,0.21931237499666167
256,3000,moment_quant_exact_samples,0,8,0.2193181660004484
256,3000,moment_quant_exact_intervals,9,8,0.32169824999800767
256,3000,moment_quant_approx_samples,3,8,0.1492769579999731
256,3000,moment_quant_exact_samples,2,8,0.22257454200007487
256,3000,moment_quant_exact_intervals,7,8,0.3231107499996142
256,3000,moment_quant_approx_samples,4,8,0.14841262499976438
256,3000,moment_quant_approx_samples,6,8,0.1540266249976412
256,3000,moment_quant_exact_samples,7,8,0.21992241599946283
256,3000,moment_quant_approx_intervals,5,8,0.2895021660006023
256,3000,moment_quant_exact_samples,9,8,0.23063954200188164
256,3000,moment_quant_approx_intervals,4,8,0.2810083330005
256,3000,moment_quant_approx_intervals,7,8,0.28750591599964537
256,3000,moment_quant_exact_samples,5,8,0.21920708299876424
256,3000,moment_quant_approx_intervals,2,8,0.27454383299846086
256,3000,moment_quant_exact_intervals,5,8,0.32471629199790186
256,3000,moment_quant_exact_samples,6,8,0.28243845799806877
256,3000,moment_quant_approx_samples,7,8,0.1643554160000349
256,3000,moment_quant_approx_samples,1,8,0.16503000000011525
256,3000,moment_quant_exact_intervals,8,8,0.3421433750008873
256,3000,moment_quant_approx_intervals,8,8,0.2995796249997511
256,3000,moment_quant_exact_intervals,6,8,0.324615666999307
256,3000,moment_quant_exact_intervals,3,8,0.3284267919989361
256,3000,moment_quant_approx_intervals,1,8,0.2762236250018759
256,3000,moment_quant_exact_samples,8,8,0.24730941699817777
256,3000,moment_quant_approx_samples,5,8,0.15181474999917555
256,3000,moment_quant_approx_intervals,6,8,0.2726924999988114
256,3000,moment_quant_approx_samples,2,8,0.14746562499931315
256,3000,moment_quant_exact_samples,3,8,0.2170490409989725
256,3000,moment_quant_exact_intervals,1,8,0.3327302090001467
256,3000,moment_quant_approx_intervals,0,8,0.2869030000001658
256,3000,moment_quant_approx_intervals,3,8,0.2755262089995085
256,3000,moment_quant_approx_samples,9,8,0.15593120799894677
256,10000,moment_quant_exact_samples,1,8,0.7272775420024118
256,10000,moment_quant_approx_samples,5,8,0.6287458750011865
256,10000,moment_quant_exact_intervals,8,8,1.1796959589992184
256,10000,moment_quant_approx_samples,3,8,0.6016305410012137
256,10000,moment_quant_approx_intervals,2,8,1.438920667002094
256,10000,moment_quant_exact_intervals,3,8,1.1754004579997854
256,10000,moment_quant_exact_intervals,4,8,1.1790254170009575
256,10000,moment_quant_exact_intervals,5,8,1.1770128329990257
256,10000,moment_quant_exact_intervals,0,8,1.1847131670001545
256,10000,moment_quant_approx_samples,7,8,0.5666602920027799
256,10000,moment_quant_exact_samples,6,8,0.731784208001045
256,10000,moment_quant_exact_intervals,2,8,1.1868473750000703
256,10000,moment_quant_approx_intervals,4,8,1.6532137089998287
256,10000,moment_quant_approx_intervals,0,8,1.499267625000357
256,10000,moment_quant_approx_intervals,1,8,1.4229017079996993
256,10000,moment_quant_approx_samples,6,8,0.5780012919967703
256,10000,moment_quant_exact_intervals,6,8,1.1774277090007672
256,10000,moment_quant_exact_samples,8,8,0.7204381660012587
256,10000,moment_quant_approx_intervals,9,8,1.6443437500020082
256,10000,moment_quant_approx_intervals,8,8,1.6646801250026328
256,10000,moment_quant_approx_intervals,6,8,1.4661718329989526
256,10000,moment_quant_approx_samples,2,8,0.6098144589996082
256,10000,moment_quant_exact_intervals,9,8,1.1770524170024146
256,10000,moment_quant_exact_samples,0,8,0.7228745840002375
256,10000,moment_quant_approx_samples,1,8,0.6114964580010565
256,10000,moment_quant_exact_samples,5,8,0.7351410830015084
256,10000,moment_quant_exact_samples,9,8,0.7387366250004561
256,10000,moment_quant_approx_samples,0,8,0.6408924169991224
256,10000,moment_quant_exact_samples,7,8,0.7291486670001177
256,10000,moment_quant_approx_intervals,3,8,1.5309129159977601
256,10000,moment_quant_approx_intervals,5,8,1.4089707080020162
256,10000,moment_quant_exact_samples,2,8,0.742811874999461
256,10000,moment_quant_exact_intervals,1,8,1.1714932920003776
256,10000,moment_quant_approx_samples,9,8,0.6195566249989497
256,10000,moment_quant_approx_intervals,7,8,1.5328024579976045
256,10000,moment_quant_approx_samples,4,8,0.6256091249997553
256,10000,moment_quant_exact_samples,3,8,0.7235480420022213
256,10000,moment_quant_exact_samples,4,8,0.733061708000605
256,10000,moment_quant_exact_intervals,7,8,1.1906660000022384
256,10000,moment_quant_approx_samples,8,8,0.6032384999998612
384,1,moment_quant_exact_samples,7,8,0.0012297499997657724
384,1,moment_quant_approx_samples,8,8,0.021605957997962832
384,1,moment_quant_exact_intervals,0,8,0.008186292001482798
384,1,moment_quant_approx_samples,2,8,0.021608584000205155
384,1,moment_quant_exact_samples,0,8,0.0012049159995513037
384,1,moment_quant_exact_samples,4,8,0.0010598750013741665
384,1,moment_quant_exact_samples,8,8,0.001064583000697894
384,1,moment_quant_exact_intervals,7,8,0.008087333000730723
384,1,moment_quant_approx_samples,7,8,0.0216939160018228
384,1,moment_quant_exact_samples,5,8,0.001117583000450395
384,1,moment_quant_approx_intervals,4,8,0.025357167000038316
384,1,moment_quant_exact_samples,9,8,0.0010846249970200006
384,1,moment_quant_exact_intervals,2,8,0.008099750000837957
384,1,moment_quant_approx_intervals,7,8,0.025332832999993116
384,1,moment_quant_approx_samples,4,8,0.021608416998788016
384,1,moment_quant_approx_intervals,6,8,0.025363207998452708
384,1,moment_quant_exact_intervals,9,8,0.00806899999952293
384,1,moment_quant_approx_samples,0,8,0.021510208000108832
384,1,moment_quant_approx_intervals,3,8,0.025941875002899906
384,1,moment_quant_approx_samples,1,8,0.021559792003245093
384,1,moment_quant_approx_intervals,0,8,0.025315582999610342
384,1,moment_quant_approx_intervals,8,8,0.025311917001090478
384,1,moment_quant_approx_samples,3,8,0.02155766700161621
384,1,moment_quant_approx_intervals,2,8,0.02536958299970138
384,1,moment_quant_exact_samples,6,8,0.0011944590005441569
384,1,moment_quant_exact_intervals,8,8,0.008030708999285707
384,1,moment_quant_exact_intervals,5,8,0.007974707998073427
384,1,moment_quant_approx_samples,5,8,0.021589208001387306
384,1,moment_quant_exact_intervals,3,8,0.008037625000724802
384,1,moment_quant_exact_samples,1,8,0.0011667919970932417
384,1,moment_quant_approx_samples,9,8,0.02156279100017855
384,1,moment_quant_exact_intervals,1,8,0.008105417000479065
384,1,moment_quant_approx_intervals,9,8,0.025294166996900458
384,1,moment_quant_exact_samples,3,8,0.0010895830018853303
384,1,moment_quant_approx_intervals,1,8,0.02527041700159316
384,1,moment_quant_approx_samples,6,8,0.02161266600160161
384,1,moment_quant_exact_intervals,4,8,0.00808070900166058
384,1,moment_quant_exact_samples,2,8,0.0011617500022111926
384,1,moment_quant_exact_intervals,6,8,0.008020000001124572
384,1,moment_quant_approx_intervals,5,8,0.02531279100003303
384,2,moment_quant_exact_intervals,2,8,0.008420916998147732
384,2,moment_quant_approx_samples,9,8,0.02238858299824642
384,2,moment_quant_exact_samples,0,8,0.0013335000003280584
384,2,moment_quant_exact_samples,7,8,0.0013177079999877606
384,2,moment_quant_exact_intervals,8,8,0.008283207997010322
384,2,moment_quant_approx_intervals,7,8,0.025956459001463372
384,2,moment_quant_approx_samples,0,8,0.022978708999289665
384,2,moment_quant_exact_samples,4,8,0.001140958000178216
384,2,moment_quant_exact_intervals,6,8,0.008373791999474633
384,2,moment_quant_approx_intervals,2,8,0.025913542001944734
384,2,moment_quant_approx_samples,3,8,0.022411750000173924
384,2,moment_quant_approx_samples,5,8,0.02233837499807123
384,2,moment_quant_exact_intervals,1,8,0.008357665999938035
384,2,moment_quant_approx_intervals,6,8,0.026030166998680215
384,2,moment_quant_approx_intervals,1,8,0.025978875000873813
384,2,moment_quant_exact_intervals,7,8,0.008294875002320623
384,2,moment_quant_exact_samples,2,8,0.0012605830015672836
384,2,moment_quant_exact_intervals,4,8,0.008308749998832354
384,2,moment_quant_approx_intervals,9,8,0.02619254100136459
384,2,moment_quant_approx_intervals,8,8,0.026002749997132923
384,2,moment_quant_approx_intervals,3,8,0.025951708001230145
384,2,moment_quant_approx_samples,4,8,0.022510792001412483
384,2,moment_quant_approx_samples,8,8,0.022357292000378948
384,2,moment_quant_exact_intervals,3,8,0.008464999998977873
384,2,moment_quant_approx_samples,6,8,0.022266084000875708
384,2,moment_quant_approx_intervals,4,8,0.026027084000816103
384,2,moment_quant_exact_samples,6,8,0.0011919169992324896
384,2,moment_quant_exact_intervals,5,8,0.008373417000257177
384,2,moment_quant_approx_samples,2,8,0.0229202919981617
384,2,moment_quant_exact_samples,1,8,0.0014294579996203538
384,2,moment_quant_exact_intervals,0,8,0.00856437499896856
384,2,moment_quant_exact_samples,3,8,0.001505667001765687
384,2,moment_quant_approx_samples,1,8,0.022471167001640424
384,2,moment_quant_approx_samples,7,8,0.0223008339999069
384,2,moment_quant_exact_samples,5,8,0.0012501670025812928
384,2,moment_quant_exact_samples,9,8,0.0011726249977073167
384,2,moment_quant_approx_intervals,0,8,0.02610554099737783
384,2,moment_quant_exact_samples,8,8,0.0011285000000498258
384,2,moment_quant_approx_intervals,5,8,0.026041082997835474
384,2,moment_quant_exact_intervals,9,8,0.008411249997152481
384,3,moment_quant_approx_samples,8,8,0.022687166998366592
384,3,moment_quant_approx_intervals,6,8,0.026208667000901187
384,3,moment_quant_exact_samples,2,8,0.0012404999979480635
384,3,moment_quant_approx_intervals,3,8,0.026129666999622714
384,3,moment_quant_approx_intervals,7,8,0.026170832999923732
384,3,moment_quant_exact_samples,8,8,0.001233417002367787
384,3,moment_quant_exact_samples,1,8,0.0012040000001434237
384,3,moment_quant_approx_samples,7,8,0.022508415997435804
384,3,moment_quant_exact_intervals,8,8,0.008484667003358481
384,3,moment_quant_approx_samples,0,8,0.022447625000495464
384,3,moment_quant_exact_intervals,9,8,0.008461333000013838
384,3,moment_quant_exact_samples,4,8,0.0012214589987706859
384,3,moment_quant_exact_samples,3,8,0.0011506249975354876
384,3,moment_quant_approx_samples,1,8,0.022550375000719214
384,3,moment_quant_approx_intervals,5,8,0.026290083998901537
384,3,moment_quant_approx_samples,2,8,0.022682082999381237
384,3,moment_quant_approx_intervals,2,8,0.026212000000668922
384,3,moment_quant_approx_intervals,1,8,0.02623212500111549
384,3,moment_quant_exact_samples,9,8,0.0012432920011633541
384,3,moment_quant_exact_samples,7,8,0.0011690419996739365
384,3,moment_quant_approx_samples,6,8,0.022519915997690987
384,3,moment_quant_approx_samples,5,8,0.022394082996470388
384,3,moment_quant_exact_intervals,0,8,0.008609625001554377
384,3,moment_quant_exact_intervals,6,8,0.008523458000126993
384,3,moment_quant_exact_intervals,5,8,0.00853258400093182
384,3,moment_quant_exact_intervals,3,8,0.008497916998749133
384,3,moment_quant_approx_samples,4,8,0.022452166998846224
384,3,moment_quant_approx_intervals,4,8,0.026217291997454595
384,3,moment_quant_exact_samples,0,8,0.0012143750027462374
384,3,moment_quant_approx_intervals,9,8,0.02626349999991362
384,3,moment_quant_approx_intervals,0,8,0.026796999998623505
384,3,moment_quant_exact_intervals,4,8,0.008543708998331567
384,3,moment_quant_exact_samples,5,8,0.001159874998847954
384,3,moment_quant_approx_intervals,8,8,0.026453499998751795
384,3,moment_quant_approx_samples,9,8,0.02261999999973341
384,3,moment_quant_exact_intervals,2,8,0.00853445900065708
384,3,moment_quant_approx_samples,3,8,0.022477499998785788
384,3,moment_quant_exact_samples,6,8,0.0013237079983809963
384,3,moment_quant_exact_intervals,7,8,0.008550250000553206
384,3,moment_quant_exact_intervals,1,8,0.00853225000173552
384,4,moment_quant_exact_samples,8,8,0.0012379170002532192
384,4,moment_quant_exact_intervals,5,8,0.008791000000201166
384,4,moment_quant_approx_samples,1,8,0.02261341700068442
384,4,moment_quant_exact_samples,0,8,0.0012782499979948625
384,4,moment_quant_approx_samples,3,8,0.022608416998991743
384,4,moment_quant_exact_intervals,3,8,0.0087390000007872
384,4,moment_quant_approx_intervals,3,8,0.026303541999368463
384,4,moment_quant_approx_samples,4,8,0.02262416599842254
384,4,moment_quant_exact_samples,5,8,0.001269459000468487
384,4,moment_quant_exact_samples,6,8,0.0013186249998398125
384,4,moment_quant_exact_intervals,0,8,0.008706707998499041
384,4,moment_quant_approx_intervals,8,8,0.026288458000635728
384,4,moment_quant_approx_intervals,9,8,0.026459416996658547
384,4,moment_quant_exact_intervals,7,8,0.008643208999274066
384,4,moment_quant_exact_samples,3,8,0.0012315419990045484
384,4,moment_quant_approx_intervals,4,8,0.02646399999866844
384,4,moment_quant_exact_intervals,4,8,0.008768834002694348
384,4,moment_quant_approx_samples,8,8,0.02280470800178591
384,4,moment_quant_exact_intervals,9,8,0.008634000001620734
384,4,moment_quant_approx_intervals,1,8,0.02667058299994096
384,4,moment_quant_exact_intervals,2,8,0.008921959000872448
384,4,moment_quant_exact_samples,2,8,0.0012242090015206486
384,4,moment_quant_approx_samples,0,8,0.022622374999627937
384,4,moment_quant_exact_intervals,6,8,0.008709583002200816
384,4,moment_quant_exact_samples,7,8,0.0014452089999394957
384,4,moment_quant_approx_samples,5,8,0.022538208999321796
384,4,moment_quant_exact_samples,9,8,0.001309415998548502
384,4,moment_quant_exact_samples,1,8,0.0011847919995489065
384,4,moment_quant_approx_samples,6,8,0.022485208999569295
384,4,moment_quant_exact_samples,4,8,0.0012907080017612316
384,4,moment_quant_exact_intervals,8,8,0.008680124999955297
384,4,moment_quant_approx_samples,2,8,0.02257912500135717
384,4,moment_quant_approx_intervals,5,8,0.026389750000817003
384,4,moment_quant_approx_samples,7,8,0.022443833000579616
384,4,moment_quant_approx_intervals,0,8,0.026406875000247965
384,4,moment_quant_approx_intervals,2,8,0.026352125001722015
384,4,moment_quant_approx_samples,9,8,0.0225487499992596
384,4,moment_quant_approx_intervals,6,8,0.02629108400287805
384,4,moment_quant_approx_intervals,7,8,0.026286792002792936
384,4,moment_quant_exact_intervals,1,8,0.00864108300083899
384,8,moment_quant_approx_samples,0,8,0.022941833001823397
384,8,moment_quant_exact_intervals,4,8,0.009258334001060575
384,8,moment_quant_approx_intervals,0,8,0.026743250000436092
384,8,moment_quant_exact_samples,9,8,0.0026917089999187738
384,8,moment_quant_exact_intervals,7,8,0.009434040999622084
384,8,moment_quant_approx_samples,3,8,0.022818082998128375
384,8,moment_quant_approx_intervals,2,8,0.026792000000568805
384,8,moment_quant_approx_intervals,3,8,0.02665254200110212
384,8,moment_quant_exact_intervals,0,8,0.009355250000226079
384,8,moment_quant_approx_samples,5,8,0.022771667001507012
384,8,moment_quant_approx_intervals,9,8,0.026732583002740284
384,8,moment_quant_exact_samples,6,8,0.0015498749999096617
384,8,moment_quant_exact_intervals,6,8,0.009329959000751842
384,8,moment_quant_exact_samples,8,8,0.0016648340024403296
384,8,moment_quant_approx_samples,2,8,0.02279508300125599
384,8,moment_quant_approx_samples,9,8,0.022697665997839067
384,8,moment_quant_exact_intervals,3,8,0.009345499998744344
384,8,moment_quant_exact_samples,7,8,0.0028112079999118578
384,8,moment_quant_approx_samples,8,8,0.02274095800021314
384,8,moment_quant_exact_intervals,1,8,0.00939141699927859
384,8,moment_quant_approx_intervals,1,8,0.026718375000200467
384,8,moment_quant_approx_samples,1,8,0.02284375000090222
384,8,moment_quant_approx_intervals,7,8,0.026686208999308292
384,8,moment_quant_approx_samples,4,8,0.022814334002760006
384,8,moment_quant_exact_samples,5,8,0.0017203749994223472
384,8,moment_quant_exact_intervals,5,8,0.00936724999701255
384,8,moment_quant_exact_intervals,9,8,0.009223582997947233
384,8,moment_quant_approx_intervals,5,8,0.026865125000767875
384,8,moment_quant_approx_samples,6,8,0.02287241600060952
384,8,moment_quant_exact_samples,1,8,0.001600083000084851
384,8,moment_quant_exact_samples,0,8,0.001592874999914784
384,8,moment_quant_exact_intervals,2,8,0.0093358750018524
384,8,moment_quant_approx_intervals,4,8,0.026671167001040885
384,8,moment_quant_exact_intervals,8,8,0.0093095420015743
384,8,moment_quant_approx_intervals,8,8,0.026680208000470884
384,8,moment_quant_exact_samples,3,8,0.0015415409980050754
384,8,moment_quant_approx_intervals,6,8,0.026717916000052355
384,8,moment_quant_exact_samples,2,8,0.0022241670012590475
384,8,moment_quant_approx_samples,7,8,0.022752082997612888
384,8,moment_quant_exact_samples,4,8,0.0015106249993550591
384,10,moment_quant_exact_intervals,8,8,0.009762999998201849
384,10,moment_quant_approx_intervals,3,8,0.026894415997958276
384,10,moment_quant_exact_intervals,4,8,0.009577332999469945
384,10,moment_quant_exact_intervals,6,8,0.009741249999933643
384,10,moment_quant_approx_samples,5,8,0.023029832998872735
384,10,moment_quant_approx_samples,1,8,0.02288300000145682
384,10,moment_quant_approx_intervals,0,8,0.02679941599853919
384,10,moment_quant_exact_samples,1,8,0.0029529579987865873
384,10,moment_quant_approx_intervals,1,8,0.026820374998351326
384,10,moment_quant_exact_intervals,0,8,0.009639291998610133
384,10,moment_quant_approx_intervals,4,8,0.026806000001670327
384,10,moment_quant_approx_samples,7,8,0.022979666999162873
384,10,moment_quant_approx_intervals,6,8,0.026916416001768084
384,10,moment_quant_approx_samples,3,8,0.023007542000414105
384,10,moment_quant_exact_samples,7,8,0.0028234579986019526
384,10,moment_quant_approx_intervals,2,8,0.02679395900122472
384,10,moment_quant_approx_samples,8,8,0.02283841600001324
384,10,moment_quant_exact_intervals,1,8,0.009715374999359483
384,10,moment_quant_exact_samples,9,8,0.002932916999270674
384,10,moment_quant_exact_intervals,5,8,0.009659332998126047
384,10,moment_quant_approx_samples,4,8,0.02289287500025239
384,10,moment_quant_exact_intervals,9,8,0.009652790999098215
384,10,moment_quant_approx_intervals,8,8,0.02754225000171573
384,10,moment_quant_approx_intervals,7,8,0.0277931249984249
384,10,moment_quant_approx_samples,9,8,0.022870458000397775
384,10,moment_quant_exact_intervals,2,8,0.009674958000687184
384,10,moment_quant_exact_intervals,7,8,0.009561458999087336
384,10,moment_quant_exact_samples,2,8,0.0028786670009139925
384,10,moment_quant_exact_samples,0,8,0.0017215840016433503
384,10,moment_quant_exact_samples,5,8,0.0016846250000526197
384,10,moment_quant_exact_samples,3,8,0.003321750002214685
384,10,moment_quant_exact_intervals,3,8,0.009618250001949491
384,10,moment_quant_exact_samples,4,8,0.0017556669990881346
384,10,moment_quant_exact_samples,6,8,0.001767624999047257
384,10,moment_quant_approx_samples,2,8,0.022963374998653308
384,10,moment_quant_approx_samples,6,8,0.023011082997982157
384,10,moment_quant_approx_samples,0,8,0.02292562499860651
384,10,moment_quant_approx_intervals,9,8,0.027065958998718997
384,10,moment_quant_approx_intervals,5,8,0.02682920900042518
384,10,moment_quant_exact_samples,8,8,0.0018364589996053837
384,16,moment_quant_exact_intervals,9,8,0.011660665997624164
384,16,moment_quant_exact_samples,9,8,0.0029065000016998965
384,16,moment_quant_exact_intervals,8,8,0.010614708000503015
384,16,moment_quant_approx_samples,6,8,0.023229750000609783
384,16,moment_quant_approx_intervals,1,8,0.027486957998917205
384,16,moment_quant_exact_intervals,5,8,0.010624209000525298
384,16,moment_quant_exact_intervals,2,8,0.010550291997788008
384,16,moment_quant_exact_samples,2,8,0.0034574999990582
384,16,moment_quant_approx_samples,5,8,0.023318499999732012
384,16,moment_quant_approx_intervals,6,8,0.028177416999824345
384,16,moment_quant_approx_intervals,2,8,0.027671916999679524
384,16,moment_quant_approx_samples,9,8,0.024191624997911276
384,16,moment_quant_exact_intervals,7,8,0.010662666001735488
384,16,moment_quant_exact_intervals,1,8,0.01049908300046809
384,16,moment_quant_approx_intervals,5,8,0.02767587500056834
384,16,moment_quant_exact_samples,1,8,0.0033852500018838327
384,16,moment_quant_approx_samples,3,8,0.023310915999900317
384,16,moment_quant_exact_samples,6,8,0.003245541000069352
384,16,moment_quant_exact_samples,5,8,0.0027121669991174713
384,16,moment_quant_exact_intervals,4,8,0.01124454100136063
384,16,moment_quant_approx_samples,0,8,0.023212416999740526
384,16,moment_quant_exact_intervals,3,8,0.010588375000224914
384,16,moment_quant_exact_samples,0,8,0.002768416001345031
384,16,moment_quant_approx_intervals,9,8,0.028233707998879254
384,16,moment_quant_approx_samples,8,8,0.023768625000229804
384,16,moment_quant_approx_intervals,4,8,0.027849917001731228
384,16,moment_quant_approx_intervals,7,8,0.027673874999891268
384,16,moment_quant_approx_intervals,8,8,0.027567749999434454
384,16,moment_quant_approx_samples,1,8,0.023221541003294988
384,16,moment_quant_approx_intervals,3,8,0.02778704199954518
384,16,moment_quant_exact_samples,3,8,0.002871208002034109
384,16,moment_quant_exact_intervals,6,8,0.011679709001327865
384,16,moment_quant_exact_samples,4,8,0.0029855840002710465
384,16,moment_quant_approx_samples,4,8,0.023390499998640735
384,16,moment_quant_exact_samples,8,8,0.003072041999985231
384,16,moment_quant_exact_samples,7,8,0.002869874999305466
384,16,moment_quant_approx_samples,7,8,0.023843667000619462
384,16,moment_quant_exact_intervals,0,8,0.01056116700056009
384,16,moment_quant_approx_intervals,0,8,0.02748329099995317
384,16,moment_quant_approx_samples,2,8,0.023202083000796847
384,30,moment_quant_exact_samples,9,8,0.0044369589995767456
384,30,moment_quant_approx_intervals,4,8,0.029644792000908637
384,30,moment_quant_approx_samples,1,8,0.024907915998483077
384,30,moment_quant_approx_samples,9,8,0.023873665999417426
384,30,moment_quant_approx_intervals,1,8,0.028558457997860387
384,30,moment_quant_exact_intervals,7,8,0.012780124998243991
384,30,moment_quant_approx_samples,7,8,0.02384541699939291
384,30,moment_quant_approx_samples,0,8,0.024435625000478467
384,30,moment_quant_approx_intervals,9,8,0.028579875001014443
384,30,moment_quant_approx_intervals,3,8,0.028482541998528177
384,30,moment_quant_approx_intervals,6,8,0.028469916000176454
384,30,moment_quant_exact_intervals,3,8,0.012799500000255648
384,30,moment_quant_exact_samples,3,8,0.004825125000934349
384,30,moment_quant_exact_intervals,5,8,0.012864167001680471
384,30,moment_quant_exact_samples,1,8,0.003834750001260545
384,30,moment_quant_approx_intervals,5,8,0.028556917000969406
384,30,moment_quant_exact_intervals,2,8,0.01286262500070734
384,30,moment_quant_approx_samples,8,8,0.024414915998931974
384,30,moment_quant_approx_intervals,8,8,0.0288027080023312
384,30,moment_quant_exact_samples,4,8,0.005226542001764756
384,30,moment_quant_approx_intervals,2,8,0.030784915998083306
384,30,moment_quant_exact_intervals,9,8,0.013247875001979992
384,30,moment_quant_approx_samples,3,8,0.024265666001156205
384,30,moment_quant_approx_samples,5,8,0.024625541998830158
384,30,moment_quant_approx_intervals,0,8,0.029828667000401765
384,30,moment_quant_exact_samples,8,8,0.004817624998395331
384,30,moment_quant_approx_samples,4,8,0.024447042000247166
384,30,moment_quant_exact_samples,6,8,0.0043476249993545935
384,30,moment_quant_exact_samples,5,8,0.004637166999600595
384,30,moment_quant_exact_intervals,8,8,0.013273291999212233
384,30,moment_quant_exact_samples,2,8,0.004550416000711266
384,30,moment_quant_approx_samples,6,8,0.024747707997448742
384,30,moment_quant_approx_intervals,7,8,0.02860766700177919
384,30,moment_quant_exact_samples,7,8,0.004594833000737708
384,30,moment_quant_exact_intervals,4,8,0.012872208000771934
384,30,moment_quant_exact_intervals,0,8,0.012706500001513632
384,30,moment_quant_exact_samples,0,8,0.003904000001057284
384,30,moment_quant_approx_samples,2,8,0.024812667001242517
384,30,moment_quant_exact_intervals,6,8,0.013521458000468556
384,30,moment_quant_exact_intervals,1,8,0.013211333000072045
384,32,moment_quant_exact_samples,4,8,0.005644333999953233
384,32,moment_quant_approx_intervals,9,8,0.028944125002453802
384,32,moment_quant_exact_samples,8,8,0.003907207999873208
384,32,moment_quant_exact_samples,6,8,0.00575145800030441
384,32,moment_quant_exact_samples,3,8,0.004587999999785097
384,32,moment_quant_exact_intervals,0,8,0.013888000001315959
384,32,moment_quant_approx_intervals,2,8,0.03061695799988229
384,32,moment_quant_approx_intervals,6,8,0.030517375002091285
384,32,moment_quant_approx_samples,8,8,0.023956541997904424
384,32,moment_quant_exact_intervals,2,8,0.014395000001968583
384,32,moment_quant_approx_intervals,0,8,0.030907458000001498
384,32,moment_quant_exact_samples,0,8,0.005927458001679042
384,32,moment_quant_approx_samples,4,8,0.024033249999774853
384,32,moment_quant_approx_intervals,7,8,0.029429416001221398
384,32,moment_quant_exact_intervals,5,8,0.013469249999616295
384,32,moment_quant_approx_samples,2,8,0.025349166000523837
384,32,moment_quant_approx_samples,0,8,0.025134625000646338
384,32,moment_quant_exact_intervals,4,8,0.01391449999937322
384,32,moment_quant_exact_intervals,3,8,0.013329291999980342
384,32,moment_quant_exact_intervals,9,8,0.01334741699974984
384,32,moment_quant_approx_intervals,4,8,0.029951874999824213
384,32,moment_quant_approx_samples,7,8,0.025031666998984292
384,32,moment_quant_exact_intervals,6,8,0.013999207996675977
384,32,moment_quant_exact_samples,2,8,0.004691541998909088
384,32,moment_quant_approx_intervals,1,8,0.029531666998082073
384,32,moment_quant_approx_samples,3,8,0.024071250001725275
384,32,moment_quant_approx_intervals,5,8,0.028785499998775776
384,32,moment_quant_approx_intervals,3,8,0.02870495800016215
384,32,moment_quant_exact_intervals,7,8,0.013152583000191953
384,32,moment_quant_exact_samples,1,8,0.0057198750000679865
384,32,moment_quant_approx_intervals,8,8,0.028793624998797895
384,32,moment_quant_approx_samples,9,8,0.02389479100020253
384,32,moment_quant_approx_samples,5,8,0.024418042001343565
384,32,moment_quant_exact_samples,5,8,0.004641332998289727
384,32,moment_quant_exact_samples,7,8,0.004347291996964486
384,32,moment_quant_exact_samples,9,8,0.005900125001062406
384,32,moment_quant_exact_intervals,1,8,0.013150958002370317
384,32,moment_quant_approx_samples,6,8,0.024008624997804873
384,32,moment_quant_approx_samples,1,8,0.02401408299920149
384,32,moment_quant_exact_intervals,8,8,0.014285790999565506
384,64,moment_quant_approx_intervals,2,8,0.03333195799859823
384,64,moment_quant_exact_samples,4,8,0.00713858299786807
384,64,moment_quant_exact_samples,2,8,0.008572082999307895
384,64,moment_quant_approx_intervals,5,8,0.03222254099819111
384,64,moment_quant_approx_samples,8,8,0.02748708400031319
384,64,moment_quant_approx_intervals,8,8,0.0354442919997382
384,64,moment_quant_approx_samples,2,8,0.027766833001805935
384,64,moment_quant_approx_samples,6,8,0.028097750000597443
384,64,moment_quant_approx_intervals,6,8,0.036010957999678794
384,64,moment_quant_approx_samples,9,8,0.027242459000262897
384,64,moment_quant_exact_samples,1,8,0.007410082998831058
384,64,moment_quant_approx_samples,5,8,0.02762504199927207
384,64,moment_quant_exact_intervals,0,8,0.020472999996854924
384,64,moment_quant_exact_intervals,9,8,0.0196173340009409
384,64,moment_quant_exact_samples,5,8,0.008950708997872425
384,64,moment_quant_exact_intervals,1,8,0.019772709001699695
384,64,moment_quant_exact_samples,0,8,0.010765082999569131
384,64,moment_quant_exact_intervals,3,8,0.018903333999332972
384,64,moment_quant_exact_samples,9,8,0.010620084001857322
384,64,moment_quant_exact_samples,7,8,0.00950566599931335
384,64,moment_quant_exact_intervals,5,8,0.01915999999982887
384,64,moment_quant_exact_samples,6,8,0.008752499998081475
384,64,moment_quant_exact_intervals,8,8,0.019215041000279598
384,64,moment_quant_approx_intervals,1,8,0.03670883400263847
384,64,moment_quant_exact_samples,3,8,0.00760012500177254
384,64,moment_quant_approx_intervals,7,8,0.03660404200127232
384,64,moment_quant_approx_intervals,3,8,0.03650199999901815
384,64,moment_quant_exact_samples,8,8,0.00952816700009862
384,64,moment_quant_exact_intervals,2,8,0.019483125000988366
384,64,moment_quant_approx_samples,7,8,0.027762499998061685
384,64,moment_quant_exact_intervals,4,8,0.018480708000424784
384,64,moment_quant_exact_intervals,6,8,0.0184039589985332
384,64,moment_quant_approx_intervals,0,8,0.034696916001848876
384,64,moment_quant_approx_samples,4,8,0.028998500001762295
384,64,moment_quant_approx_samples,3,8,0.028250708000996383
384,64,moment_quant_approx_samples,0,8,0.027929583000513958
384,64,moment_quant_approx_intervals,9,8,0.03598629200132564
384,64,moment_quant_exact_intervals,7,8,0.01927725000132341
384,64,moment_quant_approx_intervals,4,8,0.03570516699983273
384,64,moment_quant_approx_samples,1,8,0.026279499998054234
384,100,moment_quant_exact_intervals,3,8,0.02520304100107751
384,100,moment_quant_exact_intervals,4,8,0.02489808400059701
384,100,moment_quant_approx_samples,0,8,0.030831292002403643
384,100,moment_quant_exact_samples,2,8,0.013295083001139574
384,100,moment_quant_approx_samples,1,8,0.028668374998233048
384,100,moment_quant_exact_samples,8,8,0.011548791000677738
384,100,moment_quant_approx_samples,2,8,0.031084541999007342
384,100,moment_quant_approx_intervals,1,8,0.036394999999174615
384,100,moment_quant_approx_intervals,3,8,0.03610350000235485
384,100,moment_quant_exact_intervals,6,8,0.02400008300173795
384,100,moment_quant_exact_samples,9,8,0.013371958000789164
384,100,moment_quant_approx_samples,8,8,0.031204541999613866
384,100,moment_quant_exact_intervals,9,8,0.023693750001257285
384,100,moment_quant_approx_samples,7,8,0.029083000001264736
384,100,moment_quant_exact_intervals,7,8,0.026086707999638747
384,100,moment_quant_exact_samples,5,8,0.014103083998634247
384,100,moment_quant_exact_samples,6,8,0.012296667002374306
384,100,moment_quant_exact_intervals,5,8,0.023602500001288718
384,100,moment_quant_exact_samples,7,8,0.012313707997236634
384,100,moment_quant_approx_intervals,4,8,0.03682062500229222
384,100,moment_quant_approx_samples,4,8,0.032161416002054466
384,100,moment_quant_exact_intervals,0,8,0.02589383400118095
384,100,moment_quant_exact_samples,0,8,0.013791749999654712
384,100,moment_quant_exact_intervals,2,8,0.025588125001377193
384,100,moment_quant_approx_intervals,6,8,0.041927041002054466
384,100,moment_quant_exact_intervals,1,8,0.02547545899869874
384,100,moment_quant_approx_intervals,2,8,0.041898416999174515
384,100,moment_quant_exact_samples,1,8,0.01400666699919384
384,100,moment_quant_approx_intervals,8,8,0.036961959001928335
384,100,moment_quant_exact_intervals,8,8,0.023735916998703033
384,100,moment_quant_approx_intervals,5,8,0.036641665999923134
384,100,moment_quant_approx_samples,5,8,0.030194458999176277
384,100,moment_quant_approx_samples,9,8,0.03037041599964141
384,100,moment_quant_approx_intervals,9,8,0.04267275000165682
384,100,moment_quant_exact_samples,4,8,0.012619749999430496
384,100,moment_quant_approx_intervals,7,8,0.04229879199920106
384,100,moment_quant_approx_samples,6,8,0.0302992090000771
384,100,moment_quant_exact_samples,3,8,0.012185333001980325
384,100,moment_quant_approx_samples,3,8,0.03146770899911644
384,100,moment_quant_approx_intervals,0,8,0.04157649999979185
384,300,moment_quant_approx_samples,6,8,0.0419535420005559
384,300,moment_quant_exact_samples,2,8,0.032579957998677855
384,300,moment_quant_exact_samples,0,8,0.034330082999076694
384,300,moment_quant_exact_samples,1,8,0.031974333000107436
384,300,moment_quant_approx_intervals,6,8,0.05702258300152607
384,300,moment_quant_exact_intervals,4,8,0.056747541999357054
384,300,moment_quant_approx_intervals,3,8,0.05671720899772481
384,300,moment_quant_exact_samples,4,8,0.033521290999487974
384,300,moment_quant_approx_intervals,8,8,0.05685954200089327
384,300,moment_quant_exact_intervals,9,8,0.05659462499897927
384,300,moment_quant_approx_samples,9,8,0.04107187499903375
384,300,moment_quant_approx_samples,2,8,0.03922654100097134
384,300,moment_quant_approx_intervals,2,8,0.06817537499955506
384,300,moment_quant_exact_intervals,7,8,0.05686737499854644
384,300,moment_quant_approx_samples,3,8,0.042273708000720944
384,300,moment_quant_exact_intervals,1,8,0.057404750001296634
384,300,moment_quant_approx_samples,4,8,0.04046691600160557
384,300,moment_quant_approx_intervals,0,8,0.06378350000159116
384,300,moment_quant_exact_samples,9,8,0.03230545900078141
384,300,moment_quant_exact_intervals,2,8,0.056708667001657886
384,300,moment_quant_exact_samples,8,8,0.03358112500063726
384,300,moment_quant_approx_samples,0,8,0.04225116700035869
384,300,moment_quant_approx_samples,5,8,0.04167479199895752
384,300,moment_quant_exact_intervals,3,8,0.05659737500172923
384,300,moment_quant_approx_samples,1,8,0.04018579200055683
384,300,moment_quant_approx_samples,8,8,0.04137991699826671
384,300,moment_quant_exact_samples,6,8,0.03215949999867007
384,300,moment_quant_exact_intervals,0,8,0.056089999998221174
384,300,moment_quant_exact_intervals,5,8,0.05558841600213782
384,300,moment_quant_approx_intervals,1,8,0.06256225000106497
384,300,moment_quant_approx_intervals,4,8,0.06627608299822896
384,300,moment_quant_exact_samples,7,8,0.03346604100079276
384,300,moment_quant_exact_samples,3,8,0.03536329199778265
384,300,moment_quant_exact_intervals,6,8,0.06037520799873164
384,300,moment_quant_approx_intervals,7,8,0.05719308300103876
384,300,moment_quant_exact_samples,5,8,0.03562883299673558
384,300,moment_quant_approx_intervals,9,8,0.0630758750012319
384,300,moment_quant_exact_intervals,8,8,0.057103916002233746
384,300,moment_quant_approx_samples,7,8,0.03910774999894784
384,300,moment_quant_approx_intervals,5,8,0.06840975000159233
384,1000,moment_quant_approx_intervals,0,8,0.14634070800093468
384,1000,moment_quant_exact_intervals,7,8,0.18414195800141897
384,1000,moment_quant_exact_samples,6,8,0.10975283299922012
384,1000,moment_quant_exact_samples,0,8,0.11544737499934854
384,1000,moment_quant_approx_intervals,7,8,0.1374387920004665
384,1000,moment_quant_approx_samples,9,8,0.08445108299929416
384,1000,moment_quant_approx_samples,7,8,0.07897308400060865
384,1000,moment_quant_exact_samples,4,8,0.10290141699806554
384,1000,moment_quant_approx_samples,6,8,0.08124404199770652
384,1000,moment_quant_approx_intervals,1,8,0.14588258300136658
384,1000,moment_quant_approx_intervals,8,8,0.1401106669982255
384,1000,moment_quant_exact_intervals,1,8,0.1835053329996299
384,1000,moment_quant_approx_intervals,3,8,0.14030683300006785
384,1000,moment_quant_exact_samples,3,8,0.09974374999728752
384,1000,moment_quant_exact_samples,1,8,0.10626416699960828
384,1000,moment_quant_approx_intervals,9,8,0.14111112500177114
384,1000,moment_quant_exact_intervals,3,8,0.1836435419972986
384,1000,moment_quant_approx_samples,1,8,0.0832223330035049
384,1000,moment_quant_approx_intervals,5,8,0.1456501249995199
384,1000,moment_quant_approx_samples,0,8,0.08103545800258871
384,1000,moment_quant_exact_intervals,2,8,0.18562999999994645
384,1000,moment_quant_exact_samples,8,8,0.10050074999890057
384,1000,moment_quant_exact_intervals,5,8,0.18435945800229092
384,1000,moment_quant_exact_intervals,4,8,0.1773420419995091
384,1000,moment_quant_approx_samples,2,8,0.08238387500023236
384,1000,moment_quant_exact_intervals,8,8,0.1857181249979476
384,1000,moment_quant_exact_intervals,6,8,0.1863208750000922
384,1000,moment_quant_approx_samples,8,8,0.08494170900303288
384,1000,moment_quant_exact_samples,7,8,0.10441283299951465
384,1000,moment_quant_approx_samples,4,8,0.08232925000265823
384,1000,moment_quant_exact_samples,9,8,0.10882704200048465
384,1000,moment_quant_exact_samples,2,8,0.10385062500063214
384,1000,moment_quant_exact_intervals,0,8,0.17945379199954914
384,1000,moment_quant_approx_intervals,6,8,0.14450750000105472
384,1000,moment_quant_exact_samples,5,8,0.11883079199833446
384,1000,moment_quant_approx_samples,5,8,0.08842308400198817
384,1000,moment_quant_approx_intervals,4,8,0.14821466699868324
384,1000,moment_quant_exact_intervals,9,8,0.1868828750011744
384,1000,moment_quant_approx_samples,3,8,0.08572304100016481
384,1000,moment_quant_approx_intervals,2,8,0.1408270829997491
384,3000,moment_quant_approx_samples,0,8,0.22521520800000872
384,3000,moment_quant_approx_intervals,7,8,0.42200366600081907
384,3000,moment_quant_approx_intervals,4,8,0.42439933299829136
384,3000,moment_quant_exact_intervals,4,8,0.6218975000010687
384,3000,moment_quant_approx_intervals,1,8,0.46657479200075613
384,3000,moment_quant_approx_samples,8,8,0.22536837500229012
384,3000,moment_quant_exact_intervals,5,8,0.6343606250011362
384,3000,moment_quant_approx_samples,7,8,0.21619070900123916
384,3000,moment_quant_exact_samples,1,8,0.3236568749998696
384,3000,moment_quant_exact_samples,2,8,0.3445362499987823
384,3000,moment_quant_exact_samples,0,8,0.34780495800077915
384,3000,moment_quant_approx_intervals,2,8,0.45671041600144235
384,3000,moment_quant_exact_samples,7,8,0.32718079200276406
384,3000,moment_quant_exact_intervals,8,8,0.6379008749972854
384,3000,moment_quant_exact_intervals,1,8,0.6299987910024356
384,3000,moment_quant_exact_samples,6,8,0.31158974999925704
384,3000,moment_quant_exact_samples,4,8,0.32283033299972885
384,3000,moment_quant_approx_intervals,3,8,0.4556630410006619
384,3000,moment_quant_approx_samples,1,8,0.21428570799980662
384,3000,moment_quant_approx_intervals,6,8,0.4053837499996007
384,3000,moment_quant_approx_samples,3,8,0.20902325000133715
384,3000,moment_quant_exact_intervals,0,8,0.5836973330006003
384,3000,moment_quant_approx_samples,6,8,0.20562499999869033
384,3000,moment_quant_exact_samples,3,8,0.30611695799962035
384,3000,moment_quant_approx_intervals,8,8,0.4082391669981007
384,3000,moment_quant_approx_intervals,9,8,0.40665445800186717
384,3000,moment_quant_approx_samples,2,8,0.20204829100111965
384,3000,moment_quant_approx_samples,5,8,0.21197312499862164
384,3000,moment_quant_exact_samples,9,8,0.2931187909998698
384,3000,moment_quant_approx_intervals,5,8,0.43736358400201425
384,3000,moment_quant_exact_intervals,6,8,0.6161716249989695
384,3000,moment_quant_approx_samples,9,8,0.21279662500091945
384,3000,moment_quant_approx_samples,4,8,0.2070353340022848
384,3000,moment_quant_exact_intervals,7,8,0.5822102919992176
384,3000,moment_quant_exact_samples,5,8,0.29664833299830207
384,3000,moment_quant_exact_intervals,2,8,0.5882029159984086
384,3000,moment_quant_exact_intervals,3,8,0.5933364579977933
384,3000,moment_quant_exact_samples,8,8,0.29129995800030883
384,3000,moment_quant_exact_intervals,9,8,0.6148331249969488
384,3000,moment_quant_approx_intervals,0,8,0.4303089999993972
384,10000,moment_quant_approx_intervals,9,8,2.244468582997797
384,10000,moment_quant_exact_intervals,6,8,2.173560625000391
384,10000,moment_quant_exact_intervals,5,8,2.15224845800185
384,10000,moment_quant_approx_intervals,3,8,2.211187791002885
384,10000,moment_quant_exact_samples,8,8,1.0392692079985864
384,10000,moment_quant_exact_intervals,3,8,2.1781115000012505
384,10000,moment_quant_approx_samples,2,8,0.857693666999694
384,10000,moment_quant_exact_samples,6,8,0.9715507079999952
384,10000,moment_quant_exact_samples,5,8,0.9875740000024962
384,10000,moment_quant_exact_intervals,4,8,2.145371916998556
384,10000,moment_quant_exact_intervals,7,8,2.1467073330022686
384,10000,moment_quant_approx_intervals,2,8,2.2237796669978707
384,10000,moment_quant_exact_samples,4,8,0.974020666002616
384,10000,moment_quant_approx_intervals,0,8,2.204153667000355
384,10000,moment_quant_approx_intervals,1,8,2.259615750001103
384,10000,moment_quant_approx_intervals,6,8,2.203153416998248
384,10000,moment_quant_exact_samples,3,8,0.986451249998936
384,10000,moment_quant_approx_intervals,7,8,2.310249500002101
384,10000,moment_quant_exact_samples,9,8,1.0159295830017072
384,10000,moment_quant_exact_intervals,1,8,2.17206958299721
384,10000,moment_quant_approx_samples,6,8,0.8537729999989097
384,10000,moment_quant_approx_samples,8,8,0.8903321249999863
384,10000,moment_quant_approx_samples,0,8,0.8694535419999738
384,10000,moment_quant_approx_samples,4,8,0.8490223750013683
384,10000,moment_quant_exact_samples,7,8,1.0084287499994389
384,10000,moment_quant_approx_intervals,8,8,2.2969928329985123
384,10000,moment_quant_exact_samples,0,8,0.9915159580014006
384,10000,moment_quant_approx_samples,5,8,0.8769339169994055
384,10000,moment_quant_approx_samples,7,8,0.8873630000016419
384,10000,moment_quant_approx_samples,9,8,0.8571078330023738
384,10000,moment_quant_exact_intervals,2,8,2.156251249998604
384,10000,moment_quant_exact_samples,1,8,0.9775959580001654
384,10000,moment_quant_exact_intervals,8,8,2.175377625000692
384,10000,moment_quant_approx_samples,3,8,0.8521115840012499
384,10000,moment_quant_exact_intervals,9,8,2.1611431669989543
384,10000,moment_quant_approx_intervals,5,8,2.2202926659992954
384,10000,moment_quant_approx_intervals,4,8,2.3982608750011423
384,10000,moment_quant_exact_intervals,0,8,2.1742830829971354
384,10000,moment_quant_approx_samples,1,8,0.8622336659973371
384,10000,moment_quant_exact_samples,2,8,0.9780202500005544
512,1,moment_quant_approx_samples,2,8,0.023551874997792765
512,1,moment_quant_exact_samples,8,8,0.0014388750023499597
512,1,moment_quant_approx_intervals,2,8,0.026036041999759618
512,1,moment_quant_approx_intervals,4,8,0.025583833001292078
512,1,moment_quant_exact_samples,0,8,0.0013037089993304107
512,1,moment_quant_exact_samples,1,8,0.0013362089994188864
512,1,moment_quant_exact_intervals,1,8,0.008224749999499181
512,1,moment_quant_exact_intervals,5,8,0.008203959001548355
512,1,moment_quant_exact_samples,7,8,0.0013094580026518088
512,1,moment_quant_exact_intervals,2,8,0.008217291000619298
512,1,moment_quant_exact_samples,5,8,0.001311249998252606
512,1,moment_quant_approx_intervals,1,8,0.025658583999756956
512,1,moment_quant_exact_samples,4,8,0.0012459159988793544
512,1,moment_quant_approx_samples,8,8,0.021937540997896576
512,1,moment_quant_approx_samples,3,8,0.021975915999064455
512,1,moment_quant_exact_intervals,9,8,0.008167791002051672
512,1,moment_quant_approx_intervals,0,8,0.02691541599779157
512,1,moment_quant_approx_intervals,7,8,0.02699633299926063
512,1,moment_quant_exact_intervals,7,8,0.008570207999582635
512,1,moment_quant_exact_intervals,0,8,0.008802207998087397
512,1,moment_quant_approx_samples,0,8,0.02224266700068256
512,1,moment_quant_exact_intervals,4,8,0.008196832997782622
512,1,moment_quant_approx_intervals,6,8,0.02567270900181029
512,1,moment_quant_approx_intervals,5,8,0.0256511670013424
512,1,moment_quant_approx_intervals,3,8,0.025592666999727953
512,1,moment_quant_exact_samples,3,8,0.0013382920005824417
512,1,moment_quant_exact_samples,6,8,0.0012910420009575319
512,1,moment_quant_exact_samples,2,8,0.001198000001750188
512,1,moment_quant_approx_intervals,8,8,0.02567937500134576
512,1,moment_quant_approx_samples,9,8,0.021921499999734806
512,1,moment_quant_exact_intervals,6,8,0.008194833000743529
512,1,moment_quant_approx_samples,7,8,0.021884582998609403
512,1,moment_quant_approx_intervals,9,8,0.025712417002068833
512,1,moment_quant_approx_samples,5,8,0.02196087500124122
512,1,moment_quant_approx_samples,6,8,0.02187108399812132
512,1,moment_quant_exact_intervals,8,8,0.008176416999049252
512,1,moment_quant_approx_samples,1,8,0.021884542002226226
512,1,moment_quant_exact_samples,9,8,0.0013663339996128343
512,1,moment_quant_approx_samples,4,8,0.021939916998235276
512,1,moment_quant_exact_intervals,3,8,0.00820949999979348
512,2,moment_quant_exact_intervals,2,8,0.008871832997101592
512,2,moment_quant_exact_samples,8,8,0.0014247500002966262
512,2,moment_quant_exact_intervals,5,8,0.008728332999453414
512,2,moment_quant_approx_samples,8,8,0.02287600000272505
512,2,moment_quant_approx_intervals,6,8,0.026577167001960333
512,2,moment_quant_approx_samples,2,8,0.022885417001816677
512,2,moment_quant_exact_intervals,3,8,0.008761500001128297
512,2,moment_quant_exact_intervals,0,8,0.008672625001054257
512,2,moment_quant_exact_samples,0,8,0.0013154589978512377
512,2,moment_quant_exact_intervals,1,8,0.008660084000439383
512,2,moment_quant_exact_intervals,4,8,0.008638332998089027
512,2,moment_quant_exact_samples,4,8,0.001332374999037711
512,2,moment_quant_approx_samples,0,8,0.022833999999420485
512,2,moment_quant_approx_intervals,3,8,0.026784667003084905
512,2,moment_quant_exact_samples,1,8,0.0012898749992018566
512,2,moment_quant_exact_intervals,7,8,0.008774917001574067
512,2,moment_quant_approx_samples,1,8,0.022851707999507198
512,2,moment_quant_exact_samples,9,8,0.0012965419991814997
512,2,moment_quant_approx_intervals,2,8,0.026516499998251675
512,2,moment_quant_approx_samples,4,8,0.023108875000616536
512,2,moment_quant_approx_samples,7,8,0.02279545899727964
512,2,moment_quant_exact_samples,5,8,0.001351208000414772
512,2,moment_quant_exact_samples,7,8,0.0013748329984082375
512,2,moment_quant_exact_intervals,8,8,0.00874275000023772
512,2,moment_quant_approx_samples,3,8,0.022755999998480547
512,2,moment_quant_exact_samples,6,8,0.00129324999943492
512,2,moment_quant_approx_samples,5,8,0.022795000000769505
512,2,moment_quant_approx_samples,6,8,0.022809583999332972
512,2,moment_quant_exact_intervals,6,8,0.00874212499911664
512,2,moment_quant_approx_intervals,8,8,0.026458333999471506
512,2,moment_quant_exact_samples,3,8,0.0012399170009302907
512,2,moment_quant_approx_intervals,0,8,0.02678554200247163
512,2,moment_quant_approx_intervals,9,8,0.02713012500316836
512,2,moment_quant_approx_intervals,1,8,0.02666858300290187
512,2,moment_quant_exact_intervals,9,8,0.008788333998381859
512,2,moment_quant_approx_intervals,4,8,0.026671125000575557
512,2,moment_quant_approx_samples,9,8,0.022880415999679826
512,2,moment_quant_approx_intervals,5,8,0.026523165997787146
512,2,moment_quant_approx_intervals,7,8,0.026531624997005565
512,2,moment_quant_exact_samples,2,8,0.0014712910015077796
512,3,moment_quant_exact_samples,4,8,0.0014092080018599518
512,3,moment_quant_approx_intervals,9,8,0.026926082999125356
512,3,moment_quant_exact_intervals,9,8,0.008988958998088492
512,3,moment_quant_approx_intervals,5,8,0.026835790999029996
512,3,moment_quant_approx_samples,1,8,0.023089250000339234
512,3,moment_quant_exact_intervals,2,8,0.008942125001340173
512,3,moment_quant_exact_samples,5,8,0.0013774580002063885
512,3,moment_quant_exact_samples,3,8,0.001382207999995444
512,3,moment_quant_exact_intervals,3,8,0.008964500000729458
512,3,moment_quant_exact_intervals,4,8,0.008869875000527827
512,3,moment_quant_approx_intervals,3,8,0.026895665996562457
512,3,moment_quant_approx_samples,3,8,0.023047165999741992
512,3,moment_quant_approx_intervals,1,8,0.026869042001635535
512,3,moment_quant_approx_intervals,4,8,0.02751712499957648
512,3,moment_quant_exact_samples,0,8,0.0014265829995565582
512,3,moment_quant_approx_intervals,6,8,0.027891708003153326
512,3,moment_quant_approx_samples,8,8,0.023438833999534836
512,3,moment_quant_exact_intervals,7,8,0.0089778750007099
512,3,moment_quant_exact_intervals,0,8,0.008923291999963112
512,3,moment_quant_exact_samples,6,8,0.0014680839994980488
512,3,moment_quant_approx_samples,7,8,0.023072541000146884
512,3,moment_quant_approx_samples,0,8,0.023009832999377977
512,3,moment_quant_exact_intervals,5,8,0.008947041002102196
512,3,moment_quant_exact_samples,1,8,0.0014287920021160971
512,3,moment_quant_exact_intervals,6,8,0.009129875001235632
512,3,moment_quant_approx_samples,9,8,0.023038207997160498
512,3,moment_quant_exact_samples,8,8,0.0014080830005696043
512,3,moment_quant_approx_intervals,7,8,0.026907166000455618
512,3,moment_quant_exact_samples,2,8,0.001414083999407012
512,3,moment_quant_approx_samples,4,8,0.023153916001319885
512,3,moment_quant_approx_samples,6,8,0.02300962500157766
512,3,moment_quant_approx_intervals,0,8,0.026904166999884183
512,3,moment_quant_approx_samples,2,8,0.02294149999943329
512,3,moment_quant_exact_samples,9,8,0.0014048340017325245
512,3,moment_quant_exact_samples,7,8,0.0013325420004548505
512,3,moment_quant_exact_intervals,1,8,0.0089468330006639
512,3,moment_quant_approx_intervals,2,8,0.026995374999387423
512,3,moment_quant_approx_samples,5,8,0.023068374997819774
512,3,moment_quant_approx_intervals,8,8,0.02740754199840012
512,3,moment_quant_exact_intervals,8,8,0.009109250000619795
512,4,moment_quant_exact_intervals,0,8,0.009578125002008164
512,4,moment_quant_exact_samples,3,8,0.0026402080002299044
512,4,moment_quant_exact_intervals,8,8,0.009075457997823833
512,4,moment_quant_exact_samples,1,8,0.0013873329990019556
512,4,moment_quant_approx_samples,3,8,0.02320004200009862
512,4,moment_quant_exact_intervals,7,8,0.009224416997312801
512,4,moment_quant_exact_samples,6,8,0.001438832998246653
512,4,moment_quant_exact_samples,0,8,0.0014710830000694841
512,4,moment_quant_exact_intervals,1,8,0.0092427920026239
512,4,moment_quant_approx_samples,9,8,0.023153291000198806
512,4,moment_quant_approx_intervals,9,8,0.026913917001365917
512,4,moment_quant_exact_intervals,2,8,0.0091587500028254
512,4,moment_quant_approx_intervals,8,8,0.02704437500142376
512,4,moment_quant_approx_intervals,6,8,0.027911917000892572
512,4,moment_quant_approx_intervals,0,8,0.028222624998306856
512,4,moment_quant_exact_samples,2,8,0.001512916998763103
512,4,moment_quant_approx_intervals,1,8,0.027168457996594952
512,4,moment_quant_approx_samples,7,8,0.023233291998622008
512,4,moment_quant_exact_intervals,6,8,0.009308665998105425
512,4,moment_quant_exact_samples,5,8,0.0015602499988744967
512,4,moment_quant_exact_samples,9,8,0.0026469160002307035
512,4,moment_quant_approx_samples,8,8,0.023314834001212148
512,4,moment_quant_approx_samples,6,8,0.023198874998342944
512,4,moment_quant_approx_samples,5,8,0.02317945899994811
512,4,moment_quant_approx_samples,2,8,0.023067750000336673
512,4,moment_quant_approx_intervals,4,8,0.026986415999999736
512,4,moment_quant_approx_intervals,5,8,0.02686083299704478
512,4,moment_quant_approx_samples,1,8,0.023110250000172528
512,4,moment_quant_exact_intervals,4,8,0.00921316700259922
512,4,moment_quant_exact_intervals,9,8,0.009173750000627479
512,4,moment_quant_exact_samples,7,8,0.0014498340024147183
512,4,moment_quant_exact_intervals,3,8,0.009157083000900457
512,4,moment_quant_approx_intervals,7,8,0.02704745799928787
512,4,moment_quant_exact_samples,8,8,0.001407415998983197
512,4,moment_quant_approx_intervals,3,8,0.026959582999552367
512,4,moment_quant_exact_intervals,5,8,0.009182207999401726
512,4,moment_quant_approx_samples,4,8,0.02314762499736389
512,4,moment_quant_approx_samples,0,8,0.023165083999629132
512,4,moment_quant_approx_intervals,2,8,0.02697541599991382
512,4,moment_quant_exact_samples,4,8,0.0015175000007729977
512,8,moment_quant_exact_intervals,5,8,0.012417666002875194
512,8,moment_quant_approx_samples,4,8,0.023594124999362975
512,8,moment_quant_exact_samples,5,8,0.0018532499998400453
512,8,moment_quant_approx_samples,9,8,0.023510667000664398
512,8,moment_quant_exact_intervals,2,8,0.010039165998023236
512,8,moment_quant_exact_samples,3,8,0.0022668339988740627
512,8,moment_quant_exact_intervals,7,8,0.010185457998886704
512,8,moment_quant_exact_intervals,8,8,0.010318041997379623
512,8,moment_quant_exact_samples,0,8,0.00257404199874145
512,8,moment_quant_approx_intervals,2,8,0.027442375001555774
512,8,moment_quant_approx_intervals,5,8,0.027385624998714775
512,8,moment_quant_approx_intervals,3,8,0.02733441700183903
512,8,moment_quant_approx_samples,5,8,0.023562167003547074
512,8,moment_quant_approx_intervals,1,8,0.027496582999447128
512,8,moment_quant_exact_intervals,6,8,0.010645375001331558
512,8,moment_quant_exact_intervals,3,8,0.010028000000602333
512,8,moment_quant_exact_intervals,1,8,0.010319875000277534
512,8,moment_quant_approx_samples,2,8,0.023483459000999574
512,8,moment_quant_approx_intervals,6,8,0.027504124998813495
512,8,moment_quant_approx_intervals,4,8,0.027486500002851244
512,8,moment_quant_approx_intervals,9,8,0.028644040998187847
512,8,moment_quant_approx_samples,1,8,0.024674875003256602
512,8,moment_quant_exact_samples,4,8,0.0019623749976744875
512,8,moment_quant_exact_samples,1,8,0.002706916999159148
512,8,moment_quant_approx_samples,3,8,0.023504459000832867
512,8,moment_quant_exact_samples,7,8,0.0028778330015484244
512,8,moment_quant_exact_samples,6,8,0.0018747920003079344
512,8,moment_quant_exact_samples,8,8,0.002086958000290906
512,8,moment_quant_approx_intervals,7,8,0.027514084002177697
512,8,moment_quant_approx_samples,0,8,0.023447666000720346
512,8,moment_quant_approx_samples,8,8,0.023596915998496115
512,8,moment_quant_exact_intervals,0,8,0.010164707997319056
512,8,moment_quant_approx_intervals,0,8,0.02738212500116788
512,8,moment_quant_exact_intervals,4,8,0.010191707999183564
512,8,moment_quant_approx_samples,6,8,0.02339320799728739
512,8,moment_quant_exact_samples,2,8,0.002735042002314003
512,8,moment_quant_approx_samples,7,8,0.023391124999761814
512,8,moment_quant_approx_intervals,8,8,0.02745337500164169
512,8,moment_quant_exact_samples,9,8,0.0025750829991011415
512,8,moment_quant_exact_intervals,9,8,0.010005959000409348
512,10,moment_quant_approx_intervals,5,8,0.02786716599803185
512,10,moment_quant_approx_samples,1,8,0.025872958001855295
512,10,moment_quant_approx_samples,2,8,0.023646375000680564
512,10,moment_quant_exact_samples,9,8,0.0029771249974146485
512,10,moment_quant_approx_intervals,1,8,0.02784487499957322
512,10,moment_quant_approx_samples,5,8,0.02373404200261575
512,10,moment_quant_exact_intervals,7,8,0.010627625000779517
512,10,moment_quant_approx_samples,0,8,0.02531783399899723
512,10,moment_quant_exact_samples,1,8,0.0020428749994607642
512,10,moment_quant_exact_samples,2,8,0.0026429999998072162
512,10,moment_quant_exact_samples,4,8,0.002621000003273366
512,10,moment_quant_approx_samples,4,8,0.023952125000505475
512,10,moment_quant_exact_samples,0,8,0.002533540999138495
512,10,moment_quant_approx_intervals,9,8,0.028346582999802195
512,10,moment_quant_approx_intervals,7,8,0.027980499999102904
512,10,moment_quant_exact_intervals,4,8,0.010830541003088001
512,10,moment_quant_exact_intervals,3,8,0.010797667000588262
512,10,moment_quant_approx_intervals,6,8,0.0281177500000922
512,10,moment_quant_exact_samples,6,8,0.00278516699836473
512,10,moment_quant_approx_samples,7,8,0.023853041002439568
512,10,moment_quant_exact_intervals,2,8,0.010585125000943663
512,10,moment_quant_exact_intervals,1,8,0.01043754199781688
512,10,moment_quant_exact_intervals,9,8,0.010427749999507796
512,10,moment_quant_approx_samples,3,8,0.02398091700160876
512,10,moment_quant_approx_intervals,3,8,0.02768333300264203
512,10,moment_quant_approx_intervals,2,8,0.02794670799994492
512,10,moment_quant_exact_intervals,8,8,0.010818040998856304
512,10,moment_quant_exact_samples,8,8,0.0024205419977079146
512,10,moment_quant_exact_samples,7,8,0.002381624999543419
512,10,moment_quant_exact_intervals,5,8,0.010811125001055188
512,10,moment_quant_approx_intervals,4,8,0.028045541999745183
512,10,moment_quant_approx_samples,8,8,0.024566167001466965
512,10,moment_quant_approx_samples,9,8,0.024539958998502698
512,10,moment_quant_approx_intervals,0,8,0.02853437500016298
512,10,moment_quant_exact_samples,5,8,0.0024357080001209397
512,10,moment_quant_exact_intervals,6,8,0.010585459000139963
512,10,moment_quant_exact_intervals,0,8,0.010971916999551468
512,10,moment_quant_exact_samples,3,8,0.0020814999988942873
512,10,moment_quant_approx_intervals,8,8,0.027838750000228174
512,10,moment_quant_approx_samples,6,8,0.023804000000382075
512,16,moment_quant_approx_samples,1,8,0.02420870900095906
512,16,moment_quant_exact_samples,8,8,0.00481950000175857
512,16,moment_quant_exact_intervals,8,8,0.01240495800084318
512,16,moment_quant_exact_intervals,6,8,0.012129375001677545
512,16,moment_quant_exact_samples,2,8,0.002972374997625593
512,16,moment_quant_exact_samples,5,8,0.0033602090006752405
512,16,moment_quant_exact_samples,3,8,0.002816416999849025
512,16,moment_quant_approx_intervals,1,8,0.028412708001269493
512,16,moment_quant_approx_intervals,0,8,0.028962541997316293
512,16,moment_quant_approx_intervals,3,8,0.029319291999854613
512,16,moment_quant_exact_intervals,7,8,0.012278416998015018
512,16,moment_quant_approx_samples,9,8,0.024882874997274484
512,16,moment_quant_approx_intervals,8,8,0.028707375000522006
512,16,moment_quant_exact_samples,1,8,0.0034828340030799154
512,16,moment_quant_approx_intervals,6,8,0.02828816600231221
512,16,moment_quant_approx_samples,5,8,0.024989083998661954
512,16,moment_quant_exact_samples,6,8,0.0038459169991256204
512,16,moment_quant_exact_intervals,5,8,0.011990875002084067
512,16,moment_quant_approx_samples,4,8,0.023993667000468122
512,16,moment_quant_approx_samples,3,8,0.025317583000287414
512,16,moment_quant_approx_samples,7,8,0.024926000001869397
512,16,moment_quant_approx_samples,0,8,0.02414195799792651
512,16,moment_quant_exact_samples,7,8,0.002895999998145271
512,16,moment_quant_exact_intervals,9,8,0.012548540998977842
512,16,moment_quant_exact_intervals,0,8,0.012052707999828272
512,16,moment_quant_approx_samples,2,8,0.02481837500090478
512,16,moment_quant_approx_intervals,4,8,0.02840091599864536
512,16,moment_quant_approx_intervals,7,8,0.02824920800048858
512,16,moment_quant_exact_samples,4,8,0.0030026670028746594
512,16,moment_quant_approx_intervals,5,8,0.028551666997373104
512,16,moment_quant_exact_intervals,1,8,0.011851458002638537
512,16,moment_quant_exact_samples,0,8,0.0036581249987648334
512,16,moment_quant_exact_intervals,4,8,0.011826083999039838
512,16,moment_quant_approx_samples,8,8,0.024463875000947155
512,16,moment_quant_exact_intervals,3,8,0.012273500000446802
512,16,moment_quant_exact_samples,9,8,0.003807875000347849
512,16,moment_quant_approx_intervals,2,8,0.028364875000988832
512,16,moment_quant_approx_samples,6,8,0.024664666001626756
512,16,moment_quant_exact_intervals,2,8,0.011841833002108615
512,16,moment_quant_approx_intervals,9,8,0.028330332999757957
512,30,moment_quant_exact_samples,9,8,0.004842207999899983
512,30,moment_quant_approx_samples,2,8,0.025171000001137145
512,30,moment_quant_approx_intervals,9,8,0.029987834001076408
512,30,moment_quant_exact_samples,8,8,0.005802708998089656
512,30,moment_quant_approx_intervals,1,8,0.02982779200101504
512,30,moment_quant_approx_intervals,8,8,0.029705000000831205
512,30,moment_quant_approx_intervals,3,8,0.02975841599982232
512,30,moment_quant_exact_samples,5,8,0.005896499998925719
512,30,moment_quant_exact_intervals,0,8,0.014997582999058068
512,30,moment_quant_exact_samples,1,8,0.005636957997921854
512,30,moment_quant_approx_samples,3,8,0.025030875000084052
512,30,moment_quant_exact_samples,0,8,0.00650583300011931
512,30,moment_quant_exact_intervals,6,8,0.014830542000709102
512,30,moment_quant_approx_intervals,2,8,0.030772124999202788
512,30,moment_quant_approx_intervals,5,8,0.03143604200158734
512,30,moment_quant_exact_intervals,2,8,0.015540041000349447
512,30,moment_quant_approx_intervals,6,8,0.03111887499835575
512,30,moment_quant_approx_samples,8,8,0.025071666997973807
512,30,moment_quant_exact_intervals,8,8,0.015878166999755194
512,30,moment_quant_approx_samples,7,8,0.02648787500220351
512,30,moment_quant_approx_samples,4,8,0.02609854199909023
512,30,moment_quant_exact_intervals,1,8,0.014952290999644902
512,30,moment_quant_exact_samples,4,8,0.006292792000749614
512,30,moment_quant_exact_intervals,3,8,0.015497167001740308
512,30,moment_quant_exact_intervals,7,8,0.015108416002476588
512,30,moment_quant_approx_samples,0,8,0.025549458998284535
512,30,moment_quant_approx_samples,6,8,0.024967249999463093
512,30,moment_quant_approx_samples,9,8,0.024882083998818416
512,30,moment_quant_exact_intervals,9,8,0.015800458000740036
512,30,moment_quant_exact_samples,7,8,0.005196707999857608
512,30,moment_quant_approx_intervals,4,8,0.029960624997329433
512,30,moment_quant_exact_intervals,5,8,0.01482854200003203
512,30,moment_quant_exact_intervals,4,8,0.014884917000017595
512,30,moment_quant_exact_samples,2,8,0.005699582998204278
512,30,moment_quant_approx_intervals,0,8,0.030097041999397334
512,30,moment_quant_exact_samples,6,8,0.006447083000239218
512,30,moment_quant_approx_samples,1,8,0.025150583001959603
512,30,moment_quant_exact_samples,3,8,0.005693791998055531
512,30,moment_quant_approx_samples,5,8,0.026220499999908498
512,30,moment_quant_approx_intervals,7,8,0.029862791001505684
512,32,moment_quant_approx_intervals,5,8,0.030249499999627005
512,32,moment_quant_exact_intervals,1,8,0.015361917001428083
512,32,moment_quant_approx_intervals,4,8,0.032071792000351707
512,32,moment_quant_approx_samples,0,8,0.026456957999471342
512,32,moment_quant_approx_intervals,9,8,0.030970499999966705
512,32,moment_quant_approx_intervals,3,8,0.03168120899863425
512,32,moment_quant_exact_samples,9,8,0.006402082999557024
512,32,moment_quant_approx_intervals,2,8,0.03137362500274321
512,32,moment_quant_exact_samples,6,8,0.0062032499990891665
512,32,moment_quant_exact_samples,1,8,0.006782917000236921
512,32,moment_quant_approx_samples,3,8,0.02530754200051888
512,32,moment_quant_approx_intervals,6,8,0.030097457998635946
512,32,moment_quant_exact_intervals,4,8,0.01623404199926881
512,32,moment_quant_exact_samples,5,8,0.0070580419996986166
512,32,moment_quant_approx_samples,1,8,0.025498416998743778
512,32,moment_quant_exact_samples,0,8,0.0065059580010711215
512,32,moment_quant_approx_intervals,1,8,0.031707250000181375
512,32,moment_quant_approx_samples,4,8,0.0269087499982561
512,32,moment_quant_exact_samples,7,8,0.006461542001488851
512,32,moment_quant_exact_intervals,6,8,0.015998041002603713
512,32,moment_quant_approx_samples,2,8,0.025083958000323037
512,32,moment_quant_approx_intervals,8,8,0.03136212499885005
512,32,moment_quant_exact_intervals,7,8,0.015696833001129562
512,32,moment_quant_exact_samples,3,8,0.006141499998193467
512,32,moment_quant_exact_intervals,8,8,0.016317417001118883
512,32,moment_quant_approx_samples,7,8,0.02689433300110977
512,32,moment_quant_approx_intervals,7,8,0.03303299999970477
512,32,moment_quant_exact_intervals,5,8,0.01607404200331075
512,32,moment_quant_exact_intervals,9,8,0.015899000001809327
512,32,moment_quant_approx_intervals,0,8,0.03168162500151084
512,32,moment_quant_exact_samples,2,8,0.006628792001720285
512,32,moment_quant_approx_samples,5,8,0.026218416998744942
512,32,moment_quant_approx_samples,6,8,0.026178959000390023
512,32,moment_quant_approx_samples,8,8,0.02592108300086693
512,32,moment_quant_approx_samples,9,8,0.0265222910020384
512,32,moment_quant_exact_intervals,2,8,0.016769375000876607
512,32,moment_quant_exact_intervals,3,8,0.01587633300005109
512,32,moment_quant_exact_samples,8,8,0.005219541999395005
512,32,moment_quant_exact_samples,4,8,0.006275333002122352
512,32,moment_quant_exact_intervals,0,8,0.01616983400163008
512,64,moment_quant_approx_intervals,0,8,0.039084375002857996
512,64,moment_quant_exact_samples,6,8,0.010804833000293002
512,64,moment_quant_approx_samples,7,8,0.0292772499997227
512,64,moment_quant_exact_samples,1,8,0.012857917001383612
512,64,moment_quant_exact_samples,9,8,0.012624540999240708
512,64,moment_quant_approx_samples,4,8,0.02818870799819706
512,64,moment_quant_approx_intervals,2,8,0.03941800000029616
512,64,moment_quant_approx_samples,3,8,0.028898208001919556
512,64,moment_quant_exact_intervals,5,8,0.023888000003353227
512,64,moment_quant_approx_samples,0,8,0.029682875003345544
512,64,moment_quant_approx_intervals,4,8,0.0361624170000141
512,64,moment_quant_approx_intervals,5,8,0.03592483299871674
512,64,moment_quant_approx_samples,6,8,0.03040583400070318
512,64,moment_quant_approx_intervals,9,8,0.03866287499840837
512,64,moment_quant_approx_samples,8,8,0.029747915999905672
512,64,moment_quant_exact_intervals,1,8,0.023828665998735232
512,64,moment_quant_exact_samples,4,8,0.011270750001131091
512,64,moment_quant_approx_intervals,8,8,0.0379942920008034
512,64,moment_quant_exact_samples,0,8,0.010338708001654595
512,64,moment_quant_exact_samples,7,8,0.010272708001139108
512,64,moment_quant_exact_samples,8,8,0.011171124999236781
512,64,moment_quant_exact_intervals,4,8,0.023138041000493104
512,64,moment_quant_approx_samples,2,8,0.02863091600011103
512,64,moment_quant_exact_intervals,3,8,0.022460583000793122
512,64,moment_quant_exact_intervals,6,8,0.022728915999323362
512,64,moment_quant_approx_samples,1,8,0.03085845799796516
512,64,moment_quant_exact_intervals,8,8,0.023731458000838757
512,64,moment_quant_approx_intervals,6,8,0.0378385830008483
512,64,moment_quant_exact_intervals,9,8,0.023707125001237728
512,64,moment_quant_exact_samples,3,8,0.011674582998239202
512,64,moment_quant_approx_samples,5,8,0.028103958000428975
512,64,moment_quant_exact_intervals,7,8,0.022367249999661
512,64,moment_quant_approx_samples,9,8,0.028193916998134227
512,64,moment_quant_exact_intervals,0,8,0.022184415996889584
512,64,moment_quant_approx_intervals,3,8,0.0353877920024388
512,64,moment_quant_exact_intervals,2,8,0.022816874999989523
512,64,moment_quant_exact_samples,5,8,0.013851583000359824
512,64,moment_quant_exact_samples,2,8,0.011752042002626695
512,64,moment_quant_approx_intervals,1,8,0.03494912500173086
512,64,moment_quant_approx_intervals,7,8,0.03596645799916587
512,100,moment_quant_approx_intervals,0,8,0.04086533300142037
512,100,moment_quant_approx_intervals,2,8,0.04064737500084448
512,100,moment_quant_exact_samples,9,8,0.015522624998993706
512,100,moment_quant_exact_samples,0,8,0.017072541999368696
512,100,moment_quant_exact_samples,5,8,0.015698625000368338
512,100,moment_quant_approx_intervals,1,8,0.04096724999908474
512,100,moment_quant_approx_intervals,5,8,0.03987100000085775
512,100,moment_quant_approx_intervals,4,8,0.039945083000930026
512,100,moment_quant_approx_intervals,9,8,0.03986250000161817
512,100,moment_quant_exact_samples,1,8,0.015269874998921296
512,100,moment_quant_exact_samples,3,8,0.014564624998456566
512,100,moment_quant_exact_intervals,6,8,0.032126082998729544
512,100,moment_quant_approx_intervals,8,8,0.042920667001453694
512,100,moment_quant_approx_intervals,3,8,0.042804625001735985
512,100,moment_quant_approx_samples,7,8,0.03111354100110475
512,100,moment_quant_approx_intervals,7,8,0.04302304099837784
512,100,moment_quant_exact_intervals,8,8,0.0316648339976382
512,100,moment_quant_approx_samples,4,8,0.03559491700070794
512,100,moment_quant_exact_samples,6,8,0.014566500001819804
512,100,moment_quant_approx_samples,1,8,0.03192420799678075
512,100,moment_quant_exact_samples,4,8,0.015993542001524474
512,100,moment_quant_approx_samples,3,8,0.033176082997670164
512,100,moment_quant_exact_samples,2,8,0.016592915999353863
512,100,moment_quant_exact_intervals,7,8,0.030950832999224076
512,100,moment_quant_approx_samples,6,8,0.0315687500005879
512,100,moment_quant_exact_intervals,0,8,0.031152290997852106
512,100,moment_quant_approx_samples,9,8,0.03314337499978137
512,100,moment_quant_exact_intervals,9,8,0.03111029199862969
512,100,moment_quant_approx_samples,0,8,0.03178025000306661
512,100,moment_quant_exact_intervals,2,8,0.031219542001053924
512,100,moment_quant_approx_intervals,6,8,0.041251750000810716
512,100,moment_quant_approx_samples,2,8,0.032178625002416084
512,100,moment_quant_approx_samples,8,8,0.030874083000526298
512,100,moment_quant_exact_intervals,4,8,0.032569333001447376
512,100,moment_quant_exact_intervals,3,8,0.03157658399868524
512,100,moment_quant_exact_intervals,1,8,0.031507374998909654
512,100,moment_quant_exact_samples,8,8,0.018457624999427935
512,100,moment_quant_exact_samples,7,8,0.01657391600019764
512,100,moment_quant_approx_samples,5,8,0.03251237500080606
512,100,moment_quant_exact_intervals,5,8,0.03097649999835994
512,300,moment_quant_approx_samples,9,8,0.052481874998193234
512,300,moment_quant_exact_samples,1,8,0.04382566599815618
512,300,moment_quant_approx_samples,8,8,0.05287916599991149
512,300,moment_quant_exact_intervals,5,8,0.07961287500074832
512,300,moment_quant_approx_intervals,8,8,0.06887649999771384
512,300,moment_quant_exact_intervals,3,8,0.07622058399647358
512,300,moment_quant_exact_intervals,0,8,0.07637787500061677
512,300,moment_quant_exact_samples,2,8,0.04360741699929349
512,300,moment_quant_exact_intervals,2,8,0.07711345800271374
512,300,moment_quant_exact_samples,5,8,0.04132033300265903
512,300,moment_quant_exact_samples,3,8,0.0435109169993666
512,300,moment_quant_exact_intervals,9,8,0.07860854099999415
512,300,moment_quant_approx_intervals,7,8,0.06850737499917159
512,300,moment_quant_approx_intervals,2,8,0.06954475000020466
512,300,moment_quant_approx_intervals,9,8,0.06899012499707169
512,300,moment_quant_approx_intervals,3,8,0.07039595800233656
512,300,moment_quant_approx_samples,0,8,0.0563335000006191
512,300,moment_quant_exact_intervals,7,8,0.0784678329982853
512,300,moment_quant_exact_intervals,4,8,0.07841575000202283
512,300,moment_quant_approx_samples,6,8,0.04778983399955905
512,300,moment_quant_exact_samples,4,8,0.04291979199842899
512,300,moment_quant_approx_intervals,6,8,0.06853679200139595
512,300,moment_quant_exact_intervals,1,8,0.07683150000229944
512,300,moment_quant_exact_samples,6,8,0.042163291000179015
512,300,moment_quant_approx_samples,5,8,0.04837345800115145
512,300,moment_quant_exact_intervals,6,8,0.07896033300130512
512,300,moment_quant_exact_samples,7,8,0.04285800000070594
512,300,moment_quant_exact_samples,0,8,0.04249441700085299
512,300,moment_quant_approx_intervals,0,8,0.06918012499954784
512,300,moment_quant_exact_samples,8,8,0.04141366700059734
512,300,moment_quant_approx_samples,4,8,0.04987966699991375
512,300,moment_quant_approx_samples,3,8,0.04660366700045415
512,300,moment_quant_approx_samples,2,8,0.04799495800034492
512,300,moment_quant_approx_intervals,4,8,0.06388541699925554
512,300,moment_quant_approx_intervals,1,8,0.06419104100132245
512,300,moment_quant_exact_samples,9,8,0.04197158399983891
512,300,moment_quant_approx_samples,1,8,0.04784908299916424
512,300,moment_quant_exact_intervals,8,8,0.07859170799929416
512,300,moment_quant_approx_intervals,5,8,0.06934412500049802
512,300,moment_quant_approx_samples,7,8,0.04768770800001221
512,1000,moment_quant_exact_samples,3,8,0.1271180829971854
512,1000,moment_quant_exact_samples,6,8,0.1387904580005852
512,1000,moment_quant_approx_intervals,1,8,0.16951350000090315
512,1000,moment_quant_approx_intervals,7,8,0.17279962500106194
512,1000,moment_quant_exact_samples,7,8,0.13018612499945448
512,1000,moment_quant_exact_intervals,2,8,0.2456507499991858
512,1000,moment_quant_exact_intervals,1,8,0.24399879100019461
512,1000,moment_quant_exact_samples,1,8,0.13196158299979288
512,1000,moment_quant_approx_intervals,2,8,0.16755920899959165
512,1000,moment_quant_approx_samples,4,8,0.10093204099757713
512,1000,moment_quant_approx_intervals,8,8,0.1686781249991327
512,1000,moment_quant_exact_samples,9,8,0.12691875000018626
512,1000,moment_quant_approx_samples,6,8,0.1051965000006021
512,1000,moment_quant_exact_intervals,9,8,0.24685270900226897
512,1000,moment_quant_approx_samples,3,8,0.10197225000229082
512,1000,moment_quant_approx_samples,7,8,0.10037904199998593
512,1000,moment_quant_exact_samples,4,8,0.1314642500001355
512,1000,moment_quant_approx_samples,5,8,0.1053414169982716
512,1000,moment_quant_approx_intervals,4,8,0.17169091700270656
512,1000,moment_quant_approx_intervals,5,8,0.16936462499870686
512,1000,moment_quant_exact_samples,5,8,0.12577483399945777
512,1000,moment_quant_exact_intervals,4,8,0.24612100000013015
512,1000,moment_quant_exact_samples,2,8,0.1295115419998183
512,1000,moment_quant_exact_intervals,7,8,0.25359054100044887
512,1000,moment_quant_approx_intervals,0,8,0.17557291699995403
512,1000,moment_quant_approx_intervals,9,8,0.16944266700011212
512,1000,moment_quant_approx_intervals,3,8,0.16982258400093997
512,1000,moment_quant_exact_intervals,0,8,0.241732583999692
512,1000,moment_quant_exact_intervals,3,8,0.2427206250031304
512,1000,moment_quant_approx_samples,8,8,0.10603712499869289
512,1000,moment_quant_approx_samples,0,8,0.13640462500188733
512,1000,moment_quant_exact_samples,8,8,0.12641174999953364
512,1000,moment_quant_exact_samples,0,8,0.1451256669970462
512,1000,moment_quant_approx_samples,1,8,0.10721283400198445
512,1000,moment_quant_approx_samples,2,8,0.10029995800141478
512,1000,moment_quant_approx_intervals,6,8,0.16279862499868614
512,1000,moment_quant_exact_intervals,8,8,0.2454340410004079
512,1000,moment_quant_exact_intervals,5,8,0.2443363339989446
512,1000,moment_quant_exact_intervals,6,8,0.24667324999973061
512,1000,moment_quant_approx_samples,9,8,0.10047841599953244
512,3000,moment_quant_exact_samples,9,8,0.37368058300125995
512,3000,moment_quant_exact_intervals,2,8,0.8159411249980622
512,3000,moment_quant_exact_intervals,5,8,0.8121228750023874
512,3000,moment_quant_exact_intervals,3,8,0.7832439580015489
512,3000,moment_quant_approx_intervals,2,8,0.4932833329985442
512,3000,moment_quant_exact_samples,2,8,0.3655786250019446
512,3000,moment_quant_approx_samples,4,8,0.2712354579998646
512,3000,moment_quant_approx_samples,0,8,0.26960491700083367
512,3000,moment_quant_approx_intervals,3,8,0.5181050000028335
512,3000,moment_quant_approx_samples,5,8,0.2792989170011424
512,3000,moment_quant_approx_samples,6,8,0.27602754200052004
512,3000,moment_quant_exact_samples,7,8,0.36475095900095766
512,3000,moment_quant_approx_intervals,6,8,0.5141078339984233
512,3000,moment_quant_approx_intervals,1,8,0.47976104200279224
512,3000,moment_quant_approx_intervals,9,8,0.47835616700103856
512,3000,moment_quant_approx_samples,2,8,0.27595608300180174
512,3000,moment_quant_exact_samples,4,8,0.36104045799947926
512,3000,moment_quant_exact_intervals,0,8,0.7918004589992051
512,3000,moment_quant_exact_intervals,6,8,0.7879338750026363
512,3000,moment_quant_exact_samples,0,8,0.36474941699998453
512,3000,moment_quant_approx_samples,9,8,0.2765994170003978
512,3000,moment_quant_exact_samples,8,8,0.3703389580005023
512,3000,moment_quant_approx_intervals,7,8,0.5013641250006913
512,3000,moment_quant_approx_intervals,5,8,0.48775612500321586
512,3000,moment_quant_exact_intervals,7,8,0.8056322499978705
512,3000,moment_quant_approx_intervals,0,8,0.4785882500000298
512,3000,moment_quant_exact_samples,1,8,0.3915861249988666
512,3000,moment_quant_exact_samples,3,8,0.36534466599914595
512,3000,moment_quant_exact_samples,5,8,0.37177312499989057
512,3000,moment_quant_approx_samples,1,8,0.2747161659972335
512,3000,moment_quant_approx_intervals,8,8,0.4806058750000375
512,3000,moment_quant_approx_samples,7,8,0.2706016250012908
512,3000,moment_quant_exact_intervals,9,8,0.7951590410011704
512,3000,moment_quant_approx_samples,8,8,0.2847617919978802
512,3000,moment_quant_exact_intervals,8,8,0.7922578340003383
512,3000,moment_quant_approx_intervals,4,8,0.5078994170035003
512,3000,moment_quant_exact_intervals,1,8,0.7853430000031949
512,3000,moment_quant_exact_samples,6,8,0.3643847499988624
512,3000,moment_quant_approx_samples,3,8,0.27559425000072224
512,3000,moment_quant_exact_intervals,4,8,0.804052583000157
512,10000,moment_quant_exact_intervals,9,8,2.817582625000796
512,10000,moment_quant_approx_samples,1,8,1.2053363750019344
512,10000,moment_quant_approx_samples,6,8,1.2395245420011634
512,10000,moment_quant_approx_intervals,9,8,2.6415544590017817
512,10000,moment_quant_approx_intervals,1,8,2.7129648340014683
512,10000,moment_quant_approx_intervals,4,8,2.6278340839999146
512,10000,moment_quant_approx_samples,8,8,1.2500382910002372
512,10000,moment_quant_exact_samples,2,8,1.2226382499975443
512,10000,moment_quant_approx_samples,2,8,1.1620528750027006
512,10000,moment_quant_approx_samples,5,8,1.238674791999074
512,10000,moment_quant_approx_intervals,0,8,2.675768541001162
512,10000,moment_quant_approx_samples,9,8,1.2532202079964918
512,10000,moment_quant_exact_intervals,5,8,2.813279457997851
512,10000,moment_quant_exact_intervals,2,8,2.8106703750017914
512,10000,moment_quant_exact_intervals,6,8,2.7967545829997107
512,10000,moment_quant_approx_samples,7,8,1.1664815000003728
512,10000,moment_quant_exact_samples,3,8,1.2273183750003227
512,10000,moment_quant_approx_intervals,8,8,2.556251042002259
512,10000,moment_quant_approx_samples,3,8,1.197468915997888
512,10000,moment_quant_exact_intervals,1,8,2.819954457998392
512,10000,moment_quant_exact_intervals,4,8,2.8095509169979778
512,10000,moment_quant_approx_samples,0,8,1.1919678749982268
512,10000,moment_quant_approx_intervals,7,8,2.664345749999484
512,10000,moment_quant_exact_samples,5,8,1.2183416250009032
512,10000,moment_quant_exact_samples,4,8,1.2241630830030772
512,10000,moment_quant_approx_intervals,3,8,2.728395999998611
512,10000,moment_quant_exact_samples,1,8,1.2423296249980922
512,10000,moment_quant_approx_intervals,2,8,2.4826617910002824
512,10000,moment_quant_exact_samples,7,8,1.2832140409991553
512,10000,moment_quant_exact_intervals,0,8,2.808190250001644
512,10000,moment_quant_exact_samples,0,8,1.2388357080017158
512,10000,moment_quant_exact_samples,8,8,1.2519715410016943
512,10000,moment_quant_approx_intervals,5,8,2.8308382499999425
512,10000,moment_quant_approx_samples,4,8,1.1787156250029511
512,10000,moment_quant_exact_samples,9,8,1.25056795799901
512,10000,moment_quant_exact_samples,6,8,1.2696232079979382
512,10000,moment_quant_exact_intervals,3,8,2.8218144579986983
512,10000,moment_quant_exact_intervals,7,8,2.8110522079987277
512,10000,moment_quant_exact_intervals,8,8,2.8020967499978724
512,10000,moment_quant_approx_intervals,6,8,2.612267624997912
768,1,moment_quant_exact_samples,6,8,0.001682291000179248
768,1,moment_quant_approx_intervals,2,8,0.02888041599726421
768,1,moment_quant_exact_intervals,3,8,0.009723792001750553
768,1,moment_quant_exact_samples,5,8,0.0016626659999019466
768,1,moment_quant_approx_intervals,0,8,0.02872712500175112
768,1,moment_quant_exact_intervals,1,8,0.008438166001724312
768,1,moment_quant_exact_intervals,4,8,0.00842904199816985
768,1,moment_quant_exact_intervals,0,8,0.008329041000251891
768,1,moment_quant_approx_intervals,8,8,0.02876816699790652
768,1,moment_quant_exact_samples,7,8,0.0016451659976155497
768,1,moment_quant_approx_samples,6,8,0.025207332997524645
768,1,moment_quant_exact_samples,1,8,0.001723042001685826
768,1,moment_quant_exact_samples,0,8,0.0016146249981829897
768,1,moment_quant_exact_intervals,8,8,0.008381875002669403
768,1,moment_quant_approx_samples,1,8,0.02513804099726258
768,1,moment_quant_approx_intervals,4,8,0.028777708997949958
768,1,moment_quant_exact_samples,4,8,0.00158700000247336
768,1,moment_quant_exact_intervals,9,8,0.008388791000470519
768,1,moment_quant_exact_intervals,2,8,0.008302207999804523
768,1,moment_quant_exact_samples,9,8,0.0014973750003264286
768,1,moment_quant_approx_intervals,6,8,0.028735167001286754
768,1,moment_quant_approx_samples,9,8,0.02507424999930663
768,1,moment_quant_exact_samples,3,8,0.0015564169989374932
768,1,moment_quant_approx_samples,4,8,0.025060624997422565
768,1,moment_quant_exact_samples,2,8,0.0015741669994895346
768,1,moment_quant_approx_samples,8,8,0.025091084000450792
768,1,moment_quant_exact_intervals,6,8,0.008393250001972774
768,1,moment_quant_approx_samples,7,8,0.025110500002483604
768,1,moment_quant_exact_samples,8,8,0.0016383750007662456
768,1,moment_quant_approx_intervals,3,8,0.0287857500006794
768,1,moment_quant_approx_intervals,5,8,0.028712499999528518
768,1,moment_quant_approx_samples,3,8,0.025067791997571476
768,1,moment_quant_approx_intervals,7,8,0.028773624999303138
768,1,moment_quant_approx_intervals,1,8,0.028719249999994645
768,1,moment_quant_exact_intervals,7,8,0.008390874998440268
768,1,moment_quant_approx_intervals,9,8,0.028730124999128748
768,1,moment_quant_approx_samples,5,8,0.025061958000151208
768,1,moment_quant_approx_samples,0,8,0.02500708399747964
768,1,moment_quant_approx_samples,2,8,0.02513116699992679
768,1,moment_quant_exact_intervals,5,8,0.008322916000906844
768,2,moment_quant_exact_samples,5,8,0.0016669159995217342
768,2,moment_quant_approx_intervals,6,8,0.02990062500248314
768,2,moment_quant_approx_intervals,5,8,0.02983937499811873
768,2,moment_quant_exact_intervals,3,8,0.009180625002045417
768,2,moment_quant_approx_intervals,8,8,0.029863083000236657
768,2,moment_quant_exact_intervals,4,8,0.009198291001666803
768,2,moment_quant_approx_samples,6,8,0.026321375000406988
768,2,moment_quant_approx_intervals,7,8,0.02977991700026905
768,2,moment_quant_exact_intervals,7,8,0.009170542001811555
768,2,moment_quant_approx_samples,8,8,0.026097834001120646
768,2,moment_quant_exact_samples,8,8,0.001757166002789745
768,2,moment_quant_exact_intervals,5,8,0.009119250000367174
768,2,moment_quant_exact_intervals,1,8,0.009014166000270052
768,2,moment_quant_approx_samples,1,8,0.026120082999113947
768,2,moment_quant_approx_samples,9,8,0.026203875000646804
768,2,moment_quant_exact_intervals,8,8,0.009081416999833891
768,2,moment_quant_approx_intervals,0,8,0.029751916001259815
768,2,moment_quant_exact_samples,4,8,0.0017030419985530898
768,2,moment_quant_exact_samples,6,8,0.001662999999098247
768,2,moment_quant_exact_samples,2,8,0.0016060419984569307
768,2,moment_quant_approx_intervals,4,8,0.02978366699971957
768,2,moment_quant_approx_intervals,1,8,0.030184541999915382
768,2,moment_quant_exact_samples,7,8,0.0018359170026087668
768,2,moment_quant_exact_intervals,0,8,0.009357333001389634
768,2,moment_quant_exact_intervals,6,8,0.009354792000522139
768,2,moment_quant_exact_intervals,2,8,0.009209874999214662
768,2,moment_quant_approx_intervals,3,8,0.02983824999682838
768,2,moment_quant_exact_samples,1,8,0.0017086250009015203
768,2,moment_quant_approx_samples,7,8,0.02660000000105356
768,2,moment_quant_exact_samples,3,8,0.0016888329992070794
768,2,moment_quant_exact_intervals,9,8,0.009220583000569604
768,2,moment_quant_approx_samples,5,8,0.026099833998159738
768,2,moment_quant_approx_intervals,2,8,0.029752375001407927
768,2,moment_quant_approx_intervals,9,8,0.029727290999289835
768,2,moment_quant_approx_samples,3,8,0.02603533300134586
768,2,moment_quant_exact_samples,9,8,0.0016066669995780103
768,2,moment_quant_approx_samples,0,8,0.02614249999896856
768,2,moment_quant_exact_samples,0,8,0.0016407910006819293
768,2,moment_quant_approx_samples,2,8,0.026103083000634797
768,2,moment_quant_approx_samples,4,8,0.025998791999882087
768,3,moment_quant_approx_intervals,5,8,0.030253542001446476
768,3,moment_quant_exact_samples,5,8,0.0017715409994707443
768,3,moment_quant_exact_samples,8,8,0.0017906249995576218
768,3,moment_quant_exact_samples,6,8,0.0016495000018039718
768,3,moment_quant_exact_samples,0,8,0.0016422499975305982
768,3,moment_quant_exact_intervals,9,8,0.009608374999515945
768,3,moment_quant_exact_intervals,5,8,0.009562165996612748
768,3,moment_quant_approx_samples,0,8,0.02635704199929023
768,3,moment_quant_exact_intervals,1,8,0.009585749998223037
768,3,moment_quant_exact_samples,7,8,0.00171829099781462
768,3,moment_quant_exact_samples,9,8,0.0016321249968314078
768,3,moment_quant_approx_samples,7,8,0.026382459000160452
768,3,moment_quant_exact_samples,4,8,0.0028850000016973354
768,3,moment_quant_approx_samples,5,8,0.026357540999015328
768,3,moment_quant_approx_samples,9,8,0.026364624998677755
768,3,moment_quant_exact_intervals,6,8,0.009595125000487315
768,3,moment_quant_approx_intervals,8,8,0.0301666249979462
768,3,moment_quant_exact_intervals,0,8,0.009503458000835963
768,3,moment_quant_approx_samples,6,8,0.02654975000041304
768,3,moment_quant_approx_samples,1,8,0.02638883300096495
768,3,moment_quant_approx_intervals,9,8,0.030074250000325264
768,3,moment_quant_approx_samples,8,8,0.02653679099967121
768,3,moment_quant_approx_intervals,2,8,0.030169542002113303
768,3,moment_quant_exact_intervals,2,8,0.009530457999062492
768,3,moment_quant_exact_samples,3,8,0.0017491250000603031
768,3,moment_quant_exact_intervals,3,8,0.00962170799903106
768,3,moment_quant_approx_samples,3,8,0.02640962499935995
768,3,moment_quant_approx_intervals,7,8,0.03019862499786541
768,3,moment_quant_approx_intervals,4,8,0.030137874997308245
768,3,moment_quant_approx_samples,4,8,0.02629266700023436
768,3,moment_quant_approx_intervals,1,8,0.030130999999528285
768,3,moment_quant_exact_intervals,7,8,0.009590084002411459
768,3,moment_quant_approx_samples,2,8,0.02630354200300644
768,3,moment_quant_exact_intervals,4,8,0.009600417000910966
768,3,moment_quant_approx_intervals,0,8,0.030270750001363922
768,3,moment_quant_exact_intervals,8,8,0.009606042000086745
768,3,moment_quant_exact_samples,1,8,0.0017634579999139532
768,3,moment_quant_approx_intervals,3,8,0.03022445799797424
768,3,moment_quant_approx_intervals,6,8,0.03012299999682
768,3,moment_quant_exact_samples,2,8,0.0017107499988924246
768,4,moment_quant_approx_samples,1,8,0.02644016700287466
768,4,moment_quant_approx_intervals,5,8,0.030374416000995552
768,4,moment_quant_approx_intervals,2,8,0.030314499999803957
768,4,moment_quant_exact_samples,2,8,0.001825540999561781
768,4,moment_quant_exact_intervals,1,8,0.009982625000702683
768,4,moment_quant_approx_samples,2,8,0.026635459002136486
768,4,moment_quant_exact_samples,7,8,0.001653917002840899
768,4,moment_quant_exact_samples,9,8,0.0018226249994768295
768,4,moment_quant_approx_samples,8,8,0.02655429099831963
768,4,moment_quant_exact_samples,6,8,0.0017881250023492612
768,4,moment_quant_approx_samples,3,8,0.026616249997459818
768,4,moment_quant_exact_samples,8,8,0.0016996249978546984
768,4,moment_quant_exact_intervals,9,8,0.009899625001708046
768,4,moment_quant_approx_intervals,1,8,0.030348542000865564
768,4,moment_quant_approx_samples,6,8,0.026437291999172885
768,4,moment_quant_exact_samples,0,8,0.002940916998340981
768,4,moment_quant_approx_intervals,4,8,0.03033345800213283
768,4,moment_quant_exact_samples,3,8,0.002966500000184169
768,4,moment_quant_approx_samples,9,8,0.026594250000925967
768,4,moment_quant_exact_intervals,3,8,0.009945290999894496
768,4,moment_quant_approx_intervals,8,8,0.030292832998384256
768,4,moment_quant_approx_intervals,7,8,0.0302907499972207
768,4,moment_quant_exact_intervals,2,8,0.00990549999914947
768,4,moment_quant_approx_intervals,6,8,0.0302992090000771
768,4,moment_quant_exact_intervals,8,8,0.009899458000290906
768,4,moment_quant_exact_samples,4,8,0.0018195419979747385
768,4,moment_quant_approx_samples,7,8,0.026606667001033202
768,4,moment_quant_exact_intervals,7,8,0.009938792001776164
768,4,moment_quant_exact_intervals,4,8,0.009861750000709435
768,4,moment_quant_approx_intervals,9,8,0.030857000001560664
768,4,moment_quant_approx_samples,0,8,0.02674970900261542
768,4,moment_quant_approx_samples,5,8,0.026611624998622574
768,4,moment_quant_approx_intervals,0,8,0.030302999999548774
768,4,moment_quant_exact_samples,5,8,0.00174966699705692
768,4,moment_quant_exact_intervals,5,8,0.00996554199809907
768,4,moment_quant_approx_intervals,3,8,0.030467166998278117
768,4,moment_quant_exact_intervals,0,8,0.009936291997291846
768,4,moment_quant_approx_samples,4,8,0.026529750000918284
768,4,moment_quant_exact_intervals,6,8,0.009967916001187405
768,4,moment_quant_exact_samples,1,8,0.0016941249996307306
768,8,moment_quant_approx_samples,3,8,0.026996584001608426
768,8,moment_quant_approx_intervals,4,8,0.031004542001028312
768,8,moment_quant_exact_intervals,6,8,0.012545292000140762
768,8,moment_quant_exact_intervals,8,8,0.011364375000994187
768,8,moment_quant_approx_samples,7,8,0.026972124996973434
768,8,moment_quant_approx_intervals,2,8,0.03114649999770336
768,8,moment_quant_approx_intervals,1,8,0.03098308299740893
768,8,moment_quant_approx_intervals,6,8,0.030945917002100032
768,8,moment_quant_exact_intervals,0,8,0.011431124999944586
768,8,moment_quant_approx_samples,5,8,0.028051207998942118
768,8,moment_quant_approx_samples,9,8,0.027826708999782568
768,8,moment_quant_approx_intervals,9,8,0.031026374999783002
768,8,moment_quant_exact_samples,3,8,0.0028004999985569157
768,8,moment_quant_approx_intervals,0,8,0.03106908300105715
768,8,moment_quant_approx_intervals,3,8,0.030979666000348516
768,8,moment_quant_exact_intervals,4,8,0.011494708000100218
768,8,moment_quant_exact_samples,8,8,0.0033709999988786876
768,8,moment_quant_approx_intervals,7,8,0.03115662499840255
768,8,moment_quant_exact_intervals,5,8,0.011782167002820643
768,8,moment_quant_exact_samples,4,8,0.0031427089998032898
768,8,moment_quant_approx_samples,1,8,0.027047083000070415
768,8,moment_quant_exact_intervals,7,8,0.011892209000507137
768,8,moment_quant_approx_samples,6,8,0.02702770799805876
768,8,moment_quant_exact_samples,7,8,0.002214583000750281
768,8,moment_quant_exact_samples,6,8,0.002378499997576
768,8,moment_quant_exact_intervals,1,8,0.011535249999724329
768,8,moment_quant_exact_intervals,2,8,0.01135916599741904
768,8,moment_quant_approx_samples,4,8,0.026929833999020047
768,8,moment_quant_approx_samples,8,8,0.029109500002959976
768,8,moment_quant_exact_samples,9,8,0.0023739169992040843
768,8,moment_quant_approx_samples,0,8,0.027360916003090097
768,8,moment_quant_exact_samples,1,8,0.003872665998642333
768,8,moment_quant_approx_samples,2,8,0.026933334000204923
768,8,moment_quant_exact_samples,2,8,0.0023212089981825557
768,8,moment_quant_exact_intervals,3,8,0.01184162500067032
768,8,moment_quant_approx_intervals,5,8,0.03136520800035214
768,8,moment_quant_approx_intervals,8,8,0.03128070799721172
768,8,moment_quant_exact_samples,5,8,0.0026837920013349503
768,8,moment_quant_exact_samples,0,8,0.002814625000610249
768,8,moment_quant_exact_intervals,9,8,0.011408709000534145
768,10,moment_quant_approx_intervals,6,8,0.03136008300134563
768,10,moment_quant_exact_samples,7,8,0.004737625000416301
768,10,moment_quant_exact_samples,9,8,0.0029338749991438817
768,10,moment_quant_approx_samples,8,8,0.02813520799827529
768,10,moment_quant_exact_samples,2,8,0.002842459001840325
768,10,moment_quant_approx_intervals,7,8,0.03131954100172152
768,10,moment_quant_approx_intervals,8,8,0.031661082997743506
768,10,moment_quant_approx_samples,4,8,0.027073917000961956
768,10,moment_quant_exact_intervals,2,8,0.012170084002718795
768,10,moment_quant_exact_samples,1,8,0.0028481249973992817
768,10,moment_quant_approx_samples,9,8,0.02838625000003958
768,10,moment_quant_approx_intervals,1,8,0.03164358299909509
768,10,moment_quant_exact_intervals,4,8,0.012572249997901963
768,10,moment_quant_approx_intervals,0,8,0.0315117089994601
768,10,moment_quant_exact_intervals,3,8,0.012488041997130495
768,10,moment_quant_approx_samples,2,8,0.02826229100173805
768,10,moment_quant_exact_samples,6,8,0.002950291000161087
768,10,moment_quant_exact_intervals,6,8,0.01211820800017449
768,10,moment_quant_exact_intervals,5,8,0.01213195799937239
768,10,moment_quant_approx_intervals,5,8,0.03124220799873001
768,10,moment_quant_exact_intervals,0,8,0.012140667000494432
768,10,moment_quant_approx_samples,7,8,0.027590375000727363
768,10,moment_quant_exact_intervals,8,8,0.012231958000484155
768,10,moment_quant_exact_samples,8,8,0.004482000000280095
768,10,moment_quant_approx_samples,6,8,0.027432666000095196
768,10,moment_quant_exact_samples,0,8,0.003085041000304045
768,10,moment_quant_approx_intervals,2,8,0.031201166999380803
768,10,moment_quant_approx_intervals,4,8,0.031030832997203106
768,10,moment_quant_approx_samples,0,8,0.02706558299905737
768,10,moment_quant_exact_samples,4,8,0.003983333001087885
768,10,moment_quant_exact_samples,3,8,0.003068916001211619
768,10,moment_quant_approx_samples,3,8,0.02713779199984856
768,10,moment_quant_exact_intervals,7,8,0.01213866699981736
768,10,moment_quant_approx_intervals,3,8,0.0311862079979619
768,10,moment_quant_approx_samples,5,8,0.02710875000047963
768,10,moment_quant_approx_samples,1,8,0.026959124999848427
768,10,moment_quant_exact_intervals,1,8,0.012470416000724072
768,10,moment_quant_exact_samples,5,8,0.003047375001187902
768,10,moment_quant_approx_intervals,9,8,0.032071333000203595
768,10,moment_quant_exact_intervals,9,8,0.012536958001874154
768,16,moment_quant_approx_samples,6,8,0.030064124999626074
768,16,moment_quant_exact_intervals,7,8,0.014553958000760758
768,16,moment_quant_approx_intervals,3,8,0.03218670899877907
768,16,moment_quant_exact_intervals,0,8,0.014471250000497093
768,16,moment_quant_approx_intervals,2,8,0.03209004199743504
768,16,moment_quant_approx_samples,8,8,0.028024833998642862
768,16,moment_quant_exact_samples,8,8,0.005240000002231682
768,16,moment_quant_approx_samples,0,8,0.028254125001694774
768,16,moment_quant_approx_samples,3,8,0.02816641699973843
768,16,moment_quant_approx_samples,9,8,0.027591457997914404
768,16,moment_quant_approx_samples,2,8,0.02806458299892256
768,16,moment_quant_approx_samples,5,8,0.028937874998518964
768,16,moment_quant_exact_samples,7,8,0.004200540999590885
768,16,moment_quant_exact_samples,0,8,0.004696541000157595
768,16,moment_quant_approx_intervals,6,8,0.03249645899995812
768,16,moment_quant_exact_samples,2,8,0.004789292001078138
768,16,moment_quant_exact_samples,5,8,0.004387166001833975
768,16,moment_quant_exact_intervals,4,8,0.014691750002384651
768,16,moment_quant_approx_intervals,1,8,0.03374562499811873
768,16,moment_quant_exact_samples,1,8,0.004215166998619679
768,16,moment_quant_exact_intervals,3,8,0.014562291002221173
768,16,moment_quant_exact_samples,4,8,0.004770291998283938
768,16,moment_quant_exact_intervals,1,8,0.014443209001910873
768,16,moment_quant_approx_intervals,0,8,0.032228041000053054
768,16,moment_quant_approx_intervals,4,8,0.032038291999924695
768,16,moment_quant_approx_intervals,7,8,0.032051583999418654
768,16,moment_quant_exact_intervals,9,8,0.014404624998860527
768,16,moment_quant_exact_samples,3,8,0.0037569160012935754
768,16,moment_quant_exact_samples,6,8,0.004871084001933923
768,16,moment_quant_approx_samples,1,8,0.027805833000456914
768,16,moment_quant_approx_intervals,9,8,0.032174083000427345
768,16,moment_quant_exact_intervals,6,8,0.014475916999799665
768,16,moment_quant_approx_samples,4,8,0.029105958998115966
768,16,moment_quant_exact_intervals,8,8,0.015171541999734472
768,16,moment_quant_exact_intervals,5,8,0.014732250001543434
768,16,moment_quant_exact_samples,9,8,0.004587583000102313
768,16,moment_quant_approx_samples,7,8,0.02874924999923678
768,16,moment_quant_exact_intervals,2,8,0.014621416001318721
768,16,moment_quant_approx_intervals,5,8,0.0322716250011581
768,16,moment_quant_approx_intervals,8,8,0.032538332998228725
768,30,moment_quant_exact_intervals,8,8,0.020080833997781156
768,30,moment_quant_exact_samples,2,8,0.009745874998770887
768,30,moment_quant_approx_samples,5,8,0.03086375000202679
768,30,moment_quant_approx_samples,9,8,0.031837457998335594
768,30,moment_quant_exact_intervals,4,8,0.01995225000064238
768,30,moment_quant_approx_samples,7,8,0.029844541000784375
768,30,moment_quant_exact_samples,5,8,0.008876083000359358
768,30,moment_quant_approx_samples,0,8,0.030108875002042623
768,30,moment_quant_exact_intervals,7,8,0.020882208002149127
768,30,moment_quant_exact_intervals,9,8,0.019726082999113714
768,30,moment_quant_exact_intervals,3,8,0.02011987500009127
768,30,moment_quant_exact_samples,6,8,0.0068877920020895544
768,30,moment_quant_exact_intervals,5,8,0.021588625000731554
768,30,moment_quant_exact_samples,7,8,0.008574125000450294
768,30,moment_quant_exact_samples,8,8,0.007633499997609761
768,30,moment_quant_exact_samples,3,8,0.008556458000384737
768,30,moment_quant_exact_samples,1,8,0.00742799999716226
768,30,moment_quant_approx_intervals,5,8,0.036719290998007637
768,30,moment_quant_approx_samples,6,8,0.029137167002772912
768,30,moment_quant_exact_samples,0,8,0.0071358329987560865
768,30,moment_quant_exact_samples,4,8,0.008202458997402573
768,30,moment_quant_approx_intervals,0,8,0.03506087499772548
768,30,moment_quant_exact_intervals,1,8,0.020634791999327717
768,30,moment_quant_approx_intervals,2,8,0.03489858399916557
768,30,moment_quant_approx_intervals,1,8,0.034871959000156494
768,30,moment_quant_approx_samples,1,8,0.03028404100041371
768,30,moment_quant_approx_intervals,8,8,0.03577783400032786
768,30,moment_quant_exact_intervals,2,8,0.020265875002223765
768,30,moment_quant_approx_intervals,4,8,0.035003708999283845
768,30,moment_quant_exact_intervals,6,8,0.019776625002123183
768,30,moment_quant_approx_samples,8,8,0.03041154099992127
768,30,moment_quant_approx_intervals,7,8,0.03542066700174473
768,30,moment_quant_approx_intervals,6,8,0.03491608299736981
768,30,moment_quant_exact_samples,9,8,0.008328874999278923
768,30,moment_quant_approx_samples,3,8,0.030016917000466492
768,30,moment_quant_exact_intervals,0,8,0.020993875001295237
768,30,moment_quant_approx_samples,4,8,0.03028450000056182
768,30,moment_quant_approx_intervals,3,8,0.03650841600028798
768,30,moment_quant_approx_samples,2,8,0.030727458997716894
768,30,moment_quant_approx_intervals,9,8,0.03737291700235801
768,32,moment_quant_approx_samples,9,8,0.03260408300047857
768,32,moment_quant_approx_samples,8,8,0.030337291998876026
768,32,moment_quant_exact_intervals,2,8,0.021398707998741884
768,32,moment_quant_exact_samples,6,8,0.008799625000392552
768,32,moment_quant_exact_intervals,0,8,0.021412207999674138
768,32,moment_quant_exact_intervals,5,8,0.02227870899878326
768,32,moment_quant_approx_intervals,8,8,0.03733904200271354
768,32,moment_quant_approx_samples,2,8,0.030845291999867186
768,32,moment_quant_approx_intervals,1,8,0.039516790999186924
768,32,moment_quant_exact_samples,5,8,0.008686582998052472
768,32,moment_quant_exact_samples,4,8,0.009952915999747347
768,32,moment_quant_exact_intervals,3,8,0.021670166999683715
768,32,moment_quant_exact_samples,2,8,0.007222458996693604
768,32,moment_quant_exact_samples,8,8,0.007855874999222578
768,32,moment_quant_approx_samples,6,8,0.03118233300119755
768,32,moment_quant_approx_samples,5,8,0.03015058299934026
768,32,moment_quant_approx_samples,4,8,0.03002566699797171
768,32,moment_quant_approx_intervals,0,8,0.03822804199808161
768,32,moment_quant_exact_intervals,9,8,0.021998291998897912
768,32,moment_quant_approx_intervals,4,8,0.036221124999428866
768,32,moment_quant_approx_intervals,2,8,0.03606220800065785
768,32,moment_quant_exact_intervals,7,8,0.02294320800137939
768,32,moment_quant_exact_samples,7,8,0.008793416996923042
768,32,moment_quant_approx_intervals,9,8,0.036077416996704414
768,32,moment_quant_exact_samples,0,8,0.00878391700098291
768,32,moment_quant_approx_samples,0,8,0.03115241699924809
768,32,moment_quant_exact_samples,3,8,0.008132541999657406
768,32,moment_quant_exact_intervals,6,8,0.02229987499958952
768,32,moment_quant_exact_intervals,4,8,0.021309833999112016
768,32,moment_quant_approx_samples,7,8,0.030688791997818043
768,32,moment_quant_exact_intervals,1,8,0.021850417000678135
768,32,moment_quant_approx_samples,3,8,0.030635708000772865
768,32,moment_quant_approx_intervals,3,8,0.036354625000967644
768,32,moment_quant_approx_intervals,5,8,0.035528207998140715
768,32,moment_quant_approx_samples,1,8,0.031050042001879774
768,32,moment_quant_exact_samples,9,8,0.00913679199948092
768,32,moment_quant_approx_intervals,7,8,0.035970083001302555
768,32,moment_quant_exact_intervals,8,8,0.02131112500137533
768,32,moment_quant_exact_samples,1,8,0.007570584002678515
768,32,moment_quant_approx_intervals,6,8,0.03908133300137706
768,64,moment_quant_exact_intervals,4,8,0.035147917002177564
768,64,moment_quant_exact_samples,9,8,0.013004083000851097
768,64,moment_quant_exact_intervals,9,8,0.033759250000002794
768,64,moment_quant_approx_intervals,3,8,0.043814417000248795
768,64,moment_quant_approx_intervals,8,8,0.043754540998634184
768,64,moment_quant_approx_intervals,5,8,0.044000582998705795
768,64,moment_quant_approx_samples,4,8,0.03478362500027288
768,64,moment_quant_exact_samples,0,8,0.01444512499801931
768,64,moment_quant_exact_intervals,3,8,0.03387954099889612
768,64,moment_quant_exact_samples,4,8,0.01330995800162782
768,64,moment_quant_approx_samples,6,8,0.03500354100106051
768,64,moment_quant_approx_intervals,1,8,0.04616783299934468
768,64,moment_quant_approx_samples,0,8,0.035337667002750095
768,64,moment_quant_approx_intervals,6,8,0.04076770899700932
768,64,moment_quant_exact_samples,5,8,0.01445433399931062
768,64,moment_quant_approx_samples,7,8,0.03467799999998533
768,64,moment_quant_exact_intervals,8,8,0.03424045800056774
768,64,moment_quant_approx_intervals,4,8,0.04083458300010534
768,64,moment_quant_exact_intervals,2,8,0.03365870800189441
768,64,moment_quant_approx_samples,2,8,0.035587917001976166
768,64,moment_quant_approx_samples,1,8,0.03644154200082994
768,64,moment_quant_approx_samples,5,8,0.03427741700215847
768,64,moment_quant_exact_intervals,7,8,0.033890709000843344
768,64,moment_quant_exact_samples,2,8,0.01489854200190166
768,64,moment_quant_exact_samples,1,8,0.014428957998461556
768,64,moment_quant_exact_intervals,5,8,0.03274045799844316
768,64,moment_quant_approx_samples,8,8,0.036343208001198946
768,64,moment_quant_approx_intervals,7,8,0.04465037499903701
768,64,moment_quant_exact_samples,6,8,0.013944207999884384
768,64,moment_quant_approx_samples,3,8,0.03401345800011768
768,64,moment_quant_approx_intervals,0,8,0.04333537500133389
768,64,moment_quant_exact_samples,7,8,0.012675292000494665
768,64,moment_quant_exact_samples,3,8,0.014709292001498397
768,64,moment_quant_exact_intervals,1,8,0.03274629099905724
768,64,moment_quant_exact_intervals,0,8,0.032472541999595705
768,64,moment_quant_approx_samples,9,8,0.034543665999080986
768,64,moment_quant_exact_intervals,6,8,0.034194416999525856
768,64,moment_quant_approx_intervals,9,8,0.043922041997575434
768,64,moment_quant_exact_samples,8,8,0.01449562500056345
768,64,moment_quant_approx_intervals,2,8,0.04201741600263631
768,100,moment_quant_approx_intervals,0,8,0.050441291998140514
768,100,moment_quant_approx_samples,0,8,0.04159366699968814
768,100,moment_quant_approx_samples,5,8,0.04273375000047963
768,100,moment_quant_exact_intervals,6,8,0.04944929200064507
768,100,moment_quant_exact_samples,9,8,0.022313000001304317
768,100,moment_quant_approx_intervals,2,8,0.054301208998367656
768,100,moment_quant_exact_samples,4,8,0.022385374999430496
768,100,moment_quant_approx_samples,2,8,0.039433500001905486
768,100,moment_quant_exact_intervals,1,8,0.050476166001317324
768,100,moment_quant_exact_intervals,8,8,0.04768562500248663
768,100,moment_quant_approx_intervals,6,8,0.052252624998800457
768,100,moment_quant_approx_intervals,1,8,0.051900291997299064
768,100,moment_quant_approx_samples,6,8,0.03996241699860548
768,100,moment_quant_exact_samples,7,8,0.02753649999795016
768,100,moment_quant_approx_intervals,9,8,0.047832000000198605
768,100,moment_quant_exact_intervals,3,8,0.04660279200106743
768,100,moment_quant_exact_samples,0,8,0.023229750000609783
768,100,moment_quant_exact_intervals,5,8,0.04780920900157071
768,100,moment_quant_exact_samples,6,8,0.02515783299895702
768,100,moment_quant_approx_intervals,3,8,0.05129566599862301
768,100,moment_quant_exact_intervals,4,8,0.047885416002827697
768,100,moment_quant_exact_intervals,0,8,0.04917754200141644
768,100,moment_quant_exact_intervals,9,8,0.046691875002579764
768,100,moment_quant_approx_intervals,7,8,0.047369957999762846
768,100,moment_quant_exact_intervals,2,8,0.046894540999346646
768,100,moment_quant_approx_intervals,4,8,0.04717354099921067
768,100,moment_quant_approx_samples,1,8,0.0397613339991949
768,100,moment_quant_exact_samples,8,8,0.022288834003120428
768,100,moment_quant_approx_intervals,8,8,0.04742408399761189
768,100,moment_quant_exact_samples,1,8,0.022608250001212582
768,100,moment_quant_approx_samples,9,8,0.03971083299984457
768,100,moment_quant_approx_samples,3,8,0.03921216700109653
768,100,moment_quant_approx_samples,8,8,0.03889095900012762
768,100,moment_quant_approx_samples,7,8,0.04144666699721711
768,100,moment_quant_exact_intervals,7,8,0.04853758299941546
768,100,moment_quant_exact_samples,2,8,0.021937458997854264
768,100,moment_quant_exact_samples,3,8,0.021734916997957043
768,100,moment_quant_exact_samples,5,8,0.02168758400148363
768,100,moment_quant_approx_intervals,5,8,0.04955237499962095
768,100,moment_quant_approx_samples,4,8,0.04263158300091163
768,300,moment_quant_exact_samples,3,8,0.06209083400244708
768,300,moment_quant_exact_samples,8,8,0.05992991699895356
768,300,moment_quant_approx_samples,6,8,0.06373162499949103
768,300,moment_quant_exact_intervals,6,8,0.13162512500275625
768,300,moment_quant_exact_intervals,8,8,0.13049595800112002
768,300,moment_quant_approx_intervals,4,8,0.09338525000202935
768,300,moment_quant_exact_intervals,7,8,0.1301669580025191
768,300,moment_quant_exact_samples,6,8,0.06096866699954262
768,300,moment_quant_exact_intervals,4,8,0.12768708300063736
768,300,moment_quant_exact_samples,1,8,0.06072729199877358
768,300,moment_quant_approx_samples,3,8,0.06063820800045505
768,300,moment_quant_exact_intervals,1,8,0.1320196249980654
768,300,moment_quant_approx_intervals,8,8,0.09306033300163108
768,300,moment_quant_exact_samples,2,8,0.06186366700057988
768,300,moment_quant_approx_intervals,1,8,0.09549858299942571
768,300,moment_quant_exact_samples,0,8,0.062226083002315136
768,300,moment_quant_approx_samples,4,8,0.06086470799709787
768,300,moment_quant_approx_samples,1,8,0.059839333000127226
768,300,moment_quant_approx_samples,2,8,0.06160450000243145
768,300,moment_quant_exact_intervals,5,8,0.13048095900012413
768,300,moment_quant_exact_samples,7,8,0.06189954199726344
768,300,moment_quant_approx_intervals,2,8,0.08685508299822686
768,300,moment_quant_exact_samples,4,8,0.06171708399779163
768,300,moment_quant_approx_intervals,0,8,0.08887574999971548
768,300,moment_quant_approx_samples,9,8,0.06109358300091117
768,300,moment_quant_exact_intervals,2,8,0.12804720799977076
768,300,moment_quant_approx_samples,0,8,0.05974475000039092
768,300,moment_quant_approx_samples,8,8,0.061701916998572415
768,300,moment_quant_approx_intervals,7,8,0.08708245800153236
768,300,moment_quant_approx_intervals,9,8,0.08648141699814005
768,300,moment_quant_approx_samples,7,8,0.061341542001173366
768,300,moment_quant_approx_intervals,5,8,0.0852067910018377
768,300,moment_quant_exact_intervals,9,8,0.12734770799943362
768,300,moment_quant_exact_intervals,3,8,0.1272228339985304
768,300,moment_quant_exact_samples,5,8,0.06045883399929153
768,300,moment_quant_exact_intervals,0,8,0.1277408749992901
768,300,moment_quant_approx_samples,5,8,0.06360412499998347
768,300,moment_quant_approx_intervals,3,8,0.08785654199891724
768,300,moment_quant_exact_samples,9,8,0.06061791600222932
768,300,moment_quant_approx_intervals,6,8,0.08767987499959418
768,1000,moment_quant_approx_samples,2,8,0.1548131249983271
768,1000,moment_quant_approx_intervals,2,8,0.224952000000485
768,1000,moment_quant_approx_samples,7,8,0.13490516700039734
768,1000,moment_quant_exact_intervals,8,8,0.4294688750014757
768,1000,moment_quant_exact_intervals,9,8,0.43572466699697543
768,1000,moment_quant_approx_samples,9,8,0.13529237499824376
768,1000,moment_quant_exact_samples,1,8,0.1863268330016581
768,1000,moment_quant_exact_samples,0,8,0.1880964589981886
768,1000,moment_quant_exact_samples,5,8,0.18351212499692338
768,1000,moment_quant_approx_intervals,3,8,0.22609187499983818
768,1000,moment_quant_exact_intervals,2,8,0.43140562500047963
768,1000,moment_quant_approx_samples,8,8,0.14198258299802546
768,1000,moment_quant_approx_samples,5,8,0.13761333400179865
768,1000,moment_quant_exact_intervals,4,8,0.4385417499979667
768,1000,moment_quant_approx_samples,1,8,0.13428345899956184
768,1000,moment_quant_approx_samples,6,8,0.1343613750032091
768,1000,moment_quant_approx_intervals,1,8,0.22893083300004946
768,1000,moment_quant_exact_intervals,0,8,0.42464591699899756
768,1000,moment_quant_exact_samples,9,8,0.18077316600101767
768,1000,moment_quant_approx_samples,3,8,0.13474874999883468
768,1000,moment_quant_exact_samples,8,8,0.1872680840024259
768,1000,moment_quant_approx_samples,0,8,0.13512633299978916
768,1000,moment_quant_exact_samples,4,8,0.1896304580004653
768,1000,moment_quant_exact_intervals,7,8,0.4276724999981525
768,1000,moment_quant_approx_intervals,5,8,0.22796091700001853
768,1000,moment_quant_exact_intervals,6,8,0.42550712499723886
768,1000,moment_quant_exact_intervals,3,8,0.4234469999973953
768,1000,moment_quant_approx_intervals,0,8,0.22498804200222366
768,1000,moment_quant_exact_intervals,5,8,0.45880275000308757
768,1000,moment_quant_approx_intervals,9,8,0.22593487500125775
768,1000,moment_quant_exact_samples,7,8,0.18412487500245334
768,1000,moment_quant_approx_intervals,7,8,0.2282209580007475
768,1000,moment_quant_approx_intervals,8,8,0.22661741599949892
768,1000,moment_quant_exact_samples,2,8,0.1918837919984071
768,1000,moment_quant_approx_samples,4,8,0.13397162500041304
768,1000,moment_quant_exact_samples,3,8,0.19179829099812196
768,1000,moment_quant_approx_intervals,6,8,0.23296495799877448
768,1000,moment_quant_exact_samples,6,8,0.18455249999897205
768,1000,moment_quant_exact_intervals,1,8,0.42735150000225985
768,1000,moment_quant_approx_intervals,4,8,0.22716179100098088
768,3000,moment_quant_exact_samples,4,8,0.5389648750024207
768,3000,moment_quant_approx_samples,5,8,0.4299948330008192
768,3000,moment_quant_exact_samples,2,8,0.5442641669978912
768,3000,moment_quant_approx_samples,0,8,0.44545704200209
768,3000,moment_quant_approx_samples,9,8,0.40199658399797045
768,3000,moment_quant_exact_intervals,3,8,1.413937542001804
768,3000,moment_quant_approx_intervals,5,8,0.7898207079997519
768,3000,moment_quant_approx_samples,1,8,0.39321558300071047
768,3000,moment_quant_approx_samples,6,8,0.4335503329966741
768,3000,moment_quant_exact_samples,3,8,0.7091497080000408
768,3000,moment_quant_approx_samples,7,8,0.6485870830001659
768,3000,moment_quant_exact_intervals,7,8,1.456094375000248
768,3000,moment_quant_approx_intervals,6,8,0.8250787079996371
768,3000,moment_quant_approx_intervals,8,8,0.7796104169974569
768,3000,moment_quant_exact_intervals,4,8,1.4107428750030522
768,3000,moment_quant_approx_samples,2,8,0.3995249159997911
768,3000,moment_quant_exact_intervals,8,8,1.403780958000425
768,3000,moment_quant_exact_intervals,6,8,1.4233613329997752
768,3000,moment_quant_approx_intervals,4,8,0.8197900829982245
768,3000,moment_quant_exact_samples,9,8,0.5361269589993753
768,3000,moment_quant_approx_intervals,7,8,0.7741638329971465
768,3000,moment_quant_exact_intervals,9,8,1.3989216670015594
768,3000,moment_quant_exact_intervals,0,8,1.4174596250013565
768,3000,moment_quant_exact_samples,0,8,0.5379878749990894
768,3000,moment_quant_approx_samples,4,8,0.4032807919975312
768,3000,moment_quant_approx_intervals,0,8,0.7931897499984188
768,3000,moment_quant_exact_samples,6,8,0.5690509999985807
768,3000,moment_quant_exact_intervals,1,8,1.399959124999441
768,3000,moment_quant_exact_samples,5,8,0.5391012920008507
768,3000,moment_quant_approx_intervals,3,8,0.8349418750003679
768,3000,moment_quant_approx_intervals,9,8,0.8122176249999029
768,3000,moment_quant_approx_intervals,1,8,0.7766875420020369
768,3000,moment_quant_exact_intervals,2,8,1.4120079999993322
768,3000,moment_quant_exact_samples,7,8,0.5492667090002215
768,3000,moment_quant_approx_samples,3,8,0.4319799580007384
768,3000,moment_quant_approx_intervals,2,8,0.8418673749984009
768,3000,moment_quant_approx_samples,8,8,0.39624887500031036
768,3000,moment_quant_exact_intervals,5,8,1.4234981660010817
768,3000,moment_quant_exact_samples,1,8,0.5368191669986118
768,3000,moment_quant_exact_samples,8,8,0.5509170000004815
768,10000,moment_quant_approx_samples,0,8,1.7959967499991762
768,10000,moment_quant_approx_samples,7,8,1.738015708000603
768,10000,moment_quant_approx_samples,6,8,1.7517953749993467
768,10000,moment_quant_exact_intervals,3,8,5.0098418749985285
768,10000,moment_quant_approx_intervals,7,8,4.107706624999992
768,10000,moment_quant_exact_samples,2,8,1.8235330829993472
768,10000,moment_quant_approx_samples,1,8,1.7180818339984398
768,10000,moment_quant_exact_intervals,5,8,5.03313658299885
768,10000,moment_quant_exact_intervals,8,8,5.032642665999447
768,10000,moment_quant_exact_intervals,4,8,5.017893625001307
768,10000,moment_quant_exact_samples,9,8,1.798873250001634
768,10000,moment_quant_exact_intervals,6,8,5.027211125001486
768,10000,moment_quant_exact_samples,4,8,1.8092553749993385
768,10000,moment_quant_approx_intervals,5,8,4.1566782080008124
768,10000,moment_quant_exact_samples,0,8,1.8688220840012946
768,10000,moment_quant_exact_intervals,7,8,5.181117959000403
768,10000,moment_quant_approx_intervals,9,8,4.289313916997344
768,10000,moment_quant_exact_intervals,0,8,5.022419749999244
768,10000,moment_quant_approx_intervals,2,8,4.128210499999113
768,10000,moment_quant_approx_samples,4,8,1.7038364580002963
768,10000,moment_quant_exact_samples,1,8,1.8291537499972037
768,10000,moment_quant_approx_samples,5,8,1.7287359580004704
768,10000,moment_quant_exact_intervals,9,8,5.050420291998307
768,10000,moment_quant_approx_samples,3,8,1.664465374997235
768,10000,moment_quant_exact_samples,3,8,1.8428009169983852
768,10000,moment_quant_exact_samples,5,8,1.8848484999980428
768,10000,moment_quant_exact_samples,8,8,1.8704848750021483
768,10000,moment_quant_approx_intervals,3,8,4.169376416000887
768,10000,moment_quant_approx_intervals,1,8,3.9478810420005175
768,10000,moment_quant_approx_intervals,0,8,4.198533541999495
768,10000,moment_quant_approx_intervals,4,8,3.9875627500005066
768,10000,moment_quant_approx_samples,2,8,1.7023547499993583
768,10000,moment_quant_exact_samples,6,8,1.8329487500013784
768,10000,moment_quant_exact_intervals,2,8,5.031976874997781
768,10000,moment_quant_approx_intervals,8,8,4.21196133400008
768,10000,moment_quant_approx_samples,9,8,1.6461190420013736
768,10000,moment_quant_exact_samples,7,8,1.876186042001791
768,10000,moment_quant_approx_samples,8,8,1.6829002910017152
768,10000,moment_quant_approx_intervals,6,8,4.040916207999544
768,10000,moment_quant_exact_intervals,1,8,5.045436832999258
1024,1,moment_quant_exact_samples,4,8,0.001997999999730382
1024,1,moment_quant_exact_intervals,1,8,0.009898416999931214
1024,1,moment_quant_exact_samples,3,8,0.0019377089993213303
1024,1,moment_quant_approx_intervals,2,8,0.028890166999190114
1024,1,moment_quant_exact_intervals,6,8,0.008543125000869622
1024,1,moment_quant_approx_samples,5,8,0.025257416000386
1024,1,moment_quant_approx_samples,2,8,0.02528487500239862
1024,1,moment_quant_approx_intervals,3,8,0.028938374998688232
1024,1,moment_quant_approx_samples,7,8,0.025052042001334485
1024,1,moment_quant_exact_samples,5,8,0.0018248340020363685
1024,1,moment_quant_approx_samples,9,8,0.025117417000728892
1024,1,moment_quant_exact_samples,8,8,0.0029586249984276947
1024,1,moment_quant_exact_samples,6,8,0.0018425839989504311
1024,1,moment_quant_approx_samples,3,8,0.025158084001304815
1024,1,moment_quant_exact_intervals,2,8,0.008603833000961458
1024,1,moment_quant_exact_intervals,0,8,0.008492124998156214
1024,1,moment_quant_exact_samples,1,8,0.001851125001849141
1024,1,moment_quant_approx_intervals,8,8,0.028959249997569714
1024,1,moment_quant_approx_intervals,4,8,0.02908454199859989
1024,1,moment_quant_exact_samples,2,8,0.001962624999578111
1024,1,moment_quant_approx_samples,4,8,0.02502670799731277
1024,1,moment_quant_approx_samples,0,8,0.02528974999950151
1024,1,moment_quant_exact_intervals,9,8,0.008555999997042818
1024,1,moment_quant_approx_intervals,6,8,0.028850583999883384
1024,1,moment_quant_exact_intervals,3,8,0.008572916998673463
1024,1,moment_quant_exact_intervals,8,8,0.008494290999806253
1024,1,moment_quant_approx_samples,6,8,0.025424667001061607
1024,1,moment_quant_approx_samples,1,8,0.02520195800025249
1024,1,moment_quant_approx_intervals,9,8,0.02879633300108253
1024,1,moment_quant_approx_samples,8,8,0.0251681669979007
1024,1,moment_quant_approx_intervals,0,8,0.028758665997884236
1024,1,moment_quant_exact_intervals,7,8,0.00851899999906891
1024,1,moment_quant_exact_samples,9,8,0.001838084001064999
1024,1,moment_quant_exact_intervals,5,8,0.008622124998510117
1024,1,moment_quant_approx_intervals,1,8,0.02879200000097626
1024,1,moment_quant_exact_samples,0,8,0.001869542000349611
1024,1,moment_quant_exact_samples,7,8,0.001893833999929484
1024,1,moment_quant_exact_intervals,4,8,0.008556958000554005
1024,1,moment_quant_approx_intervals,7,8,0.028903166003146907
1024,1,moment_quant_approx_intervals,5,8,0.02918445899922517
1024,2,moment_quant_approx_intervals,0,8,0.030706959001690848
1024,2,moment_quant_approx_intervals,6,8,0.029895250001573004
1024,2,moment_quant_exact_samples,8,8,0.0019348749992786907
1024,2,moment_quant_exact_intervals,2,8,0.009603250000509433
1024,2,moment_quant_approx_intervals,9,8,0.03003487499881885
1024,2,moment_quant_approx_intervals,5,8,0.02999229099805234
1024,2,moment_quant_exact_samples,0,8,0.001948624998476589
1024,2,moment_quant_exact_intervals,3,8,0.009663791999628302
1024,2,moment_quant_approx_intervals,8,8,0.03110766700046952
1024,2,moment_quant_approx_samples,6,8,0.026376041998446453
1024,2,moment_quant_exact_intervals,4,8,0.009569042002112838
1024,2,moment_quant_exact_samples,1,8,0.0018787080007314216
1024,2,moment_quant_exact_intervals,1,8,0.009493333000136772
1024,2,moment_quant_exact_samples,6,8,0.0019650840004032943
1024,2,moment_quant_approx_samples,2,8,0.026334500002121786
1024,2,moment_quant_approx_intervals,3,8,0.030170458001521183
1024,2,moment_quant_exact_samples,2,8,0.0019829170014418196
1024,2,moment_quant_approx_samples,5,8,0.026273749997926643
1024,2,moment_quant_exact_samples,7,8,0.0019491669991111849
1024,2,moment_quant_exact_samples,9,8,0.001968416003364837
1024,2,moment_quant_exact_samples,3,8,0.001986791998206172
1024,2,moment_quant_exact_samples,5,8,0.001917624998895917
1024,2,moment_quant_approx_intervals,7,8,0.029965041001560166
1024,2,moment_quant_exact_intervals,0,8,0.00963166599831311
1024,2,moment_quant_exact_intervals,8,8,0.009852499999396969
1024,2,moment_quant_exact_intervals,7,8,0.009805541998503031
1024,2,moment_quant_approx_samples,3,8,0.02707208300125785
1024,2,moment_quant_exact_intervals,6,8,0.009731457997986581
1024,2,moment_quant_approx_samples,8,8,0.026431041998876026
1024,2,moment_quant_exact_intervals,9,8,0.009572875002049841
1024,2,moment_quant_approx_samples,4,8,0.026354124998761108
1024,2,moment_quant_approx_intervals,1,8,0.030259291001129895
1024,2,moment_quant_exact_intervals,5,8,0.009618874999432592
1024,2,moment_quant_exact_samples,4,8,0.0021587080009339843
1024,2,moment_quant_approx_samples,1,8,0.026429833000293
1024,2,moment_quant_approx_samples,9,8,0.026407958001072984
1024,2,moment_quant_approx_samples,0,8,0.026499125000555068
1024,2,moment_quant_approx_intervals,4,8,0.03004716700161225
1024,2,moment_quant_approx_intervals,2,8,0.029932541998277884
1024,2,moment_quant_approx_samples,7,8,0.026290750000043772
1024,3,moment_quant_approx_samples,0,8,0.026763708003272768
1024,3,moment_quant_approx_samples,7,8,0.026633875000698026
1024,3,moment_quant_exact_samples,9,8,0.003223040999728255
1024,3,moment_quant_exact_samples,4,8,0.0021015829988755286
1024,3,moment_quant_exact_samples,6,8,0.0020571249988279305
1024,3,moment_quant_exact_intervals,6,8,0.01012845799778006
1024,3,moment_quant_approx_intervals,2,8,0.030664207999507198
1024,3,moment_quant_exact_intervals,3,8,0.01015683299920056
1024,3,moment_quant_exact_intervals,2,8,0.010065208000014536
1024,3,moment_quant_exact_intervals,5,8,0.010045999999420019
1024,3,moment_quant_exact_samples,0,8,0.0020952500017301645
1024,3,moment_quant_exact_intervals,4,8,0.010299582998413825
1024,3,moment_quant_approx_intervals,1,8,0.03080358300212538
1024,3,moment_quant_approx_samples,2,8,0.026880582998273894
1024,3,moment_quant_approx_samples,9,8,0.026698000001488253
1024,3,moment_quant_approx_intervals,9,8,0.030588292000174988
1024,3,moment_quant_approx_intervals,5,8,0.0311949579991051
1024,3,moment_quant_approx_intervals,0,8,0.03164662500057602
1024,3,moment_quant_exact_samples,8,8,0.0020311250009399373
1024,3,moment_quant_approx_intervals,3,8,0.031429082999238744
1024,3,moment_quant_approx_samples,4,8,0.02664362500217976
1024,3,moment_quant_exact_intervals,7,8,0.010200625001743902
1024,3,moment_quant_exact_samples,1,8,0.0020465419984248
1024,3,moment_quant_approx_intervals,8,8,0.03044170799694257
1024,3,moment_quant_approx_samples,3,8,0.02683408399752807
1024,3,moment_quant_exact_samples,5,8,0.0021007499999541324
1024,3,moment_quant_approx_intervals,4,8,0.030591917002311675
1024,3,moment_quant_exact_samples,2,8,0.003279708998888964
1024,3,moment_quant_exact_intervals,1,8,0.010128666999662528
1024,3,moment_quant_exact_samples,7,8,0.0021222089999355376
1024,3,moment_quant_approx_samples,6,8,0.026716084001236595
1024,3,moment_quant_approx_intervals,6,8,0.0304857089977304
1024,3,moment_quant_exact_intervals,9,8,0.010179958000662737
1024,3,moment_quant_approx_intervals,7,8,0.030454957999609178
1024,3,moment_quant_exact_intervals,8,8,0.010127582998393336
1024,3,moment_quant_exact_intervals,0,8,0.010077707996970275
1024,3,moment_quant_approx_samples,8,8,0.026706750002631452
1024,3,moment_quant_exact_samples,3,8,0.0020953339990228415
1024,3,moment_quant_approx_samples,1,8,0.02665925000110292
1024,3,moment_quant_approx_samples,5,8,0.026610832999722334
1024,4,moment_quant_approx_samples,8,8,0.027702457999112085
1024,4,moment_quant_exact_intervals,4,8,0.010801333999552298
1024,4,moment_quant_exact_intervals,3,8,0.010707540997827891
1024,4,moment_quant_exact_intervals,0,8,0.010632082998199621
1024,4,moment_quant_exact_samples,9,8,0.0020336660018074326
1024,4,moment_quant_approx_samples,9,8,0.026694083997426787
1024,4,moment_quant_approx_intervals,0,8,0.030734750002011424
1024,4,moment_quant_approx_samples,0,8,0.026695915999880526
1024,4,moment_quant_approx_samples,5,8,0.0277617920000921
1024,4,moment_quant_exact_samples,5,8,0.002936000000772765
1024,4,moment_quant_approx_samples,2,8,0.027667833001032704
1024,4,moment_quant_exact_intervals,6,8,0.010767833002319094
1024,4,moment_quant_approx_intervals,8,8,0.030699374998221174
1024,4,moment_quant_exact_samples,8,8,0.002205207998486003
1024,4,moment_quant_approx_samples,6,8,0.026634042002115166
1024,4,moment_quant_approx_intervals,3,8,0.031350666002254
1024,4,moment_quant_approx_samples,3,8,0.02667512499829172
1024,4,moment_quant_exact_samples,7,8,0.00213104200156522
1024,4,moment_quant_approx_samples,1,8,0.026853790997847682
1024,4,moment_quant_exact_samples,2,8,0.0032111660002556164
1024,4,moment_quant_approx_samples,4,8,0.0267351670008793
1024,4,moment_quant_approx_intervals,9,8,0.03213658299864619
1024,4,moment_quant_exact_samples,1,8,0.003313209002953954
1024,4,moment_quant_exact_intervals,5,8,0.010749291999673005
1024,4,moment_quant_approx_samples,7,8,0.026886084000580013
1024,4,moment_quant_exact_samples,3,8,0.0021929159993305802
1024,4,moment_quant_approx_intervals,4,8,0.030841750001854962
1024,4,moment_quant_approx_intervals,7,8,0.031190833000437124
1024,4,moment_quant_exact_samples,0,8,0.0032299169979523867
1024,4,moment_quant_exact_samples,4,8,0.002057792000414338
1024,4,moment_quant_exact_samples,6,8,0.002054667002084898
1024,4,moment_quant_exact_intervals,8,8,0.010758041000372032
1024,4,moment_quant_exact_intervals,1,8,0.010630041997501394
1024,4,moment_quant_approx_intervals,5,8,0.03064641599848983
1024,4,moment_quant_approx_intervals,6,8,0.030518750001647277
1024,4,moment_quant_exact_intervals,9,8,0.010630500000843313
1024,4,moment_quant_exact_intervals,2,8,0.010634625003149267
1024,4,moment_quant_approx_intervals,2,8,0.03060883400030434
1024,4,moment_quant_exact_intervals,7,8,0.010703166997700464
1024,4,moment_quant_approx_intervals,1,8,0.030573915999411838
1024,8,moment_quant_approx_samples,8,8,0.028402749998349464
1024,8,moment_quant_approx_samples,7,8,0.027687042002071394
1024,8,moment_quant_exact_samples,0,8,0.0030848330025037285
1024,8,moment_quant_approx_intervals,7,8,0.03138470799967763
1024,8,moment_quant_approx_samples,6,8,0.029003375002503162
1024,8,moment_quant_exact_samples,9,8,0.00281604199699359
1024,8,moment_quant_exact_intervals,1,8,0.013359084001422161
1024,8,moment_quant_approx_samples,2,8,0.0273217920002935
1024,8,moment_quant_exact_intervals,7,8,0.01324137499977951
1024,8,moment_quant_exact_intervals,6,8,0.01335612500042771
1024,8,moment_quant_approx_intervals,2,8,0.03180449999854318
1024,8,moment_quant_approx_samples,3,8,0.027656792000925634
1024,8,moment_quant_exact_samples,4,8,0.004163083001913037
1024,8,moment_quant_approx_intervals,3,8,0.03140941699894029
1024,8,moment_quant_exact_intervals,0,8,0.012818958999559982
1024,8,moment_quant_exact_intervals,8,8,0.012720124999759719
1024,8,moment_quant_approx_intervals,8,8,0.03134495899939793
1024,8,moment_quant_exact_intervals,2,8,0.01276420800058986
1024,8,moment_quant_approx_intervals,1,8,0.031352375001006294
1024,8,moment_quant_exact_samples,1,8,0.002910416998929577
1024,8,moment_quant_approx_intervals,4,8,0.03209824999794364
1024,8,moment_quant_exact_samples,2,8,0.0040704160019231495
1024,8,moment_quant_approx_samples,1,8,0.027317916999891168
1024,8,moment_quant_exact_intervals,4,8,0.013256292000733083
1024,8,moment_quant_exact_intervals,3,8,0.01310820900107501
1024,8,moment_quant_approx_intervals,5,8,0.032040958001744
1024,8,moment_quant_exact_samples,5,8,0.0032226670009549707
1024,8,moment_quant_exact_samples,8,8,0.003118749998975545
1024,8,moment_quant_approx_intervals,9,8,0.03166870899804053
1024,8,moment_quant_exact_intervals,9,8,0.012896708001790103
1024,8,moment_quant_approx_intervals,0,8,0.03186304100017878
1024,8,moment_quant_approx_samples,9,8,0.028310875000897795
1024,8,moment_quant_exact_samples,3,8,0.0028260420003789477
1024,8,moment_quant_approx_samples,0,8,0.027159500001289416
1024,8,moment_quant_exact_samples,7,8,0.004650041999411769
1024,8,moment_quant_exact_intervals,5,8,0.012902666996524204
1024,8,moment_quant_exact_samples,6,8,0.004241667000314919
1024,8,moment_quant_approx_intervals,6,8,0.0319795420000446
1024,8,moment_quant_approx_samples,4,8,0.027264833999652183
1024,8,moment_quant_approx_samples,5,8,0.02829816699886578
1024,10,moment_quant_approx_intervals,8,8,0.03209783399870503
1024,10,moment_quant_exact_intervals,6,8,0.014061834001040552
1024,10,moment_quant_exact_intervals,2,8,0.013860584000212839
1024,10,moment_quant_exact_intervals,3,8,0.014067042000533547
1024,10,moment_quant_approx_samples,0,8,0.027677332996972837
1024,10,moment_quant_approx_samples,5,8,0.02757249999922351
1024,10,moment_quant_exact_intervals,0,8,0.013993916996696498
1024,10,moment_quant_exact_intervals,8,8,0.013844540997524746
1024,10,moment_quant_approx_intervals,9,8,0.03182308400209877
1024,10,moment_quant_approx_samples,1,8,0.027466749997984152
1024,10,moment_quant_approx_samples,2,8,0.027541999999812106
1024,10,moment_quant_exact_samples,3,8,0.004987042000720976
1024,10,moment_quant_exact_samples,2,8,0.00491666699963389
1024,10,moment_quant_approx_samples,8,8,0.027651124997646548
1024,10,moment_quant_exact_samples,7,8,0.00501379200068186
1024,10,moment_quant_approx_intervals,4,8,0.034707874998275656
1024,10,moment_quant_exact_samples,1,8,0.0036872500022582244
1024,10,moment_quant_exact_intervals,1,8,0.013967666000098689
1024,10,moment_quant_approx_intervals,5,8,0.03187400000024354
1024,10,moment_quant_approx_intervals,7,8,0.03175299999929848
1024,10,moment_quant_approx_samples,6,8,0.027612208999926224
1024,10,moment_quant_exact_samples,4,8,0.004237250002915971
1024,10,moment_quant_approx_intervals,0,8,0.03398895799909951
1024,10,moment_quant_exact_samples,6,8,0.0039065839991963
1024,10,moment_quant_exact_intervals,5,8,0.014318249999632826
1024,10,moment_quant_exact_samples,0,8,0.00483091699788929
1024,10,moment_quant_approx_samples,7,8,0.02826887500123121
1024,10,moment_quant_approx_intervals,1,8,0.03206366700032959
1024,10,moment_quant_approx_intervals,2,8,0.032437624999147374
1024,10,moment_quant_approx_intervals,6,8,0.03318729100283235
1024,10,moment_quant_exact_samples,8,8,0.0034142500007874332
1024,10,moment_quant_exact_samples,9,8,0.00395116700019571
1024,10,moment_quant_approx_intervals,3,8,0.03187900000193622
1024,10,moment_quant_exact_intervals,7,8,0.014380708998942282
1024,10,moment_quant_approx_samples,3,8,0.02761412499967264
1024,10,moment_quant_approx_samples,9,8,0.02858275000107824
1024,10,moment_quant_exact_intervals,9,8,0.014011291998031083
1024,10,moment_quant_exact_samples,5,8,0.004096708002180094
1024,10,moment_quant_exact_intervals,4,8,0.013979082999867387
1024,10,moment_quant_approx_samples,4,8,0.027601709000009578
1024,16,moment_quant_approx_intervals,4,8,0.033289708000665996
1024,16,moment_quant_exact_intervals,3,8,0.018372791000729194
1024,16,moment_quant_exact_intervals,5,8,0.017017709000356263
1024,16,moment_quant_approx_samples,6,8,0.030313791998196393
1024,16,moment_quant_exact_intervals,9,8,0.01719862499885494
1024,16,moment_quant_exact_intervals,7,8,0.01704920799966203
1024,16,moment_quant_exact_intervals,2,8,0.017314542001258815
1024,16,moment_quant_approx_samples,9,8,0.028934292000485584
1024,16,moment_quant_approx_intervals,7,8,0.03415783300079056
1024,16,moment_quant_exact_samples,2,8,0.005635208999592578
1024,16,moment_quant_approx_samples,4,8,0.02832604099967284
1024,16,moment_quant_approx_samples,2,8,0.029470166999089997
1024,16,moment_quant_exact_intervals,8,8,0.018283417000930058
1024,16,moment_quant_approx_intervals,2,8,0.03333862499857787
1024,16,moment_quant_approx_samples,8,8,0.029332207999686943
1024,16,moment_quant_exact_samples,6,8,0.0057692500013217796
1024,16,moment_quant_exact_samples,5,8,0.006409416997485096
1024,16,moment_quant_approx_intervals,0,8,0.03395841599922278
1024,16,moment_quant_exact_samples,3,8,0.0058852080001088325
1024,16,moment_quant_approx_samples,0,8,0.028372791999572655
1024,16,moment_quant_approx_intervals,3,8,0.035134332996676676
1024,16,moment_quant_approx_samples,1,8,0.02967250000074273
1024,16,moment_quant_exact_intervals,4,8,0.01807162499972037
1024,16,moment_quant_exact_intervals,1,8,0.01758875000086846
1024,16,moment_quant_approx_samples,7,8,0.028802042001188966
1024,16,moment_quant_approx_intervals,6,8,0.03424583300147788
1024,16,moment_quant_approx_intervals,9,8,0.03435108299890999
1024,16,moment_quant_exact_samples,0,8,0.006319916003121762
1024,16,moment_quant_exact_samples,7,8,0.006018792002578266
1024,16,moment_quant_approx_intervals,1,8,0.03315729200039641
1024,16,moment_quant_exact_intervals,6,8,0.018147541999496752
1024,16,moment_quant_exact_samples,1,8,0.006142541998997331
1024,16,moment_quant_exact_intervals,0,8,0.017670165998424636
1024,16,moment_quant_approx_samples,5,8,0.030372375000297325
1024,16,moment_quant_exact_samples,8,8,0.00557670899797813
1024,16,moment_quant_exact_samples,9,8,0.005586541999946348
1024,16,moment_quant_approx_intervals,8,8,0.03408987500006333
1024,16,moment_quant_exact_samples,4,8,0.005894750000152271
1024,16,moment_quant_approx_intervals,5,8,0.03479808300107834
1024,16,moment_quant_approx_samples,3,8,0.0292365420027636
1024,30,moment_quant_exact_intervals,9,8,0.02599233299770276
1024,30,moment_quant_approx_intervals,5,8,0.0363174580015766
1024,30,moment_quant_approx_samples,0,8,0.03074466699763434
1024,30,moment_quant_approx_samples,6,8,0.030162499999278225
1024,30,moment_quant_exact_intervals,5,8,0.026552832998277154
1024,30,moment_quant_exact_intervals,6,8,0.025129542002105154
1024,30,moment_quant_exact_samples,5,8,0.010340290999010904
1024,30,moment_quant_approx_samples,2,8,0.030849665999994613
1024,30,moment_quant_approx_samples,9,8,0.031202375001157634
1024,30,moment_quant_approx_intervals,6,8,0.038023916000383906
1024,30,moment_quant_approx_intervals,7,8,0.03767054099807865
1024,30,moment_quant_exact_intervals,0,8,0.02532966699800454
1024,30,moment_quant_approx_intervals,3,8,0.03775770799984457
1024,30,moment_quant_exact_intervals,4,8,0.025486708000244107
1024,30,moment_quant_approx_intervals,9,8,0.03802762499981327
1024,30,moment_quant_exact_intervals,1,8,0.025293416001659352
1024,30,moment_quant_exact_samples,7,8,0.010659040999598801
1024,30,moment_quant_exact_intervals,3,8,0.025589958000637125
1024,30,moment_quant_approx_intervals,2,8,0.03772454199861386
1024,30,moment_quant_exact_samples,2,8,0.009989291000238154
1024,30,moment_quant_approx_intervals,4,8,0.03780104199904599
1024,30,moment_quant_exact_samples,8,8,0.008949625000241213
1024,30,moment_quant_approx_samples,3,8,0.031502375000854954
1024,30,moment_quant_exact_samples,1,8,0.009785958001884865
1024,30,moment_quant_exact_samples,4,8,0.009712125000078231
1024,30,moment_quant_exact_samples,0,8,0.009757874999195337
1024,30,moment_quant_approx_intervals,0,8,0.036452083997573936
1024,30,moment_quant_exact_intervals,2,8,0.025609166001231642
1024,30,moment_quant_exact_intervals,8,8,0.025091208997764625
1024,30,moment_quant_exact_samples,3,8,0.01097558300170931
1024,30,moment_quant_exact_samples,6,8,0.009941666001395788
1024,30,moment_quant_approx_samples,8,8,0.030179917001078138
1024,30,moment_quant_approx_samples,4,8,0.032137166999746114
1024,30,moment_quant_exact_samples,9,8,0.008922832999815
1024,30,moment_quant_approx_intervals,8,8,0.03997741599960136
1024,30,moment_quant_approx_intervals,1,8,0.03716754100241815
1024,30,moment_quant_exact_intervals,7,8,0.025641125001129694
1024,30,moment_quant_approx_samples,1,8,0.03156045799914864
1024,30,moment_quant_approx_samples,7,8,0.03219225000066217
1024,30,moment_quant_approx_samples,5,8,0.030519665997417178
1024,32,moment_quant_exact_intervals,4,8,0.026127290999284014
1024,32,moment_quant_approx_intervals,7,8,0.03682291700170026
1024,32,moment_quant_approx_intervals,9,8,0.03778808300194214
1024,32,moment_quant_exact_samples,2,8,0.01005379200069001
1024,32,moment_quant_exact_intervals,5,8,0.026543833999312483
1024,32,moment_quant_approx_samples,6,8,0.030776084000535775
1024,32,moment_quant_approx_samples,2,8,0.031062457997904858
1024,32,moment_quant_approx_intervals,8,8,0.03638900000078138
1024,32,moment_quant_approx_intervals,0,8,0.03796958299790276
1024,32,moment_quant_exact_intervals,0,8,0.02592433300014818
1024,32,moment_quant_approx_samples,8,8,0.03162283300116542
1024,32,moment_quant_exact_intervals,2,8,0.029499833002773812
1024,32,moment_quant_approx_intervals,3,8,0.037476958001207095
1024,32,moment_quant_exact_samples,4,8,0.010910624998359708
1024,32,moment_quant_approx_intervals,4,8,0.037224667001282796
1024,32,moment_quant_exact_samples,5,8,0.011828833001345629
1024,32,moment_quant_exact_samples,6,8,0.010178917000303045
1024,32,moment_quant_exact_intervals,9,8,0.02757749999727821
1024,32,moment_quant_approx_samples,0,8,0.0315881669994269
1024,32,moment_quant_exact_samples,0,8,0.010594375002256129
1024,32,moment_quant_approx_samples,1,8,0.03228595800101175
1024,32,moment_quant_exact_samples,8,8,0.011218042000109563
1024,32,moment_quant_approx_samples,9,8,0.0315729169997212
1024,32,moment_quant_approx_intervals,2,8,0.03729304099761066
1024,32,moment_quant_exact_intervals,8,8,0.02625020800041966
1024,32,moment_quant_approx_samples,4,8,0.03243754199866089
1024,32,moment_quant_approx_intervals,5,8,0.03691245899972273
1024,32,moment_quant_exact_samples,3,8,0.011266375000559492
1024,32,moment_quant_exact_intervals,6,8,0.025953458000003593
1024,32,moment_quant_approx_intervals,1,8,0.03696283399767708
1024,32,moment_quant_exact_intervals,7,8,0.025874832997942576
1024,32,moment_quant_approx_samples,3,8,0.03173466700172867
1024,32,moment_quant_exact_samples,7,8,0.010310624998965068
1024,32,moment_quant_exact_intervals,3,8,0.026304582999728154
1024,32,moment_quant_approx_samples,7,8,0.031780207998963306
1024,32,moment_quant_approx_intervals,6,8,0.03799633399830782
1024,32,moment_quant_exact_intervals,1,8,0.027941583000938408
1024,32,moment_quant_approx_samples,5,8,0.03115254099975573
1024,32,moment_quant_exact_samples,9,8,0.009564500000124099
1024,32,moment_quant_exact_samples,1,8,0.012422416999470443
1024,64,moment_quant_exact_samples,6,8,0.0181937499983178
1024,64,moment_quant_exact_intervals,5,8,0.045104832999641076
1024,64,moment_quant_approx_samples,7,8,0.0372908749995986
1024,64,moment_quant_exact_samples,9,8,0.01838520899764262
1024,64,moment_quant_approx_samples,3,8,0.035541583001759136
1024,64,moment_quant_exact_samples,0,8,0.017456582998420345
1024,64,moment_quant_approx_intervals,2,8,0.046425374999671476
1024,64,moment_quant_approx_intervals,4,8,0.045237540998641634
1024,64,moment_quant_approx_intervals,1,8,0.045511666998208966
1024,64,moment_quant_approx_samples,4,8,0.03876962499998626
1024,64,moment_quant_approx_intervals,8,8,0.046225916001276346
1024,64,moment_quant_approx_samples,0,8,0.037995083002897445
1024,64,moment_quant_approx_intervals,7,8,0.04667995799900382
1024,64,moment_quant_approx_intervals,6,8,0.04606450000210316
1024,64,moment_quant_exact_intervals,6,8,0.0451607499999227
1024,64,moment_quant_approx_samples,8,8,0.03815625000061118
1024,64,moment_quant_exact_samples,3,8,0.018434749999869382
1024,64,moment_quant_exact_intervals,0,8,0.045396583002002444
1024,64,moment_quant_exact_samples,8,8,0.018918417001259513
1024,64,moment_quant_approx_intervals,0,8,0.046847499997966224
1024,64,moment_quant_exact_intervals,7,8,0.04400925000300049
1024,64,moment_quant_exact_samples,1,8,0.02133312500154716
1024,64,moment_quant_exact_intervals,3,8,0.0428341669976362
1024,64,moment_quant_exact_samples,4,8,0.01722791700012749
1024,64,moment_quant_approx_intervals,5,8,0.04555774999971618
1024,64,moment_quant_exact_intervals,1,8,0.044585165996977594
1024,64,moment_quant_approx_samples,5,8,0.03688583399707568
1024,64,moment_quant_exact_intervals,2,8,0.045555416996649
1024,64,moment_quant_exact_samples,2,8,0.018172457999753533
1024,64,moment_quant_approx_samples,6,8,0.03780666600141558
1024,64,moment_quant_exact_intervals,8,8,0.0429848329986271
1024,64,moment_quant_approx_intervals,9,8,0.045479417000024114
1024,64,moment_quant_approx_intervals,3,8,0.045261249997565756
1024,64,moment_quant_exact_samples,7,8,0.019078207998973085
1024,64,moment_quant_approx_samples,2,8,0.03781058400272741
1024,64,moment_quant_approx_samples,1,8,0.0369129159989825
1024,64,moment_quant_exact_samples,5,8,0.02062600000135717
1024,64,moment_quant_exact_intervals,9,8,0.04431516700060456
1024,64,moment_quant_approx_samples,9,8,0.037294540998118464
1024,64,moment_quant_exact_intervals,4,8,0.04404512499968405
1024,100,moment_quant_exact_intervals,3,8,0.06604833300298196
1024,100,moment_quant_exact_samples,9,8,0.027681875002599554
1024,100,moment_quant_approx_intervals,6,8,0.05036699999982375
1024,100,moment_quant_approx_samples,8,8,0.04359337499772664
1024,100,moment_quant_approx_samples,3,8,0.04227804200127139
1024,100,moment_quant_approx_samples,6,8,0.04575887499959208
1024,100,moment_quant_exact_samples,4,8,0.027786499998910585
1024,100,moment_quant_exact_samples,7,8,0.029867541998100933
1024,100,moment_quant_approx_intervals,2,8,0.05611037499693339
1024,100,moment_quant_exact_intervals,6,8,0.06432254200262832
1024,100,moment_quant_exact_intervals,0,8,0.0632988329998625
1024,100,moment_quant_exact_intervals,4,8,0.06294395899749361
1024,100,moment_quant_approx_samples,7,8,0.04851579100068193
1024,100,moment_quant_exact_samples,3,8,0.02914533299917821
1024,100,moment_quant_approx_intervals,1,8,0.052837833001831314
1024,100,moment_quant_exact_intervals,1,8,0.06453029100157437
1024,100,moment_quant_approx_intervals,8,8,0.05555666700092843
1024,100,moment_quant_exact_intervals,8,8,0.06445175000044401
1024,100,moment_quant_approx_samples,0,8,0.04339708400220843
1024,100,moment_quant_approx_intervals,5,8,0.056585834001452895
1024,100,moment_quant_exact_intervals,7,8,0.06429112499972689
1024,100,moment_quant_approx_samples,2,8,0.04671883400078514
1024,100,moment_quant_approx_samples,1,8,0.044642249999014894
1024,100,moment_quant_exact_samples,1,8,0.030040375000680797
1024,100,moment_quant_exact_samples,0,8,0.027860417001647875
1024,100,moment_quant_exact_intervals,2,8,0.06441091699889512
1024,100,moment_quant_approx_samples,9,8,0.04364937500213273
1024,100,moment_quant_exact_intervals,9,8,0.06483195800319663
1024,100,moment_quant_approx_samples,5,8,0.04386491699915496
1024,100,moment_quant_approx_intervals,9,8,0.05288158300027135
1024,100,moment_quant_exact_samples,2,8,0.029015457999776118
1024,100,moment_quant_exact_samples,6,8,0.028391792002366856
1024,100,moment_quant_exact_samples,8,8,0.028297000000748085
1024,100,moment_quant_exact_intervals,5,8,0.06391183300002012
1024,100,moment_quant_approx_intervals,3,8,0.05089895800119848
1024,100,moment_quant_approx_intervals,7,8,0.05076391699913074
1024,100,moment_quant_approx_samples,4,8,0.045602916998177534
1024,100,moment_quant_approx_intervals,0,8,0.05698683399896254
1024,100,moment_quant_exact_samples,5,8,0.028632834000745788
1024,100,moment_quant_approx_intervals,4,8,0.05043987500175717
1024,300,moment_quant_exact_samples,1,8,0.07753683400005684
1024,300,moment_quant_exact_intervals,6,8,0.1807341660023667
1024,300,moment_quant_approx_samples,3,8,0.08285316600085935
1024,300,moment_quant_exact_samples,9,8,0.0903686249985185
1024,300,moment_quant_exact_samples,7,8,0.07674158299778355
1024,300,moment_quant_exact_samples,8,8,0.07906800000273506
1024,300,moment_quant_exact_samples,3,8,0.08000349999929313
1024,300,moment_quant_exact_intervals,3,8,0.18318429200007813
1024,300,moment_quant_exact_samples,0,8,0.07935383399671991
1024,300,moment_quant_exact_intervals,4,8,0.18647866600076668
1024,300,moment_quant_approx_samples,1,8,0.08245674999852781
1024,300,moment_quant_approx_intervals,2,8,0.10369741699832957
1024,300,moment_quant_approx_samples,4,8,0.06916608300161897
1024,300,moment_quant_approx_intervals,8,8,0.09701637499892968
1024,300,moment_quant_approx_samples,7,8,0.07120604200099478
1024,300,moment_quant_exact_intervals,2,8,0.19069450000097277
1024,300,moment_quant_approx_samples,2,8,0.08035712499986403
1024,300,moment_quant_exact_intervals,7,8,0.18195537499923375
1024,300,moment_quant_approx_intervals,7,8,0.10385674999997718
1024,300,moment_quant_approx_intervals,3,8,0.10371500000110245
1024,300,moment_quant_exact_intervals,9,8,0.1895118749998801
1024,300,moment_quant_approx_samples,0,8,0.0808063750009751
1024,300,moment_quant_exact_intervals,5,8,0.1904713330004597
1024,300,moment_quant_approx_intervals,4,8,0.10290516700115404
1024,300,moment_quant_approx_intervals,6,8,0.10336316699977033
1024,300,moment_quant_approx_intervals,1,8,0.10367274999953224
1024,300,moment_quant_approx_samples,8,8,0.07248170800085063
1024,300,moment_quant_exact_intervals,0,8,0.19112937500176486
1024,300,moment_quant_exact_samples,5,8,0.07882304099985049
1024,300,moment_quant_approx_intervals,0,8,0.10430362500119372
1024,300,moment_quant_approx_intervals,9,8,0.1041587920008169
1024,300,moment_quant_exact_intervals,8,8,0.17637904200091725
1024,300,moment_quant_exact_samples,2,8,0.0768407079995086
1024,300,moment_quant_approx_samples,5,8,0.08272700000088662
1024,300,moment_quant_approx_intervals,5,8,0.0969897499999206
1024,300,moment_quant_exact_samples,4,8,0.07975862500097719
1024,300,moment_quant_approx_samples,9,8,0.07067191599708167
1024,300,moment_quant_exact_intervals,1,8,0.18202904200006742
1024,300,moment_quant_approx_samples,6,8,0.08116774999871268
1024,300,moment_quant_exact_samples,6,8,0.07821337499990477
1024,1000,moment_quant_exact_samples,2,8,0.24901750000208267
1024,1000,moment_quant_approx_samples,1,8,0.16742024999985006
1024,1000,moment_quant_exact_intervals,6,8,0.6230211249967397
1024,1000,moment_quant_approx_samples,2,8,0.1762418329999491
1024,1000,moment_quant_exact_intervals,8,8,0.6213865420031652
1024,1000,moment_quant_exact_samples,8,8,0.24407591699855402
1024,1000,moment_quant_approx_samples,5,8,0.16636462500173366
1024,1000,moment_quant_exact_samples,6,8,0.2433246250002412
1024,1000,moment_quant_exact_samples,4,8,0.276953250002407
1024,1000,moment_quant_approx_samples,4,8,0.17624566700033029
1024,1000,moment_quant_exact_intervals,4,8,0.5824133339992841
1024,1000,moment_quant_exact_samples,3,8,0.2479503750000731
1024,1000,moment_quant_approx_samples,9,8,0.17317866699886508
1024,1000,moment_quant_approx_samples,0,8,0.17514166600085446
1024,1000,moment_quant_approx_samples,8,8,0.16645491599774687
1024,1000,moment_quant_approx_intervals,3,8,0.260885125000641
1024,1000,moment_quant_exact_intervals,1,8,0.5870102090011642
1024,1000,moment_quant_approx_intervals,1,8,0.2970603329995356
1024,1000,moment_quant_approx_samples,7,8,0.1712832499979413
1024,1000,moment_quant_exact_intervals,7,8,0.5831055419985205
1024,1000,moment_quant_approx_intervals,0,8,0.3091994579990569
1024,1000,moment_quant_exact_samples,1,8,0.24011249999966822
1024,1000,moment_quant_exact_intervals,2,8,0.6218213329993887
1024,1000,moment_quant_exact_intervals,5,8,0.6069492499991611
1024,1000,moment_quant_approx_intervals,7,8,0.2651412090017402
1024,1000,moment_quant_exact_samples,5,8,0.23884891600027913
1024,1000,moment_quant_approx_samples,6,8,0.16612666699802503
1024,1000,moment_quant_approx_intervals,6,8,0.3005012909998186
1024,1000,moment_quant_approx_intervals,8,8,0.27544366700021783
1024,1000,moment_quant_exact_samples,9,8,0.251854917001765
1024,1000,moment_quant_approx_samples,3,8,0.17651491600190639
1024,1000,moment_quant_exact_intervals,9,8,0.6029087079987221
1024,1000,moment_quant_exact_samples,0,8,0.24285804200189887
1024,1000,moment_quant_approx_intervals,2,8,0.2956415000007837
1024,1000,moment_quant_exact_intervals,3,8,0.6247185829997761
1024,1000,moment_quant_approx_intervals,4,8,0.2834514169990143
1024,1000,moment_quant_approx_intervals,5,8,0.26025333300276543
1024,1000,moment_quant_approx_intervals,9,8,0.2604845000023488
1024,1000,moment_quant_exact_intervals,0,8,0.6067069159980747
1024,1000,moment_quant_exact_samples,7,8,0.24641875000088476
1024,3000,moment_quant_approx_samples,4,8,0.5577992500002438
1024,3000,moment_quant_exact_samples,0,8,0.7240542500003357
1024,3000,moment_quant_exact_samples,2,8,0.7008709590008948
1024,3000,moment_quant_approx_intervals,7,8,0.9349932090008224
1024,3000,moment_quant_approx_samples,5,8,0.5124187920009717
1024,3000,moment_quant_exact_intervals,1,8,1.9508243330019468
1024,3000,moment_quant_exact_intervals,0,8,1.9358224579991656
1024,3000,moment_quant_exact_samples,5,8,0.7072926250002638
1024,3000,moment_quant_approx_intervals,6,8,0.9902018329994462
1024,3000,moment_quant_approx_samples,9,8,0.5145406249976077
1024,3000,moment_quant_approx_intervals,9,8,1.023757792001561
1024,3000,moment_quant_exact_samples,9,8,0.7040202919997682
1024,3000,moment_quant_approx_samples,7,8,0.5019515000021784
1024,3000,moment_quant_approx_samples,8,8,0.4943842909997329
1024,3000,moment_quant_exact_intervals,4,8,1.9449492499988992
1024,3000,moment_quant_exact_samples,6,8,0.7027158329983649
1024,3000,moment_quant_approx_intervals,4,8,0.9741828749974957
1024,3000,moment_quant_approx_samples,0,8,0.5268169160008256
1024,3000,moment_quant_approx_samples,2,8,0.5023985000007087
1024,3000,moment_quant_approx_intervals,3,8,1.0337179169982846
1024,3000,moment_quant_approx_intervals,1,8,0.990143833001639
1024,3000,moment_quant_exact_intervals,3,8,1.934000291999837
1024,3000,moment_quant_exact_intervals,8,8,1.9352846250003495
1024,3000,moment_quant_approx_samples,3,8,0.5449802080001973
1024,3000,moment_quant_approx_samples,6,8,0.5189464169998246
1024,3000,moment_quant_exact_intervals,2,8,1.9328645000023243
1024,3000,moment_quant_exact_intervals,9,8,1.9291268750021118
1024,3000,moment_quant_approx_samples,1,8,0.510882208996918
1024,3000,moment_quant_approx_intervals,0,8,0.9912109169999894
1024,3000,moment_quant_approx_intervals,5,8,0.98433629200008
1024,3000,moment_quant_exact_intervals,6,8,1.9356605419998232
1024,3000,moment_quant_exact_intervals,7,8,1.9247742920015298
1024,3000,moment_quant_exact_samples,4,8,0.7022881659977429
1024,3000,moment_quant_exact_intervals,5,8,1.9515576669982693
1024,3000,moment_quant_exact_samples,7,8,0.709123874999932
1024,3000,moment_quant_exact_samples,1,8,0.7069154589989921
1024,3000,moment_quant_approx_intervals,2,8,0.9806300419986655
1024,3000,moment_quant_exact_samples,8,8,0.7246591670009366
1024,3000,moment_quant_exact_samples,3,8,0.7335743330004334
1024,3000,moment_quant_approx_intervals,8,8,1.030575917000533
1024,10000,moment_quant_exact_samples,6,8,2.409832790999644
1024,10000,moment_quant_exact_samples,1,8,2.4405422910022025
1024,10000,moment_quant_exact_intervals,3,8,6.7378548749984475
1024,10000,moment_quant_approx_samples,8,8,2.149528124999051
1024,10000,moment_quant_approx_intervals,4,8,4.698735417001444
1024,10000,moment_quant_exact_intervals,4,8,6.750727750000806
1024,10000,moment_quant_approx_intervals,6,8,4.687004832998355
1024,10000,moment_quant_exact_intervals,5,8,6.755818708999868
1024,10000,moment_quant_exact_intervals,9,8,6.740643666998949
1024,10000,moment_quant_approx_samples,4,8,2.0843578339990927
1024,10000,moment_quant_exact_samples,0,8,2.3618926250019285
1024,10000,moment_quant_approx_intervals,1,8,4.650077541999053
1024,10000,moment_quant_approx_samples,5,8,2.1341148329993302
1024,10000,moment_quant_exact_intervals,8,8,6.756620457999816
1024,10000,moment_quant_approx_samples,7,8,2.181936124998174
1024,10000,moment_quant_exact_intervals,0,8,6.760714415999246
1024,10000,moment_quant_exact_samples,3,8,2.423517750001338
1024,10000,moment_quant_approx_intervals,0,8,4.74949466599719
1024,10000,moment_quant_exact_samples,5,8,2.4368168340006378
1024,10000,moment_quant_approx_intervals,7,8,4.8389974999990955
1024,10000,moment_quant_approx_samples,3,8,2.193273249999038
1024,10000,moment_quant_exact_intervals,1,8,6.7495627909993345
1024,10000,moment_quant_exact_samples,4,8,2.4181468749993655
1024,10000,moment_quant_exact_samples,7,8,2.438417749999644
1024,10000,moment_quant_approx_samples,0,8,2.2396960000005492
1024,10000,moment_quant_exact_intervals,7,8,6.748574166998878
1024,10000,moment_quant_approx_samples,1,8,2.2832172910020745
1024,10000,moment_quant_exact_intervals,6,8,6.756826749999163
1024,10000,moment_quant_approx_intervals,3,8,4.6159516669977165
1024,10000,moment_quant_exact_samples,9,8,2.4010759170014353
1024,10000,moment_quant_exact_samples,2,8,2.4451288750024105
1024,10000,moment_quant_approx_intervals,8,8,4.771732458997576
1024,10000,moment_quant_approx_samples,6,8,2.0961741659994004
1024,10000,moment_quant_approx_intervals,9,8,4.597066124999401
1024,10000,moment_quant_exact_intervals,2,8,6.737228082998627
1024,10000,moment_quant_approx_intervals,2,8,4.570352624999941
1024,10000,moment_quant_approx_samples,9,8,2.145122249999986
1024,10000,moment_quant_exact_samples,8,8,2.523869582997577
1024,10000,moment_quant_approx_samples,2,8,2.365652417000092
1024,10000,moment_quant_approx_intervals,5,8,5.239650249997794
1536,1,moment_quant_exact_samples,0,8,0.0027672500000335276
1536,1,moment_quant_approx_samples,4,8,0.025754958001925843
1536,1,moment_quant_exact_intervals,7,8,0.010161499998503132
1536,1,moment_quant_approx_samples,9,8,0.025766374998056563
1536,1,moment_quant_approx_samples,0,8,0.026787750000949018
1536,1,moment_quant_approx_intervals,1,8,0.0292040829990583
1536,1,moment_quant_approx_samples,3,8,0.02568549999705283
1536,1,moment_quant_approx_intervals,3,8,0.030289333997643553
1536,1,moment_quant_approx_intervals,9,8,0.030249541996454354
1536,1,moment_quant_approx_samples,1,8,0.02573845799997798
1536,1,moment_quant_approx_samples,5,8,0.025621459000831237
1536,1,moment_quant_approx_intervals,7,8,0.02983729100014898
1536,1,moment_quant_approx_samples,2,8,0.02562358300201595
1536,1,moment_quant_approx_intervals,2,8,0.029451916001562495
1536,1,moment_quant_exact_samples,4,8,0.002644750002218643
1536,1,moment_quant_approx_intervals,6,8,0.02932008299831068
1536,1,moment_quant_approx_samples,8,8,0.02573241700156359
1536,1,moment_quant_exact_intervals,1,8,0.009083291999559151
1536,1,moment_quant_approx_intervals,5,8,0.029243291999591747
1536,1,moment_quant_exact_intervals,0,8,0.008879082997736987
1536,1,moment_quant_approx_intervals,8,8,0.029161916998418747
1536,1,moment_quant_exact_intervals,4,8,0.008977458001027117
1536,1,moment_quant_exact_samples,9,8,0.0025359169994771946
1536,1,moment_quant_exact_intervals,5,8,0.008865709001838695
1536,1,moment_quant_exact_samples,7,8,0.0025772080007300247
1536,1,moment_quant_exact_intervals,9,8,0.008987540997623
1536,1,moment_quant_exact_intervals,6,8,0.00889587499841582
1536,1,moment_quant_exact_samples,2,8,0.0026248750000377186
1536,1,moment_quant_approx_intervals,0,8,0.02924133299893583
1536,1,moment_quant_exact_intervals,2,8,0.00893129199903342
1536,1,moment_quant_approx_intervals,4,8,0.029182207999838283
1536,1,moment_quant_exact_samples,1,8,0.002575209000497125
1536,1,moment_quant_approx_samples,7,8,0.02573895800014725
1536,1,moment_quant_exact_samples,6,8,0.002581583001301624
1536,1,moment_quant_approx_samples,6,8,0.02554870799940545
1536,1,moment_quant_exact_samples,8,8,0.0026118749992747325
1536,1,moment_quant_exact_intervals,8,8,0.008944749999500345
1536,1,moment_quant_exact_intervals,3,8,0.008877208001649706
1536,1,moment_quant_exact_samples,3,8,0.0026625000027706847
1536,1,moment_quant_exact_samples,5,8,0.002475583998602815
1536,2,moment_quant_exact_intervals,0,8,0.01060449999931734
1536,2,moment_quant_approx_samples,5,8,0.027114458996948088
1536,2,moment_quant_approx_intervals,4,8,0.030839333001495106
1536,2,moment_quant_exact_samples,1,8,0.002705999999307096
1536,2,moment_quant_exact_samples,7,8,0.0026575420015433338
1536,2,moment_quant_approx_intervals,7,8,0.030494957998598693
1536,2,moment_quant_approx_intervals,6,8,0.03059824999945704
1536,2,moment_quant_exact_samples,0,8,0.003852334000839619
1536,2,moment_quant_approx_samples,6,8,0.02695366699845181
1536,2,moment_quant_approx_samples,7,8,0.026820166000106838
1536,2,moment_quant_exact_intervals,1,8,0.010516542002733331
1536,2,moment_quant_exact_intervals,6,8,0.010373791003075894
1536,2,moment_quant_approx_intervals,2,8,0.030516583999997238
1536,2,moment_quant_exact_samples,9,8,0.0025807090023590717
1536,2,moment_quant_approx_samples,9,8,0.026887416999670677
1536,2,moment_quant_approx_samples,8,8,0.02683016700029839
1536,2,moment_quant_exact_intervals,8,8,0.010420958999020513
1536,2,moment_quant_exact_intervals,2,8,0.010332041998481145
1536,2,moment_quant_approx_intervals,5,8,0.031065915998624405
1536,2,moment_quant_exact_samples,6,8,0.0030605419997300487
1536,2,moment_quant_approx_samples,2,8,0.02732504099913058
1536,2,moment_quant_exact_samples,5,8,0.002709958000195911
1536,2,moment_quant_exact_intervals,5,8,0.010470832999999402
1536,2,moment_quant_approx_intervals,0,8,0.030577124998671934
1536,2,moment_quant_exact_samples,4,8,0.0026842079969355837
1536,2,moment_quant_approx_intervals,3,8,0.030517999999574386
1536,2,moment_quant_approx_samples,4,8,0.02696500000092783
1536,2,moment_quant_approx_samples,1,8,0.026930500000162283
1536,2,moment_quant_approx_intervals,1,8,0.030430666000029305
1536,2,moment_quant_exact_samples,3,8,0.002654374999110587
1536,2,moment_quant_exact_samples,2,8,0.0037354160012910143
1536,2,moment_quant_exact_intervals,7,8,0.010382583001046441
1536,2,moment_quant_exact_intervals,9,8,0.010357708000810817
1536,2,moment_quant_exact_samples,8,8,0.0026779170002555475
1536,2,moment_quant_exact_intervals,3,8,0.010441792001074646
1536,2,moment_quant_exact_intervals,4,8,0.010318040996935451
1536,2,moment_quant_approx_samples,3,8,0.026932834000035655
1536,2,moment_quant_approx_samples,0,8,0.026873833001445746
1536,2,moment_quant_approx_intervals,8,8,0.03120154199859826
1536,2,moment_quant_approx_intervals,9,8,0.03203845800089766
1536,3,moment_quant_approx_intervals,4,8,0.03163779200258432
1536,3,moment_quant_approx_intervals,2,8,0.031174417003057897
1536,3,moment_quant_approx_samples,8,8,0.027451292000478134
1536,3,moment_quant_approx_samples,0,8,0.02725424999880488
1536,3,moment_quant_exact_intervals,3,8,0.012352249999821652
1536,3,moment_quant_approx_intervals,5,8,0.03138866700101062
1536,3,moment_quant_exact_intervals,4,8,0.011712708001141436
1536,3,moment_quant_exact_samples,7,8,0.003412665999348974
1536,3,moment_quant_exact_samples,9,8,0.003940875001717359
1536,3,moment_quant_approx_samples,7,8,0.02738787499765749
1536,3,moment_quant_approx_samples,1,8,0.02962216699961573
1536,3,moment_quant_approx_intervals,0,8,0.03155670900014229
1536,3,moment_quant_approx_samples,2,8,0.027445666000858182
1536,3,moment_quant_approx_intervals,3,8,0.031054707997100195
1536,3,moment_quant_exact_intervals,1,8,0.012306832999456674
1536,3,moment_quant_exact_intervals,2,8,0.011570374997972976
1536,3,moment_quant_exact_intervals,9,8,0.011673791999783134
1536,3,moment_quant_approx_intervals,7,8,0.03134912500172504
1536,3,moment_quant_exact_intervals,7,8,0.011683083001116756
1536,3,moment_quant_approx_samples,9,8,0.027309416997013614
1536,3,moment_quant_exact_intervals,8,8,0.011387124999600928
1536,3,moment_quant_exact_samples,2,8,0.0028354580026643816
1536,3,moment_quant_exact_intervals,0,8,0.01135108299786225
1536,3,moment_quant_approx_intervals,1,8,0.03128283300247858
1536,3,moment_quant_exact_samples,8,8,0.0034595830002217554
1536,3,moment_quant_exact_samples,3,8,0.004726041999674635
1536,3,moment_quant_exact_samples,0,8,0.003456165999523364
1536,3,moment_quant_approx_samples,5,8,0.02742591700007324
1536,3,moment_quant_exact_intervals,6,8,0.011408959002437769
1536,3,moment_quant_exact_samples,4,8,0.003227041001082398
1536,3,moment_quant_approx_intervals,6,8,0.031210625002131565
1536,3,moment_quant_approx_intervals,8,8,0.03284216699830722
1536,3,moment_quant_exact_samples,1,8,0.002887040998757584
1536,3,moment_quant_exact_samples,6,8,0.0027901249995920807
1536,3,moment_quant_exact_intervals,5,8,0.011841790998005308
1536,3,moment_quant_approx_samples,6,8,0.027391249997890554
1536,3,moment_quant_approx_samples,3,8,0.027313749997119885
1536,3,moment_quant_approx_intervals,9,8,0.031380083000840386
1536,3,moment_quant_exact_samples,5,8,0.004432707999512786
1536,3,moment_quant_approx_samples,4,8,0.027196167000511196
1536,4,moment_quant_approx_samples,0,8,0.02875158300230396
1536,4,moment_quant_exact_intervals,4,8,0.01227649999782443
1536,4,moment_quant_exact_samples,5,8,0.0033077499974751845
1536,4,moment_quant_approx_intervals,4,8,0.03166725000119186
1536,4,moment_quant_exact_samples,3,8,0.0031914169994706754
1536,4,moment_quant_approx_samples,7,8,0.027576624997891486
1536,4,moment_quant_approx_intervals,0,8,0.03152020900233765
1536,4,moment_quant_exact_intervals,8,8,0.01230674999897019
1536,4,moment_quant_approx_intervals,2,8,0.03144766599871218
1536,4,moment_quant_approx_samples,3,8,0.02736495800127159
1536,4,moment_quant_exact_samples,8,8,0.003489375001663575
1536,4,moment_quant_approx_samples,2,8,0.027410250000684755
1536,4,moment_quant_exact_intervals,6,8,0.012347666001005564
1536,4,moment_quant_approx_intervals,8,8,0.032367749998229556
1536,4,moment_quant_approx_intervals,6,8,0.031284082997444784
1536,4,moment_quant_exact_intervals,9,8,0.0125855420010339
1536,4,moment_quant_exact_intervals,1,8,0.012134333999711089
1536,4,moment_quant_approx_intervals,9,8,0.03163516699714819
1536,4,moment_quant_exact_samples,6,8,0.002945832999103004
1536,4,moment_quant_exact_intervals,5,8,0.012246375001268461
1536,4,moment_quant_exact_intervals,3,8,0.01210033399911481
1536,4,moment_quant_exact_intervals,0,8,0.012124999997467967
1536,4,moment_quant_exact_samples,1,8,0.0028593329989234917
1536,4,moment_quant_approx_samples,8,8,0.02796275000218884
1536,4,moment_quant_exact_samples,0,8,0.00291674999971292
1536,4,moment_quant_exact_samples,2,8,0.0028410000013536774
1536,4,moment_quant_approx_samples,5,8,0.028261915998882614
1536,4,moment_quant_exact_intervals,2,8,0.013212540998210898
1536,4,moment_quant_exact_samples,7,8,0.0029390409981715493
1536,4,moment_quant_approx_intervals,5,8,0.031444542000826914
1536,4,moment_quant_exact_samples,9,8,0.0040043329972832
1536,4,moment_quant_approx_samples,4,8,0.02843520799797261
1536,4,moment_quant_approx_samples,6,8,0.02809783299744595
1536,4,moment_quant_approx_intervals,1,8,0.03168241700041108
1536,4,moment_quant_approx_samples,1,8,0.027417249999416526
1536,4,moment_quant_exact_samples,4,8,0.003357707999384729
1536,4,moment_quant_approx_intervals,7,8,0.03134524999768473
1536,4,moment_quant_exact_intervals,7,8,0.01224999999976717
1536,4,moment_quant_approx_samples,9,8,0.027811208998173242
1536,4,moment_quant_approx_intervals,3,8,0.032374959002481773
1536,8,moment_quant_exact_samples,1,8,0.00435812499927124
1536,8,moment_quant_approx_intervals,8,8,0.035788000001048204
1536,8,moment_quant_approx_samples,1,8,0.02939558399884845
1536,8,moment_quant_exact_samples,8,8,0.004416166997543769
1536,8,moment_quant_exact_intervals,8,8,0.01618025000061607
1536,8,moment_quant_exact_samples,7,8,0.004197417001705617
1536,8,moment_quant_exact_samples,4,8,0.00486987499971292
1536,8,moment_quant_approx_intervals,5,8,0.0331588750013907
1536,8,moment_quant_exact_intervals,5,8,0.01604554200093844
1536,8,moment_quant_approx_samples,6,8,0.02904162499908125
1536,8,moment_quant_exact_intervals,1,8,0.015775040999869816
1536,8,moment_quant_exact_samples,0,8,0.004772292002598988
1536,8,moment_quant_exact_intervals,2,8,0.016645666997646913
1536,8,moment_quant_approx_intervals,7,8,0.03303045800203108
1536,8,moment_quant_exact_intervals,6,8,0.015974208999978146
1536,8,moment_quant_approx_intervals,9,8,0.03303174999746261
1536,8,moment_quant_approx_samples,3,8,0.028272042000025976
1536,8,moment_quant_approx_intervals,3,8,0.03247291599836899
1536,8,moment_quant_exact_intervals,9,8,0.015733583000837825
1536,8,moment_quant_exact_samples,3,8,0.004512999999860767
1536,8,moment_quant_exact_samples,9,8,0.005534957999770995
1536,8,moment_quant_approx_samples,0,8,0.028903374997753417
1536,8,moment_quant_exact_samples,6,8,0.004596582999511156
1536,8,moment_quant_approx_samples,7,8,0.029649333999259397
1536,8,moment_quant_approx_intervals,2,8,0.03316166700096801
1536,8,moment_quant_exact_intervals,3,8,0.016428416001872392
1536,8,moment_quant_exact_intervals,0,8,0.01596787499875063
1536,8,moment_quant_exact_intervals,4,8,0.015895915999863064
1536,8,moment_quant_approx_intervals,4,8,0.03440954100005911
1536,8,moment_quant_approx_samples,4,8,0.029336875002627494
1536,8,moment_quant_exact_samples,5,8,0.004001916997367516
1536,8,moment_quant_approx_intervals,6,8,0.034111957997083664
1536,8,moment_quant_approx_samples,9,8,0.02802983299989137
1536,8,moment_quant_approx_intervals,0,8,0.03242095799942035
1536,8,moment_quant_approx_samples,5,8,0.029120415998477256
1536,8,moment_quant_approx_samples,2,8,0.029970874998980435
1536,8,moment_quant_exact_intervals,7,8,0.01578516700101318
1536,8,moment_quant_approx_intervals,1,8,0.033483708000858314
1536,8,moment_quant_exact_samples,2,8,0.0047711670013086405
1536,8,moment_quant_approx_samples,8,8,0.028272207997360965
1536,10,moment_quant_exact_samples,3,8,0.007498667000618298
1536,10,moment_quant_exact_samples,2,8,0.006030374999681953
1536,10,moment_quant_exact_intervals,2,8,0.017627000001084525
1536,10,moment_quant_approx_samples,0,8,0.029481457997462712
1536,10,moment_quant_exact_intervals,0,8,0.01742420799928368
1536,10,moment_quant_approx_intervals,0,8,0.03291579199867556
1536,10,moment_quant_exact_samples,8,8,0.005998167001962429
1536,10,moment_quant_approx_samples,5,8,0.029474540999217425
1536,10,moment_quant_approx_intervals,5,8,0.032918000000790926
1536,10,moment_quant_exact_intervals,5,8,0.01737074999982724
1536,10,moment_quant_approx_intervals,1,8,0.03293337500144844
1536,10,moment_quant_approx_intervals,4,8,0.0328626250011439
1536,10,moment_quant_exact_intervals,3,8,0.017277999999350868
1536,10,moment_quant_exact_intervals,6,8,0.017257750001590466
1536,10,moment_quant_exact_intervals,7,8,0.017260208001971478
1536,10,moment_quant_approx_samples,8,8,0.02840466699854005
1536,10,moment_quant_approx_samples,7,8,0.02899204200002714
1536,10,moment_quant_exact_samples,1,8,0.006758291001460748
1536,10,moment_quant_approx_samples,3,8,0.028390292001859052
1536,10,moment_quant_exact_samples,7,8,0.00685858399810968
1536,10,moment_quant_exact_samples,6,8,0.005803083000500919
1536,10,moment_quant_exact_intervals,1,8,0.018380791996605694
1536,10,moment_quant_approx_intervals,3,8,0.033905291002156446
1536,10,moment_quant_exact_samples,9,8,0.004930083003273467
1536,10,moment_quant_exact_intervals,4,8,0.017730542000208516
1536,10,moment_quant_exact_intervals,9,8,0.017744417000358226
1536,10,moment_quant_exact_samples,5,8,0.006615291997150052
1536,10,moment_quant_exact_samples,4,8,0.006019749998813495
1536,10,moment_quant_approx_samples,1,8,0.02849729200170259
1536,10,moment_quant_exact_samples,0,8,0.006409749999875203
1536,10,moment_quant_approx_intervals,6,8,0.03362695800024085
1536,10,moment_quant_approx_samples,2,8,0.029398916001809994
1536,10,moment_quant_approx_intervals,2,8,0.03341891699892585
1536,10,moment_quant_approx_samples,9,8,0.02841454199733562
1536,10,moment_quant_approx_intervals,8,8,0.03416966700024204
1536,10,moment_quant_exact_intervals,8,8,0.017459291997511173
1536,10,moment_quant_approx_samples,4,8,0.02938466699924902
1536,10,moment_quant_approx_samples,6,8,0.02845333299774211
1536,10,moment_quant_approx_intervals,9,8,0.034057999997457955
1536,10,moment_quant_approx_intervals,7,8,0.033366458999807946
1536,16,moment_quant_approx_samples,6,8,0.03011687500111293
1536,16,moment_quant_approx_samples,3,8,0.03112637499725679
1536,16,moment_quant_approx_intervals,6,8,0.03726025000287336
1536,16,moment_quant_exact_samples,8,8,0.008975791999546345
1536,16,moment_quant_approx_samples,9,8,0.031473999999434454
1536,16,moment_quant_approx_intervals,9,8,0.03606249999938882
1536,16,moment_quant_approx_intervals,0,8,0.035391624998737825
1536,16,moment_quant_exact_intervals,6,8,0.023390166999888606
1536,16,moment_quant_exact_intervals,8,8,0.02321733400094672
1536,16,moment_quant_approx_intervals,5,8,0.03677295899979072
1536,16,moment_quant_exact_intervals,2,8,0.024367082998651313
1536,16,moment_quant_exact_intervals,5,8,0.023649042002944043
1536,16,moment_quant_exact_intervals,4,8,0.02388658299969393
1536,16,moment_quant_approx_samples,4,8,0.0331724169991503
1536,16,moment_quant_approx_intervals,3,8,0.03882783399967593
1536,16,moment_quant_approx_intervals,1,8,0.040760625000984874
1536,16,moment_quant_approx_samples,8,8,0.03265533300145762
1536,16,moment_quant_approx_intervals,8,8,0.040023875000770204
1536,16,moment_quant_exact_intervals,3,8,0.023660540999117075
1536,16,moment_quant_exact_intervals,1,8,0.024098582998703932
1536,16,moment_quant_exact_samples,1,8,0.00859804100036854
1536,16,moment_quant_exact_intervals,0,8,0.023834540999814635
1536,16,moment_quant_exact_samples,5,8,0.00847425000029034
1536,16,moment_quant_exact_samples,4,8,0.006974250001803739
1536,16,moment_quant_exact_intervals,9,8,0.02397016699978849
1536,16,moment_quant_approx_samples,7,8,0.030476166000880767
1536,16,moment_quant_approx_intervals,2,8,0.03614608400312136
1536,16,moment_quant_exact_intervals,7,8,0.023116500000469387
1536,16,moment_quant_approx_intervals,7,8,0.03696424999725423
1536,16,moment_quant_approx_samples,5,8,0.03156662500259699
1536,16,moment_quant_approx_intervals,4,8,0.03651733299921034
1536,16,moment_quant_approx_samples,1,8,0.030572916999517474
1536,16,moment_quant_exact_samples,7,8,0.008095999997749459
1536,16,moment_quant_exact_samples,2,8,0.009274749998439802
1536,16,moment_quant_approx_samples,0,8,0.029750375000730855
1536,16,moment_quant_exact_samples,9,8,0.007864125000196509
1536,16,moment_quant_exact_samples,0,8,0.00831612500041956
1536,16,moment_quant_exact_samples,3,8,0.009324291000666562
1536,16,moment_quant_approx_samples,2,8,0.030439415997534525
1536,16,moment_quant_exact_samples,6,8,0.00787237500117044
1536,30,moment_quant_exact_intervals,2,8,0.03707008299898007
1536,30,moment_quant_approx_intervals,2,8,0.0415510839993658
1536,30,moment_quant_approx_samples,2,8,0.03717316599795595
1536,30,moment_quant_exact_samples,4,8,0.013719665999815334
1536,30,moment_quant_approx_samples,3,8,0.03437120899980073
1536,30,moment_quant_exact_samples,5,8,0.014856249999866122
1536,30,moment_quant_approx_intervals,0,8,0.04194645800089347
1536,30,moment_quant_exact_samples,0,8,0.015228125001158332
1536,30,moment_quant_exact_samples,3,8,0.014702374999615131
1536,30,moment_quant_approx_samples,1,8,0.034918040997581556
1536,30,moment_quant_exact_samples,1,8,0.01562187500167056
1536,30,moment_quant_exact_intervals,9,8,0.036619249996874714
1536,30,moment_quant_exact_intervals,6,8,0.036267750001570676
1536,30,moment_quant_exact_intervals,0,8,0.03623854200122878
1536,30,moment_quant_exact_intervals,7,8,0.038534167000761954
1536,30,moment_quant_approx_intervals,5,8,0.041597792001994094
1536,30,moment_quant_exact_intervals,5,8,0.03625391700188629
1536,30,moment_quant_exact_intervals,8,8,0.03584795799906715
1536,30,moment_quant_exact_samples,8,8,0.015950167002301896
1536,30,moment_quant_approx_samples,5,8,0.03269995800292236
1536,30,moment_quant_exact_intervals,1,8,0.035987874998681946
1536,30,moment_quant_approx_intervals,9,8,0.03965129199787043
1536,30,moment_quant_approx_samples,0,8,0.03414433299985831
1536,30,moment_quant_approx_intervals,1,8,0.040354708002269035
1536,30,moment_quant_approx_samples,4,8,0.034774791001837
1536,30,moment_quant_approx_intervals,3,8,0.04067816700262483
1536,30,moment_quant_approx_intervals,8,8,0.04125199999907636
1536,30,moment_quant_approx_intervals,4,8,0.041010083001310704
1536,30,moment_quant_exact_samples,9,8,0.015834000001632376
1536,30,moment_quant_approx_intervals,7,8,0.03977087499879417
1536,30,moment_quant_exact_intervals,3,8,0.036111208002694184
1536,30,moment_quant_exact_samples,2,8,0.01409270799922524
1536,30,moment_quant_approx_samples,6,8,0.03355308399841306
1536,30,moment_quant_approx_intervals,6,8,0.04628233400217141
1536,30,moment_quant_exact_intervals,4,8,0.03677524999875459
1536,30,moment_quant_approx_samples,9,8,0.03570983299869113
1536,30,moment_quant_approx_samples,8,8,0.03525445800187299
1536,30,moment_quant_approx_samples,7,8,0.03958479100037948
1536,30,moment_quant_exact_samples,6,8,0.015340709000156494
1536,30,moment_quant_exact_samples,7,8,0.015099749998626066
1536,32,moment_quant_exact_samples,0,8,0.014626459000282921
1536,32,moment_quant_approx_intervals,6,8,0.04289137500018114
1536,32,moment_quant_approx_intervals,8,8,0.041303665999294026
1536,32,moment_quant_approx_samples,3,8,0.03379833299914026
1536,32,moment_quant_approx_intervals,2,8,0.04737566699986928
1536,32,moment_quant_exact_samples,4,8,0.015224790997308446
1536,32,moment_quant_exact_samples,9,8,0.014403708002646454
1536,32,moment_quant_exact_samples,3,8,0.014880458998959512
1536,32,moment_quant_exact_intervals,5,8,0.03920762499910779
1536,32,moment_quant_exact_intervals,0,8,0.03828866699768696
1536,32,moment_quant_exact_intervals,2,8,0.03829658399990876
1536,32,moment_quant_exact_samples,1,8,0.015263792000041576
1536,32,moment_quant_approx_samples,5,8,0.03406899999754387
1536,32,moment_quant_approx_intervals,0,8,0.04760783399979118
1536,32,moment_quant_approx_intervals,5,8,0.04761979099930613
1536,32,moment_quant_exact_intervals,1,8,0.0384606250008801
1536,32,moment_quant_approx_samples,0,8,0.03493095899830223
1536,32,moment_quant_approx_intervals,7,8,0.046896125000785105
1536,32,moment_quant_approx_intervals,1,8,0.04651295800067601
1536,32,moment_quant_exact_intervals,3,8,0.037940833000902785
1536,32,moment_quant_approx_intervals,9,8,0.04640529100288404
1536,32,moment_quant_exact_intervals,7,8,0.03782787500313134
1536,32,moment_quant_approx_intervals,3,8,0.046516457998222904
1536,32,moment_quant_approx_samples,6,8,0.033976292001170805
1536,32,moment_quant_exact_samples,5,8,0.01384512499862467
1536,32,moment_quant_approx_samples,9,8,0.03232479199868976
1536,32,moment_quant_exact_intervals,9,8,0.03807516700180713
1536,32,moment_quant_exact_intervals,8,8,0.037318250000680564
1536,32,moment_quant_exact_samples,6,8,0.019685708000906743
1536,32,moment_quant_exact_samples,2,8,0.016747583002143074
1536,32,moment_quant_exact_samples,8,8,0.01928566599963233
1536,32,moment_quant_approx_samples,1,8,0.03455745799874421
1536,32,moment_quant_approx_samples,7,8,0.03526529199734796
1536,32,moment_quant_approx_samples,8,8,0.034111499997379724
1536,32,moment_quant_exact_intervals,4,8,0.03828554199935752
1536,32,moment_quant_approx_samples,2,8,0.03396004200112657
1536,32,moment_quant_exact_samples,7,8,0.01344158400024753
1536,32,moment_quant_approx_intervals,4,8,0.04132658400340006
1536,32,moment_quant_approx_samples,4,8,0.03596087500045542
1536,32,moment_quant_exact_intervals,6,8,0.037733791999926325
1536,64,moment_quant_exact_intervals,9,8,0.07058070800121641
1536,64,moment_quant_approx_samples,5,8,0.042096708002645755
1536,64,moment_quant_exact_intervals,2,8,0.06701720799901523
1536,64,moment_quant_approx_intervals,7,8,0.05243591600083164
1536,64,moment_quant_approx_intervals,2,8,0.05329195800004527
1536,64,moment_quant_exact_intervals,0,8,0.06497854200279107
1536,64,moment_quant_exact_intervals,6,8,0.06582158300079755
1536,64,moment_quant_exact_samples,1,8,0.028708207999443403
1536,64,moment_quant_approx_samples,2,8,0.04334779099735897
1536,64,moment_quant_exact_samples,8,8,0.026982084000337636
1536,64,moment_quant_approx_samples,1,8,0.04304400000182795
1536,64,moment_quant_exact_intervals,1,8,0.06830120900121983
1536,64,moment_quant_approx_samples,8,8,0.04465616699962993
1536,64,moment_quant_exact_samples,3,8,0.027819374998216517
1536,64,moment_quant_exact_intervals,5,8,0.06857962499998393
1536,64,moment_quant_exact_intervals,8,8,0.06757345799996983
1536,64,moment_quant_approx_intervals,4,8,0.05701954200048931
1536,64,moment_quant_approx_samples,7,8,0.04497287500271341
1536,64,moment_quant_approx_intervals,6,8,0.050782416998117696
1536,64,moment_quant_exact_samples,9,8,0.02828274999774294
1536,64,moment_quant_approx_intervals,1,8,0.05807904199900804
1536,64,moment_quant_approx_intervals,8,8,0.05707925000024261
1536,64,moment_quant_exact_samples,4,8,0.02567037499829894
1536,64,moment_quant_approx_intervals,9,8,0.049018875000911066
1536,64,moment_quant_exact_intervals,4,8,0.06506404200263205
1536,64,moment_quant_approx_samples,0,8,0.042882292000285815
1536,64,moment_quant_approx_samples,6,8,0.041293417001725174
1536,64,moment_quant_approx_intervals,5,8,0.056289416999788955
1536,64,moment_quant_approx_samples,4,8,0.04487337499813293
1536,64,moment_quant_exact_intervals,7,8,0.06839816600040649
1536,64,moment_quant_approx_intervals,3,8,0.05665229099759017
1536,64,moment_quant_exact_samples,6,8,0.026647667000361253
1536,64,moment_quant_exact_samples,2,8,0.02820370900008129
1536,64,moment_quant_approx_samples,9,8,0.04353766600252129
1536,64,moment_quant_approx_samples,3,8,0.04166837499724352
1536,64,moment_quant_approx_intervals,0,8,0.051557333001255756
1536,64,moment_quant_exact_samples,7,8,0.02738337499977206
1536,64,moment_quant_exact_intervals,3,8,0.06715350000013132
1536,64,moment_quant_exact_samples,5,8,0.029573249998065876
1536,64,moment_quant_exact_samples,0,8,0.026850124999327818
1536,100,moment_quant_approx_intervals,9,8,0.06464620800034027
1536,100,moment_quant_approx_samples,7,8,0.04433762500048033
1536,100,moment_quant_exact_samples,6,8,0.04232020800191094
1536,100,moment_quant_exact_samples,1,8,0.04192783299731673
1536,100,moment_quant_exact_intervals,4,8,0.09985158400013461
1536,100,moment_quant_approx_intervals,2,8,0.07039187500049593
1536,100,moment_quant_exact_intervals,9,8,0.10025441600009799
1536,100,moment_quant_exact_intervals,2,8,0.10132466700088116
1536,100,moment_quant_approx_samples,9,8,0.053458417001820635
1536,100,moment_quant_exact_samples,0,8,0.04196395799954189
1536,100,moment_quant_exact_intervals,7,8,0.09681058300338918
1536,100,moment_quant_approx_intervals,7,8,0.05850920800003223
1536,100,moment_quant_exact_intervals,0,8,0.09752091699920129
1536,100,moment_quant_exact_intervals,1,8,0.09919308300231933
1536,100,moment_quant_approx_samples,3,8,0.05799174999992829
1536,100,moment_quant_approx_intervals,5,8,0.06212137499824166
1536,100,moment_quant_exact_samples,2,8,0.04126208299931022
1536,100,moment_quant_approx_samples,4,8,0.04752783299773
1536,100,moment_quant_approx_intervals,4,8,0.06455004100280348
1536,100,moment_quant_approx_intervals,0,8,0.08349583399831317
1536,100,moment_quant_exact_samples,9,8,0.0417210410014377
1536,100,moment_quant_exact_intervals,5,8,0.10097462499834364
1536,100,moment_quant_exact_samples,5,8,0.04053149999890593
1536,100,moment_quant_exact_samples,7,8,0.04126170899689896
1536,100,moment_quant_approx_intervals,3,8,0.06330229200102622
1536,100,moment_quant_approx_samples,2,8,0.05453170799955842
1536,100,moment_quant_exact_samples,4,8,0.04263083399928291
1536,100,moment_quant_approx_intervals,6,8,0.06211704200177337
1536,100,moment_quant_approx_intervals,1,8,0.0606022079991817
1536,100,moment_quant_approx_samples,6,8,0.04752875000122003
1536,100,moment_quant_approx_samples,1,8,0.054155417001311434
1536,100,moment_quant_approx_samples,0,8,0.053546208000625484
1536,100,moment_quant_approx_samples,8,8,0.04783116700127721
1536,100,moment_quant_exact_samples,3,8,0.04222700000173063
1536,100,moment_quant_exact_intervals,3,8,0.10046799999690847
1536,100,moment_quant_exact_samples,8,8,0.041748208001081366
1536,100,moment_quant_approx_intervals,8,8,0.06143229199733469
1536,100,moment_quant_approx_samples,5,8,0.04952683299779892
1536,100,moment_quant_exact_intervals,8,8,0.10412379199988209
1536,100,moment_quant_exact_intervals,6,8,0.1004054589975567
1536,300,moment_quant_exact_samples,2,8,0.11844575000213808
1536,300,moment_quant_exact_samples,6,8,0.11580204100027913
1536,300,moment_quant_approx_samples,5,8,0.09953929199764389
1536,300,moment_quant_exact_intervals,9,8,0.29871149999962654
1536,300,moment_quant_approx_samples,7,8,0.08692375000100583
1536,300,moment_quant_exact_intervals,4,8,0.289671125003224
1536,300,moment_quant_approx_intervals,7,8,0.12741858400113415
1536,300,moment_quant_exact_intervals,0,8,0.2891047500015702
1536,300,moment_quant_approx_samples,3,8,0.08662712500154157
1536,300,moment_quant_approx_samples,0,8,0.08656979199804482
1536,300,moment_quant_approx_samples,9,8,0.09484225000051083
1536,300,moment_quant_approx_intervals,2,8,0.12693058299919358
1536,300,moment_quant_exact_intervals,8,8,0.2892751250001311
1536,300,moment_quant_exact_samples,1,8,0.11219708300268394
1536,300,moment_quant_approx_intervals,1,8,0.14844304200232727
1536,300,moment_quant_exact_samples,0,8,0.11487716700139572
1536,300,moment_quant_approx_samples,4,8,0.0939721249997092
1536,300,moment_quant_exact_samples,3,8,0.11770208400048432
1536,300,moment_quant_approx_intervals,6,8,0.13784037500226987
1536,300,moment_quant_exact_samples,8,8,0.11493137499928707
1536,300,moment_quant_exact_intervals,6,8,0.28959575000044424
1536,300,moment_quant_exact_intervals,1,8,0.2947910420007247
1536,300,moment_quant_exact_samples,5,8,0.11089304100096342
1536,300,moment_quant_exact_samples,4,8,0.11542645899680792
1536,300,moment_quant_approx_samples,6,8,0.0903741660004016
1536,300,moment_quant_approx_samples,8,8,0.09181512500072131
1536,300,moment_quant_approx_intervals,9,8,0.1381500829993456
1536,300,moment_quant_approx_samples,1,8,0.08802466599809122
1536,300,moment_quant_approx_intervals,4,8,0.1361521669969079
1536,300,moment_quant_exact_intervals,5,8,0.2910606670011475
1536,300,moment_quant_exact_samples,7,8,0.11357866599792033
1536,300,moment_quant_approx_samples,2,8,0.08869558299920755
1536,300,moment_quant_approx_intervals,8,8,0.1269378750002943
1536,300,moment_quant_exact_intervals,3,8,0.28943687499850057
1536,300,moment_quant_exact_samples,9,8,0.11242991699691629
1536,300,moment_quant_approx_intervals,3,8,0.13352095799928065
1536,300,moment_quant_approx_intervals,0,8,0.1312282500002766
1536,300,moment_quant_approx_intervals,5,8,0.13111091699829558
1536,300,moment_quant_exact_intervals,2,8,0.28832291600338067
1536,300,moment_quant_exact_intervals,7,8,0.2923175830001128
1536,1000,moment_quant_exact_samples,1,8,0.3697926249988086
1536,1000,moment_quant_approx_intervals,3,8,0.40783695799837005
1536,1000,moment_quant_exact_intervals,5,8,1.0353699160004908
1536,1000,moment_quant_approx_samples,9,8,0.24562599999990198
1536,1000,moment_quant_exact_samples,2,8,0.3635419999991427
1536,1000,moment_quant_approx_samples,8,8,0.228315249998559
1536,1000,moment_quant_exact_intervals,8,8,1.02595354100049
1536,1000,moment_quant_approx_samples,0,8,0.22928370899899164
1536,1000,moment_quant_approx_intervals,0,8,0.4047945410020475
1536,1000,moment_quant_approx_samples,4,8,0.2232611250001355
1536,1000,moment_quant_exact_samples,9,8,0.365986790999159
1536,1000,moment_quant_approx_samples,5,8,0.23311095800090698
1536,1000,moment_quant_exact_samples,3,8,0.36250412500157836
1536,1000,moment_quant_approx_intervals,7,8,0.4175216250005178
1536,1000,moment_quant_exact_samples,4,8,0.3632542499981355
1536,1000,moment_quant_exact_samples,7,8,0.36744766699848697
1536,1000,moment_quant_approx_samples,3,8,0.2267232909980521
1536,1000,moment_quant_approx_intervals,4,8,0.41182683299848577
1536,1000,moment_quant_approx_intervals,6,8,0.44163941599981626
1536,1000,moment_quant_exact_intervals,1,8,1.0182840000015858
1536,1000,moment_quant_exact_samples,6,8,0.36028170799909276
1536,1000,moment_quant_approx_samples,6,8,0.23439350000262493
1536,1000,moment_quant_approx_samples,1,8,0.24817945800168673
1536,1000,moment_quant_approx_intervals,9,8,0.4176574580014858
1536,1000,moment_quant_exact_intervals,0,8,1.0161377910008014
1536,1000,moment_quant_exact_intervals,7,8,1.0244046669977251
1536,1000,moment_quant_exact_intervals,3,8,1.010227582999505
1536,1000,moment_quant_exact_samples,8,8,0.3590387500007637
1536,1000,moment_quant_exact_intervals,2,8,1.0211670409989893
1536,1000,moment_quant_approx_samples,7,8,0.2387579159985762
1536,1000,moment_quant_approx_intervals,8,8,0.40232375000050524
1536,1000,moment_quant_exact_samples,0,8,0.36560895799993887
1536,1000,moment_quant_approx_intervals,1,8,0.40807104199848254
1536,1000,moment_quant_approx_samples,2,8,0.23182741600248846
1536,1000,moment_quant_exact_samples,5,8,0.3612867920019198
1536,1000,moment_quant_approx_intervals,5,8,0.4247842500008119
1536,1000,moment_quant_exact_intervals,4,8,1.0151685000018915
1536,1000,moment_quant_approx_intervals,2,8,0.42234087500037276
1536,1000,moment_quant_exact_intervals,9,8,1.0420764999980747
1536,1000,moment_quant_exact_intervals,6,8,1.033784041999752
1536,3000,moment_quant_exact_samples,5,8,1.1037875420006458
1536,3000,moment_quant_approx_intervals,0,8,1.5181796659999236
1536,3000,moment_quant_approx_samples,3,8,0.7229526660012198
1536,3000,moment_quant_exact_samples,1,8,1.1177724579974893
1536,3000,moment_quant_approx_samples,0,8,0.7469680000031076
1536,3000,moment_quant_exact_intervals,3,8,3.216027625003335
1536,3000,moment_quant_exact_samples,9,8,1.1087980000011157
1536,3000,moment_quant_approx_samples,5,8,0.8229038749996107
1536,3000,moment_quant_exact_intervals,1,8,3.224041790999763
1536,3000,moment_quant_approx_intervals,7,8,1.5463909579993924
1536,3000,moment_quant_exact_intervals,2,8,3.2067692919990805
1536,3000,moment_quant_exact_intervals,4,8,3.2115752499994414
1536,3000,moment_quant_exact_samples,2,8,1.1204868340028042
1536,3000,moment_quant_approx_samples,9,8,0.7694575829991663
1536,3000,moment_quant_approx_samples,8,8,0.7144546669987903
1536,3000,moment_quant_exact_samples,3,8,1.0907491660000233
1536,3000,moment_quant_approx_intervals,5,8,1.4452842499995313
1536,3000,moment_quant_exact_samples,8,8,1.1399385839977185
1536,3000,moment_quant_exact_samples,6,8,1.1767937910008186
1536,3000,moment_quant_approx_intervals,9,8,1.4460634579991165
1536,3000,moment_quant_approx_intervals,6,8,1.442113083001459
1536,3000,moment_quant_approx_intervals,4,8,1.5462525830007507
1536,3000,moment_quant_approx_samples,1,8,0.7325993339982233
1536,3000,moment_quant_exact_samples,0,8,1.1185282500009635
1536,3000,moment_quant_approx_intervals,1,8,1.5676720000010391
1536,3000,moment_quant_approx_intervals,3,8,1.5678659999975935
1536,3000,moment_quant_approx_intervals,2,8,1.5750279579988273
1536,3000,moment_quant_approx_samples,6,8,0.7275601670007745
1536,3000,moment_quant_approx_samples,4,8,0.7440081250024377
1536,3000,moment_quant_exact_intervals,7,8,3.2085878340003546
1536,3000,moment_quant_exact_intervals,8,8,3.211784874998557
1536,3000,moment_quant_exact_intervals,0,8,3.261413709002227
1536,3000,moment_quant_approx_intervals,8,8,1.558876290997432
1536,3000,moment_quant_exact_intervals,9,8,3.216488833000767
1536,3000,moment_quant_approx_samples,2,8,0.7769882920001692
1536,3000,moment_quant_exact_intervals,5,8,3.223407249999582
1536,3000,moment_quant_exact_intervals,6,8,3.210013916999742
1536,3000,moment_quant_exact_samples,4,8,1.0688624169997638
1536,3000,moment_quant_exact_samples,7,8,1.070940999998129
1536,3000,moment_quant_approx_samples,7,8,0.766759666003054
1536,10000,moment_quant_exact_samples,4,8,3.699915583998518
1536,10000,moment_quant_exact_intervals,3,8,11.106060540998442
1536,10000,moment_quant_approx_samples,5,8,3.123948583001038
1536,10000,moment_quant_exact_intervals,5,8,11.103557667000132
1536,10000,moment_quant_exact_samples,0,8,3.61026800000036
1536,10000,moment_quant_exact_intervals,1,8,11.10751904100107
1536,10000,moment_quant_exact_samples,3,8,3.6082300419984676
1536,10000,moment_quant_exact_samples,5,8,3.696141084001283
1536,10000,moment_quant_approx_intervals,7,8,7.176684416997887
1536,10000,moment_quant_approx_intervals,6,8,7.22357466700123
1536,10000,moment_quant_approx_intervals,3,8,7.278947041999345
1536,10000,moment_quant_approx_intervals,5,8,7.319562915999995
1536,10000,moment_quant_approx_samples,4,8,3.132443874997989
1536,10000,moment_quant_approx_samples,7,8,3.1220441670011496
1536,10000,moment_quant_approx_samples,6,8,3.077410999998392
1536,10000,moment_quant_approx_intervals,4,8,7.248005125002237
1536,10000,moment_quant_approx_samples,9,8,3.0857783750034287
1536,10000,moment_quant_approx_samples,8,8,3.119460624999192
1536,10000,moment_quant_approx_samples,0,8,3.0649275000032503
1536,10000,moment_quant_approx_intervals,1,8,7.363751084001706
1536,10000,moment_quant_approx_samples,3,8,3.0776614999995218
1536,10000,moment_quant_approx_intervals,2,8,7.3400052079996385
1536,10000,moment_quant_exact_intervals,0,8,11.113227625002764
1536,10000,moment_quant_exact_intervals,7,8,11.106168583999533
1536,10000,moment_quant_exact_samples,7,8,3.6137022500006424
1536,10000,moment_quant_exact_intervals,9,8,11.071145750000142
1536,10000,moment_quant_exact_samples,2,8,3.62779379100175
1536,10000,moment_quant_exact_intervals,6,8,11.073882083001081
1536,10000,moment_quant_approx_intervals,8,8,7.240293292001297
1536,10000,moment_quant_exact_intervals,4,8,11.279397916998278
1536,10000,moment_quant_approx_intervals,0,8,7.271748582999862
1536,10000,moment_quant_exact_samples,1,8,3.6710856249992503
1536,10000,moment_quant_exact_samples,8,8,3.724252541000169
1536,10000,moment_quant_exact_intervals,8,8,11.122995416000776
1536,10000,moment_quant_exact_samples,9,8,3.7482182499988994
1536,10000,moment_quant_approx_samples,2,8,3.180347375000565
1536,10000,moment_quant_approx_intervals,9,8,7.231703165998624
1536,10000,moment_quant_exact_samples,6,8,3.695865333000256
1536,10000,moment_quant_exact_intervals,2,8,11.101012125000125
1536,10000,moment_quant_approx_samples,1,8,3.119253374999971
2048,1,moment_quant_approx_samples,9,8,0.026219625000521773
2048,1,moment_quant_approx_intervals,1,8,0.029552709002018673
2048,1,moment_quant_approx_samples,2,8,0.025924583998857997
2048,1,moment_quant_approx_intervals,2,8,0.030477791999146575
2048,1,moment_quant_approx_intervals,8,8,0.029422667001199443
2048,1,moment_quant_approx_samples,5,8,0.0258824159973301
2048,1,moment_quant_exact_samples,2,8,0.0033803750011429656
2048,1,moment_quant_approx_intervals,4,8,0.029474416998709785
2048,1,moment_quant_exact_intervals,8,8,0.0093812919985794
2048,1,moment_quant_approx_samples,8,8,0.02593616600279347
2048,1,moment_quant_approx_samples,1,8,0.025839582998742117
2048,1,moment_quant_approx_intervals,5,8,0.02946575000169105
2048,1,moment_quant_approx_intervals,0,8,0.03087983400109806
2048,1,moment_quant_approx_samples,6,8,0.026027833002444822
2048,1,moment_quant_approx_samples,0,8,0.02577591700173798
2048,1,moment_quant_approx_samples,3,8,0.02592670800004271
2048,1,moment_quant_exact_intervals,0,8,0.009324291000666562
2048,1,moment_quant_exact_intervals,5,8,0.00928020799983642
2048,1,moment_quant_exact_samples,1,8,0.0032821659988258034
2048,1,moment_quant_exact_samples,5,8,0.004356375000497792
2048,1,moment_quant_exact_intervals,6,8,0.009330542001407593
2048,1,moment_quant_approx_intervals,6,8,0.029445082996971905
2048,1,moment_quant_approx_samples,4,8,0.026044999998703133
2048,1,moment_quant_exact_intervals,3,8,0.00938145899999654
2048,1,moment_quant_exact_samples,8,8,0.0034441669995430857
2048,1,moment_quant_approx_intervals,9,8,0.02957020900066709
2048,1,moment_quant_exact_intervals,2,8,0.009389416998601519
2048,1,moment_quant_exact_samples,6,8,0.003589459000068018
2048,1,moment_quant_exact_samples,4,8,0.00341433399808011
2048,1,moment_quant_exact_samples,0,8,0.003357249999680789
2048,1,moment_quant_exact_samples,9,8,0.0033103749992733356
2048,1,moment_quant_exact_intervals,9,8,0.009369208000862272
2048,1,moment_quant_approx_intervals,7,8,0.029526000002078945
2048,1,moment_quant_exact_intervals,1,8,0.009356417001981754
2048,1,moment_quant_approx_samples,7,8,0.026219167000817833
2048,1,moment_quant_exact_samples,3,8,0.0035052499988523778
2048,1,moment_quant_exact_samples,7,8,0.0033522080011607613
2048,1,moment_quant_approx_intervals,3,8,0.02948304200253915
2048,1,moment_quant_exact_intervals,7,8,0.00938749999841093
2048,1,moment_quant_exact_intervals,4,8,0.009322457997768652
2048,2,moment_quant_approx_intervals,7,8,0.031046749998495216
2048,2,moment_quant_exact_intervals,0,8,0.011345834001986077
2048,2,moment_quant_approx_intervals,5,8,0.030935750000935514
2048,2,moment_quant_approx_samples,1,8,0.027277708999463357
2048,2,moment_quant_exact_intervals,3,8,0.011261791998549597
2048,2,moment_quant_approx_intervals,6,8,0.030856041998049477
2048,2,moment_quant_exact_samples,0,8,0.00460216699866578
2048,2,moment_quant_exact_intervals,2,8,0.011291625000012573
2048,2,moment_quant_exact_samples,2,8,0.0034164170028816443
2048,2,moment_quant_approx_intervals,4,8,0.03096370799903525
2048,2,moment_quant_exact_samples,7,8,0.0034177499983343296
2048,2,moment_quant_approx_intervals,8,8,0.030881750000844477
2048,2,moment_quant_approx_samples,9,8,0.027742541999032255
2048,2,moment_quant_exact_samples,6,8,0.003378082998096943
2048,2,moment_quant_exact_samples,8,8,0.0037073749990668148
2048,2,moment_quant_approx_intervals,9,8,0.030943165998905897
2048,2,moment_quant_exact_intervals,8,8,0.01130399999965448
2048,2,moment_quant_approx_intervals,0,8,0.03156933300124365
2048,2,moment_quant_exact_samples,3,8,0.003928165999241173
2048,2,moment_quant_exact_intervals,1,8,0.011590792000788497
2048,2,moment_quant_exact_samples,5,8,0.0045533749980677385
2048,2,moment_quant_approx_samples,6,8,0.027293332997942343
2048,2,moment_quant_exact_samples,4,8,0.004601416996592889
2048,2,moment_quant_approx_intervals,1,8,0.03078904100038926
2048,2,moment_quant_approx_samples,0,8,0.028260374998353655
2048,2,moment_quant_approx_samples,8,8,0.02724612500242074
2048,2,moment_quant_exact_intervals,9,8,0.011329999997542473
2048,2,moment_quant_approx_samples,2,8,0.027185374998225598
2048,2,moment_quant_approx_samples,4,8,0.0273525000011432
2048,2,moment_quant_exact_samples,9,8,0.003529333000187762
2048,2,moment_quant_exact_intervals,7,8,0.011820625000837026
2048,2,moment_quant_approx_intervals,2,8,0.030818957999144914
2048,2,moment_quant_approx_samples,3,8,0.027635917002044152
2048,2,moment_quant_approx_samples,5,8,0.027276500000880333
2048,2,moment_quant_exact_intervals,5,8,0.01128637500005425
2048,2,moment_quant_exact_samples,1,8,0.0037600830000883434
2048,2,moment_quant_approx_intervals,3,8,0.03131554200081155
2048,2,moment_quant_approx_samples,7,8,0.028316500000073574
2048,2,moment_quant_exact_intervals,4,8,0.011271291998127708
2048,2,moment_quant_exact_intervals,6,8,0.011460541998530971
2048,3,moment_quant_exact_samples,4,8,0.003806916000030469
2048,3,moment_quant_exact_intervals,1,8,0.013752290997217642
2048,3,moment_quant_approx_samples,7,8,0.027773040997999487
2048,3,moment_quant_approx_intervals,5,8,0.032512958998268005
2048,3,moment_quant_exact_samples,2,8,0.00431604199911817
2048,3,moment_quant_approx_samples,3,8,0.027811208998173242
2048,3,moment_quant_exact_samples,0,8,0.003586916998756351
2048,3,moment_quant_approx_samples,1,8,0.027658792001602706
2048,3,moment_quant_approx_samples,6,8,0.027731583002605475
2048,3,moment_quant_exact_samples,3,8,0.0054706669980078
2048,3,moment_quant_exact_intervals,7,8,0.013012874998821644
2048,3,moment_quant_exact_intervals,5,8,0.01380691700251191
2048,3,moment_quant_approx_samples,0,8,0.03087158299967996
2048,3,moment_quant_exact_samples,1,8,0.004209583003103035
2048,3,moment_quant_exact_samples,9,8,0.0035294590015837457
2048,3,moment_quant_approx_intervals,0,8,0.031798791998880915
2048,3,moment_quant_approx_intervals,2,8,0.03135945800022455
2048,3,moment_quant_approx_samples,8,8,0.02788108399909106
2048,3,moment_quant_exact_intervals,3,8,0.012665292000747286
2048,3,moment_quant_approx_samples,4,8,0.027715458996681264
2048,3,moment_quant_approx_intervals,9,8,0.031610750000254484
2048,3,moment_quant_approx_intervals,7,8,0.03145225000116625
2048,3,moment_quant_exact_intervals,8,8,0.012604833002114901
2048,3,moment_quant_approx_samples,2,8,0.027607457999692997
2048,3,moment_quant_approx_samples,5,8,0.028587958000571234
2048,3,moment_quant_approx_intervals,8,8,0.031357500000012806
2048,3,moment_quant_exact_samples,6,8,0.0035344589996384457
2048,3,moment_quant_exact_intervals,4,8,0.012576583998452406
2048,3,moment_quant_approx_intervals,4,8,0.03154350000113482
2048,3,moment_quant_approx_intervals,1,8,0.03149045900136116
2048,3,moment_quant_exact_intervals,0,8,0.012513082998339087
2048,3,moment_quant_approx_samples,9,8,0.028593166996870423
2048,3,moment_quant_exact_intervals,2,8,0.012704291999398265
2048,3,moment_quant_exact_intervals,9,8,0.012487791002058657
2048,3,moment_quant_exact_samples,5,8,0.003583290999813471
2048,3,moment_quant_approx_intervals,6,8,0.03156583399686497
2048,3,moment_quant_exact_samples,8,8,0.004601082997396588
2048,3,moment_quant_exact_samples,7,8,0.004885583999566734
2048,3,moment_quant_exact_intervals,6,8,0.01264979200277594
2048,3,moment_quant_approx_intervals,3,8,0.03217229099755059
2048,4,moment_quant_approx_samples,4,8,0.028017750002618413
2048,4,moment_quant_approx_samples,8,8,0.02778533300079289
2048,4,moment_quant_exact_samples,5,8,0.003574832997401245
2048,4,moment_quant_exact_intervals,8,8,0.013883291998354252
2048,4,moment_quant_exact_samples,6,8,0.004643416999897454
2048,4,moment_quant_exact_intervals,2,8,0.013981332998810103
2048,4,moment_quant_exact_intervals,6,8,0.013722208001127001
2048,4,moment_quant_exact_intervals,9,8,0.013668665997101925
2048,4,moment_quant_exact_intervals,1,8,0.01397329199971864
2048,4,moment_quant_exact_samples,9,8,0.0047109580009419005
2048,4,moment_quant_approx_intervals,2,8,0.0324888329996611
2048,4,moment_quant_approx_intervals,9,8,0.033313333999103634
2048,4,moment_quant_approx_samples,5,8,0.0278899580007419
2048,4,moment_quant_exact_intervals,4,8,0.01380629200139083
2048,4,moment_quant_exact_samples,1,8,0.0036113749993091915
2048,4,moment_quant_exact_samples,4,8,0.005616250000457512
2048,4,moment_quant_exact_samples,7,8,0.0036293749981268775
2048,4,moment_quant_approx_samples,2,8,0.027780458000052022
2048,4,moment_quant_exact_intervals,5,8,0.013844875000359025
2048,4,moment_quant_approx_intervals,3,8,0.03405170800033375
2048,4,moment_quant_approx_intervals,4,8,0.03217641700030072
2048,4,moment_quant_exact_samples,2,8,0.004064374999870779
2048,4,moment_quant_approx_samples,1,8,0.027866999997058883
2048,4,moment_quant_exact_intervals,3,8,0.013973207998787984
2048,4,moment_quant_approx_intervals,6,8,0.03190758299751906
2048,4,moment_quant_exact_samples,0,8,0.004772750002302928
2048,4,moment_quant_approx_intervals,1,8,0.03217608400154859
2048,4,moment_quant_approx_samples,9,8,0.02832891700018081
2048,4,moment_quant_approx_intervals,8,8,0.03187491599965142
2048,4,moment_quant_exact_samples,3,8,0.004000959001132287
2048,4,moment_quant_approx_samples,7,8,0.02784299999984796
2048,4,moment_quant_approx_samples,6,8,0.028353707999485778
2048,4,moment_quant_approx_samples,3,8,0.02767324999877019
2048,4,moment_quant_exact_samples,8,8,0.0040551250021962915
2048,4,moment_quant_approx_intervals,7,8,0.03186979200108908
2048,4,moment_quant_exact_intervals,0,8,0.013808208001137245
2048,4,moment_quant_approx_samples,0,8,0.028911375000461703
2048,4,moment_quant_exact_intervals,7,8,0.014445084001636133
2048,4,moment_quant_approx_intervals,0,8,0.032122790998982964
2048,4,moment_quant_approx_intervals,5,8,0.03233154199915589
2048,8,moment_quant_exact_intervals,1,8,0.01928895799937891
2048,8,moment_quant_approx_samples,8,8,0.029886958000133745
2048,8,moment_quant_exact_samples,1,8,0.007025290997262346
2048,8,moment_quant_exact_intervals,5,8,0.019681416000821628
2048,8,moment_quant_approx_samples,1,8,0.029119041002559243
2048,8,moment_quant_exact_intervals,0,8,0.018819625001924578
2048,8,moment_quant_approx_intervals,8,8,0.035593874999904074
2048,8,moment_quant_exact_intervals,6,8,0.019831208999676164
2048,8,moment_quant_exact_samples,2,8,0.006167832998471567
2048,8,moment_quant_approx_samples,6,8,0.029738042001554277
2048,8,moment_quant_approx_intervals,4,8,0.034658000000490574
2048,8,moment_quant_exact_samples,0,8,0.0056704170019656885
2048,8,moment_quant_approx_samples,3,8,0.029327374999411404
2048,8,moment_quant_approx_intervals,9,8,0.03327958400041098
2048,8,moment_quant_exact_samples,3,8,0.00653641700046137
2048,8,moment_quant_approx_intervals,1,8,0.035410917000263
2048,8,moment_quant_approx_samples,7,8,0.02962483399824123
2048,8,moment_quant_exact_intervals,2,8,0.01962804100185167
2048,8,moment_quant_approx_intervals,7,8,0.03364508400045452
2048,8,moment_quant_exact_intervals,3,8,0.018960958001116524
2048,8,moment_quant_exact_samples,7,8,0.006464582998887636
2048,8,moment_quant_exact_intervals,9,8,0.02062883399776183
2048,8,moment_quant_approx_intervals,6,8,0.03463150000243331
2048,8,moment_quant_approx_intervals,2,8,0.034695082998950966
2048,8,moment_quant_exact_intervals,4,8,0.019380541001737583
2048,8,moment_quant_approx_samples,4,8,0.029545833000156563
2048,8,moment_quant_approx_samples,2,8,0.02964412500296021
2048,8,moment_quant_approx_samples,9,8,0.028655166999669746
2048,8,moment_quant_approx_intervals,5,8,0.03448308299994096
2048,8,moment_quant_exact_samples,9,8,0.007111124999937601
2048,8,moment_quant_exact_samples,8,8,0.006275292002101196
2048,8,moment_quant_exact_intervals,7,8,0.019124583999655442
2048,8,moment_quant_exact_samples,6,8,0.0065737920012907125
2048,8,moment_quant_exact_samples,5,8,0.00569641599940951
2048,8,moment_quant_exact_samples,4,8,0.006255167001654627
2048,8,moment_quant_approx_samples,5,8,0.029093792003550334
2048,8,moment_quant_approx_intervals,3,8,0.03504583299945807
2048,8,moment_quant_exact_intervals,8,8,0.019359957997949095
2048,8,moment_quant_approx_intervals,0,8,0.034641000002011424
2048,8,moment_quant_approx_samples,0,8,0.029776125000353204
2048,10,moment_quant_exact_intervals,1,8,0.02200158299820032
2048,10,moment_quant_exact_intervals,6,8,0.022514709002280142
2048,10,moment_quant_approx_intervals,5,8,0.03632324999853154
2048,10,moment_quant_approx_samples,6,8,0.03150512499996694
2048,10,moment_quant_approx_intervals,7,8,0.03588516699892352
2048,10,moment_quant_exact_intervals,8,8,0.022154124999360647
2048,10,moment_quant_approx_samples,1,8,0.030768291999265784
2048,10,moment_quant_approx_intervals,0,8,0.0362065840017749
2048,10,moment_quant_exact_samples,1,8,0.008184667000023182
2048,10,moment_quant_exact_samples,3,8,0.007909415999165503
2048,10,moment_quant_approx_intervals,4,8,0.03648537500339444
2048,10,moment_quant_approx_samples,3,8,0.03099550000115414
2048,10,moment_quant_exact_samples,4,8,0.007834290998289362
2048,10,moment_quant_approx_samples,8,8,0.02931741600332316
2048,10,moment_quant_exact_intervals,9,8,0.02334174999850802
2048,10,moment_quant_approx_intervals,3,8,0.03625958299744525
2048,10,moment_quant_approx_intervals,8,8,0.036567582999850856
2048,10,moment_quant_approx_intervals,1,8,0.03645916700043017
2048,10,moment_quant_exact_intervals,0,8,0.022657959001662675
2048,10,moment_quant_exact_intervals,7,8,0.022138207998068538
2048,10,moment_quant_exact_samples,2,8,0.00960737499917741
2048,10,moment_quant_approx_samples,0,8,0.030431167000642745
2048,10,moment_quant_exact_samples,5,8,0.008705584001290845
2048,10,moment_quant_approx_intervals,6,8,0.03666091700142715
2048,10,moment_quant_approx_samples,2,8,0.03080716700060293
2048,10,moment_quant_exact_intervals,2,8,0.022030207997886464
2048,10,moment_quant_approx_intervals,9,8,0.034432084001309704
2048,10,moment_quant_exact_samples,8,8,0.006931040999916149
2048,10,moment_quant_approx_samples,4,8,0.029371000000537606
2048,10,moment_quant_exact_samples,7,8,0.007150708999688504
2048,10,moment_quant_exact_intervals,4,8,0.022574708000320243
2048,10,moment_quant_exact_samples,0,8,0.008348874998773681
2048,10,moment_quant_exact_samples,9,8,0.007297250002011424
2048,10,moment_quant_approx_samples,9,8,0.030087499999353895
2048,10,moment_quant_exact_intervals,5,8,0.02289100000052713
2048,10,moment_quant_exact_samples,6,8,0.009540125000057742
2048,10,moment_quant_approx_intervals,2,8,0.03543774999707239
2048,10,moment_quant_approx_samples,5,8,0.03217433299869299
2048,10,moment_quant_approx_samples,7,8,0.030925750001188135
2048,10,moment_quant_exact_intervals,3,8,0.021390249999967637
2048,16,moment_quant_approx_intervals,9,8,0.03775754099842743
2048,16,moment_quant_approx_intervals,1,8,0.03717020800104365
2048,16,moment_quant_approx_intervals,8,8,0.03714620800019475
2048,16,moment_quant_approx_intervals,6,8,0.03711266699974658
2048,16,moment_quant_exact_intervals,6,8,0.029443084000376984
2048,16,moment_quant_exact_intervals,1,8,0.029258624999783933
2048,16,moment_quant_approx_intervals,2,8,0.03745691600124701
2048,16,moment_quant_approx_intervals,3,8,0.037116457999218255
2048,16,moment_quant_approx_samples,4,8,0.031056749998242594
2048,16,moment_quant_approx_samples,1,8,0.03203700000085519
2048,16,moment_quant_approx_samples,6,8,0.030481416997645283
2048,16,moment_quant_exact_samples,9,8,0.009980832997825928
2048,16,moment_quant_exact_intervals,7,8,0.02994987499914714
2048,16,moment_quant_approx_samples,5,8,0.034036166998703266
2048,16,moment_quant_approx_samples,3,8,0.03173912499914877
2048,16,moment_quant_exact_samples,5,8,0.010285458996804664
2048,16,moment_quant_approx_samples,2,8,0.032052499998826534
2048,16,moment_quant_exact_intervals,9,8,0.029636875002324814
2048,16,moment_quant_exact_samples,1,8,0.011601875001360895
2048,16,moment_quant_exact_intervals,8,8,0.03038916699733818
2048,16,moment_quant_approx_intervals,5,8,0.03822904100161395
2048,16,moment_quant_approx_samples,0,8,0.03239374999975553
2048,16,moment_quant_exact_intervals,2,8,0.03030787500028964
2048,16,moment_quant_approx_intervals,4,8,0.03760083299857797
2048,16,moment_quant_exact_samples,2,8,0.010400415998446988
2048,16,moment_quant_exact_intervals,0,8,0.030119458002445754
2048,16,moment_quant_exact_intervals,4,8,0.029269083999679424
2048,16,moment_quant_exact_intervals,5,8,0.02939666699967347
2048,16,moment_quant_exact_samples,7,8,0.009615958002541447
2048,16,moment_quant_exact_samples,6,8,0.00897912500295206
2048,16,moment_quant_exact_samples,3,8,0.010231833999569062
2048,16,moment_quant_approx_samples,9,8,0.03292579199842294
2048,16,moment_quant_approx_samples,8,8,0.031181624999589985
2048,16,moment_quant_approx_intervals,7,8,0.03724820899878978
2048,16,moment_quant_approx_intervals,0,8,0.03674391700042179
2048,16,moment_quant_exact_samples,8,8,0.010812084001372568
2048,16,moment_quant_exact_samples,0,8,0.010515917001612252
2048,16,moment_quant_exact_intervals,3,8,0.028810833999159513
2048,16,moment_quant_exact_samples,4,8,0.010437334000016563
2048,16,moment_quant_approx_samples,7,8,0.03173354200043832
2048,30,moment_quant_exact_samples,7,8,0.019448249997367384
2048,30,moment_quant_approx_samples,2,8,0.03680812499806052
2048,30,moment_quant_approx_intervals,0,8,0.04801383299854933
2048,30,moment_quant_approx_intervals,1,8,0.04408491699723527
2048,30,moment_quant_approx_intervals,2,8,0.043855875002918765
2048,30,moment_quant_exact_intervals,3,8,0.047149500001978595
2048,30,moment_quant_exact_intervals,2,8,0.047394459001225187
2048,30,moment_quant_approx_samples,7,8,0.03699133299960522
2048,30,moment_quant_exact_samples,8,8,0.017937125001481036
2048,30,moment_quant_approx_samples,4,8,0.03526787499868078
2048,30,moment_quant_exact_intervals,5,8,0.04865912499735714
2048,30,moment_quant_approx_intervals,8,8,0.04407204200106207
2048,30,moment_quant_exact_samples,3,8,0.018470666000212077
2048,30,moment_quant_approx_samples,0,8,0.03491191699868068
2048,30,moment_quant_exact_samples,5,8,0.017790541998692788
2048,30,moment_quant_exact_intervals,9,8,0.04750699999931385
2048,30,moment_quant_approx_samples,9,8,0.03679750000083004
2048,30,moment_quant_approx_intervals,6,8,0.0424599580001086
2048,30,moment_quant_approx_samples,8,8,0.03375912500268896
2048,30,moment_quant_exact_intervals,4,8,0.04683958399982657
2048,30,moment_quant_approx_intervals,3,8,0.04367966700010584
2048,30,moment_quant_approx_samples,6,8,0.037007333998190006
2048,30,moment_quant_exact_samples,0,8,0.018279916999745183
2048,30,moment_quant_approx_samples,1,8,0.03477262500018696
2048,30,moment_quant_exact_samples,6,8,0.017988125000556465
2048,30,moment_quant_approx_intervals,5,8,0.04419887499898323
2048,30,moment_quant_exact_samples,2,8,0.017558458999701543
2048,30,moment_quant_approx_intervals,4,8,0.0433545839987346
2048,30,moment_quant_approx_samples,5,8,0.03720650000104797
2048,30,moment_quant_approx_samples,3,8,0.036423416997422464
2048,30,moment_quant_exact_intervals,0,8,0.047097875001782086
2048,30,moment_quant_exact_samples,4,8,0.018142625001928536
2048,30,moment_quant_exact_intervals,8,8,0.04714850000164006
2048,30,moment_quant_exact_samples,9,8,0.018305707999388687
2048,30,moment_quant_approx_intervals,9,8,0.04165137499876437
2048,30,moment_quant_exact_samples,1,8,0.017200082998897415
2048,30,moment_quant_approx_intervals,7,8,0.04174937499919906
2048,30,moment_quant_exact_intervals,7,8,0.04688541699943016
2048,30,moment_quant_exact_intervals,6,8,0.04690904200106161
2048,30,moment_quant_exact_intervals,1,8,0.047136417000729125
2048,32,moment_quant_exact_samples,5,8,0.019088207998720463
2048,32,moment_quant_exact_intervals,1,8,0.050520915996457916
2048,32,moment_quant_exact_intervals,9,8,0.04914587500024936
2048,32,moment_quant_exact_samples,3,8,0.018647417000465794
2048,32,moment_quant_exact_samples,0,8,0.01846812500298256
2048,32,moment_quant_approx_samples,6,8,0.037803457998961676
2048,32,moment_quant_exact_samples,9,8,0.02148174999820185
2048,32,moment_quant_approx_samples,9,8,0.03727812500073924
2048,32,moment_quant_approx_samples,1,8,0.036677874999440974
2048,32,moment_quant_exact_samples,7,8,0.0186978329984413
2048,32,moment_quant_approx_samples,4,8,0.03726970799834817
2048,32,moment_quant_approx_intervals,7,8,0.044998375000432134
2048,32,moment_quant_exact_intervals,7,8,0.050002167001366615
2048,32,moment_quant_exact_intervals,0,8,0.049795874998380896
2048,32,moment_quant_exact_intervals,4,8,0.05002279200198245
2048,32,moment_quant_exact_samples,2,8,0.019700790999195306
2048,32,moment_quant_exact_samples,1,8,0.017407167000783375
2048,32,moment_quant_approx_samples,3,8,0.03758599999855505
2048,32,moment_quant_approx_intervals,9,8,0.043276915999740595
2048,32,moment_quant_exact_intervals,8,8,0.05113849999906961
2048,32,moment_quant_approx_intervals,1,8,0.0445430830004625
2048,32,moment_quant_approx_samples,7,8,0.036650916998041794
2048,32,moment_quant_approx_intervals,6,8,0.044659333001618506
2048,32,moment_quant_exact_intervals,5,8,0.050242749999597436
2048,32,moment_quant_approx_intervals,3,8,0.044325416998617584
2048,32,moment_quant_approx_intervals,0,8,0.04448308299834025
2048,32,moment_quant_exact_intervals,6,8,0.05021737499919254
2048,32,moment_quant_approx_samples,5,8,0.03994958399925963
2048,32,moment_quant_approx_intervals,4,8,0.045784084002661984
2048,32,moment_quant_approx_samples,8,8,0.036334499996883096
2048,32,moment_quant_approx_intervals,2,8,0.04439808300230652
2048,32,moment_quant_approx_intervals,5,8,0.044103625001298496
2048,32,moment_quant_exact_intervals,2,8,0.05022458399980678
2048,32,moment_quant_exact_samples,8,8,0.01901499999803491
2048,32,moment_quant_approx_samples,2,8,0.03744649999862304
2048,32,moment_quant_exact_samples,6,8,0.020541125002637273
2048,32,moment_quant_exact_samples,4,8,0.018038332997093676
2048,32,moment_quant_approx_intervals,8,8,0.04486741600339883
2048,32,moment_quant_exact_intervals,3,8,0.05027120800150442
2048,32,moment_quant_approx_samples,0,8,0.03695412500019302
2048,64,moment_quant_approx_samples,7,8,0.046890458001144
2048,64,moment_quant_exact_intervals,5,8,0.09145483300017077
2048,64,moment_quant_approx_samples,6,8,0.04631095800141338
2048,64,moment_quant_approx_samples,9,8,0.043311707999237115
2048,64,moment_quant_approx_intervals,5,8,0.05592133299796842
2048,64,moment_quant_exact_samples,7,8,0.03732629199657822
2048,64,moment_quant_approx_samples,2,8,0.04362008400130435
2048,64,moment_quant_approx_intervals,2,8,0.056342124997172505
2048,64,moment_quant_approx_samples,3,8,0.045173333997809095
2048,64,moment_quant_approx_samples,8,8,0.044365457997628255
2048,64,moment_quant_exact_intervals,8,8,0.08968549999917741
2048,64,moment_quant_exact_intervals,3,8,0.09014483300052234
2048,64,moment_quant_exact_intervals,7,8,0.08955716699711047
2048,64,moment_quant_exact_intervals,9,8,0.08964604200082249
2048,64,moment_quant_exact_intervals,4,8,0.08972500000163564
2048,64,moment_quant_exact_samples,9,8,0.03625845900023705
2048,64,moment_quant_exact_samples,0,8,0.035311917003127746
2048,64,moment_quant_exact_samples,1,8,0.03473141699942062
2048,64,moment_quant_approx_intervals,3,8,0.05776016700110631
2048,64,moment_quant_approx_intervals,1,8,0.060505499997816514
2048,64,moment_quant_approx_intervals,4,8,0.05916591600180254
2048,64,moment_quant_approx_samples,0,8,0.04607358399880468
2048,64,moment_quant_approx_intervals,9,8,0.06145658300010837
2048,64,moment_quant_approx_samples,4,8,0.04726025000127265
2048,64,moment_quant_approx_intervals,8,8,0.05303841700151679
2048,64,moment_quant_approx_intervals,6,8,0.05260879100023885
2048,64,moment_quant_exact_samples,8,8,0.03579175000049872
2048,64,moment_quant_approx_intervals,7,8,0.05247404199690209
2048,64,moment_quant_exact_intervals,2,8,0.087190082998859
2048,64,moment_quant_exact_intervals,0,8,0.08832141700258944
2048,64,moment_quant_approx_samples,5,8,0.043795875000796514
2048,64,moment_quant_approx_intervals,0,8,0.0555104589984694
2048,64,moment_quant_exact_samples,6,8,0.038290917000267655
2048,64,moment_quant_exact_intervals,1,8,0.0891894999986107
2048,64,moment_quant_exact_samples,5,8,0.036062916999071604
2048,64,moment_quant_exact_samples,2,8,0.035650750000058906
2048,64,moment_quant_approx_samples,1,8,0.046152208000421524
2048,64,moment_quant_exact_intervals,6,8,0.09203129199886462
2048,64,moment_quant_exact_samples,3,8,0.0377217080022092
2048,64,moment_quant_exact_samples,4,8,0.03499733400167315
2048,100,moment_quant_approx_samples,7,8,0.06668845799867995
2048,100,moment_quant_exact_samples,7,8,0.05544158299744595
2048,100,moment_quant_approx_samples,1,8,0.06878737499937415
2048,100,moment_quant_exact_samples,6,8,0.056401833000563784
2048,100,moment_quant_exact_samples,5,8,0.05634316700161435
2048,100,moment_quant_approx_intervals,3,8,0.0742500000014843
2048,100,moment_quant_exact_samples,3,8,0.05534383399935905
2048,100,moment_quant_approx_intervals,2,8,0.08975374999863561
2048,100,moment_quant_approx_samples,0,8,0.06224666700290982
2048,100,moment_quant_approx_samples,9,8,0.06185412500053644
2048,100,moment_quant_approx_intervals,5,8,0.08830025000133901
2048,100,moment_quant_exact_intervals,7,8,0.14359454100122093
2048,100,moment_quant_approx_intervals,9,8,0.07702174999940326
2048,100,moment_quant_exact_samples,2,8,0.05701966700144112
2048,100,moment_quant_exact_samples,9,8,0.05691570799899637
2048,100,moment_quant_exact_intervals,6,8,0.1393404999980703
2048,100,moment_quant_approx_samples,5,8,0.06679358300243621
2048,100,moment_quant_exact_intervals,8,8,0.14188020900110132
2048,100,moment_quant_approx_intervals,8,8,0.07205362500099
2048,100,moment_quant_exact_samples,0,8,0.05531779200100573
2048,100,moment_quant_approx_samples,8,8,0.06292875000144704
2048,100,moment_quant_exact_intervals,5,8,0.1422701670016977
2048,100,moment_quant_approx_intervals,0,8,0.07234970900026383
2048,100,moment_quant_approx_samples,2,8,0.06720300000233692
2048,100,moment_quant_exact_intervals,1,8,0.1419047089984815
2048,100,moment_quant_exact_intervals,0,8,0.13936924999870826
2048,100,moment_quant_exact_intervals,2,8,0.14072508299796027
2048,100,moment_quant_exact_intervals,9,8,0.14063795800029766
2048,100,moment_quant_exact_samples,4,8,0.05534312500094529
2048,100,moment_quant_exact_intervals,3,8,0.1410016249974433
2048,100,moment_quant_approx_samples,3,8,0.0647359159993357
2048,100,moment_quant_approx_samples,6,8,0.06047683299766504
2048,100,moment_quant_approx_samples,4,8,0.05875266699877102
2048,100,moment_quant_approx_intervals,6,8,0.08757166699797381
2048,100,moment_quant_exact_intervals,4,8,0.14308300000266172
2048,100,moment_quant_approx_intervals,4,8,0.07569641600275645
2048,100,moment_quant_exact_samples,1,8,0.05601562499941792
2048,100,moment_quant_exact_samples,8,8,0.05593383300220012
2048,100,moment_quant_approx_intervals,1,8,0.08869795799910207
2048,100,moment_quant_approx_intervals,7,8,0.07948912500069127
2048,300,moment_quant_approx_intervals,4,8,0.15666324999983772
2048,300,moment_quant_exact_intervals,7,8,0.4169635409998591
2048,300,moment_quant_approx_intervals,7,8,0.15492258300218964
2048,300,moment_quant_exact_intervals,8,8,0.41669275000094785
2048,300,moment_quant_exact_samples,6,8,0.15738816700104508
2048,300,moment_quant_exact_intervals,2,8,0.41098820899787825
2048,300,moment_quant_approx_samples,6,8,0.14790295900093042
2048,300,moment_quant_approx_samples,4,8,0.11083566600063932
2048,300,moment_quant_exact_intervals,3,8,0.4166185839967511
2048,300,moment_quant_approx_samples,0,8,0.10962087500229245
2048,300,moment_quant_exact_intervals,6,8,0.40739695800220943
2048,300,moment_quant_exact_samples,9,8,0.15955341600056272
2048,300,moment_quant_approx_samples,3,8,0.12830549999853247
2048,300,moment_quant_exact_intervals,4,8,0.4228967080016446
2048,300,moment_quant_exact_samples,1,8,0.15217850000044564
2048,300,moment_quant_approx_samples,7,8,0.13176712499989662
2048,300,moment_quant_exact_intervals,1,8,0.4055437500028347
2048,300,moment_quant_approx_samples,2,8,0.13664204100132338
2048,300,moment_quant_approx_intervals,2,8,0.15458412499719998
2048,300,moment_quant_approx_intervals,9,8,0.1544117079974967
2048,300,moment_quant_approx_samples,9,8,0.10745454100106144
2048,300,moment_quant_exact_samples,4,8,0.16591995900307666
2048,300,moment_quant_approx_intervals,0,8,0.20673887500015553
2048,300,moment_quant_exact_intervals,9,8,0.4226199580007233
2048,300,moment_quant_exact_samples,5,8,0.15721095799744944
2048,300,moment_quant_exact_samples,8,8,0.16106099999888102
2048,300,moment_quant_approx_intervals,5,8,0.19536591699943529
2048,300,moment_quant_exact_samples,7,8,0.16008508400045685
2048,300,moment_quant_exact_samples,2,8,0.15589816700230585
2048,300,moment_quant_exact_samples,3,8,0.15617133299747366
2048,300,moment_quant_approx_intervals,3,8,0.2124956250008836
2048,300,moment_quant_approx_intervals,8,8,0.20700791600029333
2048,300,moment_quant_approx_samples,1,8,0.10097825000048033
2048,300,moment_quant_approx_intervals,1,8,0.2034399999974994
2048,300,moment_quant_approx_intervals,6,8,0.20532804200047394
2048,300,moment_quant_approx_samples,5,8,0.12327662499956205
2048,300,moment_quant_exact_intervals,0,8,0.42003954100073315
2048,300,moment_quant_exact_samples,0,8,0.15659762500217767
2048,300,moment_quant_exact_intervals,5,8,0.4184268749995681
2048,300,moment_quant_approx_samples,8,8,0.1231393330017454
2048,1000,moment_quant_approx_intervals,5,8,0.6000599580002017
2048,1000,moment_quant_approx_samples,3,8,0.3089751250008703
2048,1000,moment_quant_approx_intervals,7,8,0.5985550410005089
2048,1000,moment_quant_approx_intervals,3,8,0.6049761659996875
2048,1000,moment_quant_approx_intervals,9,8,0.5638190409990784
2048,1000,moment_quant_exact_samples,8,8,0.49967958299748716
2048,1000,moment_quant_approx_intervals,2,8,0.5945774169995275
2048,1000,moment_quant_approx_intervals,8,8,0.6263240830012364
2048,1000,moment_quant_exact_intervals,0,8,1.4598424169998907
2048,1000,moment_quant_approx_samples,8,8,0.3207945419999305
2048,1000,moment_quant_exact_intervals,9,8,1.4445602080013487
2048,1000,moment_quant_exact_intervals,6,8,1.478083042002254
2048,1000,moment_quant_exact_intervals,5,8,1.445897583002079
2048,1000,moment_quant_exact_samples,2,8,0.4959647910000058
2048,1000,moment_quant_exact_intervals,2,8,1.455654625002353
2048,1000,moment_quant_exact_intervals,8,8,1.4537605840014294
2048,1000,moment_quant_exact_samples,3,8,0.48311041700071655
2048,1000,moment_quant_exact_samples,0,8,0.4967094579988043
2048,1000,moment_quant_approx_intervals,4,8,0.5647822499995527
2048,1000,moment_quant_approx_samples,1,8,0.30334370900163776
2048,1000,moment_quant_exact_samples,9,8,0.5137591669990798
2048,1000,moment_quant_approx_samples,7,8,0.30191924999962794
2048,1000,moment_quant_approx_samples,5,8,0.3125251669989666
2048,1000,moment_quant_exact_samples,1,8,0.48798066699964693
2048,1000,moment_quant_exact_samples,7,8,0.4969262080012413
2048,1000,moment_quant_approx_samples,6,8,0.35525808300008066
2048,1000,moment_quant_approx_intervals,6,8,0.6084617920023447
2048,1000,moment_quant_approx_samples,9,8,0.3090198749996489
2048,1000,moment_quant_approx_intervals,0,8,0.5785368749966437
2048,1000,moment_quant_approx_intervals,1,8,0.5769240000008722
2048,1000,moment_quant_exact_samples,6,8,0.4931891669984907
2048,1000,moment_quant_exact_samples,4,8,0.49746712499836576
2048,1000,moment_quant_approx_samples,0,8,0.3182281250010419
2048,1000,moment_quant_exact_intervals,1,8,1.4632097499998054
2048,1000,moment_quant_exact_intervals,3,8,1.4689824170018255
2048,1000,moment_quant_exact_intervals,7,8,1.480553332999989
2048,1000,moment_quant_exact_samples,5,8,0.49689895900155534
2048,1000,moment_quant_approx_samples,4,8,0.32187162500122213
2048,1000,moment_quant_approx_samples,2,8,0.30516725000052247
2048,1000,moment_quant_exact_intervals,4,8,1.4790097079967381
2048,3000,moment_quant_approx_samples,3,8,1.0236474590019498
2048,3000,moment_quant_approx_intervals,4,8,1.8684592499994324
2048,3000,moment_quant_exact_intervals,7,8,4.458927374998893
2048,3000,moment_quant_approx_samples,0,8,0.952963625000848
2048,3000,moment_quant_exact_samples,0,8,1.4911767920020793
2048,3000,moment_quant_exact_samples,9,8,1.5205294589977711
2048,3000,moment_quant_exact_intervals,2,8,4.439754499999253
2048,3000,moment_quant_approx_intervals,7,8,2.038149917003466
2048,3000,moment_quant_approx_intervals,5,8,2.0563145839987556
2048,3000,moment_quant_exact_intervals,6,8,4.44583637499818
2048,3000,moment_quant_exact_intervals,5,8,4.45077583300008
2048,3000,moment_quant_exact_samples,1,8,1.4558908330000122
2048,3000,moment_quant_exact_samples,4,8,1.4653039160002663
2048,3000,moment_quant_exact_intervals,4,8,4.4523169999993115
2048,3000,moment_quant_approx_samples,2,8,0.9715286249993369
2048,3000,moment_quant_exact_intervals,3,8,4.462432416999945
2048,3000,moment_quant_approx_samples,8,8,0.994304457999533
2048,3000,moment_quant_approx_samples,6,8,0.999432832999446
2048,3000,moment_quant_approx_samples,4,8,0.9493572499995935
2048,3000,moment_quant_exact_samples,5,8,1.4712849169991387
2048,3000,moment_quant_exact_intervals,1,8,4.453520333998313
2048,3000,moment_quant_approx_intervals,2,8,1.9660190409995266
2048,3000,moment_quant_approx_intervals,0,8,1.9587669579996145
2048,3000,moment_quant_exact_samples,7,8,1.4661917079974955
2048,3000,moment_quant_exact_samples,2,8,1.489910415999475
2048,3000,moment_quant_approx_samples,1,8,0.9670550419978099
2048,3000,moment_quant_approx_intervals,3,8,2.0038979170021776
2048,3000,moment_quant_exact_intervals,0,8,4.473837583002023
2048,3000,moment_quant_approx_samples,9,8,0.9735520829999587
2048,3000,moment_quant_approx_intervals,9,8,2.015210583998851
2048,3000,moment_quant_approx_samples,5,8,1.0315482500009239
2048,3000,moment_quant_approx_samples,7,8,0.994044874998508
2048,3000,moment_quant_exact_intervals,8,8,4.455669625000155
2048,3000,moment_quant_exact_samples,6,8,1.5258919169973524
2048,3000,moment_quant_approx_intervals,6,8,2.0292088749993127
2048,3000,moment_quant_exact_samples,8,8,1.4719152079997002
2048,3000,moment_quant_exact_samples,3,8,1.5005997080006637
2048,3000,moment_quant_approx_intervals,8,8,2.03653362499972
2048,3000,moment_quant_exact_intervals,9,8,4.462256667000474
2048,3000,moment_quant_approx_intervals,1,8,2.0104154580003524
2048,10000,moment_quant_exact_intervals,0,8,15.462703832999978
2048,10000,moment_quant_approx_samples,4,8,4.044950041999982
2048,10000,moment_quant_approx_intervals,1,8,8.882256125001732
2048,10000,moment_quant_exact_intervals,9,8,15.452064540997526
2048,10000,moment_quant_approx_intervals,9,8,8.854795417002606
2048,10000,moment_quant_approx_samples,9,8,3.9881802089985285
2048,10000,moment_quant_exact_intervals,3,8,15.479869167000288
2048,10000,moment_quant_approx_intervals,8,8,8.897617375001573
2048,10000,moment_quant_exact_intervals,4,8,15.616917874998762
2048,10000,moment_quant_exact_samples,5,8,4.9829054580004595
2048,10000,moment_quant_exact_samples,4,8,5.097536208002566
2048,10000,moment_quant_approx_samples,6,8,4.032463625000673
2048,10000,moment_quant_approx_samples,5,8,4.0514542080018145
2048,10000,moment_quant_exact_samples,1,8,5.095009042001038
2048,10000,moment_quant_exact_samples,0,8,5.2019032499993045
2048,10000,moment_quant_exact_intervals,7,8,15.470959291000327
2048,10000,moment_quant_exact_intervals,8,8,15.454302957998152
2048,10000,moment_quant_approx_intervals,6,8,8.924140667000756
2048,10000,moment_quant_approx_samples,1,8,4.085137417001533
2048,10000,moment_quant_approx_samples,8,8,4.038645791999443
2048,10000,moment_quant_approx_samples,3,8,4.123165875000268
2048,10000,moment_quant_approx_intervals,5,8,8.91608774999986
2048,10000,moment_quant_approx_intervals,3,8,9.064022000002296
2048,10000,moment_quant_exact_samples,7,8,4.8771589579992
2048,10000,moment_quant_approx_intervals,4,8,9.064655665999453
2048,10000,moment_quant_exact_samples,8,8,4.912026332996902
2048,10000,moment_quant_approx_samples,2,8,4.100021542002651
2048,10000,moment_quant_exact_samples,2,8,4.94249283300087
2048,10000,moment_quant_exact_samples,3,8,5.052866416997858
2048,10000,moment_quant_exact_samples,6,8,5.219689749999816
2048,10000,moment_quant_exact_intervals,1,8,15.502861416000087
2048,10000,moment_quant_approx_intervals,7,8,8.93271483299759
2048,10000,moment_quant_approx_samples,0,8,4.144077749999269
2048,10000,moment_quant_exact_intervals,6,8,15.450612582997564
2048,10000,moment_quant_approx_intervals,2,8,8.838039959002344
2048,10000,moment_quant_exact_intervals,2,8,15.467612874999759
2048,10000,moment_quant_exact_samples,9,8,4.933639750001021
2048,10000,moment_quant_approx_intervals,0,8,8.836986583999533
2048,10000,moment_quant_exact_intervals,5,8,15.443442749998212
2048,10000,moment_quant_approx_samples,7,8,4.043479957999807
4096,1,moment_quant_exact_samples,7,8,0.008657750000566011
4096,1,moment_quant_approx_samples,2,8,0.02744820799853187
4096,1,moment_quant_approx_intervals,4,8,0.030490040997392498
4096,1,moment_quant_exact_samples,6,8,0.007196665999799734
4096,1,moment_quant_approx_intervals,8,8,0.030570374998205807
4096,1,moment_quant_exact_samples,0,8,0.006367791000229772
4096,1,moment_quant_exact_samples,5,8,0.007583874998090323
4096,1,moment_quant_exact_intervals,7,8,0.011180749999766704
4096,1,moment_quant_approx_samples,9,8,0.027370125000743428
4096,1,moment_quant_exact_samples,2,8,0.007053042001643917
4096,1,moment_quant_exact_intervals,5,8,0.01097358400147641
4096,1,moment_quant_exact_intervals,6,8,0.010915124999883119
4096,1,moment_quant_approx_intervals,9,8,0.030471333000605227
4096,1,moment_quant_exact_samples,4,8,0.007366333000391023
4096,1,moment_quant_exact_intervals,9,8,0.010959792001813184
4096,1,moment_quant_exact_samples,3,8,0.0063815000030444935
4096,1,moment_quant_approx_samples,5,8,0.02721650000239606
4096,1,moment_quant_exact_samples,8,8,0.008313083002576604
4096,1,moment_quant_approx_samples,4,8,0.027210416999878362
4096,1,moment_quant_exact_intervals,1,8,0.011046333002013853
4096,1,moment_quant_approx_samples,6,8,0.02693462499883026
4096,1,moment_quant_approx_samples,8,8,0.026897249998000916
4096,1,moment_quant_exact_intervals,0,8,0.010960417002934264
4096,1,moment_quant_approx_intervals,6,8,0.030406665999180404
4096,1,moment_quant_exact_intervals,4,8,0.010935791000520112
4096,1,moment_quant_exact_intervals,3,8,0.01089249999859021
4096,1,moment_quant_exact_samples,9,8,0.006357624999509426
4096,1,moment_quant_approx_intervals,1,8,0.030373666999366833
4096,1,moment_quant_approx_samples,7,8,0.027143666997289984
4096,1,moment_quant_approx_intervals,5,8,0.030342750000272645
4096,1,moment_quant_approx_intervals,0,8,0.030370374999620253
4096,1,moment_quant_approx_samples,3,8,0.027069375002611196
4096,1,moment_quant_exact_samples,1,8,0.007260000002133893
4096,1,moment_quant_exact_intervals,8,8,0.011005374999513151
4096,1,moment_quant_approx_intervals,3,8,0.030381249998754356
4096,1,moment_quant_approx_intervals,2,8,0.03034795800340362
4096,1,moment_quant_approx_samples,0,8,0.02719112499835319
4096,1,moment_quant_exact_intervals,2,8,0.011106167003163137
4096,1,moment_quant_approx_intervals,7,8,0.03148904200133984
4096,1,moment_quant_approx_samples,1,8,0.028121082999859937
4096,2,moment_quant_approx_samples,9,8,0.02895304200137616
4096,2,moment_quant_approx_samples,6,8,0.028767874999175547
4096,2,moment_quant_approx_intervals,0,8,0.03217554099683184
4096,2,moment_quant_approx_samples,0,8,0.028802374999941094
4096,2,moment_quant_exact_samples,8,8,0.007824499996786471
4096,2,moment_quant_exact_intervals,0,8,0.014952833000279497
4096,2,moment_quant_approx_samples,1,8,0.028695417000562884
4096,2,moment_quant_exact_intervals,9,8,0.014872874999127816
4096,2,moment_quant_exact_samples,3,8,0.00782620799873257
4096,2,moment_quant_approx_intervals,7,8,0.03229762499904609
4096,2,moment_quant_exact_samples,0,8,0.006536749999213498
4096,2,moment_quant_exact_samples,6,8,0.009081542000785703
4096,2,moment_quant_exact_intervals,4,8,0.015438082999025937
4096,2,moment_quant_approx_intervals,9,8,0.032956208000541665
4096,2,moment_quant_exact_samples,2,8,0.008907416002330137
4096,2,moment_quant_exact_intervals,1,8,0.015031374998216052
4096,2,moment_quant_approx_intervals,1,8,0.0321682920002786
4096,2,moment_quant_exact_intervals,5,8,0.014890165999531746
4096,2,moment_quant_approx_intervals,8,8,0.032075541999802226
4096,2,moment_quant_approx_intervals,6,8,0.03199504099757178
4096,2,moment_quant_approx_samples,4,8,0.028822541997215012
4096,2,moment_quant_approx_samples,2,8,0.02887466699758079
4096,2,moment_quant_approx_samples,8,8,0.028673208002146566
4096,2,moment_quant_exact_intervals,6,8,0.014927624997653766
4096,2,moment_quant_exact_intervals,2,8,0.01488995799809345
4096,2,moment_quant_approx_intervals,5,8,0.03226916700077709
4096,2,moment_quant_approx_samples,3,8,0.029641416000231402
4096,2,moment_quant_exact_samples,4,8,0.008116042001347523
4096,2,moment_quant_approx_intervals,2,8,0.03236270799970953
4096,2,moment_quant_exact_samples,9,8,0.006528833000629675
4096,2,moment_quant_exact_intervals,8,8,0.014931041998352157
4096,2,moment_quant_approx_intervals,4,8,0.03228033300183597
4096,2,moment_quant_exact_intervals,7,8,0.014809000000241213
4096,2,moment_quant_approx_intervals,3,8,0.03227608300221618
4096,2,moment_quant_approx_samples,5,8,0.029812583998136688
4096,2,moment_quant_exact_samples,7,8,0.00752762499905657
4096,2,moment_quant_exact_samples,1,8,0.0072422090015606955
4096,2,moment_quant_exact_intervals,3,8,0.014930375000403728
4096,2,moment_quant_exact_samples,5,8,0.006843165996542666
4096,2,moment_quant_approx_samples,7,8,0.028742209000483854
4096,3,moment_quant_exact_intervals,0,8,0.0183638329981477
4096,3,moment_quant_exact_samples,5,8,0.008536957997421268
4096,3,moment_quant_approx_intervals,9,8,0.03332516600130475
4096,3,moment_quant_exact_intervals,9,8,0.018304166998859728
4096,3,moment_quant_exact_samples,0,8,0.007573916998808272
4096,3,moment_quant_exact_intervals,3,8,0.018924749998404877
4096,3,moment_quant_approx_intervals,8,8,0.03355112500139512
4096,3,moment_quant_exact_samples,9,8,0.007883665999543155
4096,3,moment_quant_approx_intervals,1,8,0.0336676670012821
4096,3,moment_quant_approx_samples,8,8,0.029670500000065658
4096,3,moment_quant_approx_samples,3,8,0.02930120800010627
4096,3,moment_quant_approx_intervals,4,8,0.033728499998687766
4096,3,moment_quant_exact_samples,7,8,0.008747624997340608
4096,3,moment_quant_approx_samples,4,8,0.029482541998731904
4096,3,moment_quant_exact_intervals,7,8,0.017821707999246428
4096,3,moment_quant_exact_intervals,2,8,0.01758012500067707
4096,3,moment_quant_approx_samples,1,8,0.0294690000009723
4096,3,moment_quant_exact_samples,8,8,0.0077961249990039505
4096,3,moment_quant_exact_samples,6,8,0.0076487500009534415
4096,3,moment_quant_exact_intervals,5,8,0.018212915998446988
4096,3,moment_quant_exact_intervals,1,8,0.017586458998266608
4096,3,moment_quant_exact_samples,2,8,0.007477040999219753
4096,3,moment_quant_approx_samples,6,8,0.030127999998512678
4096,3,moment_quant_exact_samples,3,8,0.007871833000535844
4096,3,moment_quant_approx_intervals,3,8,0.03320625000196742
4096,3,moment_quant_approx_samples,9,8,0.029448208002577303
4096,3,moment_quant_exact_intervals,6,8,0.017817084000853356
4096,3,moment_quant_exact_samples,1,8,0.007602165998832788
4096,3,moment_quant_approx_samples,5,8,0.02939979200164089
4096,3,moment_quant_exact_intervals,4,8,0.01882270799978869
4096,3,moment_quant_exact_samples,4,8,0.008749958000407787
4096,3,moment_quant_exact_intervals,8,8,0.017811166999308625
4096,3,moment_quant_approx_intervals,6,8,0.03352274999997462
4096,3,moment_quant_approx_samples,7,8,0.029425749999063555
4096,3,moment_quant_approx_intervals,2,8,0.03452145800110884
4096,3,moment_quant_approx_samples,0,8,0.029243041997688124
4096,3,moment_quant_approx_intervals,7,8,0.03415804200267303
4096,3,moment_quant_approx_samples,2,8,0.029520874999434454
4096,3,moment_quant_approx_intervals,0,8,0.033137207999971
4096,3,moment_quant_approx_intervals,5,8,0.032990957999572856
4096,4,moment_quant_exact_intervals,8,8,0.02135883300070418
4096,4,moment_quant_exact_intervals,0,8,0.020998959000280593
4096,4,moment_quant_exact_intervals,6,8,0.02085612500013667
4096,4,moment_quant_exact_samples,7,8,0.007804542001395021
4096,4,moment_quant_approx_samples,2,8,0.029578500001662178
4096,4,moment_quant_exact_samples,6,8,0.008531542000127956
4096,4,moment_quant_approx_samples,1,8,0.03019254199898569
4096,4,moment_quant_exact_intervals,1,8,0.021772125001007225
4096,4,moment_quant_exact_samples,3,8,0.008499250001477776
4096,4,moment_quant_exact_intervals,7,8,0.02153100000214181
4096,4,moment_quant_approx_samples,5,8,0.029732292001426686
4096,4,moment_quant_exact_samples,0,8,0.008430958001554245
4096,4,moment_quant_approx_samples,4,8,0.03068320799866342
4096,4,moment_quant_approx_intervals,6,8,0.0337452919993666
4096,4,moment_quant_approx_intervals,8,8,0.03363179200096056
4096,4,moment_quant_approx_samples,9,8,0.030677167000249028
4096,4,moment_quant_approx_samples,7,8,0.030676334001327632
4096,4,moment_quant_approx_samples,0,8,0.030828625000140164
4096,4,moment_quant_exact_intervals,5,8,0.020605207999324193
4096,4,moment_quant_exact_samples,1,8,0.009087415997782955
4096,4,moment_quant_approx_intervals,0,8,0.034864749999542255
4096,4,moment_quant_approx_intervals,2,8,0.03464433399858535
4096,4,moment_quant_exact_samples,9,8,0.008167957999830833
4096,4,moment_quant_approx_intervals,5,8,0.034011499999905936
4096,4,moment_quant_exact_samples,5,8,0.00842187499802094
4096,4,moment_quant_exact_samples,2,8,0.008198208997782785
4096,4,moment_quant_exact_intervals,2,8,0.021283000001858454
4096,4,moment_quant_approx_samples,3,8,0.030709582999406848
4096,4,moment_quant_approx_samples,8,8,0.029650749998836545
4096,4,moment_quant_approx_intervals,7,8,0.033754874999431195
4096,4,moment_quant_exact_intervals,9,8,0.020506916000158526
4096,4,moment_quant_exact_samples,4,8,0.009739499997522216
4096,4,moment_quant_exact_samples,8,8,0.006890291999297915
4096,4,moment_quant_approx_intervals,4,8,0.035230833000241546
4096,4,moment_quant_approx_intervals,9,8,0.03416187499897205
4096,4,moment_quant_approx_intervals,3,8,0.03416345799996634
4096,4,moment_quant_approx_intervals,1,8,0.03414120900197304
4096,4,moment_quant_exact_intervals,3,8,0.020520833997579757
4096,4,moment_quant_approx_samples,6,8,0.030613874998380197
4096,4,moment_quant_exact_intervals,4,8,0.02175787499800208
4096,8,moment_quant_approx_intervals,2,8,0.03901987500285031
4096,8,moment_quant_exact_intervals,4,8,0.03236129200013238
4096,8,moment_quant_approx_samples,9,8,0.03352291600094759
4096,8,moment_quant_exact_intervals,2,8,0.031340207999164704
4096,8,moment_quant_approx_samples,2,8,0.033158624999487074
4096,8,moment_quant_approx_intervals,0,8,0.03650495799956843
4096,8,moment_quant_approx_intervals,8,8,0.03656408299866598
4096,8,moment_quant_approx_intervals,3,8,0.036621250001189765
4096,8,moment_quant_approx_intervals,5,8,0.037902333002421074
4096,8,moment_quant_exact_intervals,8,8,0.03148766700178385
4096,8,moment_quant_approx_intervals,6,8,0.03691141699891887
4096,8,moment_quant_approx_samples,6,8,0.0335210420016665
4096,8,moment_quant_exact_samples,1,8,0.011210541997570544
4096,8,moment_quant_approx_samples,0,8,0.03185916599977645
4096,8,moment_quant_exact_samples,7,8,0.010587707998638507
4096,8,moment_quant_exact_intervals,3,8,0.03246462500101188
4096,8,moment_quant_approx_samples,7,8,0.0321897079993505
4096,8,moment_quant_exact_samples,9,8,0.010567790999630233
4096,8,moment_quant_approx_intervals,9,8,0.03653974999906495
4096,8,moment_quant_approx_samples,5,8,0.03247162499974365
4096,8,moment_quant_exact_samples,0,8,0.010817541999131208
4096,8,moment_quant_exact_intervals,1,8,0.032100958000228275
4096,8,moment_quant_exact_intervals,7,8,0.032003332999011036
4096,8,moment_quant_exact_samples,2,8,0.011551291998330271
4096,8,moment_quant_exact_samples,8,8,0.010450333000335377
4096,8,moment_quant_exact_intervals,0,8,0.031624125000234926
4096,8,moment_quant_approx_intervals,1,8,0.03712625000116532
4096,8,moment_quant_exact_samples,4,8,0.009812624997721286
4096,8,moment_quant_exact_intervals,5,8,0.032335500000044703
4096,8,moment_quant_approx_samples,4,8,0.03290141699835658
4096,8,moment_quant_exact_samples,3,8,0.011889582998264814
4096,8,moment_quant_approx_samples,1,8,0.03286320900224382
4096,8,moment_quant_exact_intervals,6,8,0.03263470800084178
4096,8,moment_quant_exact_intervals,9,8,0.031672624998464016
4096,8,moment_quant_approx_samples,3,8,0.031362333000288345
4096,8,moment_quant_approx_intervals,4,8,0.03759254200122086
4096,8,moment_quant_approx_samples,8,8,0.033501208999950904
4096,8,moment_quant_exact_samples,6,8,0.011257291000219993
4096,8,moment_quant_approx_intervals,7,8,0.04000208400248084
4096,8,moment_quant_exact_samples,5,8,0.010888042001170106
4096,10,moment_quant_exact_samples,1,8,0.015089915999851655
4096,10,moment_quant_exact_intervals,1,8,0.037026499998319196
4096,10,moment_quant_exact_samples,0,8,0.015135959001781885
4096,10,moment_quant_approx_intervals,3,8,0.03800754099938786
4096,10,moment_quant_approx_intervals,5,8,0.03778687500016531
4096,10,moment_quant_approx_samples,7,8,0.03449616600119043
4096,10,moment_quant_approx_intervals,8,8,0.039852667003287934
4096,10,moment_quant_approx_samples,8,8,0.034949083001265535
4096,10,moment_quant_approx_samples,6,8,0.03402783300043666
4096,10,moment_quant_approx_samples,2,8,0.032452540999656776
4096,10,moment_quant_approx_samples,4,8,0.03458574999967823
4096,10,moment_quant_exact_intervals,7,8,0.03897395800231607
4096,10,moment_quant_exact_intervals,2,8,0.03845641699808766
4096,10,moment_quant_exact_intervals,6,8,0.03846954199980246
4096,10,moment_quant_approx_intervals,7,8,0.04325112500009709
4096,10,moment_quant_exact_intervals,8,8,0.03860824999719625
4096,10,moment_quant_exact_samples,6,8,0.014536124999722233
4096,10,moment_quant_approx_intervals,4,8,0.038013833000150044
4096,10,moment_quant_approx_intervals,1,8,0.03768354200292379
4096,10,moment_quant_exact_intervals,9,8,0.03677924999647075
4096,10,moment_quant_exact_samples,5,8,0.014893291001499165
4096,10,moment_quant_exact_intervals,0,8,0.036890999999741325
4096,10,moment_quant_exact_samples,4,8,0.013835833000484854
4096,10,moment_quant_approx_samples,9,8,0.0333242920023622
4096,10,moment_quant_approx_intervals,0,8,0.03849650000120164
4096,10,moment_quant_approx_intervals,6,8,0.03879041600157507
4096,10,moment_quant_approx_samples,5,8,0.03430566600218299
4096,10,moment_quant_approx_intervals,9,8,0.03902424999978393
4096,10,moment_quant_exact_samples,2,8,0.014818250001553679
4096,10,moment_quant_exact_samples,7,8,0.013784000002488028
4096,10,moment_quant_exact_samples,9,8,0.014844291999907
4096,10,moment_quant_exact_intervals,3,8,0.0384574169984262
4096,10,moment_quant_exact_intervals,4,8,0.03741674999764655
4096,10,moment_quant_approx_samples,3,8,0.03365316700001131
4096,10,moment_quant_exact_samples,8,8,0.01380754199999501
4096,10,moment_quant_approx_intervals,2,8,0.03797425000084331
4096,10,moment_quant_exact_samples,3,8,0.01586124999812455
4096,10,moment_quant_exact_intervals,5,8,0.037038333000964485
4096,10,moment_quant_approx_samples,0,8,0.032507792002434144
4096,10,moment_quant_approx_samples,1,8,0.03332541700001457
4096,16,moment_quant_approx_intervals,3,8,0.04668120899805217
4096,16,moment_quant_exact_intervals,9,8,0.05471741699875565
4096,16,moment_quant_approx_intervals,1,8,0.045895291998022
4096,16,moment_quant_approx_samples,2,8,0.03728037499968195
4096,16,moment_quant_exact_samples,6,8,0.020489375001488952
4096,16,moment_quant_exact_intervals,1,8,0.05533704200206557
4096,16,moment_quant_exact_intervals,0,8,0.056949584002722986
4096,16,moment_quant_exact_samples,0,8,0.01922420800110558
4096,16,moment_quant_approx_samples,7,8,0.036271957997087156
4096,16,moment_quant_exact_samples,9,8,0.01972008300072048
4096,16,moment_quant_exact_samples,5,8,0.020365541000501253
4096,16,moment_quant_approx_intervals,4,8,0.04336079200220411
4096,16,moment_quant_exact_intervals,8,8,0.05407533299876377
4096,16,moment_quant_approx_intervals,8,8,0.043136415999470046
4096,16,moment_quant_exact_intervals,7,8,0.053935584001010284
4096,16,moment_quant_approx_intervals,0,8,0.043316208000760525
4096,16,moment_quant_approx_samples,4,8,0.036911125000187894
4096,16,moment_quant_approx_intervals,9,8,0.04557920799925341
4096,16,moment_quant_approx_intervals,7,8,0.044589665998501005
4096,16,moment_quant_exact_samples,3,8,0.01976079199812375
4096,16,moment_quant_approx_samples,8,8,0.03680495799926575
4096,16,moment_quant_approx_samples,5,8,0.037986874998750864
4096,16,moment_quant_approx_intervals,5,8,0.042157208001299296
4096,16,moment_quant_approx_samples,0,8,0.03783933399972739
4096,16,moment_quant_approx_intervals,6,8,0.04220166699815309
4096,16,moment_quant_exact_intervals,2,8,0.0538025829991966
4096,16,moment_quant_approx_samples,9,8,0.03664104199924623
4096,16,moment_quant_exact_samples,2,8,0.01941691599859041
4096,16,moment_quant_exact_samples,8,8,0.019728375002159737
4096,16,moment_quant_approx_intervals,2,8,0.043122458999278024
4096,16,moment_quant_approx_samples,1,8,0.03633079100109171
4096,16,moment_quant_exact_samples,7,8,0.02135825000004843
4096,16,moment_quant_approx_samples,3,8,0.036652916998718865
4096,16,moment_quant_exact_intervals,6,8,0.05539612500069779
4096,16,moment_quant_exact_samples,1,8,0.01949650000096881
4096,16,moment_quant_exact_intervals,5,8,0.0553953749986249
4096,16,moment_quant_exact_samples,4,8,0.019902333999198163
4096,16,moment_quant_exact_intervals,4,8,0.05575416599822347
4096,16,moment_quant_approx_samples,6,8,0.03617962499993155
4096,16,moment_quant_exact_intervals,3,8,0.055537374999403255
4096,30,moment_quant_approx_intervals,5,8,0.05446366600153851
4096,30,moment_quant_exact_samples,4,8,0.03721791700081667
4096,30,moment_quant_approx_samples,2,8,0.04545983299976797
4096,30,moment_quant_exact_samples,2,8,0.037538083000981715
4096,30,moment_quant_exact_intervals,0,8,0.09205174999806331
4096,30,moment_quant_approx_samples,0,8,0.04519749999963096
4096,30,moment_quant_exact_intervals,4,8,0.09814704100062954
4096,30,moment_quant_exact_intervals,9,8,0.09596304200022132
4096,30,moment_quant_approx_samples,5,8,0.044562584000232164
4096,30,moment_quant_exact_samples,6,8,0.037929625003016554
4096,30,moment_quant_exact_intervals,3,8,0.09189650000189431
4096,30,moment_quant_exact_samples,1,8,0.037181709001743
4096,30,moment_quant_approx_intervals,1,8,0.05122483299783198
4096,30,moment_quant_approx_samples,9,8,0.04658129200106487
4096,30,moment_quant_exact_samples,7,8,0.03784895799981314
4096,30,moment_quant_exact_samples,9,8,0.0382861670004786
4096,30,moment_quant_approx_intervals,0,8,0.05141366700263461
4096,30,moment_quant_approx_samples,3,8,0.04674916599833523
4096,30,moment_quant_exact_intervals,2,8,0.09523333299875958
4096,30,moment_quant_approx_intervals,8,8,0.054343125000741566
4096,30,moment_quant_approx_intervals,3,8,0.054057499997725245
4096,30,moment_quant_exact_samples,5,8,0.03670129199963412
4096,30,moment_quant_approx_intervals,4,8,0.054644708998239366
4096,30,moment_quant_exact_samples,0,8,0.0367109580001852
4096,30,moment_quant_approx_intervals,7,8,0.0541875839990098
4096,30,moment_quant_exact_intervals,1,8,0.0946001249976689
4096,30,moment_quant_exact_samples,8,8,0.037894083998253336
4096,30,moment_quant_approx_samples,8,8,0.04276725000090664
4096,30,moment_quant_approx_samples,7,8,0.04678016700199805
4096,30,moment_quant_exact_samples,3,8,0.03774866700041457
4096,30,moment_quant_approx_samples,1,8,0.044301709000137635
4096,30,moment_quant_exact_intervals,5,8,0.09493358300096588
4096,30,moment_quant_exact_intervals,8,8,0.09572187500089058
4096,30,moment_quant_approx_intervals,6,8,0.0652950410003541
4096,30,moment_quant_exact_intervals,6,8,0.09811550000085845
4096,30,moment_quant_approx_samples,4,8,0.045874667001044145
4096,30,moment_quant_approx_intervals,9,8,0.05124362499918789
4096,30,moment_quant_approx_intervals,2,8,0.05017791600039345
4096,30,moment_quant_approx_samples,6,8,0.044716416003211634
4096,30,moment_quant_exact_intervals,7,8,0.0946612500010815
4096,32,moment_quant_exact_samples,8,8,0.03996879199985415
4096,32,moment_quant_approx_samples,9,8,0.04454049999912968
4096,32,moment_quant_approx_intervals,5,8,0.05512575000102515
4096,32,moment_quant_exact_samples,2,8,0.03825641699950211
4096,32,moment_quant_exact_samples,1,8,0.04103070900237071
4096,32,moment_quant_approx_intervals,1,8,0.05530466699929093
4096,32,moment_quant_exact_intervals,8,8,0.10024254099698737
4096,32,moment_quant_exact_intervals,0,8,0.10065212499830523
4096,32,moment_quant_approx_intervals,4,8,0.05603829099709401
4096,32,moment_quant_exact_intervals,7,8,0.1000906670014956
4096,32,moment_quant_exact_samples,6,8,0.038928625002881745
4096,32,moment_quant_exact_samples,9,8,0.03828066600181046
4096,32,moment_quant_approx_samples,8,8,0.044873583003209205
4096,32,moment_quant_exact_samples,0,8,0.03809854100109078
4096,32,moment_quant_exact_samples,5,8,0.04272687499906169
4096,32,moment_quant_approx_samples,5,8,0.04418575000090641
4096,32,moment_quant_approx_intervals,7,8,0.05505716699917684
4096,32,moment_quant_approx_samples,4,8,0.04707775000133552
4096,32,moment_quant_approx_samples,1,8,0.044531499999720836
4096,32,moment_quant_approx_samples,2,8,0.04441733299972839
4096,32,moment_quant_exact_intervals,4,8,0.09946183400097652
4096,32,moment_quant_exact_intervals,6,8,0.10047225000016624
4096,32,moment_quant_approx_intervals,2,8,0.056639291000465164
4096,32,moment_quant_approx_intervals,8,8,0.056899541999882786
4096,32,moment_quant_approx_intervals,6,8,0.05530758299937588
4096,32,moment_quant_approx_intervals,3,8,0.0552650839999842
4096,32,moment_quant_exact_samples,7,8,0.039581167002324946
4096,32,moment_quant_exact_intervals,2,8,0.10172783300004085
4096,32,moment_quant_exact_intervals,3,8,0.10204537500248989
4096,32,moment_quant_exact_samples,4,8,0.03810525000153575
4096,32,moment_quant_approx_samples,6,8,0.04623695899863378
4096,32,moment_quant_approx_samples,0,8,0.0467862920013431
4096,32,moment_quant_approx_samples,3,8,0.04577104200143367
4096,32,moment_quant_approx_samples,7,8,0.047816250000323635
4096,32,moment_quant_exact_intervals,9,8,0.09924908399989363
4096,32,moment_quant_approx_intervals,0,8,0.054240833000221755
4096,32,moment_quant_exact_samples,3,8,0.038715499998943415
4096,32,moment_quant_exact_intervals,5,8,0.09993887499877019
4096,32,moment_quant_exact_intervals,1,8,0.10283183399951668
4096,32,moment_quant_approx_intervals,9,8,0.06806833399969037
4096,64,moment_quant_exact_samples,8,8,0.07339050000155112
4096,64,moment_quant_exact_samples,7,8,0.07459045900031924
4096,64,moment_quant_approx_samples,9,8,0.06625583300046856
4096,64,moment_quant_approx_samples,0,8,0.06820700000025681
4096,64,moment_quant_exact_samples,2,8,0.07036970799890696
4096,64,moment_quant_exact_intervals,2,8,0.1907073330003186
4096,64,moment_quant_approx_samples,2,8,0.061165084000094794
4096,64,moment_quant_exact_intervals,5,8,0.19397258299795794
4096,64,moment_quant_approx_intervals,9,8,0.08751191600094899
4096,64,moment_quant_exact_intervals,9,8,0.19634345799931907
4096,64,moment_quant_approx_intervals,7,8,0.09402933399906033
4096,64,moment_quant_approx_intervals,4,8,0.09694095799932256
4096,64,moment_quant_exact_intervals,0,8,0.20012962499822606
4096,64,moment_quant_approx_intervals,3,8,0.08888670799933607
4096,64,moment_quant_exact_intervals,7,8,0.19474900000204798
4096,64,moment_quant_approx_samples,1,8,0.06676258300285554
4096,64,moment_quant_approx_samples,6,8,0.0720862499983923
4096,64,moment_quant_exact_samples,3,8,0.07259100000010221
4096,64,moment_quant_approx_intervals,6,8,0.08940887499920791
4096,64,moment_quant_exact_intervals,4,8,0.1953109999994922
4096,64,moment_quant_approx_intervals,8,8,0.08819579200280714
4096,64,moment_quant_exact_intervals,6,8,0.19336545900296187
4096,64,moment_quant_approx_intervals,2,8,0.08936141599770053
4096,64,moment_quant_approx_samples,8,8,0.0623919579993526
4096,64,moment_quant_exact_samples,9,8,0.0745307920005871
4096,64,moment_quant_approx_samples,3,8,0.07128829199791653
4096,64,moment_quant_exact_intervals,3,8,0.19086333400264266
4096,64,moment_quant_approx_intervals,1,8,0.08331929199994192
4096,64,moment_quant_exact_samples,1,8,0.0725707079982385
4096,64,moment_quant_approx_samples,5,8,0.06323566699938965
4096,64,moment_quant_approx_samples,7,8,0.06881387500106939
4096,64,moment_quant_exact_samples,6,8,0.0737075829965761
4096,64,moment_quant_approx_samples,4,8,0.0638331250011106
4096,64,moment_quant_exact_intervals,1,8,0.1930182079995575
4096,64,moment_quant_exact_samples,4,8,0.0731469999991532
4096,64,moment_quant_exact_samples,5,8,0.07182295799793792
4096,64,moment_quant_approx_intervals,0,8,0.08909316599965678
4096,64,moment_quant_approx_intervals,5,8,0.09150074999706703
4096,64,moment_quant_exact_samples,0,8,0.076974584000709
4096,64,moment_quant_exact_intervals,8,8,0.19136341700141202
4096,100,moment_quant_exact_samples,4,8,0.1169410410002456
4096,100,moment_quant_approx_intervals,4,8,0.12571454200224252
4096,100,moment_quant_exact_intervals,1,8,0.2985113750000892
4096,100,moment_quant_exact_samples,3,8,0.11350216699793236
4096,100,moment_quant_approx_samples,5,8,0.08646491699983017
4096,100,moment_quant_exact_samples,2,8,0.11108000000240281
4096,100,moment_quant_approx_intervals,7,8,0.11174720800045179
4096,100,moment_quant_exact_intervals,7,8,0.3060488749979413
4096,100,moment_quant_approx_intervals,3,8,0.10887066600116668
4096,100,moment_quant_exact_intervals,5,8,0.30064354200294474
4096,100,moment_quant_exact_intervals,0,8,0.29722550000224146
4096,100,moment_quant_approx_intervals,5,8,0.12218033399767592
4096,100,moment_quant_approx_samples,9,8,0.09194737500001793
4096,100,moment_quant_exact_samples,1,8,0.11371816699829651
4096,100,moment_quant_approx_samples,1,8,0.08152691700161085
4096,100,moment_quant_approx_intervals,2,8,0.11245862499708892
4096,100,moment_quant_exact_intervals,6,8,0.2985303749992454
4096,100,moment_quant_approx_samples,0,8,0.0992557499994291
4096,100,moment_quant_exact_samples,5,8,0.11014912500104401
4096,100,moment_quant_exact_samples,9,8,0.11322362500141026
4096,100,moment_quant_approx_intervals,9,8,0.11212549999982002
4096,100,moment_quant_exact_intervals,2,8,0.29529133300093235
4096,100,moment_quant_exact_intervals,3,8,0.2973872920010763
4096,100,moment_quant_approx_samples,6,8,0.09435770799973398
4096,100,moment_quant_approx_intervals,8,8,0.13042254199899617
4096,100,moment_quant_exact_intervals,4,8,0.30140041599952383
4096,100,moment_quant_exact_intervals,8,8,0.3006549999990966
4096,100,moment_quant_exact_samples,8,8,0.12123970899847336
4096,100,moment_quant_exact_samples,6,8,0.11312566700144089
4096,100,moment_quant_exact_samples,7,8,0.1108989999993355
4096,100,moment_quant_approx_intervals,6,8,0.11301562500011642
4096,100,moment_quant_exact_intervals,9,8,0.30100916599985794
4096,100,moment_quant_exact_samples,0,8,0.11334929199801991
4096,100,moment_quant_approx_intervals,0,8,0.12492745899726287
4096,100,moment_quant_approx_samples,8,8,0.0901611250010319
4096,100,moment_quant_approx_samples,3,8,0.0884702080002171
4096,100,moment_quant_approx_samples,4,8,0.08173683299901313
4096,100,moment_quant_approx_intervals,1,8,0.10976054200000362
4096,100,moment_quant_approx_samples,2,8,0.10236895799971535
4096,100,moment_quant_approx_samples,7,8,0.0945924580009887
4096,300,moment_quant_exact_intervals,7,8,0.9292257499982952
4096,300,moment_quant_exact_intervals,0,8,0.9341782090014021
4096,300,moment_quant_approx_samples,1,8,0.20225133300118614
4096,300,moment_quant_approx_samples,5,8,0.19516604199816356
4096,300,moment_quant_exact_samples,6,8,0.3129909170020255
4096,300,moment_quant_approx_intervals,3,8,0.3026173750004091
4096,300,moment_quant_approx_intervals,0,8,0.30918424999981653
4096,300,moment_quant_exact_samples,3,8,0.3238265420004609
4096,300,moment_quant_approx_samples,4,8,0.22735604199988302
4096,300,moment_quant_approx_samples,6,8,0.20877612499680254
4096,300,moment_quant_approx_intervals,9,8,0.3982730419993459
4096,300,moment_quant_exact_samples,7,8,0.3390272090000508
4096,300,moment_quant_approx_samples,7,8,0.18651083300210303
4096,300,moment_quant_approx_samples,9,8,0.18163004199959687
4096,300,moment_quant_exact_intervals,3,8,0.9525715830022818
4096,300,moment_quant_approx_intervals,5,8,0.36915599999701953
4096,300,moment_quant_approx_samples,8,8,0.21342754199940828
4096,300,moment_quant_exact_intervals,6,8,0.9611178330014809
4096,300,moment_quant_approx_intervals,2,8,0.4320737909984018
4096,300,moment_quant_exact_samples,5,8,0.31482600000163075
4096,300,moment_quant_exact_samples,4,8,0.32966258299711626
4096,300,moment_quant_exact_samples,1,8,0.3269857499981299
4096,300,moment_quant_exact_samples,8,8,0.3330789579995326
4096,300,moment_quant_approx_intervals,4,8,0.36388062499827356
4096,300,moment_quant_exact_intervals,1,8,0.9479979579991777
4096,300,moment_quant_exact_intervals,9,8,0.9420207080002001
4096,300,moment_quant_exact_intervals,2,8,0.9518099999986589
4096,300,moment_quant_approx_samples,3,8,0.19238591700195684
4096,300,moment_quant_approx_intervals,1,8,0.3082732080001733
4096,300,moment_quant_exact_samples,2,8,0.31611058300040895
4096,300,moment_quant_approx_intervals,6,8,0.3108297910002875
4096,300,moment_quant_exact_intervals,5,8,0.9425305410004512
4096,300,moment_quant_approx_intervals,7,8,0.36934354200275266
4096,300,moment_quant_approx_samples,0,8,0.19549204100258066
4096,300,moment_quant_exact_samples,9,8,0.31766658299966366
4096,300,moment_quant_approx_samples,2,8,0.22724149999703513
4096,300,moment_quant_approx_intervals,8,8,0.38226112499978626
4096,300,moment_quant_exact_intervals,4,8,0.9455162080012087
4096,300,moment_quant_exact_intervals,8,8,0.9444711670003016
4096,300,moment_quant_exact_samples,0,8,0.30921995799872093
4096,1000,moment_quant_approx_intervals,0,8,1.1974364159977995
4096,1000,moment_quant_approx_samples,3,8,0.5950992079997377
4096,1000,moment_quant_exact_samples,9,8,1.0557503749987518
4096,1000,moment_quant_approx_intervals,5,8,1.2513365410013648
4096,1000,moment_quant_exact_samples,7,8,1.0599677499994868
4096,1000,moment_quant_exact_samples,2,8,1.0791507920002914
4096,1000,moment_quant_approx_intervals,3,8,1.231767208999372
4096,1000,moment_quant_approx_samples,1,8,0.590882958000293
4096,1000,moment_quant_exact_intervals,5,8,3.227207959000225
4096,1000,moment_quant_approx_samples,7,8,0.5881433340000513
4096,1000,moment_quant_exact_intervals,0,8,3.20013341700178
4096,1000,moment_quant_approx_samples,6,8,0.6043180000015127
4096,1000,moment_quant_exact_samples,8,8,1.155979291001131
4096,1000,moment_quant_exact_intervals,7,8,3.2490740829998686
4096,1000,moment_quant_exact_intervals,3,8,3.283882124997035
4096,1000,moment_quant_exact_samples,5,8,1.0962237079984334
4096,1000,moment_quant_approx_intervals,9,8,1.1906420420018549
4096,1000,moment_quant_approx_samples,2,8,0.5805216659973667
4096,1000,moment_quant_exact_samples,4,8,1.0610149579988502
4096,1000,moment_quant_exact_intervals,4,8,3.206235417001153
4096,1000,moment_quant_exact_intervals,1,8,3.2028810830015573
4096,1000,moment_quant_approx_intervals,7,8,1.2187192919991503
4096,1000,moment_quant_approx_intervals,8,8,1.1828128329980245
4096,1000,moment_quant_approx_samples,8,8,0.5779433750030876
4096,1000,moment_quant_approx_intervals,6,8,1.2060904999998456
4096,1000,moment_quant_approx_samples,0,8,0.5859155409998493
4096,1000,moment_quant_approx_intervals,4,8,1.232000333002361
4096,1000,moment_quant_approx_intervals,2,8,1.1695480000016687
4096,1000,moment_quant_approx_samples,4,8,0.5758031670011405
4096,1000,moment_quant_exact_intervals,2,8,3.189414249998663
4096,1000,moment_quant_approx_samples,9,8,0.6262457920020097
4096,1000,moment_quant_exact_samples,6,8,1.0441352909983834
4096,1000,moment_quant_exact_samples,3,8,1.0667229579994455
4096,1000,moment_quant_exact_intervals,8,8,3.2083999999995285
4096,1000,moment_quant_exact_samples,1,8,1.065375624999433
4096,1000,moment_quant_exact_samples,0,8,1.073685542000021
4096,1000,moment_quant_exact_intervals,6,8,3.2096273749993998
4096,1000,moment_quant_exact_intervals,9,8,3.2079914579990145
4096,1000,moment_quant_approx_intervals,1,8,1.2582098339989898
4096,1000,moment_quant_approx_samples,5,8,0.6502659580000909
4096,3000,moment_quant_approx_samples,8,8,2.0010209159991064
4096,3000,moment_quant_approx_samples,4,8,1.9449430419990676
4096,3000,moment_quant_exact_samples,9,8,3.2189446250013134
4096,3000,moment_quant_approx_samples,0,8,1.9018212920018414
4096,3000,moment_quant_exact_samples,7,8,3.267061874998035
4096,3000,moment_quant_approx_intervals,5,8,4.234374457999365
4096,3000,moment_quant_exact_intervals,7,8,9.849751457997627
4096,3000,moment_quant_exact_intervals,3,8,9.875488833000418
4096,3000,moment_quant_exact_intervals,4,8,9.854728458001773
4096,3000,moment_quant_exact_samples,6,8,3.2317590409984405
4096,3000,moment_quant_exact_samples,1,8,3.2582420420003473
4096,3000,moment_quant_approx_samples,9,8,1.9445567499969911
4096,3000,moment_quant_approx_intervals,4,8,3.9873990419982874
4096,3000,moment_quant_approx_intervals,0,8,4.010204334001173
4096,3000,moment_quant_approx_intervals,3,8,3.7506521250033984
4096,3000,moment_quant_approx_intervals,7,8,3.8866910840006312
4096,3000,moment_quant_exact_intervals,5,8,9.861092499999359
4096,3000,moment_quant_approx_samples,7,8,1.9352316670010623
4096,3000,moment_quant_exact_samples,2,8,3.13258504100304
4096,3000,moment_quant_approx_samples,3,8,1.9770549580025545
4096,3000,moment_quant_exact_intervals,2,8,9.879786792000232
4096,3000,moment_quant_exact_intervals,9,8,9.866140707999875
4096,3000,moment_quant_approx_intervals,9,8,4.128009791002114
4096,3000,moment_quant_approx_intervals,6,8,4.189337957999669
4096,3000,moment_quant_exact_intervals,0,8,9.856457917001535
4096,3000,moment_quant_approx_samples,2,8,1.9411242919995857
4096,3000,moment_quant_approx_samples,5,8,1.9600981669973407
4096,3000,moment_quant_approx_intervals,1,8,4.17461404200003
4096,3000,moment_quant_exact_samples,8,8,3.1586437089972605
4096,3000,moment_quant_approx_intervals,8,8,3.8992716659995494
4096,3000,moment_quant_exact_samples,0,8,3.165271917001519
4096,3000,moment_quant_approx_intervals,2,8,3.9377734170011536
4096,3000,moment_quant_approx_samples,6,8,1.9555694999980915
4096,3000,moment_quant_exact_intervals,1,8,9.864902417000849
4096,3000,moment_quant_exact_intervals,6,8,9.863675791999412
4096,3000,moment_quant_exact_samples,3,8,3.152149792000273
4096,3000,moment_quant_exact_intervals,8,8,9.86552658400251
4096,3000,moment_quant_approx_samples,1,8,2.0008252499974333
4096,3000,moment_quant_exact_samples,5,8,3.191483333997894
4096,3000,moment_quant_exact_samples,4,8,3.2292885839997325
4096,10000,moment_quant_approx_samples,0,8,7.782547957998759
4096,10000,moment_quant_approx_intervals,8,8,16.711360957997385
4096,10000,moment_quant_approx_intervals,4,8,16.74456475000261
4096,10000,moment_quant_exact_intervals,8,8,33.984576417002245
4096,10000,moment_quant_exact_samples,9,8,10.720606417002273
4096,10000,moment_quant_approx_samples,9,8,7.855086334002408
4096,10000,moment_quant_exact_intervals,1,8,33.87483308299852
4096,10000,moment_quant_exact_samples,6,8,10.757607957999426
4096,10000,moment_quant_exact_samples,3,8,11.072264250000444
4096,10000,moment_quant_exact_intervals,3,8,33.93067208299908
4096,10000,moment_quant_approx_samples,4,8,7.895748625000124
4096,10000,moment_quant_approx_samples,1,8,7.852977374997863
4096,10000,moment_quant_approx_intervals,2,8,16.67737195800146
4096,10000,moment_quant_approx_intervals,5,8,16.648655583001528
4096,10000,moment_quant_approx_samples,7,8,7.738752249999379
4096,10000,moment_quant_approx_intervals,0,8,16.833738792000077
4096,10000,moment_quant_exact_intervals,7,8,33.833697916001256
4096,10000,moment_quant_approx_intervals,3,8,16.447004457997537
4096,10000,moment_quant_approx_samples,5,8,7.705779583000549
4096,10000,moment_quant_exact_intervals,9,8,33.8698235419979
4096,10000,moment_quant_exact_intervals,0,8,33.96206570800132
4096,10000,moment_quant_exact_intervals,6,8,33.835587500001566
4096,10000,moment_quant_approx_intervals,9,8,16.42003579199809
4096,10000,moment_quant_approx_intervals,7,8,16.778530249997857
4096,10000,moment_quant_exact_samples,2,8,10.56486437499916
4096,10000,moment_quant_approx_samples,6,8,7.757900542001153
4096,10000,moment_quant_exact_samples,0,8,10.92693141700147
4096,10000,moment_quant_approx_samples,3,8,7.818678750001709
4096,10000,moment_quant_approx_samples,2,8,7.768198333000328
4096,10000,moment_quant_approx_samples,8,8,7.706890083001781
4096,10000,moment_quant_exact_samples,7,8,10.56947937500081
4096,10000,moment_quant_approx_intervals,1,8,16.859976540999924
4096,10000,moment_quant_exact_samples,8,8,10.863633167002263
4096,10000,moment_quant_exact_samples,5,8,11.107971292000002
4096,10000,moment_quant_exact_samples,4,8,11.438313040998764
4096,10000,moment_quant_exact_samples,1,8,11.460488666001766
4096,10000,moment_quant_approx_intervals,6,8,16.72762462499668
4096,10000,moment_quant_exact_intervals,5,8,33.87781870800245
4096,10000,moment_quant_exact_intervals,2,8,33.84739095799887
4096,10000,moment_quant_exact_intervals,4,8,33.997434917000646
8192,1,moment_quant_approx_samples,7,8,0.031169333000434563
8192,1,moment_quant_exact_samples,4,8,0.014674916998046683
8192,1,moment_quant_exact_intervals,1,8,0.016338749999704305
8192,1,moment_quant_approx_samples,5,8,0.03102279200174962
8192,1,moment_quant_approx_intervals,4,8,0.033706999998685205
8192,1,moment_quant_exact_intervals,9,8,0.015443832999153528
8192,1,moment_quant_approx_samples,6,8,0.030857834000926232
8192,1,moment_quant_approx_intervals,5,8,0.03247000000192202
8192,1,moment_quant_approx_intervals,8,8,0.03239316600229358
8192,1,moment_quant_exact_intervals,2,8,0.014788041000429075
8192,1,moment_quant_exact_samples,0,8,0.014087709001614712
8192,1,moment_quant_approx_intervals,0,8,0.03245712500211084
8192,1,moment_quant_exact_intervals,4,8,0.014724125001521315
8192,1,moment_quant_exact_intervals,5,8,0.014571583000360988
8192,1,moment_quant_exact_samples,5,8,0.015371207999123726
8192,1,moment_quant_exact_intervals,0,8,0.015729209000710398
8192,1,moment_quant_exact_samples,2,8,0.014664541999081848
8192,1,moment_quant_approx_intervals,7,8,0.03379454100286239
8192,1,moment_quant_exact_samples,1,8,0.015295834000426112
8192,1,moment_quant_approx_samples,1,8,0.031005249998997897
8192,1,moment_quant_exact_samples,7,8,0.014871499999571824
8192,1,moment_quant_exact_intervals,3,8,0.014809749998676125
8192,1,moment_quant_approx_samples,0,8,0.03080324999973527
8192,1,moment_quant_approx_intervals,6,8,0.033743667001544964
8192,1,moment_quant_exact_samples,9,8,0.015115957998204976
8192,1,moment_quant_approx_samples,4,8,0.02987070799645153
8192,1,moment_quant_exact_intervals,6,8,0.01614908299961826
8192,1,moment_quant_approx_intervals,2,8,0.03320454200002132
8192,1,moment_quant_exact_intervals,8,8,0.015350209003372584
8192,1,moment_quant_approx_samples,3,8,0.03165370900023845
8192,1,moment_quant_exact_intervals,7,8,0.015835166999750072
8192,1,moment_quant_approx_samples,8,8,0.0313647500006482
8192,1,moment_quant_approx_samples,2,8,0.030185457999323262
8192,1,moment_quant_exact_samples,6,8,0.016020500002923654
8192,1,moment_quant_approx_intervals,3,8,0.03318062500329688
8192,1,moment_quant_approx_samples,9,8,0.02985491700019338
8192,1,moment_quant_exact_samples,8,8,0.015037249999295454
8192,1,moment_quant_approx_intervals,1,8,0.033361624999088235
8192,1,moment_quant_exact_samples,3,8,0.01578404199972283
8192,1,moment_quant_approx_intervals,9,8,0.033350083002005704
8192,2,moment_quant_exact_samples,4,8,0.01616387499962002
8192,2,moment_quant_approx_samples,5,8,0.032572500000242144
8192,2,moment_quant_exact_samples,5,8,0.01725454100233037
8192,2,moment_quant_exact_samples,0,8,0.017030167000484653
8192,2,moment_quant_exact_intervals,9,8,0.025002792001032503
8192,2,moment_quant_approx_intervals,4,8,0.03631524999946123
8192,2,moment_quant_approx_samples,3,8,0.032515250000869855
8192,2,moment_quant_approx_intervals,5,8,0.035030041999561945
8192,2,moment_quant_approx_samples,6,8,0.032921917001658585
8192,2,moment_quant_approx_samples,2,8,0.03297504199872492
8192,2,moment_quant_exact_samples,6,8,0.01689670800260501
8192,2,moment_quant_approx_samples,8,8,0.03274450000026263
8192,2,moment_quant_approx_samples,4,8,0.03334229100073571
8192,2,moment_quant_approx_samples,9,8,0.03274020800017752
8192,2,moment_quant_approx_intervals,9,8,0.035689291999005945
8192,2,moment_quant_approx_intervals,6,8,0.035228500000812346
8192,2,moment_quant_exact_samples,1,8,0.016046708999056136
8192,2,moment_quant_approx_intervals,3,8,0.036316749999969034
8192,2,moment_quant_exact_samples,2,8,0.017314249998889863
8192,2,moment_quant_approx_samples,0,8,0.03252770900144242
8192,2,moment_quant_approx_intervals,8,8,0.035061791000771336
8192,2,moment_quant_exact_samples,3,8,0.016270500000246102
8192,2,moment_quant_approx_intervals,0,8,0.03656258299815818
8192,2,moment_quant_approx_intervals,1,8,0.035867499998857966
8192,2,moment_quant_exact_intervals,8,8,0.023399417001201073
8192,2,moment_quant_approx_samples,1,8,0.032892457998968894
8192,2,moment_quant_approx_samples,7,8,0.032505291997949826
8192,2,moment_quant_exact_intervals,1,8,0.023936916997627122
8192,2,moment_quant_exact_samples,7,8,0.017324042000836926
8192,2,moment_quant_approx_intervals,2,8,0.037138125000637956
8192,2,moment_quant_exact_intervals,6,8,0.023600666001584614
8192,2,moment_quant_exact_intervals,2,8,0.023464416000933852
8192,2,moment_quant_exact_intervals,7,8,0.023399499998049578
8192,2,moment_quant_exact_samples,8,8,0.015602167000906775
8192,2,moment_quant_exact_intervals,3,8,0.02357658300024923
8192,2,moment_quant_exact_samples,9,8,0.015154917000472778
8192,2,moment_quant_exact_intervals,5,8,0.02359783399879234
8192,2,moment_quant_approx_intervals,7,8,0.03593816600186983
8192,2,moment_quant_exact_intervals,4,8,0.023575916999106994
8192,2,moment_quant_exact_intervals,0,8,0.023359250000794418
8192,3,moment_quant_approx_intervals,4,8,0.03688279199923272
8192,3,moment_quant_exact_intervals,0,8,0.028880832996946992
8192,3,moment_quant_exact_samples,9,8,0.017393750000337604
8192,3,moment_quant_approx_intervals,0,8,0.039709500000753906
8192,3,moment_quant_approx_intervals,1,8,0.039935125001647975
8192,3,moment_quant_exact_intervals,9,8,0.03033533300185809
8192,3,moment_quant_exact_intervals,1,8,0.030099458002950996
8192,3,moment_quant_approx_samples,0,8,0.035088167001958936
8192,3,moment_quant_approx_intervals,8,8,0.038077915996836964
8192,3,moment_quant_exact_samples,7,8,0.017062541999621317
8192,3,moment_quant_approx_samples,2,8,0.03459804199883365
8192,3,moment_quant_approx_samples,9,8,0.03387066700088326
8192,3,moment_quant_exact_samples,6,8,0.017022334002831485
8192,3,moment_quant_approx_intervals,5,8,0.04003733300123713
8192,3,moment_quant_exact_samples,8,8,0.01698858300005668
8192,3,moment_quant_exact_intervals,2,8,0.03020104100141907
8192,3,moment_quant_exact_samples,4,8,0.017310040999291232
8192,3,moment_quant_approx_intervals,6,8,0.040431624998745974
8192,3,moment_quant_approx_samples,4,8,0.03357812499962165
8192,3,moment_quant_exact_samples,0,8,0.017254207999940263
8192,3,moment_quant_approx_samples,5,8,0.033787917000154266
8192,3,moment_quant_exact_samples,3,8,0.01751308299935772
8192,3,moment_quant_approx_intervals,3,8,0.040061125000647735
8192,3,moment_quant_exact_intervals,5,8,0.03002941700106021
8192,3,moment_quant_approx_samples,7,8,0.03500045900000259
8192,3,moment_quant_exact_intervals,8,8,0.0294335830003547
8192,3,moment_quant_exact_samples,2,8,0.018538374999479856
8192,3,moment_quant_exact_samples,5,8,0.017302500000369037
8192,3,moment_quant_approx_intervals,9,8,0.04000754200023948
8192,3,moment_quant_exact_intervals,7,8,0.029925040998932673
8192,3,moment_quant_exact_intervals,4,8,0.02971270799753256
8192,3,moment_quant_exact_samples,1,8,0.016844416000822093
8192,3,moment_quant_approx_samples,6,8,0.03591220900125336
8192,3,moment_quant_exact_intervals,6,8,0.030143459000100847
8192,3,moment_quant_exact_intervals,3,8,0.029146665998268872
8192,3,moment_quant_approx_intervals,7,8,0.03798391600139439
8192,3,moment_quant_approx_samples,3,8,0.035378999997192295
8192,3,moment_quant_approx_samples,8,8,0.03502916699653724
8192,3,moment_quant_approx_intervals,2,8,0.03971350000210805
8192,3,moment_quant_approx_samples,1,8,0.03523637500256882
8192,4,moment_quant_approx_samples,0,8,0.034761209000862436
8192,4,moment_quant_approx_samples,1,8,0.03515300000071875
8192,4,moment_quant_exact_samples,9,8,0.016238666001299862
8192,4,moment_quant_exact_intervals,4,8,0.037439374998939456
8192,4,moment_quant_approx_intervals,5,8,0.039024540998070734
8192,4,moment_quant_approx_samples,9,8,0.03560979200119618
8192,4,moment_quant_approx_intervals,9,8,0.037867416998778936
8192,4,moment_quant_exact_intervals,6,8,0.035211832997447345
8192,4,moment_quant_approx_intervals,8,8,0.03781708300084574
8192,4,moment_quant_approx_intervals,0,8,0.037923082996712765
8192,4,moment_quant_exact_samples,7,8,0.01700650000202586
8192,4,moment_quant_exact_intervals,8,8,0.03639974999896367
8192,4,moment_quant_approx_samples,7,8,0.03469541600134107
8192,4,moment_quant_exact_samples,1,8,0.01656974999787053
8192,4,moment_quant_approx_samples,6,8,0.0339514169972972
8192,4,moment_quant_exact_intervals,2,8,0.0364615420003247
8192,4,moment_quant_exact_samples,6,8,0.018356833003053907
8192,4,moment_quant_exact_intervals,3,8,0.03766791700036265
8192,4,moment_quant_approx_intervals,3,8,0.039104666000639554
8192,4,moment_quant_approx_samples,2,8,0.03624029200000223
8192,4,moment_quant_exact_intervals,7,8,0.03641070899902843
8192,4,moment_quant_exact_samples,0,8,0.018314624998311047
8192,4,moment_quant_approx_samples,5,8,0.035424790999968536
8192,4,moment_quant_approx_intervals,2,8,0.04129504199954681
8192,4,moment_quant_exact_samples,2,8,0.01722291700207279
8192,4,moment_quant_exact_samples,3,8,0.01675983300083317
8192,4,moment_quant_approx_intervals,6,8,0.04053712500171969
8192,4,moment_quant_exact_samples,4,8,0.017573166001966456
8192,4,moment_quant_exact_intervals,0,8,0.036467333000473445
8192,4,moment_quant_exact_intervals,5,8,0.03587345800042385
8192,4,moment_quant_approx_intervals,7,8,0.040469499999744585
8192,4,moment_quant_exact_samples,5,8,0.0183128749995376
8192,4,moment_quant_exact_intervals,1,8,0.03659712499938905
8192,4,moment_quant_approx_intervals,1,8,0.041178499999659834
8192,4,moment_quant_exact_samples,8,8,0.017896792000101414
8192,4,moment_quant_approx_samples,8,8,0.03580037500069011
8192,4,moment_quant_exact_intervals,9,8,0.03715429099975154
8192,4,moment_quant_approx_samples,4,8,0.035370249999687076
8192,4,moment_quant_approx_samples,3,8,0.034484125000744825
8192,4,moment_quant_approx_intervals,4,8,0.04196604200114962
8192,8,moment_quant_approx_intervals,2,8,0.044118499998148764
8192,8,moment_quant_exact_intervals,4,8,0.05913779199909186
8192,8,moment_quant_approx_samples,6,8,0.03780541699961759
8192,8,moment_quant_exact_intervals,5,8,0.058820083999307826
8192,8,moment_quant_exact_samples,7,8,0.02134279200254241
8192,8,moment_quant_approx_samples,0,8,0.03880679099893314
8192,8,moment_quant_approx_intervals,0,8,0.0466955420015438
8192,8,moment_quant_approx_intervals,1,8,0.04616416700082482
8192,8,moment_quant_approx_intervals,8,8,0.04627624999920954
8192,8,moment_quant_approx_intervals,3,8,0.04631816600158345
8192,8,moment_quant_approx_intervals,6,8,0.04627529199933633
8192,8,moment_quant_exact_intervals,2,8,0.06033433400079957
8192,8,moment_quant_approx_samples,7,8,0.03880862499863724
8192,8,moment_quant_exact_samples,5,8,0.021998708001774503
8192,8,moment_quant_approx_intervals,7,8,0.04713837499730289
8192,8,moment_quant_approx_intervals,9,8,0.04694391699740663
8192,8,moment_quant_approx_samples,9,8,0.03900575000079698
8192,8,moment_quant_exact_intervals,9,8,0.061219750001328066
8192,8,moment_quant_approx_samples,5,8,0.03867179200096871
8192,8,moment_quant_exact_samples,0,8,0.021775875000457745
8192,8,moment_quant_exact_intervals,7,8,0.061687207999057136
8192,8,moment_quant_approx_samples,2,8,0.04039249999914318
8192,8,moment_quant_approx_samples,1,8,0.040488041999196867
8192,8,moment_quant_exact_intervals,3,8,0.06138604100124212
8192,8,moment_quant_exact_intervals,0,8,0.06094712499907473
8192,8,moment_quant_approx_samples,3,8,0.039548459000798175
8192,8,moment_quant_exact_samples,4,8,0.021680791996914195
8192,8,moment_quant_exact_samples,8,8,0.023445041999366367
8192,8,moment_quant_approx_samples,8,8,0.038103167000372196
8192,8,moment_quant_approx_intervals,4,8,0.049782124999183
8192,8,moment_quant_exact_samples,2,8,0.021722875000705244
8192,8,moment_quant_approx_samples,4,8,0.04183704100069008
8192,8,moment_quant_exact_samples,3,8,0.022981374997470994
8192,8,moment_quant_exact_intervals,6,8,0.06156120800005738
8192,8,moment_quant_exact_intervals,1,8,0.06535704100315343
8192,8,moment_quant_approx_intervals,5,8,0.04440245899968431
8192,8,moment_quant_exact_samples,6,8,0.02275549999831128
8192,8,moment_quant_exact_samples,1,8,0.021376999997301027
8192,8,moment_quant_exact_samples,9,8,0.021952749997581122
8192,8,moment_quant_exact_intervals,8,8,0.061530416998721194
8192,10,moment_quant_exact_samples,3,8,0.03405741700044018
8192,10,moment_quant_exact_intervals,0,8,0.07416441700115683
8192,10,moment_quant_exact_samples,1,8,0.033785125000576954
8192,10,moment_quant_exact_samples,9,8,0.03376137500163168
8192,10,moment_quant_approx_intervals,7,8,0.04692083400004776
8192,10,moment_quant_exact_samples,2,8,0.03350533300181269
8192,10,moment_quant_exact_intervals,4,8,0.07596437499887543
8192,10,moment_quant_exact_samples,0,8,0.03333008299887297
8192,10,moment_quant_approx_intervals,4,8,0.06207662499946309
8192,10,moment_quant_exact_intervals,9,8,0.07467199999882723
8192,10,moment_quant_approx_intervals,1,8,0.06161587499809684
8192,10,moment_quant_exact_intervals,1,8,0.07447766599943861
8192,10,moment_quant_exact_intervals,3,8,0.07463604200165719
8192,10,moment_quant_approx_samples,4,8,0.046158290999301244
8192,10,moment_quant_approx_intervals,3,8,0.061761334000038914
8192,10,moment_quant_approx_samples,8,8,0.04929087500204332
8192,10,moment_quant_approx_samples,5,8,0.046252000000094995
8192,10,moment_quant_exact_intervals,7,8,0.07426987500002724
8192,10,moment_quant_approx_samples,6,8,0.04423854099877644
8192,10,moment_quant_exact_samples,5,8,0.0338898749978398
8192,10,moment_quant_approx_intervals,5,8,0.0618981250008801
8192,10,moment_quant_approx_samples,0,8,0.04620620800051256
8192,10,moment_quant_exact_samples,6,8,0.03243437499986612
8192,10,moment_quant_approx_samples,9,8,0.04237533299965435
8192,10,moment_quant_exact_samples,8,8,0.03527837499859743
8192,10,moment_quant_approx_intervals,9,8,0.06358866700247745
8192,10,moment_quant_exact_intervals,5,8,0.07498766599746887
8192,10,moment_quant_exact_samples,4,8,0.03475525000249036
8192,10,moment_quant_exact_samples,7,8,0.03229729099984979
8192,10,moment_quant_exact_intervals,8,8,0.07400029199925484
8192,10,moment_quant_approx_samples,2,8,0.04529045800154563
8192,10,moment_quant_approx_samples,3,8,0.0450597499984724
8192,10,moment_quant_approx_intervals,0,8,0.047369500000058906
8192,10,moment_quant_approx_samples,1,8,0.043518583002878586
8192,10,moment_quant_exact_intervals,2,8,0.07349800000156392
8192,10,moment_quant_exact_intervals,6,8,0.07311612500052433
8192,10,moment_quant_approx_samples,7,8,0.04758949999813922
8192,10,moment_quant_approx_intervals,6,8,0.060168542000610614
8192,10,moment_quant_approx_intervals,2,8,0.06011416600085795
8192,10,moment_quant_approx_intervals,8,8,0.060257417000684654
8192,16,moment_quant_approx_samples,3,8,0.053764625001349486
8192,16,moment_quant_approx_intervals,8,8,0.05625983299978543
8192,16,moment_quant_exact_intervals,7,8,0.10988524999993388
8192,16,moment_quant_exact_samples,7,8,0.04260533399792621
8192,16,moment_quant_approx_samples,9,8,0.046614375001809094
8192,16,moment_quant_approx_intervals,2,8,0.05633795899848337
8192,16,moment_quant_exact_intervals,2,8,0.1123262920009438
8192,16,moment_quant_approx_intervals,0,8,0.06913912499658181
8192,16,moment_quant_approx_samples,5,8,0.05403291699985857
8192,16,moment_quant_exact_intervals,4,8,0.11106616699908045
8192,16,moment_quant_approx_samples,4,8,0.052723832999618025
8192,16,moment_quant_approx_intervals,1,8,0.06668345800062525
8192,16,moment_quant_exact_samples,6,8,0.04211475000192877
8192,16,moment_quant_exact_samples,2,8,0.04363783400185639
8192,16,moment_quant_exact_intervals,1,8,0.11131945800298126
8192,16,moment_quant_exact_samples,9,8,0.0436982920000446
8192,16,moment_quant_exact_intervals,6,8,0.11002454200206557
8192,16,moment_quant_exact_intervals,9,8,0.10998316699988209
8192,16,moment_quant_approx_samples,1,8,0.052848125000309665
8192,16,moment_quant_exact_intervals,5,8,0.11226612500104238
8192,16,moment_quant_exact_samples,3,8,0.04385145900232601
8192,16,moment_quant_exact_intervals,0,8,0.11089641699800268
8192,16,moment_quant_approx_intervals,3,8,0.06971762499961187
8192,16,moment_quant_exact_intervals,8,8,0.11164858299889602
8192,16,moment_quant_approx_samples,0,8,0.05201554200175451
8192,16,moment_quant_approx_intervals,4,8,0.05583895800009486
8192,16,moment_quant_approx_samples,8,8,0.05182475000037812
8192,16,moment_quant_approx_samples,2,8,0.05255845799911185
8192,16,moment_quant_approx_intervals,5,8,0.06968533300096169
8192,16,moment_quant_approx_intervals,6,8,0.06972937500177068
8192,16,moment_quant_exact_samples,1,8,0.04205974999786122
8192,16,moment_quant_exact_samples,4,8,0.04180258400083403
8192,16,moment_quant_exact_intervals,3,8,0.11165008400348597
8192,16,moment_quant_approx_samples,7,8,0.051122916000167606
8192,16,moment_quant_approx_intervals,9,8,0.06969041699994705
8192,16,moment_quant_exact_samples,5,8,0.04272083300020313
8192,16,moment_quant_approx_intervals,7,8,0.06921362499997485
8192,16,moment_quant_approx_samples,6,8,0.0526637920011126
8192,16,moment_quant_exact_samples,0,8,0.043805124998471
8192,16,moment_quant_exact_samples,8,8,0.052316291999886744
8192,30,moment_quant_approx_intervals,0,8,0.07784241700210259
8192,30,moment_quant_exact_samples,4,8,0.080434958999831
8192,30,moment_quant_approx_intervals,4,8,0.07689429099991685
8192,30,moment_quant_exact_intervals,7,8,0.19731062499704421
8192,30,moment_quant_approx_intervals,3,8,0.07689508299881709
8192,30,moment_quant_exact_samples,6,8,0.07520854199901805
8192,30,moment_quant_exact_intervals,3,8,0.1966950829992129
8192,30,moment_quant_exact_intervals,4,8,0.2029722910010605
8192,30,moment_quant_exact_samples,2,8,0.07717774999764515
8192,30,moment_quant_approx_intervals,6,8,0.10562608300097054
8192,30,moment_quant_exact_intervals,6,8,0.2005130410034326
8192,30,moment_quant_approx_samples,5,8,0.06851162500242935
8192,30,moment_quant_exact_samples,1,8,0.07952108300014515
8192,30,moment_quant_exact_samples,7,8,0.08455341599983512
8192,30,moment_quant_approx_samples,6,8,0.07522366700140992
8192,30,moment_quant_approx_samples,8,8,0.07307337499878486
8192,30,moment_quant_approx_samples,9,8,0.06512149999980466
8192,30,moment_quant_exact_intervals,8,8,0.1976721249993716
8192,30,moment_quant_exact_intervals,2,8,0.19692029200086836
8192,30,moment_quant_exact_intervals,1,8,0.19703983300132677
8192,30,moment_quant_approx_samples,4,8,0.07144795900239842
8192,30,moment_quant_approx_samples,7,8,0.06603558300048462
8192,30,moment_quant_exact_intervals,9,8,0.19888116700167302
8192,30,moment_quant_exact_samples,9,8,0.08072729200284812
8192,30,moment_quant_approx_intervals,1,8,0.09887737499957439
8192,30,moment_quant_approx_samples,0,8,0.07209525000143913
8192,30,moment_quant_exact_intervals,0,8,0.20057154099777108
8192,30,moment_quant_approx_samples,3,8,0.06323220800186391
8192,30,moment_quant_exact_intervals,5,8,0.19905912499962142
8192,30,moment_quant_approx_intervals,5,8,0.1051842079978087
8192,30,moment_quant_exact_samples,5,8,0.07942508300038753
8192,30,moment_quant_exact_samples,3,8,0.07979262499793549
8192,30,moment_quant_approx_intervals,2,8,0.10539412499929313
8192,30,moment_quant_exact_samples,8,8,0.08000395800263504
8192,30,moment_quant_exact_samples,0,8,0.08084816599875921
8192,30,moment_quant_approx_samples,2,8,0.0659957919997396
8192,30,moment_quant_approx_intervals,9,8,0.10560858300232212
8192,30,moment_quant_approx_samples,1,8,0.06826933399861446
8192,30,moment_quant_approx_intervals,8,8,0.10546916699968278
8192,30,moment_quant_approx_intervals,7,8,0.10672787499788683
8192,32,moment_quant_exact_intervals,5,8,0.21487741700184415
8192,32,moment_quant_exact_samples,3,8,0.07884474999809754
8192,32,moment_quant_approx_intervals,7,8,0.10060645900011878
8192,32,moment_quant_exact_intervals,9,8,0.21487625000008848
8192,32,moment_quant_approx_samples,5,8,0.06966612500036717
8192,32,moment_quant_exact_samples,0,8,0.08265929199842503
8192,32,moment_quant_exact_samples,6,8,0.0779822080003214
8192,32,moment_quant_approx_samples,4,8,0.07191241699911188
8192,32,moment_quant_exact_samples,2,8,0.0823954160005087
8192,32,moment_quant_approx_samples,3,8,0.0697638330020709
8192,32,moment_quant_exact_samples,7,8,0.07941091600150685
8192,32,moment_quant_exact_intervals,1,8,0.21390550000069197
8192,32,moment_quant_exact_intervals,7,8,0.21398579200103995
8192,32,moment_quant_exact_intervals,2,8,0.2147858329990413
8192,32,moment_quant_exact_samples,1,8,0.08169737500065821
8192,32,moment_quant_approx_intervals,5,8,0.10081629100022838
8192,32,moment_quant_exact_intervals,8,8,0.21407712499785703
8192,32,moment_quant_approx_intervals,3,8,0.09981037499892409
8192,32,moment_quant_exact_samples,4,8,0.0807210409984691
8192,32,moment_quant_exact_samples,8,8,0.0811656670011871
8192,32,moment_quant_approx_samples,7,8,0.07280741599970497
8192,32,moment_quant_approx_intervals,2,8,0.09904133300005924
8192,32,moment_quant_approx_intervals,8,8,0.10347362499669543
8192,32,moment_quant_exact_intervals,3,8,0.21378533400275046
8192,32,moment_quant_approx_samples,6,8,0.07303891599804047
8192,32,moment_quant_approx_intervals,0,8,0.10139587499725167
8192,32,moment_quant_exact_intervals,0,8,0.2140531250006461
8192,32,moment_quant_approx_intervals,9,8,0.0794964999986405
8192,32,moment_quant_exact_intervals,6,8,0.21399512499920093
8192,32,moment_quant_approx_intervals,4,8,0.08265020800172351
8192,32,moment_quant_approx_samples,1,8,0.07423529199877521
8192,32,moment_quant_approx_samples,0,8,0.06607070899917744
8192,32,moment_quant_approx_samples,8,8,0.07627804200092214
8192,32,moment_quant_exact_samples,9,8,0.08537100000103237
8192,32,moment_quant_exact_intervals,4,8,0.21359858299911139
8192,32,moment_quant_exact_samples,5,8,0.08012925000002724
8192,32,moment_quant_approx_intervals,6,8,0.10188854200168862
8192,32,moment_quant_approx_intervals,1,8,0.1005961250011751
8192,32,moment_quant_approx_samples,9,8,0.07265870799892582
8192,32,moment_quant_approx_samples,2,8,0.0696843749974505
8192,64,moment_quant_approx_intervals,3,8,0.15806108299875632
8192,64,moment_quant_approx_samples,6,8,0.11947162500291597
8192,64,moment_quant_exact_samples,1,8,0.1546066660012002
8192,64,moment_quant_approx_samples,0,8,0.10793308299980708
8192,64,moment_quant_exact_intervals,9,8,0.4218709169981594
8192,64,moment_quant_approx_samples,4,8,0.11502962500162539
8192,64,moment_quant_exact_samples,5,8,0.15451529100027983
8192,64,moment_quant_approx_samples,7,8,0.12033608300043852
8192,64,moment_quant_exact_intervals,3,8,0.42430070900081773
8192,64,moment_quant_approx_samples,9,8,0.11373970799832023
8192,64,moment_quant_exact_samples,4,8,0.15378108300137683
8192,64,moment_quant_approx_intervals,4,8,0.14468712500092806
8192,64,moment_quant_approx_intervals,7,8,0.14372124999863445
8192,64,moment_quant_exact_intervals,6,8,0.42604079200100387
8192,64,moment_quant_exact_samples,7,8,0.1517898329984746
8192,64,moment_quant_approx_samples,2,8,0.10763220900116721
8192,64,moment_quant_approx_intervals,2,8,0.13688579199879314
8192,64,moment_quant_exact_samples,2,8,0.15587508300086483
8192,64,moment_quant_exact_samples,0,8,0.15956604199891444
8192,64,moment_quant_approx_intervals,9,8,0.14204687500023283
8192,64,moment_quant_approx_samples,8,8,0.12601816599999438
8192,64,moment_quant_approx_intervals,8,8,0.14314695900247898
8192,64,moment_quant_exact_intervals,1,8,0.4274766249982349
8192,64,moment_quant_approx_samples,5,8,0.11415791699982947
8192,64,moment_quant_approx_intervals,6,8,0.14546675000019604
8192,64,moment_quant_exact_intervals,0,8,0.4196921670009033
8192,64,moment_quant_approx_samples,3,8,0.12504958399949828
8192,64,moment_quant_exact_intervals,7,8,0.42462800000066636
8192,64,moment_quant_exact_samples,8,8,0.1546853750005539
8192,64,moment_quant_exact_samples,6,8,0.15074854199701804
8192,64,moment_quant_exact_intervals,2,8,0.42936908299816423
8192,64,moment_quant_exact_intervals,5,8,0.42120345899820677
8192,64,moment_quant_exact_samples,3,8,0.15318325000043842
8192,64,moment_quant_approx_intervals,1,8,0.13707262499883655
8192,64,moment_quant_exact_intervals,8,8,0.4173252920008963
8192,64,moment_quant_approx_intervals,0,8,0.14636091699867393
8192,64,moment_quant_approx_intervals,5,8,0.13967004199730582
8192,64,moment_quant_approx_samples,1,8,0.1264746249980817
8192,64,moment_quant_exact_samples,9,8,0.1510521250020247
8192,64,moment_quant_exact_intervals,4,8,0.4243322079964855
8192,100,moment_quant_approx_intervals,7,8,0.2284182920011517
8192,100,moment_quant_approx_intervals,8,8,0.21001570799853653
8192,100,moment_quant_exact_intervals,2,8,0.6625755419991037
8192,100,moment_quant_exact_intervals,6,8,0.6659473750005418
8192,100,moment_quant_exact_samples,2,8,0.235107833002985
8192,100,moment_quant_approx_samples,4,8,0.18073204200118198
8192,100,moment_quant_approx_intervals,4,8,0.21692812499895808
8192,100,moment_quant_approx_samples,7,8,0.1826395419993787
8192,100,moment_quant_approx_samples,5,8,0.16635616699932143
8192,100,moment_quant_approx_samples,6,8,0.15635341700181016
8192,100,moment_quant_approx_samples,2,8,0.16950320900286897
8192,100,moment_quant_exact_samples,7,8,0.24819879099959508
8192,100,moment_quant_approx_samples,9,8,0.16774620800060802
8192,100,moment_quant_approx_samples,0,8,0.19415241599926958
8192,100,moment_quant_approx_intervals,5,8,0.21905379100280697
8192,100,moment_quant_exact_samples,6,8,0.23479908300214447
8192,100,moment_quant_approx_samples,8,8,0.1735797499968612
8192,100,moment_quant_approx_intervals,0,8,0.19934145899969735
8192,100,moment_quant_exact_intervals,4,8,0.6667656669997086
8192,100,moment_quant_exact_intervals,3,8,0.6696719169995049
8192,100,moment_quant_approx_intervals,3,8,0.2017351670001517
8192,100,moment_quant_exact_intervals,5,8,0.6651118329973542
8192,100,moment_quant_exact_samples,4,8,0.24206670800049324
8192,100,moment_quant_approx_samples,1,8,0.1727673749992391
8192,100,moment_quant_exact_intervals,8,8,0.6760431670008984
8192,100,moment_quant_approx_samples,3,8,0.19240349999745376
8192,100,moment_quant_exact_intervals,0,8,0.6686212499989779
8192,100,moment_quant_exact_samples,3,8,0.24617333399874042
8192,100,moment_quant_approx_intervals,2,8,0.2331770829987363
8192,100,moment_quant_approx_intervals,6,8,0.21173075000115205
8192,100,moment_quant_exact_samples,5,8,0.23511499999949592
8192,100,moment_quant_exact_intervals,7,8,0.6766235410032095
8192,100,moment_quant_exact_samples,9,8,0.23764283399941633
8192,100,moment_quant_approx_intervals,9,8,0.23552216600000975
8192,100,moment_quant_exact_intervals,9,8,0.6754116660013096
8192,100,moment_quant_exact_intervals,1,8,0.667961250001099
8192,100,moment_quant_approx_intervals,1,8,0.1964922920014942
8192,100,moment_quant_exact_samples,8,8,0.233101916997839
8192,100,moment_quant_exact_samples,1,8,0.2357979170010367
8192,100,moment_quant_exact_samples,0,8,0.23258991699913167
8192,300,moment_quant_exact_intervals,2,8,2.0644172089996573
8192,300,moment_quant_exact_samples,0,8,0.681376625001576
8192,300,moment_quant_exact_intervals,5,8,2.062355458001548
8192,300,moment_quant_exact_intervals,4,8,2.07455491699875
8192,300,moment_quant_approx_samples,6,8,0.4185357919996022
8192,300,moment_quant_approx_intervals,4,8,0.7074949579982786
8192,300,moment_quant_exact_intervals,0,8,2.0433557910000673
8192,300,moment_quant_exact_intervals,6,8,2.060148125001433
8192,300,moment_quant_approx_intervals,5,8,0.699114125000051
8192,300,moment_quant_exact_samples,6,8,0.688701167000545
8192,300,moment_quant_approx_intervals,7,8,0.676546792001318
8192,300,moment_quant_exact_samples,4,8,0.6998445419994823
8192,300,moment_quant_approx_samples,7,8,0.4305997090013989
8192,300,moment_quant_approx_samples,1,8,0.3659641659978661
8192,300,moment_quant_approx_samples,4,8,0.40537187500012806
8192,300,moment_quant_exact_samples,5,8,0.7015636249998352
8192,300,moment_quant_exact_intervals,9,8,2.05102716699912
8192,300,moment_quant_approx_intervals,1,8,0.7102966250022291
8192,300,moment_quant_approx_intervals,3,8,0.7129126670006372
8192,300,moment_quant_exact_samples,2,8,0.6943471250015136
8192,300,moment_quant_approx_samples,2,8,0.4147472080003354
8192,300,moment_quant_approx_intervals,6,8,0.6363682080009312
8192,300,moment_quant_approx_samples,0,8,0.3929774579992227
8192,300,moment_quant_approx_intervals,2,8,0.6426597080026113
8192,300,moment_quant_approx_samples,9,8,0.3760949999996228
8192,300,moment_quant_approx_intervals,0,8,0.7056522919992858
8192,300,moment_quant_exact_intervals,1,8,2.0511618749987974
8192,300,moment_quant_exact_intervals,8,8,2.050067832999048
8192,300,moment_quant_exact_samples,7,8,0.6850662079996255
8192,300,moment_quant_exact_intervals,3,8,2.0619088749990624
8192,300,moment_quant_exact_samples,3,8,0.8010790840016853
8192,300,moment_quant_exact_intervals,7,8,2.0753863330028253
8192,300,moment_quant_approx_samples,5,8,0.44690225000158534
8192,300,moment_quant_exact_samples,8,8,0.6935132919970783
8192,300,moment_quant_exact_samples,1,8,0.6950274590017216
8192,300,moment_quant_approx_intervals,8,8,0.7060244999993301
8192,300,moment_quant_approx_intervals,9,8,0.717979999997624
8192,300,moment_quant_approx_samples,8,8,0.40530316600052174
8192,300,moment_quant_approx_samples,3,8,0.3779823330005456
8192,300,moment_quant_exact_samples,9,8,0.701587916999415
8192,1000,moment_quant_exact_samples,6,8,2.4194558750023134
8192,1000,moment_quant_approx_intervals,1,8,2.4033601250011998
8192,1000,moment_quant_approx_samples,6,8,1.2311374159980915
8192,1000,moment_quant_approx_intervals,8,8,2.3346059160030563
8192,1000,moment_quant_approx_samples,0,8,1.218574708000233
8192,1000,moment_quant_exact_samples,1,8,2.3608617919999233
8192,1000,moment_quant_approx_intervals,6,8,2.311742417001369
8192,1000,moment_quant_approx_intervals,0,8,2.3005125829986355
8192,1000,moment_quant_approx_samples,5,8,1.2038709159969585
8192,1000,moment_quant_approx_samples,4,8,1.2445777499997348
8192,1000,moment_quant_approx_samples,3,8,1.1997949590004282
8192,1000,moment_quant_exact_samples,8,8,2.282117292001203
8192,1000,moment_quant_exact_samples,7,8,2.300009083999612
8192,1000,moment_quant_exact_intervals,7,8,6.951955625001574
8192,1000,moment_quant_approx_intervals,9,8,2.2091816659994947
8192,1000,moment_quant_exact_intervals,8,8,6.947443375000148
8192,1000,moment_quant_approx_samples,8,8,1.231190250000509
8192,1000,moment_quant_approx_samples,9,8,1.1787398750020657
8192,1000,moment_quant_exact_intervals,2,8,6.955134583000472
8192,1000,moment_quant_exact_samples,4,8,2.293162083002244
8192,1000,moment_quant_approx_intervals,2,8,2.256601207998756
8192,1000,moment_quant_exact_intervals,5,8,6.96766654199746
8192,1000,moment_quant_approx_intervals,7,8,2.217673958002706
8192,1000,moment_quant_exact_intervals,0,8,6.995269292001467
8192,1000,moment_quant_exact_intervals,1,8,6.976822042001004
8192,1000,moment_quant_exact_samples,0,8,2.300026583001454
8192,1000,moment_quant_approx_samples,7,8,1.2219280829995114
8192,1000,moment_quant_approx_intervals,5,8,2.2728520420023415
8192,1000,moment_quant_exact_samples,3,8,2.3447296660015127
8192,1000,moment_quant_exact_samples,5,8,2.374996958002157
8192,1000,moment_quant_exact_intervals,3,8,6.983101917001477
8192,1000,moment_quant_approx_intervals,3,8,2.2501753750002536
8192,1000,moment_quant_approx_samples,2,8,1.220798250000371
8192,1000,moment_quant_exact_intervals,9,8,6.97831474999839
8192,1000,moment_quant_exact_intervals,4,8,6.990355165999063
8192,1000,moment_quant_approx_samples,1,8,1.2232800839992706
8192,1000,moment_quant_exact_samples,9,8,2.3144992909983557
8192,1000,moment_quant_approx_intervals,4,8,2.3562964580014523
8192,1000,moment_quant_exact_samples,2,8,2.331293082999764
8192,1000,moment_quant_exact_intervals,6,8,6.996224916998472
8192,3000,moment_quant_exact_intervals,9,8,21.31648458300333
8192,3000,moment_quant_approx_samples,3,8,4.093853375001345
8192,3000,moment_quant_exact_intervals,4,8,21.30282016700221
8192,3000,moment_quant_approx_intervals,0,8,8.3384143330004
8192,3000,moment_quant_exact_samples,0,8,7.035010042000067
8192,3000,moment_quant_exact_intervals,1,8,21.461217832998955
8192,3000,moment_quant_exact_samples,6,8,7.083033541999612
8192,3000,moment_quant_exact_intervals,7,8,21.35080820800067
8192,3000,moment_quant_exact_samples,9,8,7.099618374999409
8192,3000,moment_quant_approx_intervals,6,8,8.473387875001208
8192,3000,moment_quant_approx_samples,0,8,3.977971208998497
8192,3000,moment_quant_approx_samples,7,8,4.061330666001595
8192,3000,moment_quant_approx_intervals,3,8,7.935990957998001
8192,3000,moment_quant_approx_samples,5,8,4.2153310000030615
8192,3000,moment_quant_exact_samples,2,8,7.4905519999992975
8192,3000,moment_quant_exact_intervals,3,8,21.348647041999357
8192,3000,moment_quant_approx_intervals,8,8,8.320751790997747
8192,3000,moment_quant_approx_samples,4,8,4.069395709000673
8192,3000,moment_quant_exact_intervals,2,8,21.34741133300122
8192,3000,moment_quant_approx_intervals,5,8,8.259468999996898
8192,3000,moment_quant_exact_samples,5,8,6.975390166997386
8192,3000,moment_quant_exact_samples,3,8,7.0955566670018015
8192,3000,moment_quant_exact_intervals,5,8,21.33358604100067
8192,3000,moment_quant_exact_samples,7,8,7.055015999998432
8192,3000,moment_quant_approx_samples,1,8,4.173803041998326
8192,3000,moment_quant_exact_samples,4,8,7.2298791670000355
8192,3000,moment_quant_approx_intervals,1,8,8.251859208001406
8192,3000,moment_quant_approx_intervals,4,8,8.194550208998407
8192,3000,moment_quant_exact_intervals,6,8,21.3413333339995
8192,3000,moment_quant_exact_samples,8,8,7.1321782499981055
8192,3000,moment_quant_approx_intervals,7,8,8.472254332999
8192,3000,moment_quant_approx_intervals,9,8,8.170701584000199
8192,3000,moment_quant_exact_samples,1,8,7.2818844159992295
8192,3000,moment_quant_exact_intervals,0,8,21.481135416001052
8192,3000,moment_quant_approx_intervals,2,8,8.41655854200144
8192,3000,moment_quant_approx_samples,6,8,4.089757791000011
8192,3000,moment_quant_exact_intervals,8,8,21.325093999999808
8192,3000,moment_quant_approx_samples,2,8,4.098708749999787
8192,3000,moment_quant_approx_samples,9,8,4.118607667001925
8192,3000,moment_quant_approx_samples,8,8,4.068300541999633
