Dataset,SeriesLength,Representation,Depth,Column,Correlation
ItalyPowerDemand,24,raw,0,1,0.3927270966845513
ItalyPowerDemand,24,raw,0,2,0.8163775512143275
ItalyPowerDemand,24,raw,0,3,0.9064379364998086
ItalyPowerDemand,24,raw,0,4,0.4798266016680319
ItalyPowerDemand,24,raw,1,7,0.6191462118296113
ItalyPowerDemand,24,raw,1,10,0.8567372582155226
ItalyPowerDemand,24,raw,1,13,0.8519465288087159
ItalyPowerDemand,24,raw,3,29,0.9915891969209072
ItalyPowerDemand,24,raw,3,30,0.9918439423444607
ItalyPowerDemand,24,raw,3,31,0.9524190070706808
ItalyPowerDemand,24,raw,3,32,0.9893071761805079
ItalyPowerDemand,24,raw,3,33,0.9716266334057768
ItalyPowerDemand,24,raw,3,34,0.9893679207192102
ItalyPowerDemand,24,raw,3,35,0.9829050606260773
ItalyPowerDemand,24,raw,3,36,0.9934782999698645
ItalyPowerDemand,24,raw,3,37,0.991622002985775
ItalyPowerDemand,24,raw,3,38,0.8516907049246797
ItalyPowerDemand,24,raw,3,39,0.9884539400712555
ItalyPowerDemand,24,raw,3,40,0.9699361473533717
ItalyPowerDemand,24,raw,3,41,0.9967153278365052
ItalyPowerDemand,24,raw,3,42,0.9752683868852116
ItalyPowerDemand,24,raw,3,43,0.9804805818192881
ItalyPowerDemand,24,raw,4,45,1.0
ItalyPowerDemand,24,raw,4,47,1.0
ItalyPowerDemand,24,raw,4,49,1.0000000000000002
ItalyPowerDemand,24,raw,4,51,1.0
ItalyPowerDemand,24,raw,4,53,0.9999999999999999
ItalyPowerDemand,24,raw,4,55,1.0
ItalyPowerDemand,24,raw,4,57,1.0
ItalyPowerDemand,24,raw,4,59,1.0
ItalyPowerDemand,24,raw,4,61,1.0
ItalyPowerDemand,24,raw,4,63,1.0
ItalyPowerDemand,24,raw,4,65,1.0
ItalyPowerDemand,24,raw,4,67,1.0
ItalyPowerDemand,24,raw,4,69,1.0
ItalyPowerDemand,24,raw,4,71,1.0
ItalyPowerDemand,24,raw,4,73,1.0
ItalyPowerDemand,24,diff1,0,1,0.7932616271281824
ItalyPowerDemand,24,diff1,0,2,0.7134346512070417
ItalyPowerDemand,24,diff1,0,3,0.9177966395121805
ItalyPowerDemand,24,diff1,0,4,0.8206052340634908
ItalyPowerDemand,24,diff1,1,7,0.4983217897092028
ItalyPowerDemand,24,diff1,1,10,0.7111749189746772
ItalyPowerDemand,24,diff1,1,13,0.8019383276933648
ItalyPowerDemand,24,diff1,3,29,1.0
ItalyPowerDemand,24,diff1,3,30,0.9631600684654361
ItalyPowerDemand,24,diff1,3,31,0.9878299130772262
ItalyPowerDemand,24,diff1,3,32,0.9664800732601171
ItalyPowerDemand,24,diff1,3,33,0.9870282348629137
ItalyPowerDemand,24,diff1,3,34,0.9764103556935877
ItalyPowerDemand,24,diff1,3,35,0.9907940719429694
ItalyPowerDemand,24,diff1,3,36,0.9913373213497233
ItalyPowerDemand,24,diff1,3,37,1.0
ItalyPowerDemand,24,diff1,3,38,0.9898978293024988
ItalyPowerDemand,24,diff1,3,39,0.9629828542213672
ItalyPowerDemand,24,diff1,3,40,0.9705008722058763
ItalyPowerDemand,24,diff1,3,41,0.9607450186225652
ItalyPowerDemand,24,diff1,3,42,0.9899120243249916
ItalyPowerDemand,24,diff1,3,43,0.9910128492192805
ItalyPowerDemand,24,diff1,4,46,1.0
ItalyPowerDemand,24,diff1,4,48,1.0
ItalyPowerDemand,24,diff1,4,50,1.0
ItalyPowerDemand,24,diff1,4,53,1.0
ItalyPowerDemand,24,diff1,4,55,1.0
ItalyPowerDemand,24,diff1,4,57,1.0
ItalyPowerDemand,24,diff1,4,59,1.0
ItalyPowerDemand,24,diff2,0,1,0.7950939932193971
ItalyPowerDemand,24,diff2,0,2,0.612626464855474
ItalyPowerDemand,24,diff2,0,3,0.5717867555558949
ItalyPowerDemand,24,diff2,0,4,0.8272729018054065
ItalyPowerDemand,24,diff2,1,7,0.4929490091900971
ItalyPowerDemand,24,diff2,1,10,0.5528742581685185
ItalyPowerDemand,24,diff2,1,13,0.6225487952116623
ItalyPowerDemand,24,diff2,3,29,1.0
ItalyPowerDemand,24,diff2,3,30,0.7692149481059641
ItalyPowerDemand,24,diff2,3,31,0.7624923578333294
ItalyPowerDemand,24,diff2,3,32,0.8122912154504209
ItalyPowerDemand,24,diff2,3,33,1.0000000000000002
ItalyPowerDemand,24,diff2,3,34,0.8943114404402556
ItalyPowerDemand,24,diff2,3,35,0.8436712184628721
ItalyPowerDemand,24,diff2,3,36,0.7631591473879931
ItalyPowerDemand,24,diff2,3,37,1.0
ItalyPowerDemand,24,diff2,3,38,0.758223242284971
ItalyPowerDemand,24,diff2,3,39,0.7417973394938736
ItalyPowerDemand,24,diff2,3,40,0.7691736195571115
ItalyPowerDemand,24,diff2,3,41,1.0
ItalyPowerDemand,24,diff2,3,42,0.8037249756239755
ItalyPowerDemand,24,diff2,3,43,0.7798251477096794
ItalyPowerDemand,24,diff2,4,46,1.0
ItalyPowerDemand,24,diff2,4,49,1.0
ItalyPowerDemand,24,diff2,4,51,1.0
ItalyPowerDemand,24,diff2,4,54,1.0
ItalyPowerDemand,24,diff2,4,57,1.0
ItalyPowerDemand,24,diff2,4,59,1.0
ItalyPowerDemand,24,fft_magnitude,0,1,-0.04893414711349496
ItalyPowerDemand,24,fft_magnitude,0,2,0.7405475296469012
ItalyPowerDemand,24,fft_magnitude,2,10,0.916134039982906
ItalyPowerDemand,24,fft_magnitude,2,11,0.8952589600216329
ItalyPowerDemand,24,fft_magnitude,2,12,0.9584988066388745
ItalyPowerDemand,24,fft_magnitude,2,13,0.9871356840579988
ItalyPowerDemand,24,fft_magnitude,2,14,0.7951206246269557
ItalyPowerDemand,24,fft_magnitude,2,15,0.9414988319554531
ItalyPowerDemand,24,fft_magnitude,2,16,0.9628085597265381
ItalyPowerDemand,24,fft_magnitude,3,18,1.0
ItalyPowerDemand,24,fft_magnitude,3,20,1.0
ItalyPowerDemand,24,fft_magnitude,3,21,1.0
ItalyPowerDemand,24,fft_magnitude,3,23,1.0
ItalyPowerDemand,24,fft_magnitude,3,24,1.0
ItalyPowerDemand,24,fft_magnitude,3,26,1.0
ItalyPowerDemand,24,fft_magnitude,3,28,1.0
ItalyPowerDemand,24,fft_magnitude,3,29,1.0
ItalyPowerDemand,24,fft_magnitude,3,31,1.0
ECG200,96,raw,0,1,0.7168078047950377
ECG200,96,raw,0,2,0.5587698456853101
ECG200,96,raw,0,3,0.6163525310295884
ECG200,96,raw,0,4,0.5696633054129997
ECG200,96,raw,0,5,0.7062707639965766
ECG200,96,raw,0,6,0.8054845679941407
ECG200,96,raw,0,7,0.8105974454559826
ECG200,96,raw,0,8,0.7726526956059927
ECG200,96,raw,0,9,0.749788461794478
ECG200,96,raw,0,10,0.7370957792777113
ECG200,96,raw,0,11,0.704624216478193
ECG200,96,raw,0,12,0.6916988965521503
ECG200,96,raw,0,13,0.6491721576674274
ECG200,96,raw,0,14,0.6186938149957548
ECG200,96,raw,0,15,0.5875175039887148
ECG200,96,raw,0,16,0.5336570153536305
ECG200,96,raw,0,17,0.5054665773987231
ECG200,96,raw,0,18,0.5144337813710397
ECG200,96,raw,0,19,0.49406000018188406
ECG200,96,raw,0,20,0.4979295112620555
ECG200,96,raw,0,21,0.6530901439175656
ECG200,96,raw,0,22,0.5099441566928132
ECG200,96,raw,1,25,0.8853909542993184
ECG200,96,raw,1,26,0.6312211655343418
ECG200,96,raw,1,27,0.7310191616452579
ECG200,96,raw,1,28,0.6741697474932768
ECG200,96,raw,1,29,0.6155553600186003
ECG200,96,raw,1,30,0.8805955653479539
ECG200,96,raw,1,31,0.7797258768100308
ECG200,96,raw,1,32,0.8492726621022855
ECG200,96,raw,1,33,0.5297284452698309
ECG200,96,raw,1,34,0.6604796766232419
ECG200,96,raw,1,37,0.9498705129879235
ECG200,96,raw,1,38,0.9022302867799331
ECG200,96,raw,1,39,0.5410258143977289
ECG200,96,raw,1,40,0.9093190699996035
ECG200,96,raw,1,41,0.7623526245108979
ECG200,96,raw,1,42,0.9494693209879872
ECG200,96,raw,1,43,0.779915299434803
ECG200,96,raw,1,44,0.862877416888703
ECG200,96,raw,1,45,0.5753827180371368
ECG200,96,raw,1,46,0.8596657829921696
ECG200,96,raw,1,49,0.9359999566223544
ECG200,96,raw,1,50,0.8792563291895302
ECG200,96,raw,1,51,0.5839399602554461
ECG200,96,raw,1,52,0.835953253460837
ECG200,96,raw,1,53,0.6279951676779629
ECG200,96,raw,1,54,0.8781206605274825
ECG200,96,raw,1,55,0.5791992361984696
ECG200,96,raw,1,56,0.8472791050590859
ECG200,96,raw,1,57,0.6193828993209474
ECG200,96,raw,1,58,0.8005436689118891
ECG200,96,raw,2,61,0.8607407114615261
ECG200,96,raw,2,62,0.955107617186488
ECG200,96,raw,2,63,0.38164223745399106
ECG200,96,raw,2,64,0.8956820790811076
ECG200,96,raw,2,67,0.9621525438098812
ECG200,96,raw,2,68,0.9175246291434119
ECG200,96,raw,2,69,0.867259173982477
ECG200,96,raw,2,70,0.963697116592348
ECG200,96,raw,2,73,0.9378314813966447
ECG200,96,raw,2,74,0.9688327386554156
ECG200,96,raw,2,75,0.9286717840605714
ECG200,96,raw,2,76,0.9759981895434533
ECG200,96,raw,2,79,0.8824833496499331
ECG200,96,raw,2,80,0.9825164355364037
ECG200,96,raw,2,81,0.5022024527410623
ECG200,96,raw,2,82,0.8905570509336986
ECG200,96,raw,2,85,0.9005419464809394
ECG200,96,raw,2,86,0.9489294237774017
ECG200,96,raw,2,87,0.6174435510928421
ECG200,96,raw,2,88,0.9674770145860078
ECG200,96,raw,2,91,0.9131387437205634
ECG200,96,raw,2,92,0.9870347939507804
ECG200,96,raw,2,93,0.7826080683044881
ECG200,96,raw,2,94,0.9746057885805863
ECG200,96,raw,2,97,0.9127975746157183
ECG200,96,raw,2,98,0.9893939569492776
ECG200,96,raw,2,99,0.7807451199939255
ECG200,96,raw,2,100,0.9866087877018767
ECG200,96,raw,3,103,0.810817132651513
ECG200,96,raw,3,106,0.6760808117122553
ECG200,96,raw,3,109,0.821488304292142
ECG200,96,raw,3,112,0.9407734950352343
ECG200,96,raw,3,115,0.7651618175203013
ECG200,96,raw,3,118,0.6671807595327185
ECG200,96,raw,3,121,0.7139248520910267
ECG200,96,raw,3,124,0.8967452501584413
ECG200,96,raw,3,127,0.6784742012288552
ECG200,96,raw,3,130,0.8125896854996336
ECG200,96,raw,3,133,0.9127845414645288
ECG200,96,raw,3,136,0.7937862281299491
ECG200,96,raw,3,139,0.7388329395503243
ECG200,96,raw,3,142,0.7713423969698142
ECG200,96,raw,3,145,0.8596689304951836
ECG200,96,raw,5,209,0.9821963194784592
ECG200,96,raw,5,210,0.9838846140929075
ECG200,96,raw,5,211,0.9914957941649386
ECG200,96,raw,5,212,0.9949073283677405
ECG200,96,raw,5,213,0.9905760529152109
ECG200,96,raw,5,214,0.9967520806899797
ECG200,96,raw,5,215,0.9955703937250034
ECG200,96,raw,5,216,0.9975875705788798
ECG200,96,raw,5,217,0.9964667304955802
ECG200,96,raw,5,218,0.9970109549332942
ECG200,96,raw,5,219,0.9980783702845633
ECG200,96,raw,5,220,0.9973684117889724
ECG200,96,raw,5,221,0.9981997055340885
ECG200,96,raw,5,222,0.9984577675705567
ECG200,96,raw,5,223,0.9988357245729665
ECG200,96,raw,5,224,0.9990260067300976
ECG200,96,raw,5,225,0.9984105546471217
ECG200,96,raw,5,226,0.9972656426597701
ECG200,96,raw,5,227,0.9936448712407047
ECG200,96,raw,5,228,0.9904326483706823
ECG200,96,raw,5,229,0.9913259664540006
ECG200,96,raw,5,230,0.9934217470709644
ECG200,96,raw,5,231,0.9894526101636146
ECG200,96,raw,5,232,0.9926377431754662
ECG200,96,raw,5,233,0.9919711083216269
ECG200,96,raw,5,234,0.9917712721074075
ECG200,96,raw,5,235,0.9923944213160589
ECG200,96,raw,5,236,0.9949716939044708
ECG200,96,raw,5,237,0.9948263040522765
ECG200,96,raw,5,238,0.9930793473663299
ECG200,96,raw,5,239,0.9958121757101537
ECG200,96,raw,5,240,0.9866387101600708
ECG200,96,raw,5,241,0.9846208602979902
ECG200,96,raw,5,242,0.988623870640894
ECG200,96,raw,5,243,0.9954660866282967
ECG200,96,raw,5,244,0.9916009358797646
ECG200,96,raw,5,245,0.9951725944007823
ECG200,96,raw,5,246,0.9962841434656556
ECG200,96,raw,5,247,0.9961566120842877
ECG200,96,raw,5,248,0.9964704256669727
ECG200,96,raw,5,249,0.9970305417521798
ECG200,96,raw,5,250,0.9982855154838739
ECG200,96,raw,5,251,0.9976996700861207
ECG200,96,raw,5,252,0.9978274422004735
ECG200,96,raw,5,253,0.9981366568004675
ECG200,96,raw,5,254,0.9992072321826049
ECG200,96,raw,5,255,0.9991996994206969
ECG200,96,raw,5,256,0.9986002649584459
ECG200,96,raw,5,257,0.996971729939586
ECG200,96,raw,5,258,0.9939403184086428
ECG200,96,raw,5,259,0.9933957972092904
ECG200,96,raw,5,260,0.9896230157925465
ECG200,96,raw,5,261,0.991331147011398
ECG200,96,raw,5,262,0.9929916380265073
ECG200,96,raw,5,263,0.9917758949733252
ECG200,96,raw,5,264,0.9908540093022097
ECG200,96,raw,5,265,0.9929249003051663
ECG200,96,raw,5,266,0.9905623361725824
ECG200,96,raw,5,267,0.995331450458545
ECG200,96,raw,5,268,0.9957289497149053
ECG200,96,raw,5,269,0.9946176426131419
ECG200,96,raw,5,270,0.9962081826276051
ECG200,96,raw,5,271,0.9944027238668043
ECG200,96,diff1,0,1,0.38419604643607314
ECG200,96,diff1,0,2,0.30503842669370335
ECG200,96,diff1,0,3,0.29679133630517207
ECG200,96,diff1,0,4,0.3411129647027094
ECG200,96,diff1,0,5,0.29597600100203525
ECG200,96,diff1,0,6,0.41169865519377496
ECG200,96,diff1,0,7,0.36489347961848023
ECG200,96,diff1,0,8,0.4141620884298187
ECG200,96,diff1,0,9,0.4993622897236217
ECG200,96,diff1,0,10,0.5838240662012096
ECG200,96,diff1,0,11,0.649937974554772
ECG200,96,diff1,0,12,0.6157069986069795
ECG200,96,diff1,0,13,0.6457436649179294
ECG200,96,diff1,0,14,0.5987529685530553
ECG200,96,diff1,0,15,0.6106304287721769
ECG200,96,diff1,0,16,0.49104507941482256
ECG200,96,diff1,0,17,0.3777593941820704
ECG200,96,diff1,0,18,0.16503594766047328
ECG200,96,diff1,0,19,0.0671379583083172
ECG200,96,diff1,0,20,0.3087027905456524
ECG200,96,diff1,0,21,0.7552297799550961
ECG200,96,diff1,0,22,0.6307350804379735
ECG200,96,diff1,1,25,0.6868375179148631
ECG200,96,diff1,1,26,0.6573473840518849
ECG200,96,diff1,1,27,0.7106409201426372
ECG200,96,diff1,1,28,0.7081093640054757
ECG200,96,diff1,1,29,0.7032096568537686
ECG200,96,diff1,1,30,0.6698580786831568
ECG200,96,diff1,1,31,0.31204977066473844
ECG200,96,diff1,1,32,0.7786161777823045
ECG200,96,diff1,1,33,0.7690238527189703
ECG200,96,diff1,1,34,0.8290831523815312
ECG200,96,diff1,1,37,0.6642413108650517
ECG200,96,diff1,1,38,0.7157026077140385
ECG200,96,diff1,1,39,0.7057994544690604
ECG200,96,diff1,1,40,0.8508009393936057
ECG200,96,diff1,1,41,0.5691293776094717
ECG200,96,diff1,1,42,0.8203655417349521
ECG200,96,diff1,1,43,0.6239184359535535
ECG200,96,diff1,1,44,0.8628870284260697
ECG200,96,diff1,1,45,0.8418899344691168
ECG200,96,diff1,1,46,0.9136189948400055
ECG200,96,diff1,1,49,0.6358692016526569
ECG200,96,diff1,1,50,0.46968438640682464
ECG200,96,diff1,1,51,0.8144063850449714
ECG200,96,diff1,1,52,0.8357599451754133
ECG200,96,diff1,1,53,0.8859181969994643
ECG200,96,diff1,1,54,0.6309824005518299
ECG200,96,diff1,1,55,0.36779360547963996
ECG200,96,diff1,1,56,0.2519419299457432
ECG200,96,diff1,1,57,0.7482060592422924
ECG200,96,diff1,1,58,0.9724046522900666
ECG200,96,diff1,2,61,0.667928501635611
ECG200,96,diff1,2,62,0.6648635298661415
ECG200,96,diff1,2,63,0.6175552822862238
ECG200,96,diff1,2,64,0.6992828636106913
ECG200,96,diff1,2,67,0.9333927661544659
ECG200,96,diff1,2,68,0.8997236772724088
ECG200,96,diff1,2,69,0.690060225048242
ECG200,96,diff1,2,70,0.9884861248083902
ECG200,96,diff1,2,73,0.9452027500949408
ECG200,96,diff1,2,74,0.9700494313288227
ECG200,96,diff1,2,75,0.5392517326974601
ECG200,96,diff1,2,76,0.9907489594516795
ECG200,96,diff1,2,79,0.498715346121009
ECG200,96,diff1,2,80,0.7958533388408028
ECG200,96,diff1,2,81,0.5090577825002057
ECG200,96,diff1,2,82,0.8236218148977755
ECG200,96,diff1,2,85,0.8887386689140172
ECG200,96,diff1,2,86,0.874169497801781
ECG200,96,diff1,2,87,0.41456243927253683
ECG200,96,diff1,2,88,0.9761893609018454
ECG200,96,diff1,2,91,0.906523604823231
ECG200,96,diff1,2,92,0.9105236079491176
ECG200,96,diff1,2,93,0.26575700605355823
ECG200,96,diff1,2,94,0.9652518181097314
ECG200,96,diff1,2,97,0.8733408595975981
ECG200,96,diff1,2,98,0.9571253701512971
ECG200,96,diff1,2,99,0.6689854423762803
ECG200,96,diff1,2,100,0.9182441288140581
ECG200,96,diff1,3,103,0.7096162768245249
ECG200,96,diff1,3,106,0.7456105608966931
ECG200,96,diff1,3,109,0.8798341573076445
ECG200,96,diff1,3,112,0.8162503400895224
ECG200,96,diff1,3,115,0.7040786102221103
ECG200,96,diff1,3,118,0.5997392818296747
ECG200,96,diff1,3,121,0.7357833230337657
ECG200,96,diff1,3,124,0.8122355313937156
ECG200,96,diff1,3,127,0.7318607808020166
ECG200,96,diff1,3,130,0.8323701883632335
ECG200,96,diff1,3,133,0.8584422557345273
ECG200,96,diff1,3,136,0.7957230892837702
ECG200,96,diff1,3,139,0.7516049427682904
ECG200,96,diff1,3,142,0.633605331579674
ECG200,96,diff1,3,145,0.8689395941583091
ECG200,96,diff1,5,209,1.0
ECG200,96,diff1,5,210,0.9857655170407641
ECG200,96,diff1,5,211,0.977094545298856
ECG200,96,diff1,5,212,0.9787592997822813
ECG200,96,diff1,5,213,0.9892257715276754
ECG200,96,diff1,5,214,0.9824710798273057
ECG200,96,diff1,5,215,0.9932032030728137
ECG200,96,diff1,5,216,0.9872002525753379
ECG200,96,diff1,5,217,0.9907625680030929
ECG200,96,diff1,5,218,0.995136331032517
ECG200,96,diff1,5,219,0.9949466419264118
ECG200,96,diff1,5,220,0.9939915944834242
ECG200,96,diff1,5,221,0.9977331106286864
ECG200,96,diff1,5,222,0.9960429981308523
ECG200,96,diff1,5,223,0.9884302322213004
ECG200,96,diff1,5,224,0.9918163903877372
ECG200,96,diff1,5,225,0.9936411876520198
ECG200,96,diff1,5,226,0.993445443205411
ECG200,96,diff1,5,227,0.988270832027685
ECG200,96,diff1,5,228,0.9672973119829018
ECG200,96,diff1,5,229,0.9672906033796319
ECG200,96,diff1,5,230,0.9832964659582336
ECG200,96,diff1,5,231,0.974127847879543
ECG200,96,diff1,5,232,0.9800330254308777
ECG200,96,diff1,5,233,0.9889660009365345
ECG200,96,diff1,5,234,0.9740465164730925
ECG200,96,diff1,5,235,0.9875021680442494
ECG200,96,diff1,5,236,0.9663298854521714
ECG200,96,diff1,5,237,0.970132159676944
ECG200,96,diff1,5,238,0.9918656790631968
ECG200,96,diff1,5,239,0.9882984002185974
ECG200,96,diff1,5,240,0.9958532037568655
ECG200,96,diff1,5,241,1.0
ECG200,96,diff1,5,242,0.9805973442512922
ECG200,96,diff1,5,243,0.978493105656136
ECG200,96,diff1,5,244,0.9873629859241765
ECG200,96,diff1,5,245,0.9831706571303257
ECG200,96,diff1,5,246,0.9943301979890735
ECG200,96,diff1,5,247,0.9909265064969629
ECG200,96,diff1,5,248,0.9839212243244061
ECG200,96,diff1,5,249,0.9919799339155088
ECG200,96,diff1,5,250,0.9950308356857944
ECG200,96,diff1,5,251,0.9935391513554779
ECG200,96,diff1,5,252,0.9972808239522994
ECG200,96,diff1,5,253,0.9965432940986242
ECG200,96,diff1,5,254,0.9901139659721242
ECG200,96,diff1,5,255,0.9903408659558379
ECG200,96,diff1,5,256,0.9942514840739327
ECG200,96,diff1,5,257,0.9948069211189356
ECG200,96,diff1,5,258,0.9893879277520533
ECG200,96,diff1,5,259,0.9754380532372919
ECG200,96,diff1,5,260,0.9721690923572137
ECG200,96,diff1,5,261,0.9763790533273364
ECG200,96,diff1,5,262,0.9768330235771073
ECG200,96,diff1,5,263,0.9792145194421795
ECG200,96,diff1,5,264,0.9889834964612502
ECG200,96,diff1,5,265,0.9677595539440037
ECG200,96,diff1,5,266,0.9895945338397418
ECG200,96,diff1,5,267,0.9786022773103996
ECG200,96,diff1,5,268,0.9623526893936806
ECG200,96,diff1,5,269,0.990232841664361
ECG200,96,diff1,5,270,0.9926654392620927
ECG200,96,diff1,5,271,0.9942163149316547
ECG200,96,diff2,0,1,0.8151258527449147
ECG200,96,diff2,0,2,0.9024309481445905
ECG200,96,diff2,0,3,0.8690864166648543
ECG200,96,diff2,0,4,0.8212959322833993
ECG200,96,diff2,0,5,0.7828776548315582
ECG200,96,diff2,0,6,0.7296967614937845
ECG200,96,diff2,0,7,0.7102091026121325
ECG200,96,diff2,0,8,0.6573962388531477
ECG200,96,diff2,0,9,0.5832848581993476
ECG200,96,diff2,0,10,0.44996745203063193
ECG200,96,diff2,0,11,0.26093671250601885
ECG200,96,diff2,0,12,0.16410768313369392
ECG200,96,diff2,0,13,0.2776558255326326
ECG200,96,diff2,0,14,0.48080283480946123
ECG200,96,diff2,0,15,0.5624345273132983
ECG200,96,diff2,0,16,0.648654145548992
ECG200,96,diff2,0,17,0.700915576315615
ECG200,96,diff2,0,18,0.7715071415285023
ECG200,96,diff2,0,19,0.8174398499789005
ECG200,96,diff2,0,20,0.8893543900415949
ECG200,96,diff2,0,21,0.9310830162488283
ECG200,96,diff2,0,22,0.8283745510981612
ECG200,96,diff2,1,25,0.8639492644421545
ECG200,96,diff2,1,26,0.9098385474879067
ECG200,96,diff2,1,27,0.8308478474250364
ECG200,96,diff2,1,28,0.6840702542189477
ECG200,96,diff2,1,29,0.31756009401372154
ECG200,96,diff2,1,30,0.29334534238885646
ECG200,96,diff2,1,31,0.6348749403795444
ECG200,96,diff2,1,32,0.820669772284066
ECG200,96,diff2,1,33,0.923339034164779
ECG200,96,diff2,1,34,0.8830076242134683
ECG200,96,diff2,1,37,0.9392740940743632
ECG200,96,diff2,1,38,0.9537880702313046
ECG200,96,diff2,1,39,0.9158649288054893
ECG200,96,diff2,1,40,0.7924784161054044
ECG200,96,diff2,1,41,0.5321008302263699
ECG200,96,diff2,1,42,0.35036015797870773
ECG200,96,diff2,1,43,0.8190014237055394
ECG200,96,diff2,1,44,0.9126618951333069
ECG200,96,diff2,1,45,0.9577116278132476
ECG200,96,diff2,1,46,0.9661277821383875
ECG200,96,diff2,1,49,0.977170778558052
ECG200,96,diff2,1,50,0.9664643797861066
ECG200,96,diff2,1,51,0.9648260175894283
ECG200,96,diff2,1,52,0.9342614413494227
ECG200,96,diff2,1,53,0.6150034269096205
ECG200,96,diff2,1,54,0.551862876057709
ECG200,96,diff2,1,55,0.9079949313242981
ECG200,96,diff2,1,56,0.964744378112436
ECG200,96,diff2,1,57,0.9846075672719882
ECG200,96,diff2,1,58,0.9850749985176134
ECG200,96,diff2,2,61,0.8602019191997556
ECG200,96,diff2,2,62,0.6619552467850325
ECG200,96,diff2,2,63,0.5391081029314998
ECG200,96,diff2,2,64,0.856111104739353
ECG200,96,diff2,2,67,0.9540634238384493
ECG200,96,diff2,2,68,0.8041432073094577
ECG200,96,diff2,2,69,0.8581466219928945
ECG200,96,diff2,2,70,0.9682733735805575
ECG200,96,diff2,2,73,0.9645899320331787
ECG200,96,diff2,2,74,0.8003127264601602
ECG200,96,diff2,2,75,0.8134169122547491
ECG200,96,diff2,2,76,0.9606341048702821
ECG200,96,diff2,2,79,0.9255237745754993
ECG200,96,diff2,2,80,0.7309359985957492
ECG200,96,diff2,2,81,0.6605075488010053
ECG200,96,diff2,2,82,0.939667875700905
ECG200,96,diff2,2,85,0.9500545940688556
ECG200,96,diff2,2,86,0.7942283607092586
ECG200,96,diff2,2,87,0.8812809741097526
ECG200,96,diff2,2,88,0.962624447416991
ECG200,96,diff2,2,91,0.964055279893543
ECG200,96,diff2,2,92,0.8282568122652295
ECG200,96,diff2,2,93,0.8074387550814746
ECG200,96,diff2,2,94,0.974811554616707
ECG200,96,diff2,2,97,0.9666998681685621
ECG200,96,diff2,2,98,0.7951169758225177
ECG200,96,diff2,2,99,0.8173072952063353
ECG200,96,diff2,2,100,0.9579844829623385
ECG200,96,diff2,3,103,0.6180207333894843
ECG200,96,diff2,3,106,0.588002510020929
ECG200,96,diff2,3,109,0.6041656151551704
ECG200,96,diff2,3,112,0.7083685102469682
ECG200,96,diff2,3,115,0.570117227234629
ECG200,96,diff2,3,118,0.7269906251979582
ECG200,96,diff2,3,121,0.6963284282255496
ECG200,96,diff2,3,124,0.5729963884320022
ECG200,96,diff2,3,127,0.5685920488762141
ECG200,96,diff2,3,130,0.7442561838652967
ECG200,96,diff2,3,133,0.6604138887949504
ECG200,96,diff2,3,136,0.6653249938808068
ECG200,96,diff2,3,139,0.521662819741154
ECG200,96,diff2,3,142,0.6358312605530864
ECG200,96,diff2,3,145,0.7098829140279838
ECG200,96,diff2,5,209,1.0
ECG200,96,diff2,5,210,0.8100010657776718
ECG200,96,diff2,5,211,0.704041211862734
ECG200,96,diff2,5,212,0.8070713031423231
ECG200,96,diff2,5,213,0.8268835329949856
ECG200,96,diff2,5,214,0.7960666831093846
ECG200,96,diff2,5,215,0.8369544676009903
ECG200,96,diff2,5,216,0.8485998479999695
ECG200,96,diff2,5,217,0.838625859588036
ECG200,96,diff2,5,218,0.705752541644064
ECG200,96,diff2,5,219,0.8848222415987577
ECG200,96,diff2,5,220,0.7990331153318946
ECG200,96,diff2,5,221,0.8895917890400011
ECG200,96,diff2,5,222,0.8562928412801109
ECG200,96,diff2,5,223,0.8541930692377168
ECG200,96,diff2,5,224,0.8440547830040905
ECG200,96,diff2,5,225,1.0
ECG200,96,diff2,5,226,0.8932544022882377
ECG200,96,diff2,5,227,0.8468711313216996
ECG200,96,diff2,5,228,0.8122380699238867
ECG200,96,diff2,5,229,0.713429071026574
ECG200,96,diff2,5,230,0.8622469105666445
ECG200,96,diff2,5,231,0.8793564693832774
ECG200,96,diff2,5,232,0.8273862360353317
ECG200,96,diff2,5,233,0.8047800717580738
ECG200,96,diff2,5,234,0.7946960317142931
ECG200,96,diff2,5,235,0.8100311920710794
ECG200,96,diff2,5,236,0.8382784780247153
ECG200,96,diff2,5,237,0.7591511693244112
ECG200,96,diff2,5,238,0.8903707356067264
ECG200,96,diff2,5,239,0.8132267810079541
ECG200,96,diff2,5,240,0.8118829234015972
ECG200,96,diff2,5,241,1.0
ECG200,96,diff2,5,242,0.784515699059385
ECG200,96,diff2,5,243,0.816018145413311
ECG200,96,diff2,5,244,0.8039078332564328
ECG200,96,diff2,5,245,0.8163385500773901
ECG200,96,diff2,5,246,0.797864767048532
ECG200,96,diff2,5,247,0.8240708591519671
ECG200,96,diff2,5,248,0.7860289043784834
ECG200,96,diff2,5,249,0.8048726040017229
ECG200,96,diff2,5,250,0.8352531345540225
ECG200,96,diff2,5,251,0.7859162562919035
ECG200,96,diff2,5,252,0.8187717238811727
ECG200,96,diff2,5,253,0.8190515056043636
ECG200,96,diff2,5,254,0.8715414463566191
ECG200,96,diff2,5,255,0.8412845667312793
ECG200,96,diff2,5,256,0.8579918308420347
ECG200,96,diff2,5,257,1.0
ECG200,96,diff2,5,258,0.9058702128959675
ECG200,96,diff2,5,259,0.8396954404414065
ECG200,96,diff2,5,260,0.7956256002152732
ECG200,96,diff2,5,261,0.8671717414747564
ECG200,96,diff2,5,262,0.8344196879496858
ECG200,96,diff2,5,263,0.8318509594234135
ECG200,96,diff2,5,264,0.806162463744762
ECG200,96,diff2,5,265,0.8559189048821283
ECG200,96,diff2,5,266,0.8011222516715939
ECG200,96,diff2,5,267,0.7918423048425014
ECG200,96,diff2,5,268,0.8662862560761955
ECG200,96,diff2,5,269,0.8633671517170514
ECG200,96,diff2,5,270,0.8204726076888431
ECG200,96,diff2,5,271,0.901328968136076
ECG200,96,fft_magnitude,0,1,0.7832136236480546
ECG200,96,fft_magnitude,0,2,0.6933706044373626
ECG200,96,fft_magnitude,0,3,-0.8492286951686727
ECG200,96,fft_magnitude,0,4,0.8260209583846077
ECG200,96,fft_magnitude,0,5,-0.47282718497420045
ECG200,96,fft_magnitude,0,6,0.7841167405074979
ECG200,96,fft_magnitude,0,7,0.031534691766123744
ECG200,96,fft_magnitude,0,8,0.7740552770755765
ECG200,96,fft_magnitude,0,9,0.2796649203172784
ECG200,96,fft_magnitude,0,10,0.38398225607773867
ECG200,96,fft_magnitude,0,11,-0.3085202122801452
ECG200,96,fft_magnitude,1,14,-0.3508921846884932
ECG200,96,fft_magnitude,1,15,0.8350095273290091
ECG200,96,fft_magnitude,1,16,0.18170462514250396
ECG200,96,fft_magnitude,1,17,0.36856658021027394
ECG200,96,fft_magnitude,1,20,0.9014062730881799
ECG200,96,fft_magnitude,1,21,0.9584684459847911
ECG200,96,fft_magnitude,1,22,0.6397169169539091
ECG200,96,fft_magnitude,1,23,0.9697478549780554
ECG200,96,fft_magnitude,1,24,0.7943843545383168
ECG200,96,fft_magnitude,1,27,0.9251562556211321
ECG200,96,fft_magnitude,1,28,0.9531390417187303
ECG200,96,fft_magnitude,1,29,0.404190144375021
ECG200,96,fft_magnitude,1,30,0.9700136684744884
ECG200,96,fft_magnitude,2,33,0.06903238312576651
ECG200,96,fft_magnitude,2,36,0.7456671786879154
ECG200,96,fft_magnitude,2,39,0.800069418253541
ECG200,96,fft_magnitude,2,42,0.8752791853716323
ECG200,96,fft_magnitude,2,43,0.9766040368694818
ECG200,96,fft_magnitude,2,46,0.8412416967402896
ECG200,96,fft_magnitude,2,49,0.7091663050894341
ECG200,96,fft_magnitude,2,52,0.5351892471750115
ECG200,96,fft_magnitude,4,84,0.8116181269781991
ECG200,96,fft_magnitude,4,85,0.9431145555117919
ECG200,96,fft_magnitude,4,86,0.9657476943296566
ECG200,96,fft_magnitude,4,87,0.9890065553371432
ECG200,96,fft_magnitude,4,88,0.993349839212231
ECG200,96,fft_magnitude,4,89,0.9909107422485772
ECG200,96,fft_magnitude,4,90,0.9844487406190061
ECG200,96,fft_magnitude,4,91,0.9741771831666365
ECG200,96,fft_magnitude,4,92,0.9738343923613787
ECG200,96,fft_magnitude,4,93,0.975791327817547
ECG200,96,fft_magnitude,4,94,0.9716880026642783
ECG200,96,fft_magnitude,4,95,0.9773229798473955
ECG200,96,fft_magnitude,4,96,0.976653321321054
ECG200,96,fft_magnitude,4,97,0.9579055430939226
ECG200,96,fft_magnitude,4,98,0.9756959560666613
ECG200,96,fft_magnitude,4,99,0.9945048387658714
ECG200,96,fft_magnitude,4,100,0.9394402620699984
ECG200,96,fft_magnitude,4,101,0.8972457413397025
ECG200,96,fft_magnitude,4,102,0.9874533037485802
ECG200,96,fft_magnitude,4,103,0.9951046593889942
ECG200,96,fft_magnitude,4,104,0.994173293605461
ECG200,96,fft_magnitude,4,105,0.9867432306262717
ECG200,96,fft_magnitude,4,106,0.9758369555133486
ECG200,96,fft_magnitude,4,107,0.9664917684930651
ECG200,96,fft_magnitude,4,108,0.9642135059796689
ECG200,96,fft_magnitude,4,109,0.9683722733828886
ECG200,96,fft_magnitude,4,110,0.9772470068568413
ECG200,96,fft_magnitude,4,111,0.9820155405303058
ECG200,96,fft_magnitude,4,112,0.9750381646096224
ECG200,96,fft_magnitude,4,113,0.9740993758335234
ECG200,96,fft_magnitude,4,114,0.98283942879937
ECG200,96,fft_magnitude,5,116,1.0
ECG200,96,fft_magnitude,5,118,1.0
ECG200,96,fft_magnitude,5,120,1.0
ECG200,96,fft_magnitude,5,122,1.0
ECG200,96,fft_magnitude,5,124,1.0
ECG200,96,fft_magnitude,5,126,1.0
ECG200,96,fft_magnitude,5,128,1.0
ECG200,96,fft_magnitude,5,130,1.0
ECG200,96,fft_magnitude,5,131,1.0
ECG200,96,fft_magnitude,5,133,1.0
ECG200,96,fft_magnitude,5,135,1.0
ECG200,96,fft_magnitude,5,137,1.0
ECG200,96,fft_magnitude,5,139,1.0
ECG200,96,fft_magnitude,5,141,1.0
ECG200,96,fft_magnitude,5,143,1.0
ECG200,96,fft_magnitude,5,145,1.0
ECG200,96,fft_magnitude,5,146,1.0
ECG200,96,fft_magnitude,5,148,1.0
ECG200,96,fft_magnitude,5,150,1.0
ECG200,96,fft_magnitude,5,152,1.0
ECG200,96,fft_magnitude,5,154,1.0
ECG200,96,fft_magnitude,5,156,1.0
ECG200,96,fft_magnitude,5,158,1.0
ECG200,96,fft_magnitude,5,160,1.0
ECG200,96,fft_magnitude,5,162,1.0
ECG200,96,fft_magnitude,5,163,1.0
ECG200,96,fft_magnitude,5,165,1.0
ECG200,96,fft_magnitude,5,167,1.0
ECG200,96,fft_magnitude,5,169,1.0
ECG200,96,fft_magnitude,5,171,1.0
ECG200,96,fft_magnitude,5,173,1.0
ECG200,96,fft_magnitude,5,175,1.0
ECG200,96,fft_magnitude,5,177,1.0
GunPoint,150,raw,0,1,0.9584528338163416
GunPoint,150,raw,0,2,0.9610446869146118
GunPoint,150,raw,0,3,0.9614632931585826
GunPoint,150,raw,0,4,0.9578320500167625
GunPoint,150,raw,0,5,0.9390211056068312
GunPoint,150,raw,0,6,0.1333099285580927
GunPoint,150,raw,0,7,-0.9381628085209014
GunPoint,150,raw,0,8,-0.880899559199997
GunPoint,150,raw,0,9,-0.6943090461971108
GunPoint,150,raw,0,10,-0.43518911727880827
GunPoint,150,raw,0,11,-0.16496712234311886
GunPoint,150,raw,0,12,0.04454654148864703
GunPoint,150,raw,0,13,0.210800786342646
GunPoint,150,raw,0,14,0.35628887693750083
GunPoint,150,raw,0,15,0.5070163277509494
GunPoint,150,raw,0,16,0.6469460559160699
GunPoint,150,raw,0,17,0.7408464729772499
GunPoint,150,raw,0,18,0.8038639819007865
GunPoint,150,raw,0,19,0.8584433449795956
GunPoint,150,raw,0,20,0.8937893740382441
GunPoint,150,raw,0,21,0.9041625442450204
GunPoint,150,raw,0,22,0.8909720403636671
GunPoint,150,raw,0,23,0.8669940836967518
GunPoint,150,raw,0,24,0.8363470383025471
GunPoint,150,raw,0,25,0.7894428854493192
GunPoint,150,raw,0,26,0.716063926793449
GunPoint,150,raw,0,27,0.575136687681511
GunPoint,150,raw,0,28,0.25622729450283827
GunPoint,150,raw,0,29,-0.3298213277990076
GunPoint,150,raw,0,30,-0.7781861506534348
GunPoint,150,raw,0,31,-0.7857456550663714
GunPoint,150,raw,0,32,0.9243630199568843
GunPoint,150,raw,0,33,0.9610049456350437
GunPoint,150,raw,0,34,0.9639417884632309
GunPoint,150,raw,0,35,0.9632056982916122
GunPoint,150,raw,0,36,0.9597748575686166
GunPoint,150,raw,1,39,0.8920041104329547
GunPoint,150,raw,1,40,0.5741967621583367
GunPoint,150,raw,1,41,-0.12261044053453193
GunPoint,150,raw,1,42,0.19717007249615742
GunPoint,150,raw,1,43,-0.43564706181334956
GunPoint,150,raw,1,44,0.7814622422833406
GunPoint,150,raw,1,45,0.7247451393226497
GunPoint,150,raw,1,46,0.7303275581254663
GunPoint,150,raw,1,47,0.8866632623886304
GunPoint,150,raw,1,48,0.6931389466302634
GunPoint,150,raw,1,49,0.8703971334825862
GunPoint,150,raw,1,50,0.6186755251364551
GunPoint,150,raw,1,51,0.6170415687139555
GunPoint,150,raw,1,52,0.5095397643942325
GunPoint,150,raw,1,53,0.3483308159218132
GunPoint,150,raw,1,54,0.5454395682994893
GunPoint,150,raw,1,55,0.897743930173204
GunPoint,150,raw,1,58,0.8265419872846229
GunPoint,150,raw,1,59,0.6355508317541813
GunPoint,150,raw,1,60,0.6006314560912472
GunPoint,150,raw,1,61,0.6341378669584503
GunPoint,150,raw,1,62,0.48449301604887435
GunPoint,150,raw,1,63,0.7405679463135058
GunPoint,150,raw,1,64,0.5960923195700844
GunPoint,150,raw,1,65,0.8025449636416401
GunPoint,150,raw,1,66,0.7276713030477252
GunPoint,150,raw,1,67,0.8022816788776908
GunPoint,150,raw,1,68,0.8081030194699657
GunPoint,150,raw,1,69,0.7425540104369756
GunPoint,150,raw,1,70,0.7931883158585462
GunPoint,150,raw,1,71,0.7272566008241349
GunPoint,150,raw,1,72,0.6953661845740244
GunPoint,150,raw,1,73,0.5739989546946893
GunPoint,150,raw,1,74,0.7371083515607142
GunPoint,150,raw,1,77,0.8788236953895849
GunPoint,150,raw,1,78,0.952019214754937
GunPoint,150,raw,1,79,0.9485103672848486
GunPoint,150,raw,1,80,0.9582999655830308
GunPoint,150,raw,1,81,0.9267218591476456
GunPoint,150,raw,1,82,0.9310222271883334
GunPoint,150,raw,1,83,0.8882741483409786
GunPoint,150,raw,1,84,0.8768711398195009
GunPoint,150,raw,1,85,0.7194677536533596
GunPoint,150,raw,1,86,0.6427110481603819
GunPoint,150,raw,1,87,0.7714840686846367
GunPoint,150,raw,1,88,0.6509681898419662
GunPoint,150,raw,1,89,0.8914830581823661
GunPoint,150,raw,1,90,0.8622388169397875
GunPoint,150,raw,1,91,0.9455926755212927
GunPoint,150,raw,1,92,0.956016224483235
GunPoint,150,raw,1,93,0.9848262696474999
GunPoint,150,raw,2,96,0.9807561153183033
GunPoint,150,raw,2,97,0.9793024317178667
GunPoint,150,raw,2,98,0.9332254550785819
GunPoint,150,raw,2,99,0.8474485398289293
GunPoint,150,raw,2,100,0.019305094676716386
GunPoint,150,raw,2,101,0.8733884911999664
GunPoint,150,raw,2,102,0.8956189241801727
GunPoint,150,raw,2,103,0.9880913213143147
GunPoint,150,raw,2,106,0.977423843875944
GunPoint,150,raw,2,107,0.9722532873328192
GunPoint,150,raw,2,108,0.9276465497838717
GunPoint,150,raw,2,109,0.9176589311796637
GunPoint,150,raw,2,110,0.8337818548063474
GunPoint,150,raw,2,111,0.8367707927008508
GunPoint,150,raw,2,112,0.9591167968281414
GunPoint,150,raw,2,113,0.9779959109590858
GunPoint,150,raw,2,116,0.9335821715555783
GunPoint,150,raw,2,117,0.9700076958332946
GunPoint,150,raw,2,118,0.9210887605709043
GunPoint,150,raw,2,119,0.9482783729720544
GunPoint,150,raw,2,120,0.8620438300523043
GunPoint,150,raw,2,121,0.9022228463834787
GunPoint,150,raw,2,122,0.9425451485699614
GunPoint,150,raw,2,123,0.9212808128238809
GunPoint,150,raw,2,126,0.9594588130668243
GunPoint,150,raw,2,127,0.9441941033554276
GunPoint,150,raw,2,128,0.8735116746971716
GunPoint,150,raw,2,129,0.929732232205558
GunPoint,150,raw,2,130,0.7639379548300467
GunPoint,150,raw,2,131,0.955827846695178
GunPoint,150,raw,2,132,0.9301804543809847
GunPoint,150,raw,2,133,0.983581946969127
GunPoint,150,raw,2,136,0.9140625091780639
GunPoint,150,raw,2,137,0.9165640190916702
GunPoint,150,raw,2,138,0.7674622008555457
GunPoint,150,raw,2,139,0.9077369977887845
GunPoint,150,raw,2,140,0.8615653935661122
GunPoint,150,raw,2,141,0.9551937066735591
GunPoint,150,raw,2,142,0.8556875422902958
GunPoint,150,raw,2,143,0.9357286177589209
GunPoint,150,raw,2,146,0.9926499194894646
GunPoint,150,raw,2,147,0.9563316479232191
GunPoint,150,raw,2,148,0.3239837890021851
GunPoint,150,raw,2,149,0.9704156917497988
GunPoint,150,raw,2,150,0.932033216077879
GunPoint,150,raw,2,151,0.9920472921620933
GunPoint,150,raw,2,152,0.9725566476754942
GunPoint,150,raw,2,153,0.9930020291223235
GunPoint,150,raw,2,156,0.9191404280226171
GunPoint,150,raw,2,157,0.9496168312410694
GunPoint,150,raw,2,158,0.8776747643666019
GunPoint,150,raw,2,159,0.940399550280865
GunPoint,150,raw,2,160,0.7292701475163728
GunPoint,150,raw,2,161,0.962051085785119
GunPoint,150,raw,2,162,0.926748168062713
GunPoint,150,raw,2,163,0.9732586389880834
GunPoint,150,raw,3,166,0.8159881074532138
GunPoint,150,raw,3,167,0.9997079038554033
GunPoint,150,raw,3,168,0.6578595566168081
GunPoint,150,raw,3,171,0.9822178814707285
GunPoint,150,raw,3,172,0.9816147857359389
GunPoint,150,raw,3,173,0.9791749387174021
GunPoint,150,raw,3,176,0.9574034990873103
GunPoint,150,raw,3,177,0.9907771595089189
GunPoint,150,raw,3,178,0.9369093563153768
GunPoint,150,raw,3,181,0.7846335974613534
GunPoint,150,raw,3,182,0.9898233099377639
GunPoint,150,raw,3,183,0.9602280322515413
GunPoint,150,raw,3,186,0.977106569856638
GunPoint,150,raw,3,187,0.9893615832754499
GunPoint,150,raw,3,188,0.9850053524852965
GunPoint,150,raw,3,191,0.9707264978689648
GunPoint,150,raw,3,192,0.99281995514666
GunPoint,150,raw,3,193,0.9737894352594928
GunPoint,150,raw,3,196,0.9748330422810091
GunPoint,150,raw,3,197,0.9927731607523714
GunPoint,150,raw,3,198,0.9726916372232919
GunPoint,150,raw,3,201,0.97222208249285
GunPoint,150,raw,3,202,0.9911497733678828
GunPoint,150,raw,3,203,0.9669860178220672
GunPoint,150,raw,3,206,0.9650362981591372
GunPoint,150,raw,3,207,0.9525951177072666
GunPoint,150,raw,3,208,0.9278968113729728
GunPoint,150,raw,3,211,0.9352102287501669
GunPoint,150,raw,3,212,0.9878458910312746
GunPoint,150,raw,3,213,0.9507109562610945
GunPoint,150,raw,3,216,0.9847847172643033
GunPoint,150,raw,3,217,0.969484981924607
GunPoint,150,raw,3,218,0.9903345693588149
GunPoint,150,raw,3,221,0.868092827632515
GunPoint,150,raw,3,222,0.9985116524379254
GunPoint,150,raw,3,223,0.9560523235071692
GunPoint,150,raw,3,226,0.9874903113432444
GunPoint,150,raw,3,227,0.9924243221466985
GunPoint,150,raw,3,228,0.9876552191653626
GunPoint,150,raw,3,231,0.9795725828411209
GunPoint,150,raw,3,232,0.9918324339179153
GunPoint,150,raw,3,233,0.9701289092286607
GunPoint,150,raw,3,236,0.9772134295810613
GunPoint,150,raw,3,237,0.987383153611762
GunPoint,150,raw,3,238,0.9800312361501617
GunPoint,150,raw,4,241,0.9468635187705425
GunPoint,150,raw,4,244,0.9269922714926532
GunPoint,150,raw,4,247,0.9759722315026007
GunPoint,150,raw,4,250,0.9853115439093417
GunPoint,150,raw,4,253,0.9602958044976199
GunPoint,150,raw,4,256,0.774230366387279
GunPoint,150,raw,4,259,0.9602621419971052
GunPoint,150,raw,4,262,0.9800213347851777
GunPoint,150,raw,4,265,0.978544977375253
GunPoint,150,raw,4,268,0.9639274944550443
GunPoint,150,raw,4,271,0.9775595586801447
GunPoint,150,raw,4,274,0.9764561140769236
GunPoint,150,raw,4,277,0.9624974725797671
GunPoint,150,raw,4,280,0.9806388614014226
GunPoint,150,raw,4,283,0.9670530123387024
GunPoint,150,raw,4,286,0.9777183620501143
GunPoint,150,raw,4,289,0.9123387057556448
GunPoint,150,raw,4,292,0.9871569232880911
GunPoint,150,raw,4,295,0.9892952892372829
GunPoint,150,raw,4,298,0.9815166759215859
GunPoint,150,raw,4,301,0.779795138182918
GunPoint,150,raw,4,304,0.8612209363582963
GunPoint,150,raw,4,307,0.9432170223688537
GunPoint,150,raw,4,310,0.855020624422831
GunPoint,150,raw,4,313,0.98382464331561
GunPoint,150,raw,4,316,0.9421944162825652
GunPoint,150,raw,4,319,0.9799870908349803
GunPoint,150,raw,4,322,0.9737022147496769
GunPoint,150,raw,4,325,0.9518224558471928
GunPoint,150,raw,4,328,0.9793447108546904
GunPoint,150,raw,4,331,0.9714947291706102
GunPoint,150,raw,5,333,0.9999850626147061
GunPoint,150,raw,5,338,0.9999487905580028
GunPoint,150,raw,5,343,0.9999809027799178
GunPoint,150,raw,5,348,0.9999722877354683
GunPoint,150,raw,5,353,0.9998604872293754
GunPoint,150,raw,5,360,0.9999279554653567
GunPoint,150,raw,5,365,0.9999514416068185
GunPoint,150,raw,5,370,0.9999849130762015
GunPoint,150,raw,5,375,0.9999809716406792
GunPoint,150,raw,5,380,0.9999703126254542
GunPoint,150,raw,5,387,0.9999914130217004
GunPoint,150,raw,5,392,0.9998535322454147
GunPoint,150,raw,5,397,0.9999629608496697
GunPoint,150,raw,5,402,0.9995291083279985
GunPoint,150,raw,5,407,0.9999204181104532
GunPoint,150,raw,5,414,0.9999786907161926
GunPoint,150,raw,5,419,0.9999282872974687
GunPoint,150,raw,5,424,0.9999761462182725
GunPoint,150,raw,5,429,0.999975512088126
GunPoint,150,raw,5,434,0.9999660830562292
GunPoint,150,diff1,0,1,0.8225635383384899
GunPoint,150,diff1,0,2,0.5218378820950452
GunPoint,150,diff1,0,3,0.37714162707670673
GunPoint,150,diff1,0,4,0.23466157407416938
GunPoint,150,diff1,0,5,0.03891916667314541
GunPoint,150,diff1,0,6,0.05694498954326909
GunPoint,150,diff1,0,7,0.11869044069384907
GunPoint,150,diff1,0,8,0.18243225360241994
GunPoint,150,diff1,0,9,0.16597634228985725
GunPoint,150,diff1,0,10,0.21558410246958878
GunPoint,150,diff1,0,11,0.16484675154512013
GunPoint,150,diff1,0,12,0.20960119790778245
GunPoint,150,diff1,0,13,0.1574004581564381
GunPoint,150,diff1,0,14,0.1943368906300476
GunPoint,150,diff1,0,15,0.14994855271335736
GunPoint,150,diff1,0,16,0.2017647394188471
GunPoint,150,diff1,0,17,0.1897789565976869
GunPoint,150,diff1,0,18,0.2132655376310093
GunPoint,150,diff1,0,19,0.2170609391024054
GunPoint,150,diff1,0,20,0.1855229973568859
GunPoint,150,diff1,0,21,0.20042270964126707
GunPoint,150,diff1,0,22,0.19525166441212205
GunPoint,150,diff1,0,23,0.23523785661849858
GunPoint,150,diff1,0,24,0.2260975520598372
GunPoint,150,diff1,0,25,0.2698820847924787
GunPoint,150,diff1,0,26,0.2628249213678296
GunPoint,150,diff1,0,27,0.27452966755957486
GunPoint,150,diff1,0,28,0.2317168571068898
GunPoint,150,diff1,0,29,0.24827268613734402
GunPoint,150,diff1,0,30,0.18151576690250001
GunPoint,150,diff1,0,31,0.0947461045594405
GunPoint,150,diff1,0,32,-0.07040380685354843
GunPoint,150,diff1,0,33,0.03528685645199651
GunPoint,150,diff1,0,34,0.2823306042630351
GunPoint,150,diff1,0,35,0.6258511912983923
GunPoint,150,diff1,0,36,0.6231541216194376
GunPoint,150,diff1,1,39,0.5677608105700275
GunPoint,150,diff1,1,40,0.38481087269440806
GunPoint,150,diff1,1,41,0.2707168592872328
GunPoint,150,diff1,1,42,0.5941013493030244
GunPoint,150,diff1,1,43,0.22462508037024878
GunPoint,150,diff1,1,44,0.726523147416319
GunPoint,150,diff1,1,45,0.319790575797232
GunPoint,150,diff1,1,46,0.6756844969169536
GunPoint,150,diff1,1,47,0.41262618472343937
GunPoint,150,diff1,1,48,0.38515317501538676
GunPoint,150,diff1,1,49,0.15556883186973233
GunPoint,150,diff1,1,50,0.06942234450759997
GunPoint,150,diff1,1,51,-0.19901862719409777
GunPoint,150,diff1,1,52,-0.15756069310975146
GunPoint,150,diff1,1,53,-0.13725442291565845
GunPoint,150,diff1,1,54,0.6907650169986962
GunPoint,150,diff1,1,55,0.8054538673502298
GunPoint,150,diff1,1,58,0.9104406247888643
GunPoint,150,diff1,1,59,0.7430926106678513
GunPoint,150,diff1,1,60,0.40612507258567543
GunPoint,150,diff1,1,61,0.44746567116620123
GunPoint,150,diff1,1,62,-0.15799086865040537
GunPoint,150,diff1,1,63,0.1768884784673707
GunPoint,150,diff1,1,64,0.05799806863929105
GunPoint,150,diff1,1,65,0.4617835691846643
GunPoint,150,diff1,1,66,0.26428637487933937
GunPoint,150,diff1,1,67,0.5319432385882402
GunPoint,150,diff1,1,68,0.21069618027822443
GunPoint,150,diff1,1,69,0.4429275707780874
GunPoint,150,diff1,1,70,0.25791761412174824
GunPoint,150,diff1,1,71,0.36875291865185233
GunPoint,150,diff1,1,72,0.458904343345163
GunPoint,150,diff1,1,73,0.4964646985678491
GunPoint,150,diff1,1,74,0.7592178407323734
GunPoint,150,diff1,1,77,0.9673716172401405
GunPoint,150,diff1,1,78,0.9513471320045298
GunPoint,150,diff1,1,79,0.9306459747244256
GunPoint,150,diff1,1,80,0.8306850622432095
GunPoint,150,diff1,1,81,0.7710541782400152
GunPoint,150,diff1,1,82,0.6268914884351386
GunPoint,150,diff1,1,83,0.6520348586131458
GunPoint,150,diff1,1,84,0.3589997604933113
GunPoint,150,diff1,1,85,0.7352745999441148
GunPoint,150,diff1,1,86,0.47614410510684707
GunPoint,150,diff1,1,87,0.6028029078503498
GunPoint,150,diff1,1,88,0.6672798482525478
GunPoint,150,diff1,1,89,0.6059838908217239
GunPoint,150,diff1,1,90,0.7973192512550573
GunPoint,150,diff1,1,91,0.8659694807674375
GunPoint,150,diff1,1,92,0.9746909013102191
GunPoint,150,diff1,1,93,0.9574418745528737
GunPoint,150,diff1,2,96,0.9850277830431597
GunPoint,150,diff1,2,97,0.12125086635974476
GunPoint,150,diff1,2,98,0.9903924315343606
GunPoint,150,diff1,2,99,0.21980142320978152
GunPoint,150,diff1,2,100,0.3227562134092153
GunPoint,150,diff1,2,101,0.9496118711261811
GunPoint,150,diff1,2,102,0.9701148789381799
GunPoint,150,diff1,2,103,0.9956770008694323
GunPoint,150,diff1,2,106,0.9795173894520072
GunPoint,150,diff1,2,107,0.3549265492746513
GunPoint,150,diff1,2,108,0.9466960105057429
GunPoint,150,diff1,2,109,0.8295181874842852
GunPoint,150,diff1,2,110,0.18938024817960966
GunPoint,150,diff1,2,111,0.9119175083271522
GunPoint,150,diff1,2,112,0.9521761057803242
GunPoint,150,diff1,2,113,0.9876297379598359
GunPoint,150,diff1,2,116,0.9700714584452611
GunPoint,150,diff1,2,117,0.9738684135742145
GunPoint,150,diff1,2,118,0.8251959472171356
GunPoint,150,diff1,2,119,0.8935101875282307
GunPoint,150,diff1,2,120,0.808326373771323
GunPoint,150,diff1,2,121,0.7842504001973118
GunPoint,150,diff1,2,122,0.9148502456170515
GunPoint,150,diff1,2,123,0.36639996762781735
GunPoint,150,diff1,2,126,0.982779668084867
GunPoint,150,diff1,2,127,0.9707859152521833
GunPoint,150,diff1,2,128,0.3880116652759314
GunPoint,150,diff1,2,129,0.8960170147367583
GunPoint,150,diff1,2,130,0.8865433174799617
GunPoint,150,diff1,2,131,0.7683869739192645
GunPoint,150,diff1,2,132,0.9556359105867558
GunPoint,150,diff1,2,133,0.3360483516072653
GunPoint,150,diff1,2,136,0.7034117124804032
GunPoint,150,diff1,2,137,0.8838449650477251
GunPoint,150,diff1,2,138,0.6572573114979328
GunPoint,150,diff1,2,139,0.6988012254534969
GunPoint,150,diff1,2,140,0.19108108909904079
GunPoint,150,diff1,2,141,0.5852420863877594
GunPoint,150,diff1,2,142,0.5308664037949137
GunPoint,150,diff1,2,143,0.9297048699449397
GunPoint,150,diff1,2,146,0.964701025074223
GunPoint,150,diff1,2,147,0.9401050287282604
GunPoint,150,diff1,2,148,0.6523293309452758
GunPoint,150,diff1,2,149,0.6879109064314751
GunPoint,150,diff1,2,150,0.7037818347278643
GunPoint,150,diff1,2,151,0.6752532406155233
GunPoint,150,diff1,2,152,0.7750351204337319
GunPoint,150,diff1,2,153,0.9268505851929152
GunPoint,150,diff1,2,156,0.9604156755339852
GunPoint,150,diff1,2,157,0.9257261011646513
GunPoint,150,diff1,2,158,0.4443086212702177
GunPoint,150,diff1,2,159,0.8121836244694595
GunPoint,150,diff1,2,160,0.5504168248317493
GunPoint,150,diff1,2,161,0.7499810792876451
GunPoint,150,diff1,2,162,0.8040212859019992
GunPoint,150,diff1,2,163,0.6773542780271743
GunPoint,150,diff1,3,166,0.9060135075576057
GunPoint,150,diff1,3,167,0.6827275031940278
GunPoint,150,diff1,3,168,0.3761932655231805
GunPoint,150,diff1,3,171,0.9865054376192713
GunPoint,150,diff1,3,172,0.9811289984446757
GunPoint,150,diff1,3,173,0.982787753142602
GunPoint,150,diff1,3,176,0.9151341938865254
GunPoint,150,diff1,3,177,0.9302334728917906
GunPoint,150,diff1,3,178,0.9354576133809349
GunPoint,150,diff1,3,181,0.9324467163084404
GunPoint,150,diff1,3,182,0.8106326176917128
GunPoint,150,diff1,3,183,0.8120107319711828
GunPoint,150,diff1,3,186,0.9450398236166518
GunPoint,150,diff1,3,187,0.9692997675905544
GunPoint,150,diff1,3,188,0.9447225011908149
GunPoint,150,diff1,3,191,0.9500071102207636
GunPoint,150,diff1,3,192,0.9717790354596862
GunPoint,150,diff1,3,193,0.9252334673113243
GunPoint,150,diff1,3,196,0.9363123664817609
GunPoint,150,diff1,3,197,0.9732054677923907
GunPoint,150,diff1,3,198,0.9607822849521369
GunPoint,150,diff1,3,201,0.9565530055070852
GunPoint,150,diff1,3,202,0.9610908442770849
GunPoint,150,diff1,3,203,0.9663982444356749
GunPoint,150,diff1,3,206,0.9390055696312388
GunPoint,150,diff1,3,207,0.9439180285943355
GunPoint,150,diff1,3,208,0.8902778739189454
GunPoint,150,diff1,3,211,0.8994128920613308
GunPoint,150,diff1,3,212,0.9167696112352387
GunPoint,150,diff1,3,213,0.8717455462538244
GunPoint,150,diff1,3,216,0.9420071803321379
GunPoint,150,diff1,3,217,0.9919692282911624
GunPoint,150,diff1,3,218,0.94178538508607
GunPoint,150,diff1,3,221,0.8300122704923579
GunPoint,150,diff1,3,222,0.8961752953786787
GunPoint,150,diff1,3,223,0.9288370167040639
GunPoint,150,diff1,3,226,0.9508337605760795
GunPoint,150,diff1,3,227,0.9840685708154506
GunPoint,150,diff1,3,228,0.9378689299411966
GunPoint,150,diff1,3,231,0.929736405241446
GunPoint,150,diff1,3,232,0.9726443695040574
GunPoint,150,diff1,3,233,0.944221808554208
GunPoint,150,diff1,3,236,0.9605011986534402
GunPoint,150,diff1,3,237,0.9730880483899883
GunPoint,150,diff1,3,238,0.9686167074242197
GunPoint,150,diff1,4,241,0.9167533491967286
GunPoint,150,diff1,4,244,0.944057379104205
GunPoint,150,diff1,4,247,0.9605397628308809
GunPoint,150,diff1,4,250,0.9622169597227024
GunPoint,150,diff1,4,253,0.7792372388194121
GunPoint,150,diff1,4,256,0.7413560086781305
GunPoint,150,diff1,4,259,0.86106168318959
GunPoint,150,diff1,4,262,0.9112195405057592
GunPoint,150,diff1,4,265,0.9481340873910041
GunPoint,150,diff1,4,268,0.9486246771129734
GunPoint,150,diff1,4,271,0.9209122204492219
GunPoint,150,diff1,4,274,0.9491914115883398
GunPoint,150,diff1,4,277,0.9642576937458551
GunPoint,150,diff1,4,280,0.9215555962190484
GunPoint,150,diff1,4,283,0.9298367960039949
GunPoint,150,diff1,4,286,0.9568755323842035
GunPoint,150,diff1,4,289,0.8694081657768377
GunPoint,150,diff1,4,292,0.9530826313822646
GunPoint,150,diff1,4,295,0.9378560795428226
GunPoint,150,diff1,4,298,0.9637074310509405
GunPoint,150,diff1,4,301,0.7524059722807003
GunPoint,150,diff1,4,304,0.8998335090959279
GunPoint,150,diff1,4,307,0.9266707934092614
GunPoint,150,diff1,4,310,0.966194509067146
GunPoint,150,diff1,4,313,0.9685201867981919
GunPoint,150,diff1,4,316,0.9403124024471398
GunPoint,150,diff1,4,319,0.9485422443807856
GunPoint,150,diff1,4,322,0.9265770330107842
GunPoint,150,diff1,4,325,0.966351087203499
GunPoint,150,diff1,4,328,0.9569998663549323
GunPoint,150,diff1,4,331,0.9086281501860002
GunPoint,150,diff1,5,333,0.9999411761221221
GunPoint,150,diff1,5,336,0.9985050246135293
GunPoint,150,diff1,5,341,0.9998361895242595
GunPoint,150,diff1,5,346,0.9998131030679166
GunPoint,150,diff1,5,351,0.9960548244838273
GunPoint,150,diff1,5,356,0.9981310533697081
GunPoint,150,diff1,5,361,0.9997770771613415
GunPoint,150,diff1,5,366,0.9998617692066968
GunPoint,150,diff1,5,371,0.999869266795581
GunPoint,150,diff1,5,376,0.9998378011623521
GunPoint,150,diff1,5,381,0.9997470355951004
GunPoint,150,diff1,5,386,0.9981540829948284
GunPoint,150,diff1,5,389,0.9974311794539246
GunPoint,150,diff1,5,394,0.9999000478132353
GunPoint,150,diff1,5,399,0.9997889317266259
GunPoint,150,diff1,5,404,0.9984219287054986
GunPoint,150,diff1,5,409,0.9983940309362601
GunPoint,150,diff1,5,414,0.9998833769707799
GunPoint,150,diff1,5,419,0.999842575979719
GunPoint,150,diff1,5,424,0.999847191300648
GunPoint,150,diff1,5,429,0.9998626791159693
GunPoint,150,diff1,5,434,0.999706045030929
GunPoint,150,diff2,0,1,0.3761952553498358
GunPoint,150,diff2,0,2,0.2544503992359759
GunPoint,150,diff2,0,3,0.017893081693289754
GunPoint,150,diff2,0,4,0.03447554068423261
GunPoint,150,diff2,0,5,0.07954534859359931
GunPoint,150,diff2,0,6,0.09050443862991674
GunPoint,150,diff2,0,7,0.12917260367593505
GunPoint,150,diff2,0,8,0.14221355041370679
GunPoint,150,diff2,0,9,0.14428024389900723
GunPoint,150,diff2,0,10,0.13118844963196424
GunPoint,150,diff2,0,11,0.12447308543224114
GunPoint,150,diff2,0,12,0.12194641352823317
GunPoint,150,diff2,0,13,0.12315438199304961
GunPoint,150,diff2,0,14,0.13183811518722255
GunPoint,150,diff2,0,15,0.14527831653419862
GunPoint,150,diff2,0,16,0.20845736812752486
GunPoint,150,diff2,0,17,0.12757561561041666
GunPoint,150,diff2,0,18,0.0435237585658964
GunPoint,150,diff2,0,19,0.05732574871456911
GunPoint,150,diff2,0,20,0.07344324391815826
GunPoint,150,diff2,0,21,0.08091499133415425
GunPoint,150,diff2,0,22,0.08739064994118524
GunPoint,150,diff2,0,23,0.09715125937997435
GunPoint,150,diff2,0,24,0.09145828650432163
GunPoint,150,diff2,0,25,0.0963365327891284
GunPoint,150,diff2,0,26,0.10126678656600525
GunPoint,150,diff2,0,27,0.1065982998907639
GunPoint,150,diff2,0,28,0.10184391808250888
GunPoint,150,diff2,0,29,0.09562132011630711
GunPoint,150,diff2,0,30,0.08091014134486271
GunPoint,150,diff2,0,31,0.05376001206618446
GunPoint,150,diff2,0,32,0.04217183957382086
GunPoint,150,diff2,0,33,0.08250065191345744
GunPoint,150,diff2,0,34,0.24822190919424417
GunPoint,150,diff2,0,35,0.2705435040132148
GunPoint,150,diff2,1,38,0.4863373056605007
GunPoint,150,diff2,1,39,0.13809923799593155
GunPoint,150,diff2,1,40,0.15610206344863387
GunPoint,150,diff2,1,41,0.20423196379605707
GunPoint,150,diff2,1,42,0.20278863258842844
GunPoint,150,diff2,1,43,0.19903432269116328
GunPoint,150,diff2,1,44,0.28601712152926223
GunPoint,150,diff2,1,45,0.06664398085516855
GunPoint,150,diff2,1,46,-0.003190730748936246
GunPoint,150,diff2,1,47,0.07337256192314755
GunPoint,150,diff2,1,48,0.09023777196152884
GunPoint,150,diff2,1,49,0.10726619001776984
GunPoint,150,diff2,1,50,0.12142964872847077
GunPoint,150,diff2,1,51,0.1523507681907648
GunPoint,150,diff2,1,52,0.16698808540928464
GunPoint,150,diff2,1,53,0.5284189078777146
GunPoint,150,diff2,1,54,0.18235987196802625
GunPoint,150,diff2,1,57,0.8454774670004924
GunPoint,150,diff2,1,58,0.8673888321343162
GunPoint,150,diff2,1,59,0.7305843226275002
GunPoint,150,diff2,1,60,0.633885206971946
GunPoint,150,diff2,1,61,0.5056984522220195
GunPoint,150,diff2,1,62,0.4728203977588147
GunPoint,150,diff2,1,63,0.30375499985766435
GunPoint,150,diff2,1,64,0.26768570443388284
GunPoint,150,diff2,1,65,0.1731516095328955
GunPoint,150,diff2,1,66,0.4487011010689163
GunPoint,150,diff2,1,67,0.6107197978091982
GunPoint,150,diff2,1,68,0.6128461345193523
GunPoint,150,diff2,1,69,0.6501681021111608
GunPoint,150,diff2,1,70,0.6315286493396667
GunPoint,150,diff2,1,71,0.6873918263366954
GunPoint,150,diff2,1,72,0.7208246506740015
GunPoint,150,diff2,1,73,0.8276062419896653
GunPoint,150,diff2,1,76,0.6294374792278473
GunPoint,150,diff2,1,77,0.12003648348756088
GunPoint,150,diff2,1,78,-0.0383906276085414
GunPoint,150,diff2,1,79,0.0025954673947810227
GunPoint,150,diff2,1,80,0.005450542438179902
GunPoint,150,diff2,1,81,0.03374923155917666
GunPoint,150,diff2,1,82,0.08575586434104297
GunPoint,150,diff2,1,83,0.09967888250866459
GunPoint,150,diff2,1,84,0.07629776405816588
GunPoint,150,diff2,1,85,-0.09023981815326769
GunPoint,150,diff2,1,86,-0.01576583773499061
GunPoint,150,diff2,1,87,-0.053376033888221375
GunPoint,150,diff2,1,88,-0.01307131559104804
GunPoint,150,diff2,1,89,-0.046582346432198087
GunPoint,150,diff2,1,90,0.016676470447474813
GunPoint,150,diff2,1,91,0.593785621030979
GunPoint,150,diff2,1,92,0.3856756982498502
GunPoint,150,diff2,2,95,0.9390522820023075
GunPoint,150,diff2,2,96,0.7696208963696992
GunPoint,150,diff2,2,97,0.6795516761865027
GunPoint,150,diff2,2,98,0.4404800672676508
GunPoint,150,diff2,2,99,0.5092871391177236
GunPoint,150,diff2,2,100,0.7186548499130277
GunPoint,150,diff2,2,101,0.7827222474399179
GunPoint,150,diff2,2,102,0.950762818999048
GunPoint,150,diff2,2,105,0.5238212610713662
GunPoint,150,diff2,2,106,0.3675251877837929
GunPoint,150,diff2,2,107,0.26056312658924263
GunPoint,150,diff2,2,108,-0.024881856033210175
GunPoint,150,diff2,2,109,0.03437815706976354
GunPoint,150,diff2,2,110,0.22926572268773604
GunPoint,150,diff2,2,111,0.5461073604981638
GunPoint,150,diff2,2,112,0.3204503313463988
GunPoint,150,diff2,2,115,0.8997552962360529
GunPoint,150,diff2,2,116,0.9089293652222573
GunPoint,150,diff2,2,117,0.7256319545061921
GunPoint,150,diff2,2,118,0.5206978462056397
GunPoint,150,diff2,2,119,0.451157444957305
GunPoint,150,diff2,2,120,0.7810861937213168
GunPoint,150,diff2,2,121,0.876028130113153
GunPoint,150,diff2,2,122,0.9132114445722002
GunPoint,150,diff2,2,125,0.9467584970006859
GunPoint,150,diff2,2,126,0.8981802748008674
GunPoint,150,diff2,2,127,0.8576729420905326
GunPoint,150,diff2,2,128,0.5758576974492248
GunPoint,150,diff2,2,129,0.7907489358737392
GunPoint,150,diff2,2,130,0.9109660599367947
GunPoint,150,diff2,2,131,0.922381297375269
GunPoint,150,diff2,2,132,0.9498738504365292
GunPoint,150,diff2,2,135,0.09218852133889151
GunPoint,150,diff2,2,136,0.07898197417767827
GunPoint,150,diff2,2,137,0.07350849613114584
GunPoint,150,diff2,2,138,-0.007561692052592879
GunPoint,150,diff2,2,139,0.26932504182320594
GunPoint,150,diff2,2,140,0.32878504869541947
GunPoint,150,diff2,2,141,0.3795441808703566
GunPoint,150,diff2,2,142,0.25758327650899043
GunPoint,150,diff2,2,145,0.934590781067119
GunPoint,150,diff2,2,146,0.899871513637503
GunPoint,150,diff2,2,147,0.7346186763475173
GunPoint,150,diff2,2,148,0.6299810452934524
GunPoint,150,diff2,2,149,0.6726399316786024
GunPoint,150,diff2,2,150,0.6529877949331192
GunPoint,150,diff2,2,151,0.8866299950407338
GunPoint,150,diff2,2,152,0.933465395977293
GunPoint,150,diff2,2,155,0.8866096827852824
GunPoint,150,diff2,2,156,0.9042925074809076
GunPoint,150,diff2,2,157,0.5699243774230889
GunPoint,150,diff2,2,158,0.31191306648697903
GunPoint,150,diff2,2,159,0.5407748785647124
GunPoint,150,diff2,2,160,0.7435830335974062
GunPoint,150,diff2,2,161,0.8941689546707277
GunPoint,150,diff2,2,162,0.8813715145195677
GunPoint,150,diff2,3,165,0.9078577218779911
GunPoint,150,diff2,3,166,0.6229371384042343
GunPoint,150,diff2,3,167,0.12150046624604478
GunPoint,150,diff2,3,170,0.9643100474502541
GunPoint,150,diff2,3,171,0.6982303622525887
GunPoint,150,diff2,3,172,0.9510935611253462
GunPoint,150,diff2,3,175,0.13670584679710487
GunPoint,150,diff2,3,176,0.14687862232903456
GunPoint,150,diff2,3,177,0.2866869013481923
GunPoint,150,diff2,3,180,0.6663631210747476
GunPoint,150,diff2,3,181,0.7292504092274281
GunPoint,150,diff2,3,182,0.9034527490776253
GunPoint,150,diff2,3,185,0.8954484029571205
GunPoint,150,diff2,3,186,0.8371219143257234
GunPoint,150,diff2,3,187,0.8899536266975511
GunPoint,150,diff2,3,190,0.8383283056144272
GunPoint,150,diff2,3,191,0.7709103619455157
GunPoint,150,diff2,3,192,0.8986573116068306
GunPoint,150,diff2,3,195,0.9420664006547287
GunPoint,150,diff2,3,196,0.8878772100002005
GunPoint,150,diff2,3,197,0.9504426704979521
GunPoint,150,diff2,3,200,0.9493000337151078
GunPoint,150,diff2,3,201,0.8836550484771473
GunPoint,150,diff2,3,202,0.8486220512065749
GunPoint,150,diff2,3,205,0.9129490598479594
GunPoint,150,diff2,3,206,0.6271005030296835
GunPoint,150,diff2,3,207,0.8543942207274533
GunPoint,150,diff2,3,210,-0.11729445513465078
GunPoint,150,diff2,3,211,0.32183001727171984
GunPoint,150,diff2,3,212,0.6968257473635918
GunPoint,150,diff2,3,215,0.6088890675347398
GunPoint,150,diff2,3,216,0.3902466581475779
GunPoint,150,diff2,3,217,0.10284341904216104
GunPoint,150,diff2,3,220,0.9222596649791526
GunPoint,150,diff2,3,221,0.8055125680371132
GunPoint,150,diff2,3,222,0.9500877870284069
GunPoint,150,diff2,3,225,0.7690930646598058
GunPoint,150,diff2,3,226,0.8721081299328498
GunPoint,150,diff2,3,227,0.8195995015189094
GunPoint,150,diff2,3,230,0.9519619096615165
GunPoint,150,diff2,3,231,0.6961788755220613
GunPoint,150,diff2,3,232,0.9469720908730376
GunPoint,150,diff2,3,235,0.9142034697117163
GunPoint,150,diff2,3,236,0.8722997696724976
GunPoint,150,diff2,3,237,0.8580606336404272
GunPoint,150,diff2,4,240,0.5375650024966412
GunPoint,150,diff2,4,243,0.7867725892057124
GunPoint,150,diff2,4,246,0.7330310406829116
GunPoint,150,diff2,4,249,0.6488318588313181
GunPoint,150,diff2,4,252,0.6649773575681506
GunPoint,150,diff2,4,255,-0.03829522446996901
GunPoint,150,diff2,4,258,0.7095732203780477
GunPoint,150,diff2,4,261,0.6642898764979907
GunPoint,150,diff2,4,264,0.5752782675137514
GunPoint,150,diff2,4,267,0.46020668597275766
GunPoint,150,diff2,4,270,0.7346679529758083
GunPoint,150,diff2,4,273,0.5255175544813534
GunPoint,150,diff2,4,276,0.5580067177485147
GunPoint,150,diff2,4,279,0.4200933655667516
GunPoint,150,diff2,4,282,0.7186929312122041
GunPoint,150,diff2,4,285,0.7270039075127251
GunPoint,150,diff2,4,288,0.690542641602901
GunPoint,150,diff2,4,291,0.6280245879401016
GunPoint,150,diff2,4,294,0.4517572758658877
GunPoint,150,diff2,4,297,0.8280738486478615
GunPoint,150,diff2,4,300,0.6341427435415669
GunPoint,150,diff2,4,303,0.8783376631456975
GunPoint,150,diff2,4,306,0.7003998714901053
GunPoint,150,diff2,4,309,0.6246972916060762
GunPoint,150,diff2,4,312,0.6071644148035333
GunPoint,150,diff2,4,315,0.7141451203092042
GunPoint,150,diff2,4,318,0.6555371759556917
GunPoint,150,diff2,4,321,0.7004705135700231
GunPoint,150,diff2,4,324,0.4601950350818986
GunPoint,150,diff2,4,327,0.6821743596154144
GunPoint,150,diff2,4,330,0.6711218709672613
GunPoint,150,diff2,5,332,0.988360194900987
GunPoint,150,diff2,5,335,0.954269756146537
GunPoint,150,diff2,5,340,0.9945252167908497
GunPoint,150,diff2,5,345,0.9573236875275257
GunPoint,150,diff2,5,348,0.7103698988904038
GunPoint,150,diff2,5,353,0.9732188721580102
GunPoint,150,diff2,5,358,0.9803699089878777
GunPoint,150,diff2,5,361,0.965718950593836
GunPoint,150,diff2,5,366,0.9682929837146127
GunPoint,150,diff2,5,371,0.9625869048354039
GunPoint,150,diff2,5,374,0.9746610701104605
GunPoint,150,diff2,5,379,0.985459207612564
GunPoint,150,diff2,5,384,0.9803661605357538
GunPoint,150,diff2,5,387,0.9873442661762918
GunPoint,150,diff2,5,392,0.9853828034493742
GunPoint,150,diff2,5,397,0.9681187363781698
GunPoint,150,diff2,5,400,0.93271535811865
GunPoint,150,diff2,5,405,0.9659857737652118
GunPoint,150,diff2,5,410,0.9797445855916682
GunPoint,150,diff2,5,413,0.9672963533206941
GunPoint,150,diff2,5,418,0.9504395574808471
GunPoint,150,diff2,5,423,0.9844536320445898
GunPoint,150,diff2,5,426,0.9657083065737453
GunPoint,150,diff2,5,431,0.992769998618029
GunPoint,150,fft_magnitude,0,1,0.8325812786978593
GunPoint,150,fft_magnitude,0,2,-0.08780714034087246
GunPoint,150,fft_magnitude,0,3,-0.2227103890531554
GunPoint,150,fft_magnitude,0,4,0.39605854657507644
GunPoint,150,fft_magnitude,0,5,-0.9594174666598058
GunPoint,150,fft_magnitude,0,6,0.3722299341060625
GunPoint,150,fft_magnitude,0,7,-0.9273886829366538
GunPoint,150,fft_magnitude,0,8,0.38807564082697277
GunPoint,150,fft_magnitude,0,9,-0.8070367373887012
GunPoint,150,fft_magnitude,0,10,0.43293773781926825
GunPoint,150,fft_magnitude,0,11,-0.5661539574587021
GunPoint,150,fft_magnitude,0,12,0.5046520099987267
GunPoint,150,fft_magnitude,0,13,-0.11045798216454787
GunPoint,150,fft_magnitude,0,14,0.5634755197766296
GunPoint,150,fft_magnitude,0,15,-0.026868130869561378
GunPoint,150,fft_magnitude,0,16,-0.049354512134814815
GunPoint,150,fft_magnitude,0,17,0.03931996772683354
GunPoint,150,fft_magnitude,1,20,0.7840764830490092
GunPoint,150,fft_magnitude,1,21,0.3869979536644167
GunPoint,150,fft_magnitude,1,22,-0.9176407408731213
GunPoint,150,fft_magnitude,1,23,0.4066095321184
GunPoint,150,fft_magnitude,1,24,-0.7479937881466721
GunPoint,150,fft_magnitude,1,25,0.3682273957910133
GunPoint,150,fft_magnitude,1,26,-0.6362137901862687
GunPoint,150,fft_magnitude,1,27,-0.21472717183794152
GunPoint,150,fft_magnitude,1,30,0.99891760038331
GunPoint,150,fft_magnitude,1,31,0.9996232189826224
GunPoint,150,fft_magnitude,1,32,0.995518919313142
GunPoint,150,fft_magnitude,1,33,0.9998228551197709
GunPoint,150,fft_magnitude,1,34,0.9943191317383513
GunPoint,150,fft_magnitude,1,35,0.9998187094325032
GunPoint,150,fft_magnitude,1,36,0.9973245334879743
GunPoint,150,fft_magnitude,1,37,0.999894090892253
GunPoint,150,fft_magnitude,1,40,0.9803788570860509
GunPoint,150,fft_magnitude,1,41,0.994271596454515
GunPoint,150,fft_magnitude,1,42,0.8807107091076896
GunPoint,150,fft_magnitude,1,43,0.9981848689242336
GunPoint,150,fft_magnitude,1,44,0.730786801909999
GunPoint,150,fft_magnitude,1,45,0.9977798707749104
GunPoint,150,fft_magnitude,1,46,0.9012737855008777
GunPoint,150,fft_magnitude,1,47,0.9939035451472439
GunPoint,150,fft_magnitude,2,50,-0.9245768823603316
GunPoint,150,fft_magnitude,2,51,0.2830676856153823
GunPoint,150,fft_magnitude,2,52,-0.6005988998126756
GunPoint,150,fft_magnitude,2,55,0.9398446648797193
GunPoint,150,fft_magnitude,2,56,0.9969486994323105
GunPoint,150,fft_magnitude,2,57,0.8635231664248647
GunPoint,150,fft_magnitude,2,60,0.9940541842715787
GunPoint,150,fft_magnitude,2,61,0.9992516311119273
GunPoint,150,fft_magnitude,2,62,0.9897250396090331
GunPoint,150,fft_magnitude,2,65,0.9824628441960592
GunPoint,150,fft_magnitude,2,66,0.9998862686149605
GunPoint,150,fft_magnitude,2,67,0.9850902111206385
GunPoint,150,fft_magnitude,2,70,0.8357093243388511
GunPoint,150,fft_magnitude,2,71,0.9758711347320994
GunPoint,150,fft_magnitude,2,72,-0.00034468861329398483
GunPoint,150,fft_magnitude,2,75,0.9719369875445605
GunPoint,150,fft_magnitude,2,76,0.9991439099896695
GunPoint,150,fft_magnitude,2,77,0.9494447994663593
GunPoint,150,fft_magnitude,2,80,0.9936832841603604
GunPoint,150,fft_magnitude,2,81,0.9998139676843586
GunPoint,150,fft_magnitude,2,82,0.994300227418297
GunPoint,150,fft_magnitude,3,85,-0.564249805638894
GunPoint,150,fft_magnitude,3,88,0.727361597355921
GunPoint,150,fft_magnitude,3,91,0.6134864073613269
GunPoint,150,fft_magnitude,3,94,0.7581695881853255
GunPoint,150,fft_magnitude,3,97,0.6735709035067184
GunPoint,150,fft_magnitude,3,100,0.8279935480968871
GunPoint,150,fft_magnitude,3,103,0.7131528169127489
GunPoint,150,fft_magnitude,3,106,0.7437007715999282
GunPoint,150,fft_magnitude,3,109,0.31028745309737205
GunPoint,150,fft_magnitude,3,112,0.7248788740969689
GunPoint,150,fft_magnitude,3,115,0.6726733693353615
GunPoint,150,fft_magnitude,3,118,0.7927331464471553
GunPoint,150,fft_magnitude,3,121,0.5968024546316052
GunPoint,150,fft_magnitude,3,124,0.7203789624711753
GunPoint,150,fft_magnitude,3,127,0.6831352746845774
GunPoint,150,fft_magnitude,4,129,0.9994345050826574
GunPoint,150,fft_magnitude,4,136,0.9987541588518136
GunPoint,150,fft_magnitude,4,143,0.9992865794750907
GunPoint,150,fft_magnitude,4,150,0.9999064337071011
GunPoint,150,fft_magnitude,4,157,0.7736492959229997
GunPoint,150,fft_magnitude,4,164,0.9993282775031597
GunPoint,150,fft_magnitude,4,171,0.9994317966385289
GunPoint,150,fft_magnitude,4,178,0.9999321845648435
GunPoint,150,fft_magnitude,5,183,1.0
GunPoint,150,fft_magnitude,5,184,1.0
GunPoint,150,fft_magnitude,5,185,0.8225751848589071
GunPoint,150,fft_magnitude,5,186,1.0
GunPoint,150,fft_magnitude,5,187,1.0
GunPoint,150,fft_magnitude,5,188,0.9750540586890292
GunPoint,150,fft_magnitude,5,189,1.0
GunPoint,150,fft_magnitude,5,190,0.9872978871601359
GunPoint,150,fft_magnitude,5,191,1.0
GunPoint,150,fft_magnitude,5,192,1.0
GunPoint,150,fft_magnitude,5,193,0.9969529411918562
GunPoint,150,fft_magnitude,5,194,1.0
GunPoint,150,fft_magnitude,5,195,1.0
GunPoint,150,fft_magnitude,5,196,0.9975999841824591
GunPoint,150,fft_magnitude,5,197,1.0
GunPoint,150,fft_magnitude,5,198,0.9964146793471732
GunPoint,150,fft_magnitude,5,199,1.0
GunPoint,150,fft_magnitude,5,200,1.0
GunPoint,150,fft_magnitude,5,201,0.9982465101834608
GunPoint,150,fft_magnitude,5,202,1.0
GunPoint,150,fft_magnitude,5,203,1.0
GunPoint,150,fft_magnitude,5,204,0.9989742651496303
GunPoint,150,fft_magnitude,5,205,1.0
GunPoint,150,fft_magnitude,5,206,0.9993571271372388
GunPoint,150,fft_magnitude,5,207,1.0
GunPoint,150,fft_magnitude,5,208,1.0
GunPoint,150,fft_magnitude,5,209,0.9997084546711704
GunPoint,150,fft_magnitude,5,210,1.0
GunPoint,150,fft_magnitude,5,211,1.0
GunPoint,150,fft_magnitude,5,212,0.9997808450411901
GunPoint,150,fft_magnitude,5,213,1.0
GunPoint,150,fft_magnitude,5,214,0.9997526134148
GunPoint,150,fft_magnitude,5,215,1.0
GunPoint,150,fft_magnitude,5,216,1.0
GunPoint,150,fft_magnitude,5,217,0.9155170514489671
GunPoint,150,fft_magnitude,5,218,1.0
GunPoint,150,fft_magnitude,5,219,1.0
GunPoint,150,fft_magnitude,5,220,0.9685986285138838
GunPoint,150,fft_magnitude,5,221,1.0
GunPoint,150,fft_magnitude,5,222,0.9929458617064305
GunPoint,150,fft_magnitude,5,223,1.0
GunPoint,150,fft_magnitude,5,224,1.0
GunPoint,150,fft_magnitude,5,225,0.9971672713758307
GunPoint,150,fft_magnitude,5,226,1.0
GunPoint,150,fft_magnitude,5,227,1.0
GunPoint,150,fft_magnitude,5,228,0.9952487159725192
GunPoint,150,fft_magnitude,5,229,1.0
GunPoint,150,fft_magnitude,5,230,0.9965678302830049
GunPoint,150,fft_magnitude,5,231,1.0
GunPoint,150,fft_magnitude,5,232,1.0
GunPoint,150,fft_magnitude,5,233,0.9983455350456338
GunPoint,150,fft_magnitude,5,234,1.0
GunPoint,150,fft_magnitude,5,235,1.0
GunPoint,150,fft_magnitude,5,236,0.9994822645019882
GunPoint,150,fft_magnitude,5,237,1.0
GunPoint,150,fft_magnitude,5,238,0.9995163129779535
GunPoint,150,fft_magnitude,5,239,1.0
GunPoint,150,fft_magnitude,5,240,1.0
GunPoint,150,fft_magnitude,5,241,0.999699146846501
GunPoint,150,fft_magnitude,5,242,1.0
GunPoint,150,fft_magnitude,5,243,1.0
GunPoint,150,fft_magnitude,5,244,0.9997711010348689
GunPoint,150,fft_magnitude,5,245,1.0
Wafer,152,raw,0,1,0.6375519499438883
Wafer,152,raw,0,2,0.6496649927976368
Wafer,152,raw,0,3,0.6647918725452407
Wafer,152,raw,0,4,0.6870566472884537
Wafer,152,raw,0,5,0.8204780264174458
Wafer,152,raw,0,6,0.7627099193363281
Wafer,152,raw,0,7,0.628911058815061
Wafer,152,raw,0,8,0.37822917171094966
Wafer,152,raw,0,9,0.05037198250285097
Wafer,152,raw,0,10,-0.154002990988377
Wafer,152,raw,0,11,-0.19484422636312498
Wafer,152,raw,0,12,-0.17898586539109754
Wafer,152,raw,0,13,-0.14214316707349653
Wafer,152,raw,0,14,-0.07387032352715177
Wafer,152,raw,0,15,0.008180027226961236
Wafer,152,raw,0,16,0.16406913105142462
Wafer,152,raw,0,17,0.259128149252004
Wafer,152,raw,0,18,0.34299900934472377
Wafer,152,raw,0,19,0.5004878403820048
Wafer,152,raw,0,20,0.5739469654204878
Wafer,152,raw,0,21,0.6139725348497554
Wafer,152,raw,0,22,0.49193296302783446
Wafer,152,raw,0,23,0.4252381585368483
Wafer,152,raw,0,24,0.3821064487757098
Wafer,152,raw,0,25,0.37499475289617407
Wafer,152,raw,0,26,0.3749454567662599
Wafer,152,raw,0,27,0.3739143871629989
Wafer,152,raw,0,28,0.3743191803149395
Wafer,152,raw,0,29,0.37468920619197427
Wafer,152,raw,0,30,0.3780463197702149
Wafer,152,raw,0,31,0.39393787350837456
Wafer,152,raw,0,32,0.43959864558071393
Wafer,152,raw,0,33,0.3882486835683642
Wafer,152,raw,0,34,0.49561633907567476
Wafer,152,raw,0,35,0.4538827856227741
Wafer,152,raw,0,36,0.219411884752471
Wafer,152,raw,1,39,0.5673646077787795
Wafer,152,raw,1,40,0.7329408856734931
Wafer,152,raw,1,41,0.43245096444754905
Wafer,152,raw,1,42,0.27222377806402304
Wafer,152,raw,1,43,-0.33081065366385215
Wafer,152,raw,1,44,0.44443508021140776
Wafer,152,raw,1,45,0.13037928373789376
Wafer,152,raw,1,46,0.47649444733829455
Wafer,152,raw,1,47,0.08103747811807849
Wafer,152,raw,1,48,0.4895907505821879
Wafer,152,raw,1,49,0.3103101068624201
Wafer,152,raw,1,50,0.3535885310033575
Wafer,152,raw,1,51,0.40801291432828996
Wafer,152,raw,1,52,0.6220164351266653
Wafer,152,raw,1,53,0.7095347091169866
Wafer,152,raw,1,54,0.48357011919759174
Wafer,152,raw,1,55,0.14751228747210307
Wafer,152,raw,1,58,0.8222580911989676
Wafer,152,raw,1,59,0.3733131862252172
Wafer,152,raw,1,60,0.526798549723819
Wafer,152,raw,1,61,0.4121568607406499
Wafer,152,raw,1,62,0.4511191674469191
Wafer,152,raw,1,63,0.697085284076536
Wafer,152,raw,1,64,0.6507983339942476
Wafer,152,raw,1,65,0.8643438951041666
Wafer,152,raw,1,66,0.7801141484961316
Wafer,152,raw,1,67,0.8555631374720373
Wafer,152,raw,1,68,0.6317881439105596
Wafer,152,raw,1,69,0.6921561224670696
Wafer,152,raw,1,70,0.40974988474824
Wafer,152,raw,1,71,0.5662394648705664
Wafer,152,raw,1,72,0.5274329337641602
Wafer,152,raw,1,73,0.6937882312195849
Wafer,152,raw,1,74,0.8444503275482571
Wafer,152,raw,1,77,0.6824311691958351
Wafer,152,raw,1,78,0.435194019586857
Wafer,152,raw,1,79,0.4991198190353124
Wafer,152,raw,1,80,0.9241764371734461
Wafer,152,raw,1,81,0.6253195866909543
Wafer,152,raw,1,82,0.9390318778757301
Wafer,152,raw,1,83,0.7155616211708039
Wafer,152,raw,1,84,0.9427506757014223
Wafer,152,raw,1,85,0.7575206452899059
Wafer,152,raw,1,86,0.9520790553401052
Wafer,152,raw,1,87,0.7798356481601086
Wafer,152,raw,1,88,0.9638852657074423
Wafer,152,raw,1,89,0.7573085062362679
Wafer,152,raw,1,90,0.9307502459799039
Wafer,152,raw,1,91,0.32293198544895907
Wafer,152,raw,1,92,0.35341762854088593
Wafer,152,raw,1,93,0.7977506463403461
Wafer,152,raw,2,96,0.8333575162091315
Wafer,152,raw,2,97,0.8027904234870126
Wafer,152,raw,2,98,0.3292826115566541
Wafer,152,raw,2,99,0.8085915585707882
Wafer,152,raw,2,100,0.31648986347551383
Wafer,152,raw,2,101,0.8529913028691518
Wafer,152,raw,2,102,0.7865448657779307
Wafer,152,raw,2,103,0.6914075436364436
Wafer,152,raw,2,106,0.7597144200772641
Wafer,152,raw,2,107,0.6787964769592391
Wafer,152,raw,2,108,0.40248483475794294
Wafer,152,raw,2,109,0.7717181257300966
Wafer,152,raw,2,110,0.5756082574786442
Wafer,152,raw,2,111,0.7404790889997158
Wafer,152,raw,2,112,0.5924277578373602
Wafer,152,raw,2,113,0.5942491915902582
Wafer,152,raw,2,116,0.9165137578387291
Wafer,152,raw,2,117,0.9734099595518357
Wafer,152,raw,2,118,0.3050976099891529
Wafer,152,raw,2,119,0.9853134183117317
Wafer,152,raw,2,120,0.7239371563271028
Wafer,152,raw,2,121,0.985318112023411
Wafer,152,raw,2,122,0.7884372098236947
Wafer,152,raw,2,123,0.9817003154091481
Wafer,152,raw,2,126,0.7869377382574503
Wafer,152,raw,2,127,0.853522067178371
Wafer,152,raw,2,128,0.5753015067161722
Wafer,152,raw,2,129,0.8842927062556979
Wafer,152,raw,2,130,0.6003277873832725
Wafer,152,raw,2,131,0.8563502049426259
Wafer,152,raw,2,132,0.6504450530603507
Wafer,152,raw,2,133,0.8970533870762224
Wafer,152,raw,2,136,0.7286524707517139
Wafer,152,raw,2,137,0.7385492234730956
Wafer,152,raw,2,138,0.28262650004498185
Wafer,152,raw,2,139,0.5982371496856927
Wafer,152,raw,2,140,0.2547495167635505
Wafer,152,raw,2,141,0.8182336204715037
Wafer,152,raw,2,142,0.7316928276088027
Wafer,152,raw,2,143,0.3501696324005216
Wafer,152,raw,2,146,0.9378273280717979
Wafer,152,raw,2,147,0.998980133444464
Wafer,152,raw,2,148,0.5951437437437895
Wafer,152,raw,2,149,0.9988043256238753
Wafer,152,raw,2,150,0.37303324947540034
Wafer,152,raw,2,151,0.9994701672770395
Wafer,152,raw,2,152,0.8368516857279814
Wafer,152,raw,2,153,0.9979411574027742
Wafer,152,raw,2,156,0.7422121141100263
Wafer,152,raw,2,157,0.8432602097897186
Wafer,152,raw,2,158,0.5090487733937299
Wafer,152,raw,2,159,0.9171518223162218
Wafer,152,raw,2,160,0.6156649549890525
Wafer,152,raw,2,161,0.8988896219776917
Wafer,152,raw,2,162,0.6067792918753108
Wafer,152,raw,2,163,0.8291895156887717
Wafer,152,raw,3,166,0.8425242590432621
Wafer,152,raw,3,167,0.9256599340718343
Wafer,152,raw,3,168,0.8324562001703902
Wafer,152,raw,3,171,0.39404828813687237
Wafer,152,raw,3,172,0.8824414515267095
Wafer,152,raw,3,173,0.4717714844170499
Wafer,152,raw,3,176,0.34923056681044706
Wafer,152,raw,3,177,0.8826186841150977
Wafer,152,raw,3,178,0.4397538059826527
Wafer,152,raw,3,181,0.6419238585878937
Wafer,152,raw,3,182,0.9997704159158166
Wafer,152,raw,3,183,0.15746674768005428
Wafer,152,raw,3,186,0.5538923947561171
Wafer,152,raw,3,187,0.9999627600881152
Wafer,152,raw,3,188,0.45444976531633974
Wafer,152,raw,3,191,0.907829095479506
Wafer,152,raw,3,192,0.9714362788750208
Wafer,152,raw,3,193,0.9091498007835566
Wafer,152,raw,3,196,0.7067251914481465
Wafer,152,raw,3,197,0.8630517497506044
Wafer,152,raw,3,198,0.7311409424162475
Wafer,152,raw,3,201,0.7378136601601297
Wafer,152,raw,3,202,0.9932687779788921
Wafer,152,raw,3,203,0.519542251089318
Wafer,152,raw,3,206,0.49493566857116844
Wafer,152,raw,3,207,0.8069762574482773
Wafer,152,raw,3,208,0.49923738186028166
Wafer,152,raw,3,211,0.7621059360450978
Wafer,152,raw,3,212,0.9347803874480011
Wafer,152,raw,3,213,0.6846103652290456
Wafer,152,raw,3,216,0.6121299720179723
Wafer,152,raw,3,217,0.9344712519019318
Wafer,152,raw,3,218,0.47535654986890524
Wafer,152,raw,3,221,0.9430511754309131
Wafer,152,raw,3,222,0.9994522906650528
Wafer,152,raw,3,223,0.9408930457986568
Wafer,152,raw,3,226,0.5837845514526145
Wafer,152,raw,3,227,0.9961672189415012
Wafer,152,raw,3,228,0.7050979065012006
Wafer,152,raw,3,231,0.5624838877378052
Wafer,152,raw,3,232,0.9754077753101431
Wafer,152,raw,3,233,0.634033325976723
Wafer,152,raw,3,236,0.7407433183856803
Wafer,152,raw,3,237,0.9343066644638253
Wafer,152,raw,3,238,0.7085948295953675
Wafer,152,raw,4,241,0.8139367305559524
Wafer,152,raw,4,244,0.7436461497331576
Wafer,152,raw,4,247,0.7017218647481906
Wafer,152,raw,4,250,0.6984291270207611
Wafer,152,raw,4,253,0.731939119026101
Wafer,152,raw,4,256,0.6906815796580466
Wafer,152,raw,4,259,0.9446646284389292
Wafer,152,raw,4,262,0.9359833275316177
Wafer,152,raw,4,265,0.941914147239072
Wafer,152,raw,4,268,0.6821733719899714
Wafer,152,raw,4,271,0.7346586968163757
Wafer,152,raw,4,274,0.7443754262074033
Wafer,152,raw,4,277,0.6023089632179597
Wafer,152,raw,4,280,0.6678480159302431
Wafer,152,raw,4,283,0.6155241423495382
Wafer,152,raw,4,286,0.6924706596922946
Wafer,152,raw,4,289,0.8257463199342485
Wafer,152,raw,4,292,0.6091830541189023
Wafer,152,raw,4,295,0.7015295481928837
Wafer,152,raw,4,298,0.6705938845308383
Wafer,152,raw,4,301,0.6473021313239976
Wafer,152,raw,4,304,0.9118845105504141
Wafer,152,raw,4,307,0.5998202413197081
Wafer,152,raw,4,310,0.8895466468450011
Wafer,152,raw,4,313,0.6153535754857083
Wafer,152,raw,4,316,0.798775220804761
Wafer,152,raw,4,319,0.7078992124392307
Wafer,152,raw,4,322,0.6972882840263648
Wafer,152,raw,4,325,0.6018737538320293
Wafer,152,raw,4,328,0.675787672957561
Wafer,152,raw,4,331,0.6340075896301334
Wafer,152,raw,5,333,0.9999864315687513
Wafer,152,raw,5,340,0.9516019302973676
Wafer,152,raw,5,347,0.9978158819853027
Wafer,152,raw,5,354,0.9994543420268985
Wafer,152,raw,5,361,0.9999893354138623
Wafer,152,raw,5,368,0.9998200226469336
Wafer,152,raw,5,375,0.9989758095111307
Wafer,152,raw,5,382,0.9978149185049447
Wafer,152,raw,5,389,0.99996795910452
Wafer,152,raw,5,396,0.9544062005534107
Wafer,152,raw,5,403,0.9978501972582827
Wafer,152,raw,5,410,0.9999955569909732
Wafer,152,raw,5,417,0.999997056825636
Wafer,152,raw,5,424,0.9998426449844002
Wafer,152,raw,5,431,0.9960303505867969
Wafer,152,raw,5,438,0.998691613950217
Wafer,152,diff1,0,1,-0.38512741420379
Wafer,152,diff1,0,2,0.6623300163394291
Wafer,152,diff1,0,3,0.16200390288102393
Wafer,152,diff1,0,4,0.1705632833892391
Wafer,152,diff1,0,5,0.04729192216233327
Wafer,152,diff1,0,6,-0.0921204476110509
Wafer,152,diff1,0,7,-0.11323356383474402
Wafer,152,diff1,0,8,-0.12842043593871516
Wafer,152,diff1,0,9,-0.03707154027064958
Wafer,152,diff1,0,10,-0.008979357811664167
Wafer,152,diff1,0,11,0.06347841817762404
Wafer,152,diff1,0,12,0.023186522344038302
Wafer,152,diff1,0,13,0.07261482004526126
Wafer,152,diff1,0,14,0.032730300140013414
Wafer,152,diff1,0,15,0.07180130783888922
Wafer,152,diff1,0,16,0.04982358302839883
Wafer,152,diff1,0,17,0.014233534851929167
Wafer,152,diff1,0,18,0.06969195976568264
Wafer,152,diff1,0,19,-0.31573072293328075
Wafer,152,diff1,0,20,0.042139891973352245
Wafer,152,diff1,0,21,-0.16077559086726612
Wafer,152,diff1,0,22,0.029308644130782786
Wafer,152,diff1,0,23,-0.09546604333239983
Wafer,152,diff1,0,24,0.03631409241234132
Wafer,152,diff1,0,25,-0.04783435576612281
Wafer,152,diff1,0,26,0.055180965767529004
Wafer,152,diff1,0,27,-0.026358567330900372
Wafer,152,diff1,0,28,-0.01792590979125562
Wafer,152,diff1,0,29,-0.12040838665327686
Wafer,152,diff1,0,30,-0.10314957371137015
Wafer,152,diff1,0,31,-0.07809795503117324
Wafer,152,diff1,0,32,0.07006544524787672
Wafer,152,diff1,0,33,0.11390321330347516
Wafer,152,diff1,0,34,-0.1926917156864184
Wafer,152,diff1,0,35,0.5792609997953583
Wafer,152,diff1,0,36,-0.5838986547799292
Wafer,152,diff1,1,39,0.6240752013761749
Wafer,152,diff1,1,40,-0.1354868061359166
Wafer,152,diff1,1,41,0.35099117411763164
Wafer,152,diff1,1,42,-0.042837541879106926
Wafer,152,diff1,1,43,0.4315286212126084
Wafer,152,diff1,1,44,0.06493928470524073
Wafer,152,diff1,1,45,0.531432597057847
Wafer,152,diff1,1,46,0.17980561260294878
Wafer,152,diff1,1,47,0.706856892024632
Wafer,152,diff1,1,48,0.2478068740967568
Wafer,152,diff1,1,49,-0.02694494335977045
Wafer,152,diff1,1,50,0.2166355820367971
Wafer,152,diff1,1,51,-0.15343216711252555
Wafer,152,diff1,1,52,0.2502587793015205
Wafer,152,diff1,1,53,0.10982351944859364
Wafer,152,diff1,1,54,0.6898132356106577
Wafer,152,diff1,1,55,0.8475136572264382
Wafer,152,diff1,1,58,0.9855391201112534
Wafer,152,diff1,1,59,0.10182254014848095
Wafer,152,diff1,1,60,0.06089916216368487
Wafer,152,diff1,1,61,0.14770416991029375
Wafer,152,diff1,1,62,0.9007055227168546
Wafer,152,diff1,1,63,0.20966615257830853
Wafer,152,diff1,1,64,0.9851677641274798
Wafer,152,diff1,1,65,0.08726670843942898
Wafer,152,diff1,1,66,0.9950945438851666
Wafer,152,diff1,1,67,-0.02798221017195751
Wafer,152,diff1,1,68,0.9767924690520132
Wafer,152,diff1,1,69,-0.10699426788267724
Wafer,152,diff1,1,70,0.8951859345787351
Wafer,152,diff1,1,71,0.19670343770250145
Wafer,152,diff1,1,72,0.2308199784929596
Wafer,152,diff1,1,73,0.7829137182358648
Wafer,152,diff1,1,74,0.9941970708861518
Wafer,152,diff1,1,77,0.8213562232904614
Wafer,152,diff1,1,78,0.09922941950957186
Wafer,152,diff1,1,79,0.32060984985488855
Wafer,152,diff1,1,80,-0.45567774419710355
Wafer,152,diff1,1,81,0.5178702833962566
Wafer,152,diff1,1,82,-0.2735061419324009
Wafer,152,diff1,1,83,0.7410102101921301
Wafer,152,diff1,1,84,-0.15738662375717116
Wafer,152,diff1,1,85,0.9482188274030137
Wafer,152,diff1,1,86,-0.1043712804584117
Wafer,152,diff1,1,87,0.44687933790498097
Wafer,152,diff1,1,88,0.1030124997864424
Wafer,152,diff1,1,89,-0.03217902162944796
Wafer,152,diff1,1,90,-0.10305556373921287
Wafer,152,diff1,1,91,-0.3253603164923758
Wafer,152,diff1,1,92,0.1298974301913816
Wafer,152,diff1,1,93,0.7726371838871303
Wafer,152,diff1,2,96,0.741365786017292
Wafer,152,diff1,2,97,0.13795070345391805
Wafer,152,diff1,2,98,0.32980263452938724
Wafer,152,diff1,2,99,0.21517123571480176
Wafer,152,diff1,2,100,-0.07913942807620869
Wafer,152,diff1,2,101,0.41625708310634413
Wafer,152,diff1,2,102,0.4349143826193243
Wafer,152,diff1,2,103,0.8926719343968482
Wafer,152,diff1,2,106,0.5097724015827406
Wafer,152,diff1,2,107,0.26446440977823504
Wafer,152,diff1,2,108,0.7092747764208146
Wafer,152,diff1,2,109,0.28932328689631637
Wafer,152,diff1,2,110,0.8655005837721718
Wafer,152,diff1,2,111,0.14156189333691133
Wafer,152,diff1,2,112,0.06940489052629192
Wafer,152,diff1,2,113,0.8995871472863132
Wafer,152,diff1,2,116,0.8935167116601305
Wafer,152,diff1,2,117,0.3690756464445042
Wafer,152,diff1,2,118,0.3141192737254654
Wafer,152,diff1,2,119,0.20388720144964861
Wafer,152,diff1,2,120,0.9167813337667234
Wafer,152,diff1,2,121,0.3154175871433842
Wafer,152,diff1,2,122,0.5238000638581704
Wafer,152,diff1,2,123,0.8436721594414289
Wafer,152,diff1,2,126,0.8177477481908463
Wafer,152,diff1,2,127,0.1685607373188283
Wafer,152,diff1,2,128,0.761128513277672
Wafer,152,diff1,2,129,0.404652581259068
Wafer,152,diff1,2,130,0.9768740885415242
Wafer,152,diff1,2,131,0.3033198969473562
Wafer,152,diff1,2,132,0.5056647790134972
Wafer,152,diff1,2,133,0.9079571625115416
Wafer,152,diff1,2,136,0.7269534905873132
Wafer,152,diff1,2,137,-0.15289304552419664
Wafer,152,diff1,2,138,0.4838744263043434
Wafer,152,diff1,2,139,0.03592685429236825
Wafer,152,diff1,2,140,0.5849304208276361
Wafer,152,diff1,2,141,-0.144462955033215
Wafer,152,diff1,2,142,0.2867937531853891
Wafer,152,diff1,2,143,0.8441208000920607
Wafer,152,diff1,2,146,-0.25443430841823256
Wafer,152,diff1,2,147,0.27710338839017856
Wafer,152,diff1,2,148,0.6000802027893088
Wafer,152,diff1,2,149,0.003991605791186059
Wafer,152,diff1,2,150,0.902047586007998
Wafer,152,diff1,2,151,-0.021267003939985596
Wafer,152,diff1,2,152,0.7857043996693738
Wafer,152,diff1,2,153,0.47854803326048173
Wafer,152,diff1,2,156,0.7221775897156781
Wafer,152,diff1,2,157,0.20373464108947564
Wafer,152,diff1,2,158,0.7510094549431019
Wafer,152,diff1,2,159,0.24112068268829018
Wafer,152,diff1,2,160,0.946647690907198
Wafer,152,diff1,2,161,0.378947724418359
Wafer,152,diff1,2,162,0.493686635363385
Wafer,152,diff1,2,163,0.8846371616693507
Wafer,152,diff1,3,166,0.7595204890200913
Wafer,152,diff1,3,167,0.8498504429221478
Wafer,152,diff1,3,168,0.5412001568574004
Wafer,152,diff1,3,171,0.6041981793522836
Wafer,152,diff1,3,172,0.36808052852837214
Wafer,152,diff1,3,173,0.6177426645561034
Wafer,152,diff1,3,176,0.28829832784113973
Wafer,152,diff1,3,177,0.5564826607954387
Wafer,152,diff1,3,178,0.40157112236933185
Wafer,152,diff1,3,181,-0.36049987136180556
Wafer,152,diff1,3,182,0.11955755399275238
Wafer,152,diff1,3,183,0.8473595708134037
Wafer,152,diff1,3,186,0.6495505407237866
Wafer,152,diff1,3,187,0.4632542580005056
Wafer,152,diff1,3,188,0.7729050517360692
Wafer,152,diff1,3,191,0.921152129514964
Wafer,152,diff1,3,192,0.552996682135517
Wafer,152,diff1,3,193,0.9499090700369841
Wafer,152,diff1,3,196,0.72711862653671
Wafer,152,diff1,3,197,0.28473646165463223
Wafer,152,diff1,3,198,0.8557282192575147
Wafer,152,diff1,3,201,0.5909929536875305
Wafer,152,diff1,3,202,0.2724046491210914
Wafer,152,diff1,3,203,0.8257353516538023
Wafer,152,diff1,3,206,0.6809797693649103
Wafer,152,diff1,3,207,0.31428819300453587
Wafer,152,diff1,3,208,0.6372387638049619
Wafer,152,diff1,3,211,0.8556811034122946
Wafer,152,diff1,3,212,0.34938004106738657
Wafer,152,diff1,3,213,0.840219673648841
Wafer,152,diff1,3,216,0.6841863918327503
Wafer,152,diff1,3,217,0.8189898804661717
Wafer,152,diff1,3,218,0.6543344332850655
Wafer,152,diff1,3,221,0.9694748644115848
Wafer,152,diff1,3,222,0.4869623058542147
Wafer,152,diff1,3,223,0.9765762107342351
Wafer,152,diff1,3,226,0.5027765459205269
Wafer,152,diff1,3,227,0.46932509142074597
Wafer,152,diff1,3,228,0.7458493282604484
Wafer,152,diff1,3,231,0.5709172664214665
Wafer,152,diff1,3,232,0.25555419951519226
Wafer,152,diff1,3,233,0.7195910076477737
Wafer,152,diff1,3,236,0.6792999362865909
Wafer,152,diff1,3,237,0.20769682870564288
Wafer,152,diff1,3,238,0.7955761122567035
Wafer,152,diff1,4,241,0.8350761076210581
Wafer,152,diff1,4,244,0.6103688243341485
Wafer,152,diff1,4,247,0.7163529907399987
Wafer,152,diff1,4,250,0.6041217716431975
Wafer,152,diff1,4,253,0.7446895316089658
Wafer,152,diff1,4,256,0.4642782054652229
Wafer,152,diff1,4,259,0.933366010330765
Wafer,152,diff1,4,262,0.5416359738423631
Wafer,152,diff1,4,265,0.43544570286953316
Wafer,152,diff1,4,268,0.8569782838969322
Wafer,152,diff1,4,271,0.7111443224174001
Wafer,152,diff1,4,274,0.7384856364696774
Wafer,152,diff1,4,277,0.5285329321836306
Wafer,152,diff1,4,280,0.6781328525469345
Wafer,152,diff1,4,283,0.5216178668133657
Wafer,152,diff1,4,286,0.6324974699493956
Wafer,152,diff1,4,289,0.5817680026655672
Wafer,152,diff1,4,292,0.45480536533462534
Wafer,152,diff1,4,295,0.6278093062756569
Wafer,152,diff1,4,298,0.4980431823162468
Wafer,152,diff1,4,301,0.6952415902048564
Wafer,152,diff1,4,304,0.8088231180947606
Wafer,152,diff1,4,307,0.8118103662295595
Wafer,152,diff1,4,310,0.7063925350835616
Wafer,152,diff1,4,313,0.5693290741579465
Wafer,152,diff1,4,316,0.668797183914544
Wafer,152,diff1,4,319,0.6171922531992063
Wafer,152,diff1,4,322,0.7172270676815075
Wafer,152,diff1,4,325,0.5273037689105072
Wafer,152,diff1,4,328,0.6729867322929882
Wafer,152,diff1,4,331,0.5811326300593446
Wafer,152,diff1,5,333,0.9983921315839812
Wafer,152,diff1,5,338,0.9711651869894814
Wafer,152,diff1,5,345,0.989823205079308
Wafer,152,diff1,5,350,0.9648922259545507
Wafer,152,diff1,5,357,0.9906609077938952
Wafer,152,diff1,5,362,0.9892215390821107
Wafer,152,diff1,5,369,0.994406523774704
Wafer,152,diff1,5,374,0.9820902161018913
Wafer,152,diff1,5,381,0.9879054589606169
Wafer,152,diff1,5,388,0.9979627999454841
Wafer,152,diff1,5,393,0.9616261016304571
Wafer,152,diff1,5,400,0.9840718847879376
Wafer,152,diff1,5,405,0.9743352833977766
Wafer,152,diff1,5,412,0.9963921482146156
Wafer,152,diff1,5,417,0.9885963730764111
Wafer,152,diff1,5,424,0.996317162373135
Wafer,152,diff1,5,429,0.989419254667054
Wafer,152,diff1,5,436,0.9921929636067294
Wafer,152,diff2,0,1,-0.13431665229527787
Wafer,152,diff2,0,2,0.08847741089083072
Wafer,152,diff2,0,3,-0.03352992599436232
Wafer,152,diff2,0,4,-0.11894908505201787
Wafer,152,diff2,0,5,-0.17633926335938777
Wafer,152,diff2,0,6,-0.22382341562597383
Wafer,152,diff2,0,7,-0.22510870039845698
Wafer,152,diff2,0,8,-0.17955268081899028
Wafer,152,diff2,0,9,-0.09726979164570627
Wafer,152,diff2,0,10,-0.06545157258829289
Wafer,152,diff2,0,11,-0.006699068289022264
Wafer,152,diff2,0,12,-0.010526716392960789
Wafer,152,diff2,0,13,0.04334844316355801
Wafer,152,diff2,0,14,0.014953267218946879
Wafer,152,diff2,0,15,0.12222048929502828
Wafer,152,diff2,0,16,0.05779679062760871
Wafer,152,diff2,0,17,0.1473303848206526
Wafer,152,diff2,0,18,0.07572098540735975
Wafer,152,diff2,0,19,0.13950460168862813
Wafer,152,diff2,0,20,-0.0494260776535394
Wafer,152,diff2,0,21,0.09015884353883025
Wafer,152,diff2,0,22,-0.023591257591549016
Wafer,152,diff2,0,23,-0.047139715348145816
Wafer,152,diff2,0,24,-0.021876698472661067
Wafer,152,diff2,0,25,-0.042127770077421606
Wafer,152,diff2,0,26,-0.06498310865633483
Wafer,152,diff2,0,27,-0.12100794027489992
Wafer,152,diff2,0,28,-0.188242752776684
Wafer,152,diff2,0,29,-0.2588939231960107
Wafer,152,diff2,0,30,-0.2763817795033282
Wafer,152,diff2,0,31,-0.27445197565089857
Wafer,152,diff2,0,32,-0.23658074414025618
Wafer,152,diff2,0,33,-0.20977357884691852
Wafer,152,diff2,0,34,-0.16184307839948506
Wafer,152,diff2,0,35,-0.1305517087753281
Wafer,152,diff2,0,36,-0.1807806391048878
Wafer,152,diff2,1,39,-0.06082291472484864
Wafer,152,diff2,1,40,0.12030421786842005
Wafer,152,diff2,1,41,-0.019486771621829553
Wafer,152,diff2,1,42,-0.053210659868366414
Wafer,152,diff2,1,43,-0.005931774369523546
Wafer,152,diff2,1,44,0.0390060153365257
Wafer,152,diff2,1,45,0.060757210770545224
Wafer,152,diff2,1,46,0.017616837494303875
Wafer,152,diff2,1,47,0.11427735617341446
Wafer,152,diff2,1,48,-0.0041143144632518535
Wafer,152,diff2,1,49,0.031813697110902
Wafer,152,diff2,1,50,0.09581105559316397
Wafer,152,diff2,1,51,0.12779184978335179
Wafer,152,diff2,1,52,0.02240406161116869
Wafer,152,diff2,1,53,-0.04053763612386688
Wafer,152,diff2,1,54,-0.04354330113775326
Wafer,152,diff2,1,55,-0.3476479337263098
Wafer,152,diff2,1,58,-0.05200301236801982
Wafer,152,diff2,1,59,0.21778855546614587
Wafer,152,diff2,1,60,0.1374143856141665
Wafer,152,diff2,1,61,0.10509186284126044
Wafer,152,diff2,1,62,0.04635128346484409
Wafer,152,diff2,1,63,0.08333123273943933
Wafer,152,diff2,1,64,0.02165284624306735
Wafer,152,diff2,1,65,0.22842075894744393
Wafer,152,diff2,1,66,-0.08565854007477403
Wafer,152,diff2,1,67,0.09108564311661752
Wafer,152,diff2,1,68,0.09299505772156853
Wafer,152,diff2,1,69,0.02394272418224018
Wafer,152,diff2,1,70,0.0649071460648314
Wafer,152,diff2,1,71,0.12280677980134515
Wafer,152,diff2,1,72,0.15569703807372393
Wafer,152,diff2,1,73,0.24442421429645672
Wafer,152,diff2,1,74,0.14194864292119924
Wafer,152,diff2,1,77,0.3066803081902831
Wafer,152,diff2,1,78,0.013026722546870756
Wafer,152,diff2,1,79,-0.4720290134483142
Wafer,152,diff2,1,80,-0.522749508298924
Wafer,152,diff2,1,81,-0.2890232694421958
Wafer,152,diff2,1,82,-0.20063375089763893
Wafer,152,diff2,1,83,0.028253448279651358
Wafer,152,diff2,1,84,0.043136321506498425
Wafer,152,diff2,1,85,0.10584728090420611
Wafer,152,diff2,1,86,0.03626383635931162
Wafer,152,diff2,1,87,0.24395457381060207
Wafer,152,diff2,1,88,0.08651014613161331
Wafer,152,diff2,1,89,-0.07906870619981675
Wafer,152,diff2,1,90,-0.3708188901065889
Wafer,152,diff2,1,91,-0.4792219552890415
Wafer,152,diff2,1,92,-0.4971076733603135
Wafer,152,diff2,1,93,-0.18901705976741973
Wafer,152,diff2,2,96,0.13980758406564522
Wafer,152,diff2,2,97,0.340283994267771
Wafer,152,diff2,2,98,0.16940516493244367
Wafer,152,diff2,2,99,0.10130427671829893
Wafer,152,diff2,2,100,0.054495759486433364
Wafer,152,diff2,2,101,0.0693494896825913
Wafer,152,diff2,2,102,0.18710905156197333
Wafer,152,diff2,2,103,0.4015654093310243
Wafer,152,diff2,2,106,0.45504930306851155
Wafer,152,diff2,2,107,-0.2890614751220599
Wafer,152,diff2,2,108,0.02793293082995127
Wafer,152,diff2,2,109,0.0630824291079624
Wafer,152,diff2,2,110,0.14087794180429897
Wafer,152,diff2,2,111,0.4388925175901095
Wafer,152,diff2,2,112,0.5713065676993014
Wafer,152,diff2,2,113,0.751236666281386
Wafer,152,diff2,2,116,0.760422073823881
Wafer,152,diff2,2,117,0.2428224750631099
Wafer,152,diff2,2,118,0.15761221815395265
Wafer,152,diff2,2,119,0.010432058189554108
Wafer,152,diff2,2,120,0.29732355050947773
Wafer,152,diff2,2,121,0.10671698219034635
Wafer,152,diff2,2,122,0.30416182947147585
Wafer,152,diff2,2,123,0.787495588906959
Wafer,152,diff2,2,126,-0.055148719704946
Wafer,152,diff2,2,127,0.005703853466351394
Wafer,152,diff2,2,128,0.17040650365919088
Wafer,152,diff2,2,129,0.16759492531394757
Wafer,152,diff2,2,130,0.3333788971917161
Wafer,152,diff2,2,131,0.07557441710652092
Wafer,152,diff2,2,132,0.046869347021802135
Wafer,152,diff2,2,133,0.15648137794068745
Wafer,152,diff2,2,136,-0.013297078119191492
Wafer,152,diff2,2,137,0.1210789313899824
Wafer,152,diff2,2,138,0.028741429730137453
Wafer,152,diff2,2,139,0.06754403961563925
Wafer,152,diff2,2,140,0.10742568577928567
Wafer,152,diff2,2,141,0.2061132947921393
Wafer,152,diff2,2,142,0.34682178011531
Wafer,152,diff2,2,143,0.6882991527499549
Wafer,152,diff2,2,146,0.35870395573179187
Wafer,152,diff2,2,147,0.3166976146607114
Wafer,152,diff2,2,148,0.7111222872121378
Wafer,152,diff2,2,149,0.030855422268989373
Wafer,152,diff2,2,150,0.8515393168278271
Wafer,152,diff2,2,151,0.12406787468091394
Wafer,152,diff2,2,152,0.3444905643806629
Wafer,152,diff2,2,153,0.47152852519870864
Wafer,152,diff2,2,156,0.07423292213772012
Wafer,152,diff2,2,157,0.03744635621315605
Wafer,152,diff2,2,158,0.21239463306548992
Wafer,152,diff2,2,159,0.0309996651012844
Wafer,152,diff2,2,160,0.8054167982272218
Wafer,152,diff2,2,161,-0.013787630861437552
Wafer,152,diff2,2,162,0.31791606332799544
Wafer,152,diff2,2,163,0.4677842984933978
Wafer,152,diff2,3,166,0.46242675045102233
Wafer,152,diff2,3,167,0.1465575363294408
Wafer,152,diff2,3,168,0.4676632053320732
Wafer,152,diff2,3,171,0.2186183043481261
Wafer,152,diff2,3,172,0.06729089800648774
Wafer,152,diff2,3,173,0.12001155630062123
Wafer,152,diff2,3,176,0.37242921720870015
Wafer,152,diff2,3,177,0.12952378666589734
Wafer,152,diff2,3,178,0.4794741151663453
Wafer,152,diff2,3,181,0.5768893244923605
Wafer,152,diff2,3,182,0.038406164494749324
Wafer,152,diff2,3,183,0.3618506222899736
Wafer,152,diff2,3,186,0.6651429906846406
Wafer,152,diff2,3,187,0.09584804663333829
Wafer,152,diff2,3,188,0.6790472199088196
Wafer,152,diff2,3,191,0.8444633317175091
Wafer,152,diff2,3,192,0.3090530845437376
Wafer,152,diff2,3,193,0.8444833242084518
Wafer,152,diff2,3,196,0.11733977049194824
Wafer,152,diff2,3,197,0.02788630867834609
Wafer,152,diff2,3,198,0.5402879202843123
Wafer,152,diff2,3,201,0.6170803090139758
Wafer,152,diff2,3,202,0.027508998990198062
Wafer,152,diff2,3,203,0.039651629870313725
Wafer,152,diff2,3,206,0.2726744660208886
Wafer,152,diff2,3,207,0.12375038976405926
Wafer,152,diff2,3,208,0.18202884959134658
Wafer,152,diff2,3,211,0.7265457191703617
Wafer,152,diff2,3,212,0.2956338163444884
Wafer,152,diff2,3,213,0.5912435142513085
Wafer,152,diff2,3,216,0.3236671999366106
Wafer,152,diff2,3,217,0.30922961060329285
Wafer,152,diff2,3,218,0.6271488485243795
Wafer,152,diff2,3,221,0.8522318471420861
Wafer,152,diff2,3,222,0.3134807488458771
Wafer,152,diff2,3,223,0.8510611782975678
Wafer,152,diff2,3,226,0.5236400460638533
Wafer,152,diff2,3,227,0.14843365360742547
Wafer,152,diff2,3,228,0.6871908588100741
Wafer,152,diff2,3,231,0.3593507578720991
Wafer,152,diff2,3,232,0.010034593113198806
Wafer,152,diff2,3,233,0.4828683091116957
Wafer,152,diff2,3,236,0.4660915233757098
Wafer,152,diff2,3,237,0.011520441795844268
Wafer,152,diff2,3,238,0.26477901631988443
Wafer,152,diff2,4,241,0.9681894021888203
Wafer,152,diff2,4,244,0.7464915317271499
Wafer,152,diff2,4,247,0.4334700388774942
Wafer,152,diff2,4,250,0.6919733285234784
Wafer,152,diff2,4,253,0.6986640131058053
Wafer,152,diff2,4,256,0.40019616422042614
Wafer,152,diff2,4,259,0.9111136494281818
Wafer,152,diff2,4,262,0.4372958962917983
Wafer,152,diff2,4,265,0.33053850927619327
Wafer,152,diff2,4,268,0.6257004263116579
Wafer,152,diff2,4,271,0.7590923266324281
Wafer,152,diff2,4,274,0.9207816245273801
Wafer,152,diff2,4,277,0.9792683449236587
Wafer,152,diff2,4,280,0.9704236216596976
Wafer,152,diff2,4,283,0.9790721302280648
Wafer,152,diff2,4,286,0.949153279764553
Wafer,152,diff2,4,289,0.6548236527573998
Wafer,152,diff2,4,292,0.4649365061654109
Wafer,152,diff2,4,295,0.9641607546190876
Wafer,152,diff2,4,298,0.7172381221385542
Wafer,152,diff2,4,301,0.8010746190357307
Wafer,152,diff2,4,304,0.7350022701634543
Wafer,152,diff2,4,307,0.4538963109305243
Wafer,152,diff2,4,310,0.41487350708403004
Wafer,152,diff2,4,313,0.360290172102249
Wafer,152,diff2,4,316,0.8380888527346041
Wafer,152,diff2,4,319,0.7340721299604596
Wafer,152,diff2,4,322,0.9755540200619045
Wafer,152,diff2,4,325,0.9666319836523836
Wafer,152,diff2,4,328,0.9681925333966839
Wafer,152,diff2,4,331,0.9838813013726907
Wafer,152,diff2,5,333,0.9625427000808346
Wafer,152,diff2,5,338,0.5747678601850399
Wafer,152,diff2,5,343,0.38036058271933043
Wafer,152,diff2,5,348,0.5057522029447399
Wafer,152,diff2,5,353,0.6449760199162332
Wafer,152,diff2,5,360,0.9770457003818304
Wafer,152,diff2,5,365,0.7556084620591856
Wafer,152,diff2,5,370,0.6957742744336594
Wafer,152,diff2,5,375,0.29748738083743737
Wafer,152,diff2,5,380,0.40824369587077597
Wafer,152,diff2,5,387,0.9278556930119747
Wafer,152,diff2,5,392,0.3980777463942589
Wafer,152,diff2,5,397,0.541967962093774
Wafer,152,diff2,5,402,0.39950538529713026
Wafer,152,diff2,5,407,0.8356643280140876
Wafer,152,diff2,5,414,0.8656372189571933
Wafer,152,diff2,5,419,0.8512730687905201
Wafer,152,diff2,5,424,0.23574841562515772
Wafer,152,diff2,5,429,0.3165601995374304
Wafer,152,diff2,5,434,0.349961723339379
Wafer,152,fft_magnitude,0,1,0.6828804793147876
Wafer,152,fft_magnitude,0,2,0.43936747338230514
Wafer,152,fft_magnitude,0,3,0.4890108786550914
Wafer,152,fft_magnitude,0,4,0.9492308678434718
Wafer,152,fft_magnitude,0,5,0.1635347359850743
Wafer,152,fft_magnitude,0,6,0.8936308552507161
Wafer,152,fft_magnitude,0,7,0.19496092646473337
Wafer,152,fft_magnitude,0,8,0.8352485773065358
Wafer,152,fft_magnitude,0,9,0.2119927192271443
Wafer,152,fft_magnitude,0,10,0.7752952880759282
Wafer,152,fft_magnitude,0,11,0.11419833528242332
Wafer,152,fft_magnitude,0,12,0.6903356339892842
Wafer,152,fft_magnitude,0,13,-0.14388581559535638
Wafer,152,fft_magnitude,0,14,0.5516887432186717
Wafer,152,fft_magnitude,0,15,-0.42114318566615666
Wafer,152,fft_magnitude,0,16,0.24807554675805926
Wafer,152,fft_magnitude,0,17,0.36230041452777073
Wafer,152,fft_magnitude,0,18,0.7412490180250576
Wafer,152,fft_magnitude,1,21,0.8425923533000668
Wafer,152,fft_magnitude,1,22,0.8800578252767063
Wafer,152,fft_magnitude,1,23,0.2598316063155702
Wafer,152,fft_magnitude,1,24,0.7458621240701812
Wafer,152,fft_magnitude,1,25,0.08025032074849801
Wafer,152,fft_magnitude,1,26,0.5761562626627387
Wafer,152,fft_magnitude,1,27,0.06390586148248031
Wafer,152,fft_magnitude,1,28,0.38910108461456644
Wafer,152,fft_magnitude,1,31,0.9859429724462401
Wafer,152,fft_magnitude,1,32,0.9973004402741654
Wafer,152,fft_magnitude,1,33,0.9148876652554079
Wafer,152,fft_magnitude,1,34,0.9982220798231124
Wafer,152,fft_magnitude,1,35,0.8512332060464654
Wafer,152,fft_magnitude,1,36,0.99866503711996
Wafer,152,fft_magnitude,1,37,0.9742057769307002
Wafer,152,fft_magnitude,1,38,0.9984003769059457
Wafer,152,fft_magnitude,1,41,0.9783740346527564
Wafer,152,fft_magnitude,1,42,0.9958766162304896
Wafer,152,fft_magnitude,1,43,0.8720865073599231
Wafer,152,fft_magnitude,1,44,0.9973649161093705
Wafer,152,fft_magnitude,1,45,0.8241249734497723
Wafer,152,fft_magnitude,1,46,0.9979232075004387
Wafer,152,fft_magnitude,1,47,0.941475264377965
Wafer,152,fft_magnitude,1,48,0.9952156192258902
Wafer,152,fft_magnitude,2,51,0.30151316505723613
Wafer,152,fft_magnitude,2,52,0.7623299802368356
Wafer,152,fft_magnitude,2,53,0.42235689578577884
Wafer,152,fft_magnitude,2,56,0.901404855873083
Wafer,152,fft_magnitude,2,57,0.9934351294912807
Wafer,152,fft_magnitude,2,58,0.8829042495474199
Wafer,152,fft_magnitude,2,61,0.9434733148893836
Wafer,152,fft_magnitude,2,62,0.9966216627671228
Wafer,152,fft_magnitude,2,63,0.9523830253937785
Wafer,152,fft_magnitude,2,66,0.9368776976579961
Wafer,152,fft_magnitude,2,67,0.9977978949427456
Wafer,152,fft_magnitude,2,68,0.9586191992391548
Wafer,152,fft_magnitude,2,71,0.6797040430192998
Wafer,152,fft_magnitude,2,72,0.9821375516990914
Wafer,152,fft_magnitude,2,73,0.593693591696053
Wafer,152,fft_magnitude,2,76,0.9415084105161119
Wafer,152,fft_magnitude,2,77,0.9956562498609782
Wafer,152,fft_magnitude,2,78,0.9379420881813485
Wafer,152,fft_magnitude,2,81,0.9469418365351463
Wafer,152,fft_magnitude,2,82,0.9971933613575775
Wafer,152,fft_magnitude,2,83,0.9643776876566375
Wafer,152,fft_magnitude,3,86,0.8760261755768144
Wafer,152,fft_magnitude,3,89,0.7263942583010448
Wafer,152,fft_magnitude,3,92,0.59716642458453
Wafer,152,fft_magnitude,3,95,0.7042300166755253
Wafer,152,fft_magnitude,3,98,0.6399020692416925
Wafer,152,fft_magnitude,3,101,0.6313304328657261
Wafer,152,fft_magnitude,3,104,0.6593862193695511
Wafer,152,fft_magnitude,3,107,0.5935056661679179
Wafer,152,fft_magnitude,3,110,0.581190651107914
Wafer,152,fft_magnitude,3,113,0.6413205351144141
Wafer,152,fft_magnitude,3,116,0.6270076459364401
Wafer,152,fft_magnitude,3,119,0.6524182693759404
Wafer,152,fft_magnitude,3,122,0.6604869941015892
Wafer,152,fft_magnitude,3,125,0.6343991901276053
Wafer,152,fft_magnitude,3,128,0.5620390155201206
Wafer,152,fft_magnitude,4,130,0.914467729401932
Wafer,152,fft_magnitude,4,139,0.9965358961070575
Wafer,152,fft_magnitude,4,148,0.9980541179109289
Wafer,152,fft_magnitude,4,159,0.9832435167132058
Wafer,152,fft_magnitude,4,168,0.9961605167041191
Wafer,152,fft_magnitude,4,177,0.9985945988451682
Wafer,152,fft_magnitude,5,186,1.0
Wafer,152,fft_magnitude,5,187,0.9999999999999999
Wafer,152,fft_magnitude,5,188,0.9647586611722554
Wafer,152,fft_magnitude,5,189,1.0
Wafer,152,fft_magnitude,5,190,0.9557441455963626
Wafer,152,fft_magnitude,5,191,1.0
Wafer,152,fft_magnitude,5,192,1.0
Wafer,152,fft_magnitude,5,193,0.9567785570409034
Wafer,152,fft_magnitude,5,194,1.0
Wafer,152,fft_magnitude,5,195,0.9688454432233596
Wafer,152,fft_magnitude,5,196,1.0
Wafer,152,fft_magnitude,5,197,1.0
Wafer,152,fft_magnitude,5,198,0.9886736456338115
Wafer,152,fft_magnitude,5,199,1.0
Wafer,152,fft_magnitude,5,200,0.9923712431915268
Wafer,152,fft_magnitude,5,201,1.0
Wafer,152,fft_magnitude,5,202,1.0
Wafer,152,fft_magnitude,5,203,0.9869598945933488
Wafer,152,fft_magnitude,5,204,1.0
Wafer,152,fft_magnitude,5,205,0.9908791067597567
Wafer,152,fft_magnitude,5,206,1.0
Wafer,152,fft_magnitude,5,207,1.0
Wafer,152,fft_magnitude,5,208,0.9937022331027653
Wafer,152,fft_magnitude,5,209,1.0
Wafer,152,fft_magnitude,5,210,0.9942069325119204
Wafer,152,fft_magnitude,5,211,1.0
Wafer,152,fft_magnitude,5,212,1.0
Wafer,152,fft_magnitude,5,213,0.993568258652347
Wafer,152,fft_magnitude,5,214,1.0
Wafer,152,fft_magnitude,5,215,0.9930114527851356
Wafer,152,fft_magnitude,5,216,1.0
Wafer,152,fft_magnitude,5,217,0.9917071092180351
Wafer,152,fft_magnitude,5,218,0.9999999999999999
Wafer,152,fft_magnitude,5,219,1.0
Wafer,152,fft_magnitude,5,220,0.9260400517533339
Wafer,152,fft_magnitude,5,221,1.0
Wafer,152,fft_magnitude,5,222,0.9338610875791964
Wafer,152,fft_magnitude,5,223,1.0
Wafer,152,fft_magnitude,5,224,1.0
Wafer,152,fft_magnitude,5,225,0.9805830672739374
Wafer,152,fft_magnitude,5,226,1.0
Wafer,152,fft_magnitude,5,227,0.9883999933834828
Wafer,152,fft_magnitude,5,228,1.0
Wafer,152,fft_magnitude,5,229,1.0
Wafer,152,fft_magnitude,5,230,0.9837218734681427
Wafer,152,fft_magnitude,5,231,1.0
Wafer,152,fft_magnitude,5,232,0.9878107930492397
Wafer,152,fft_magnitude,5,233,1.0
Wafer,152,fft_magnitude,5,234,1.0
Wafer,152,fft_magnitude,5,235,0.9936087300864549
Wafer,152,fft_magnitude,5,236,1.0
Wafer,152,fft_magnitude,5,237,0.9941573596584636
Wafer,152,fft_magnitude,5,238,1.0
Wafer,152,fft_magnitude,5,239,1.0
Wafer,152,fft_magnitude,5,240,0.9912986843551974
Wafer,152,fft_magnitude,5,241,1.0
Wafer,152,fft_magnitude,5,242,0.9916718072938764
Wafer,152,fft_magnitude,5,243,1.0
Wafer,152,fft_magnitude,5,244,1.0
Wafer,152,fft_magnitude,5,245,0.9934319837305079
Wafer,152,fft_magnitude,5,246,1.0
Wafer,152,fft_magnitude,5,247,0.9927250951329637
Wafer,152,fft_magnitude,5,248,1.0
Yoga,426,raw,0,1,0.8367407603062395
Yoga,426,raw,0,2,0.7874410017088808
Yoga,426,raw,0,3,0.7418174041272205
Yoga,426,raw,0,4,0.6982039936069108
Yoga,426,raw,0,5,0.6549298861510858
Yoga,426,raw,0,6,0.6163802199991463
Yoga,426,raw,0,7,0.5878936305842274
Yoga,426,raw,0,8,0.5783609486272896
Yoga,426,raw,0,9,0.5920696514325648
Yoga,426,raw,0,10,0.6053946227352955
Yoga,426,raw,0,11,0.6090819341601803
Yoga,426,raw,0,12,0.6098084828798349
Yoga,426,raw,0,13,0.6205448449322563
Yoga,426,raw,0,14,0.644165500657791
Yoga,426,raw,0,15,0.6821147426880275
Yoga,426,raw,0,16,0.7210914866392318
Yoga,426,raw,0,17,0.751729032610918
Yoga,426,raw,0,18,0.7721050452001217
Yoga,426,raw,0,19,0.7874708790194719
Yoga,426,raw,0,20,0.798819254975542
Yoga,426,raw,0,21,0.802861904984884
Yoga,426,raw,0,22,0.8040892509049404
Yoga,426,raw,0,23,0.8064040067578363
Yoga,426,raw,0,24,0.8090511189377585
Yoga,426,raw,0,25,0.8128123041841111
Yoga,426,raw,0,26,0.8184159669171179
Yoga,426,raw,0,27,0.8265835536331335
Yoga,426,raw,0,28,0.8357802528578819
Yoga,426,raw,0,29,0.8446839718645371
Yoga,426,raw,0,30,0.8534171444623859
Yoga,426,raw,0,31,0.861202237007296
Yoga,426,raw,0,32,0.8671516861394524
Yoga,426,raw,0,33,0.8684512799110058
Yoga,426,raw,0,34,0.8681963288482875
Yoga,426,raw,0,35,0.8664125501832669
Yoga,426,raw,0,36,0.8623941126506873
Yoga,426,raw,0,37,0.8556232070260341
Yoga,426,raw,0,38,0.845628156574182
Yoga,426,raw,0,39,0.8338713757262559
Yoga,426,raw,0,40,0.8193470504356472
Yoga,426,raw,0,41,0.8024325355053942
Yoga,426,raw,0,42,0.7858609465825516
Yoga,426,raw,0,43,0.7674877261568962
Yoga,426,raw,0,44,0.7519765368778466
Yoga,426,raw,0,45,0.7375978109124333
Yoga,426,raw,0,46,0.7215783670540743
Yoga,426,raw,0,47,0.7098549040109371
Yoga,426,raw,0,48,0.6985404526435857
Yoga,426,raw,0,49,0.690094497809978
Yoga,426,raw,0,50,0.6860829497164697
Yoga,426,raw,0,51,0.6831622015324701
Yoga,426,raw,0,52,0.6815307875295674
Yoga,426,raw,0,53,0.6805698933619058
Yoga,426,raw,0,54,0.6799103451786561
Yoga,426,raw,0,55,0.6832783584738336
Yoga,426,raw,0,56,0.684766649254471
Yoga,426,raw,0,57,0.6877238089051233
Yoga,426,raw,0,58,0.689202283331391
Yoga,426,raw,0,59,0.6900218220708598
Yoga,426,raw,0,60,0.6911255237762062
Yoga,426,raw,0,61,0.6885086107741799
Yoga,426,raw,0,62,0.6853583840513898
Yoga,426,raw,0,63,0.6843578647812196
Yoga,426,raw,0,64,0.6795370807139479
Yoga,426,raw,0,65,0.6797017393176837
Yoga,426,raw,0,66,0.6800456722028604
Yoga,426,raw,0,67,0.6808900451856572
Yoga,426,raw,0,68,0.6837670465132174
Yoga,426,raw,0,69,0.683543287814443
Yoga,426,raw,0,70,0.682717257626761
Yoga,426,raw,0,71,0.6795406212142056
Yoga,426,raw,0,72,0.6803465854007414
Yoga,426,raw,0,73,0.6786431683186318
Yoga,426,raw,0,74,0.6808503153915139
Yoga,426,raw,0,75,0.6801081034022949
Yoga,426,raw,0,76,0.6763295888712707
Yoga,426,raw,0,77,0.6714397674560894
Yoga,426,raw,0,78,0.6649933457253165
Yoga,426,raw,0,79,0.6570509410097977
Yoga,426,raw,0,80,0.6444422613129992
Yoga,426,raw,0,81,0.6312658767766229
Yoga,426,raw,0,82,0.615590849216364
Yoga,426,raw,0,83,0.5952039066904684
Yoga,426,raw,0,84,0.5728548384914296
Yoga,426,raw,0,85,0.5494112250397846
Yoga,426,raw,0,86,0.5251207945452022
Yoga,426,raw,0,87,0.5056656992677793
Yoga,426,raw,0,88,0.4888902937906511
Yoga,426,raw,0,89,0.47694463480838184
Yoga,426,raw,0,90,0.47246670566285776
Yoga,426,raw,0,91,0.47314683037529087
Yoga,426,raw,0,92,0.4694863324009072
Yoga,426,raw,0,93,0.4608072214118622
Yoga,426,raw,0,94,0.4540897053367145
Yoga,426,raw,0,95,0.4488316948432039
Yoga,426,raw,0,96,0.4538620708645737
Yoga,426,raw,0,97,0.4644608048582107
Yoga,426,raw,0,98,0.4760262484135928
Yoga,426,raw,0,99,0.4965239268451539
Yoga,426,raw,0,100,0.5399069379120257
Yoga,426,raw,0,101,0.6015864838600347
Yoga,426,raw,0,102,0.6605642120399942
Yoga,426,raw,0,103,0.706526537131477
Yoga,426,raw,0,104,0.7440636516886665
Yoga,426,raw,0,105,0.7905721074122555
Yoga,426,raw,1,108,0.8759111898470916
Yoga,426,raw,1,109,0.9280778103720759
Yoga,426,raw,1,110,0.8892550346646578
Yoga,426,raw,1,111,0.9391207353510976
Yoga,426,raw,1,112,0.8787402444900579
Yoga,426,raw,1,113,0.9390102301040354
Yoga,426,raw,1,114,0.8692886576809402
Yoga,426,raw,1,115,0.9427682910022865
Yoga,426,raw,1,116,0.8734286678583266
Yoga,426,raw,1,117,0.9382364140989113
Yoga,426,raw,1,118,0.8611203210677878
Yoga,426,raw,1,119,0.9308925197398646
Yoga,426,raw,1,120,0.83788536126272
Yoga,426,raw,1,121,0.9107406862172422
Yoga,426,raw,1,122,0.7896682524108042
Yoga,426,raw,1,123,0.8800885626375382
Yoga,426,raw,1,124,0.7462489529120538
Yoga,426,raw,1,125,0.8557188960746402
Yoga,426,raw,1,126,0.7385046405317486
Yoga,426,raw,1,127,0.8592103047413444
Yoga,426,raw,1,128,0.7565516614023914
Yoga,426,raw,1,129,0.8611508938618018
Yoga,426,raw,1,130,0.7512090235924634
Yoga,426,raw,1,131,0.8611037393324008
Yoga,426,raw,1,132,0.7315781770424244
Yoga,426,raw,1,133,0.8709454107112068
Yoga,426,raw,1,134,0.7644373198747095
Yoga,426,raw,1,135,0.880255212626318
Yoga,426,raw,1,136,0.8086810839157448
Yoga,426,raw,1,137,0.8774682374303617
Yoga,426,raw,1,138,0.8297541155436855
Yoga,426,raw,1,139,0.8685828088826716
Yoga,426,raw,1,140,0.8311728556365997
Yoga,426,raw,1,141,0.8638375846501982
Yoga,426,raw,1,142,0.8392994603926166
Yoga,426,raw,1,143,0.8717713858870493
Yoga,426,raw,1,144,0.8495850748791083
Yoga,426,raw,1,145,0.8859738112170579
Yoga,426,raw,1,146,0.8575188261895862
Yoga,426,raw,1,147,0.8977244811456301
Yoga,426,raw,1,148,0.8619749364165764
Yoga,426,raw,1,149,0.905144435114382
Yoga,426,raw,1,150,0.8635711299233431
Yoga,426,raw,1,151,0.899950119286004
Yoga,426,raw,1,152,0.8593645732160847
Yoga,426,raw,1,153,0.869064062461427
Yoga,426,raw,1,154,0.8336597349964483
Yoga,426,raw,1,155,0.8398251709374867
Yoga,426,raw,1,156,0.8543682506847579
Yoga,426,raw,1,157,0.8690863974457808
Yoga,426,raw,1,158,0.8866088742822684
Yoga,426,raw,1,159,0.9044426930922377
Yoga,426,raw,1,162,0.9425753674023727
Yoga,426,raw,1,163,0.9596984981003224
Yoga,426,raw,1,164,0.9254631024530298
Yoga,426,raw,1,165,0.9530524226019123
Yoga,426,raw,1,166,0.9096831982027637
Yoga,426,raw,1,167,0.9483212849704633
Yoga,426,raw,1,168,0.8918830341448635
Yoga,426,raw,1,169,0.93950493959637
Yoga,426,raw,1,170,0.8485327119532476
Yoga,426,raw,1,171,0.9257123116999157
Yoga,426,raw,1,172,0.7966298962211463
Yoga,426,raw,1,173,0.9155470890619066
Yoga,426,raw,1,174,0.7420975100349814
Yoga,426,raw,1,175,0.8907988374850938
Yoga,426,raw,1,176,0.6539692119284559
Yoga,426,raw,1,177,0.8251306147495548
Yoga,426,raw,1,178,0.5856035678235635
Yoga,426,raw,1,179,0.7646056752642769
Yoga,426,raw,1,180,0.6015452631282087
Yoga,426,raw,1,181,0.743211293146015
Yoga,426,raw,1,182,0.7148091182489973
Yoga,426,raw,1,183,0.7446394577801375
Yoga,426,raw,1,184,0.8307800820595542
Yoga,426,raw,1,185,0.7451362605577352
Yoga,426,raw,1,186,0.8842246252356246
Yoga,426,raw,1,187,0.758144626507298
Yoga,426,raw,1,188,0.8737306560153526
Yoga,426,raw,1,189,0.78157019897878
Yoga,426,raw,1,190,0.8355828531967144
Yoga,426,raw,1,191,0.8129392428913397
Yoga,426,raw,1,192,0.802537137101445
Yoga,426,raw,1,193,0.8450282467892658
Yoga,426,raw,1,194,0.7858867195441591
Yoga,426,raw,1,195,0.8659891497621407
Yoga,426,raw,1,196,0.7684492338201885
Yoga,426,raw,1,197,0.8624935474997818
Yoga,426,raw,1,198,0.740331723348024
Yoga,426,raw,1,199,0.8379875096446484
Yoga,426,raw,1,200,0.7331652093607266
Yoga,426,raw,1,201,0.8178126562687175
Yoga,426,raw,1,202,0.7416840561170299
Yoga,426,raw,1,203,0.8068687867527534
Yoga,426,raw,1,204,0.7576437752308164
Yoga,426,raw,1,205,0.7954385462436697
Yoga,426,raw,1,206,0.7472803902969497
Yoga,426,raw,1,207,0.7862858106826422
Yoga,426,raw,1,208,0.7744290812526721
Yoga,426,raw,1,209,0.8016283692059066
Yoga,426,raw,1,210,0.8273944937112337
Yoga,426,raw,1,211,0.8163831219828055
Yoga,426,raw,1,212,0.8387464528155476
Yoga,426,raw,1,213,0.8398762907944838
Yoga,426,raw,1,216,0.907381011358987
Yoga,426,raw,1,217,0.9223272114037511
Yoga,426,raw,1,218,0.8446317809569985
Yoga,426,raw,1,219,0.8966231427440501
Yoga,426,raw,1,220,0.8107530175844962
Yoga,426,raw,1,221,0.8997604329856301
Yoga,426,raw,1,222,0.8189471839325685
Yoga,426,raw,1,223,0.9112440442189691
Yoga,426,raw,1,224,0.8128783828724676
Yoga,426,raw,1,225,0.9065896854033545
Yoga,426,raw,1,226,0.7825105866093576
Yoga,426,raw,1,227,0.8939361694576236
Yoga,426,raw,1,228,0.7825210374049261
Yoga,426,raw,1,229,0.8952172886288959
Yoga,426,raw,1,230,0.8199593142461797
Yoga,426,raw,1,231,0.9037694994037007
Yoga,426,raw,1,232,0.8417892546480565
Yoga,426,raw,1,233,0.8985210930971486
Yoga,426,raw,1,234,0.8422455637143157
Yoga,426,raw,1,235,0.8803651801140513
Yoga,426,raw,1,236,0.8461607933158939
Yoga,426,raw,1,237,0.8606960050864442
Yoga,426,raw,1,238,0.854080010046295
Yoga,426,raw,1,239,0.8480332156636352
Yoga,426,raw,1,240,0.8634496453140819
Yoga,426,raw,1,241,0.8457446427420656
Yoga,426,raw,1,242,0.8760943630661107
Yoga,426,raw,1,243,0.8574218610648987
Yoga,426,raw,1,244,0.8881684640282783
Yoga,426,raw,1,245,0.8758898379656761
Yoga,426,raw,1,246,0.8715766902363876
Yoga,426,raw,1,247,0.8921928165540209
Yoga,426,raw,1,248,0.824761852377489
Yoga,426,raw,1,249,0.9014709953757029
Yoga,426,raw,1,250,0.7637455742954463
Yoga,426,raw,1,251,0.9009308064513731
Yoga,426,raw,1,252,0.7156558780070598
Yoga,426,raw,1,253,0.9005481794193706
Yoga,426,raw,1,254,0.7217204708986822
Yoga,426,raw,1,255,0.912962450832387
Yoga,426,raw,1,256,0.758692740697963
Yoga,426,raw,1,257,0.916778755524841
Yoga,426,raw,1,258,0.7904126656784536
Yoga,426,raw,1,259,0.9142031492357553
Yoga,426,raw,1,260,0.8369567369856364
Yoga,426,raw,1,261,0.9056671025395605
Yoga,426,raw,1,262,0.8490545233623092
Yoga,426,raw,1,263,0.8941607080796318
Yoga,426,raw,1,264,0.8494927996043713
Yoga,426,raw,1,265,0.8949129984224976
Yoga,426,raw,1,266,0.8812209964012842
Yoga,426,raw,1,267,0.9265315343822739
Yoga,426,raw,2,270,0.9632694427418068
Yoga,426,raw,2,271,0.9836419335328485
Yoga,426,raw,2,272,0.9645713551954382
Yoga,426,raw,2,273,0.9847266452463367
Yoga,426,raw,2,274,0.9529922046754506
Yoga,426,raw,2,275,0.9842306402669692
Yoga,426,raw,2,276,0.9339028946412855
Yoga,426,raw,2,277,0.9844065250003314
Yoga,426,raw,2,278,0.910177134254912
Yoga,426,raw,2,279,0.9818798316085278
Yoga,426,raw,2,280,0.8749771863047523
Yoga,426,raw,2,281,0.9712457137661223
Yoga,426,raw,2,282,0.8006463690216181
Yoga,426,raw,2,283,0.9542579320854881
Yoga,426,raw,2,284,0.7100229346028903
Yoga,426,raw,2,285,0.9482546773380418
Yoga,426,raw,2,286,0.8673205811112333
Yoga,426,raw,2,287,0.9552372728596285
Yoga,426,raw,2,288,0.9457248998047288
Yoga,426,raw,2,289,0.9602242069324768
Yoga,426,raw,2,290,0.9527624739482627
Yoga,426,raw,2,291,0.9665729528327138
Yoga,426,raw,2,292,0.9684929968213731
Yoga,426,raw,2,293,0.9614214079874878
Yoga,426,raw,2,294,0.9553295846009349
Yoga,426,raw,2,297,0.942905889022804
Yoga,426,raw,2,298,0.9587245582530156
Yoga,426,raw,2,299,0.9421239696716058
Yoga,426,raw,2,300,0.9728839306552091
Yoga,426,raw,2,301,0.9405553237504422
Yoga,426,raw,2,302,0.9782615269421044
Yoga,426,raw,2,303,0.92876385053881
Yoga,426,raw,2,304,0.979189241634
Yoga,426,raw,2,305,0.8842133446795816
Yoga,426,raw,2,306,0.9773926496233688
Yoga,426,raw,2,307,0.8603305305475387
Yoga,426,raw,2,308,0.9793524918638753
Yoga,426,raw,2,309,0.8782261020790972
Yoga,426,raw,2,310,0.9813680329313604
Yoga,426,raw,2,311,0.8465534568832692
Yoga,426,raw,2,312,0.9839844565524077
Yoga,426,raw,2,313,0.8847791651029044
Yoga,426,raw,2,314,0.9876859378751714
Yoga,426,raw,2,315,0.9364821063105198
Yoga,426,raw,2,316,0.9871502294412576
Yoga,426,raw,2,317,0.9493248208706209
Yoga,426,raw,2,318,0.9808721236317824
Yoga,426,raw,2,319,0.9312271718922331
Yoga,426,raw,2,320,0.9814657293142326
Yoga,426,raw,2,321,0.9268781353666571
Yoga,426,raw,2,324,0.8941986102370686
Yoga,426,raw,2,325,0.9868733800252314
Yoga,426,raw,2,326,0.9177143106700527
Yoga,426,raw,2,327,0.9902544461029753
Yoga,426,raw,2,328,0.950899962206658
Yoga,426,raw,2,329,0.9904983736216906
Yoga,426,raw,2,330,0.9496689017886902
Yoga,426,raw,2,331,0.9889217270113668
Yoga,426,raw,2,332,0.9262365347574886
Yoga,426,raw,2,333,0.9876474234697254
Yoga,426,raw,2,334,0.9016883121685799
Yoga,426,raw,2,335,0.9882919768048282
Yoga,426,raw,2,336,0.9225163180319196
Yoga,426,raw,2,337,0.9878010742226544
Yoga,426,raw,2,338,0.8811226038582045
Yoga,426,raw,2,339,0.9837064092983268
Yoga,426,raw,2,340,0.8797702563767962
Yoga,426,raw,2,341,0.9808725363042798
Yoga,426,raw,2,342,0.9118689476882441
Yoga,426,raw,2,343,0.9796452073311162
Yoga,426,raw,2,344,0.9304503161963827
Yoga,426,raw,2,345,0.976246444918338
Yoga,426,raw,2,346,0.9286682751626485
Yoga,426,raw,2,347,0.9698662613889782
Yoga,426,raw,2,348,0.9483974022892092
Yoga,426,raw,2,351,0.9590545359074969
Yoga,426,raw,2,352,0.980797335812679
Yoga,426,raw,2,353,0.9530996700398436
Yoga,426,raw,2,354,0.9850893839876929
Yoga,426,raw,2,355,0.9485772572921687
Yoga,426,raw,2,356,0.9826616197812362
Yoga,426,raw,2,357,0.9404730254679812
Yoga,426,raw,2,358,0.9784234501470693
Yoga,426,raw,2,359,0.9162121166691921
Yoga,426,raw,2,360,0.9678257653773084
Yoga,426,raw,2,361,0.8690636200619378
Yoga,426,raw,2,362,0.961486094304116
Yoga,426,raw,2,363,0.8475683557558336
Yoga,426,raw,2,364,0.9630759172350423
Yoga,426,raw,2,365,0.7457425492062058
Yoga,426,raw,2,366,0.9712187933180731
Yoga,426,raw,2,367,0.8765628807448045
Yoga,426,raw,2,368,0.9762961784099571
Yoga,426,raw,2,369,0.9433601869326663
Yoga,426,raw,2,370,0.9742162348405604
Yoga,426,raw,2,371,0.9623375469781311
Yoga,426,raw,2,372,0.9792932543024528
Yoga,426,raw,2,373,0.9618861837408909
Yoga,426,raw,2,374,0.9751264009297741
Yoga,426,raw,2,375,0.9414687528477266
Yoga,426,raw,2,378,0.9396457023699115
Yoga,426,raw,2,379,0.973713991866869
Yoga,426,raw,2,380,0.9348321634253581
Yoga,426,raw,2,381,0.9803345617415054
Yoga,426,raw,2,382,0.9158197108895235
Yoga,426,raw,2,383,0.9797561861010892
Yoga,426,raw,2,384,0.8588025031078953
Yoga,426,raw,2,385,0.977205716689164
Yoga,426,raw,2,386,0.809290071156433
Yoga,426,raw,2,387,0.9793579947107092
Yoga,426,raw,2,388,0.7969722332326802
Yoga,426,raw,2,389,0.9840348709960319
Yoga,426,raw,2,390,0.8029154586506387
Yoga,426,raw,2,391,0.9884658605927383
Yoga,426,raw,2,392,0.8417726025264107
Yoga,426,raw,2,393,0.9910539512996024
Yoga,426,raw,2,394,0.9027698849206659
Yoga,426,raw,2,395,0.9921307932147914
Yoga,426,raw,2,396,0.9276221480341269
Yoga,426,raw,2,397,0.9902499124134431
Yoga,426,raw,2,398,0.9358375229643598
Yoga,426,raw,2,399,0.9897001657562359
Yoga,426,raw,2,400,0.9410642586705615
Yoga,426,raw,2,401,0.9904571939463936
Yoga,426,raw,2,402,0.9475201287911544
Yoga,426,raw,2,405,0.8979936718360763
Yoga,426,raw,2,406,0.9822013260885477
Yoga,426,raw,2,407,0.9029395869264412
Yoga,426,raw,2,408,0.9876036277082304
Yoga,426,raw,2,409,0.9344372795414034
Yoga,426,raw,2,410,0.9901098696216096
Yoga,426,raw,2,411,0.9558866325895139
Yoga,426,raw,2,412,0.9875305478018518
Yoga,426,raw,2,413,0.9465694361280457
Yoga,426,raw,2,414,0.9819733141276236
Yoga,426,raw,2,415,0.9215054744917993
Yoga,426,raw,2,416,0.9796314195728034
Yoga,426,raw,2,417,0.9189063681791297
Yoga,426,raw,2,418,0.9803648341053024
Yoga,426,raw,2,419,0.9011316791990147
Yoga,426,raw,2,420,0.9827071522899941
Yoga,426,raw,2,421,0.8948489220594877
Yoga,426,raw,2,422,0.984455197260692
Yoga,426,raw,2,423,0.9329975133783039
Yoga,426,raw,2,424,0.9819880503437965
Yoga,426,raw,2,425,0.9391084212776819
Yoga,426,raw,2,426,0.9750999482764828
Yoga,426,raw,2,427,0.9211601842872733
Yoga,426,raw,2,428,0.9645195056688445
Yoga,426,raw,2,429,0.9369969244917364
Yoga,426,raw,2,432,0.9388465582925766
Yoga,426,raw,2,433,0.9686314602496665
Yoga,426,raw,2,434,0.9443085074286348
Yoga,426,raw,2,435,0.9770925254185338
Yoga,426,raw,2,436,0.9596789093926765
Yoga,426,raw,2,437,0.979316795681576
Yoga,426,raw,2,438,0.9571976929406703
Yoga,426,raw,2,439,0.981537047153903
Yoga,426,raw,2,440,0.9217826168066433
Yoga,426,raw,2,441,0.9823914189779214
Yoga,426,raw,2,442,0.8714366068632483
Yoga,426,raw,2,443,0.9793305146010757
Yoga,426,raw,2,444,0.8714649103850067
Yoga,426,raw,2,445,0.9770860017869338
Yoga,426,raw,2,446,0.8472759586122262
Yoga,426,raw,2,447,0.9816368131376326
Yoga,426,raw,2,448,0.9129214957507779
Yoga,426,raw,2,449,0.9840127591599348
Yoga,426,raw,2,450,0.9451954238212161
Yoga,426,raw,2,451,0.9860473468664959
Yoga,426,raw,2,452,0.9547812533839517
Yoga,426,raw,2,453,0.9881637071500251
Yoga,426,raw,2,454,0.9543246158074562
Yoga,426,raw,2,455,0.9887550487970558
Yoga,426,raw,2,456,0.9447570034509001
Yoga,426,raw,3,459,0.9659694763345217
Yoga,426,raw,3,460,0.995779786943991
Yoga,426,raw,3,461,0.9655952450740014
Yoga,426,raw,3,462,0.9948956732507594
Yoga,426,raw,3,463,0.8468887542733444
Yoga,426,raw,3,464,0.9940873502668166
Yoga,426,raw,3,465,0.8644146019764513
Yoga,426,raw,3,466,0.9932332721463893
Yoga,426,raw,3,467,0.9409282283299998
Yoga,426,raw,3,468,0.9944053465700148
Yoga,426,raw,3,469,0.9607079189678328
Yoga,426,raw,3,470,0.9918760155508471
Yoga,426,raw,3,473,0.9454704347495604
Yoga,426,raw,3,474,0.9945877434517073
Yoga,426,raw,3,475,0.9564146315318749
Yoga,426,raw,3,476,0.9931062811630762
Yoga,426,raw,3,477,0.8468778420602079
Yoga,426,raw,3,478,0.9905571859436444
Yoga,426,raw,3,479,0.8732794447248595
Yoga,426,raw,3,480,0.9944487750369547
Yoga,426,raw,3,481,0.9446358920621022
Yoga,426,raw,3,482,0.9963308967676621
Yoga,426,raw,3,483,0.9654203023189876
Yoga,426,raw,3,484,0.9937606525700113
Yoga,426,raw,3,487,0.9759275867821611
Yoga,426,raw,3,488,0.9966604305730176
Yoga,426,raw,3,489,0.9791823064725164
Yoga,426,raw,3,490,0.9967265439547806
Yoga,426,raw,3,491,0.8989431938608642
Yoga,426,raw,3,492,0.996181720100857
Yoga,426,raw,3,493,0.9098765122066959
Yoga,426,raw,3,494,0.9957121740235048
Yoga,426,raw,3,495,0.9668790025475449
Yoga,426,raw,3,496,0.9972243497586658
Yoga,426,raw,3,497,0.976921202987447
Yoga,426,raw,3,498,0.9954405110100389
Yoga,426,raw,3,501,0.974432873708925
Yoga,426,raw,3,502,0.9975813301503884
Yoga,426,raw,3,503,0.9801685724815096
Yoga,426,raw,3,504,0.9975076366892592
Yoga,426,raw,3,505,0.916511641404401
Yoga,426,raw,3,506,0.9974498107749242
Yoga,426,raw,3,507,0.8835428654885732
Yoga,426,raw,3,508,0.9977230233729355
Yoga,426,raw,3,509,0.9529242684467463
Yoga,426,raw,3,510,0.9978687360775229
Yoga,426,raw,3,511,0.9782672717927734
Yoga,426,raw,3,512,0.9976014873204323
Yoga,426,raw,3,515,0.9818931860844904
Yoga,426,raw,3,516,0.9989302107539337
Yoga,426,raw,3,517,0.9835933693290786
Yoga,426,raw,3,518,0.9985167638117082
Yoga,426,raw,3,519,0.9141123648652467
Yoga,426,raw,3,520,0.9981695440834234
Yoga,426,raw,3,521,0.865570144816798
Yoga,426,raw,3,522,0.9981449180056531
Yoga,426,raw,3,523,0.95715339060141
Yoga,426,raw,3,524,0.9981135306570066
Yoga,426,raw,3,525,0.9774004282288414
Yoga,426,raw,3,526,0.99808304648191
Yoga,426,raw,3,529,0.9680845366738241
Yoga,426,raw,3,530,0.9981090001654245
Yoga,426,raw,3,531,0.9746661015085683
Yoga,426,raw,3,532,0.9971732415431915
Yoga,426,raw,3,533,0.866912014991896
Yoga,426,raw,3,534,0.9958082084957958
Yoga,426,raw,3,535,0.8873778135191425
Yoga,426,raw,3,536,0.9962550109436658
Yoga,426,raw,3,537,0.9344960959564959
Yoga,426,raw,3,538,0.9965211131668497
Yoga,426,raw,3,539,0.9394805124230462
Yoga,426,raw,3,540,0.994553710306186
Yoga,426,raw,3,543,0.9669283940816814
Yoga,426,raw,3,544,0.9985775078135486
Yoga,426,raw,3,545,0.9761026085353299
Yoga,426,raw,3,546,0.9981518532553644
Yoga,426,raw,3,547,0.9296669595633438
Yoga,426,raw,3,548,0.9981505536135252
Yoga,426,raw,3,549,0.8704417436010612
Yoga,426,raw,3,550,0.9985236772065718
Yoga,426,raw,3,551,0.9516831856942867
Yoga,426,raw,3,552,0.9986622172520397
Yoga,426,raw,3,553,0.9814793246755014
Yoga,426,raw,3,554,0.9986181909274272
Yoga,426,raw,3,557,0.9826523208418714
Yoga,426,raw,3,558,0.9909416335795767
Yoga,426,raw,3,559,0.9743789087710703
Yoga,426,raw,3,560,0.9941823837213425
Yoga,426,raw,3,561,0.8381723903382133
Yoga,426,raw,3,562,0.9919038884648047
Yoga,426,raw,3,563,0.9133212897317804
Yoga,426,raw,3,564,0.9925858408887317
Yoga,426,raw,3,565,0.955737895599397
Yoga,426,raw,3,566,0.9963707668820749
Yoga,426,raw,3,567,0.9741308718687411
Yoga,426,raw,3,568,0.9930731582504647
Yoga,426,raw,3,571,0.9605741578065924
Yoga,426,raw,3,572,0.9948487986311423
Yoga,426,raw,3,573,0.9520192616485232
Yoga,426,raw,3,574,0.9957895544314883
Yoga,426,raw,3,575,0.8731351398248011
Yoga,426,raw,3,576,0.9938359256151307
Yoga,426,raw,3,577,0.8241816773516113
Yoga,426,raw,3,578,0.9922922372670242
Yoga,426,raw,3,579,0.9046644553403065
Yoga,426,raw,3,580,0.9947593102230492
Yoga,426,raw,3,581,0.9734349035437763
Yoga,426,raw,3,582,0.9932518052841626
Yoga,426,raw,3,585,0.9485110473882312
Yoga,426,raw,3,586,0.9963626172928315
Yoga,426,raw,3,587,0.9613792185012227
Yoga,426,raw,3,588,0.9966824882832219
Yoga,426,raw,3,589,0.8507139114511334
Yoga,426,raw,3,590,0.9954615138233769
Yoga,426,raw,3,591,0.9244212904296848
Yoga,426,raw,3,592,0.9971422330906411
Yoga,426,raw,3,593,0.9400724881771406
Yoga,426,raw,3,594,0.997590765843066
Yoga,426,raw,3,595,0.9433916284251278
Yoga,426,raw,3,596,0.9967121032804269
Yoga,426,raw,3,599,0.9558104048521102
Yoga,426,raw,3,600,0.9969095392957996
Yoga,426,raw,3,601,0.9599236109219986
Yoga,426,raw,3,602,0.9976187803986596
Yoga,426,raw,3,603,0.8897830602546744
Yoga,426,raw,3,604,0.9961526252772427
Yoga,426,raw,3,605,0.8579881604953318
Yoga,426,raw,3,606,0.9973514449883653
Yoga,426,raw,3,607,0.9324028428375712
Yoga,426,raw,3,608,0.9985236412461375
Yoga,426,raw,3,609,0.978000847002402
Yoga,426,raw,3,610,0.9977714984791124
Yoga,426,raw,3,613,0.9675403356566131
Yoga,426,raw,3,614,0.998621927072479
Yoga,426,raw,3,615,0.9804894326754318
Yoga,426,raw,3,616,0.9980705653656187
Yoga,426,raw,3,617,0.9351003705755857
Yoga,426,raw,3,618,0.9977855007410235
Yoga,426,raw,3,619,0.8767203022185408
Yoga,426,raw,3,620,0.9975386374930962
Yoga,426,raw,3,621,0.9546993434876574
Yoga,426,raw,3,622,0.9975466009016671
Yoga,426,raw,3,623,0.975976697599055
Yoga,426,raw,3,624,0.9965775162421493
Yoga,426,raw,3,627,0.9699043430594914
Yoga,426,raw,3,628,0.9985968374896755
Yoga,426,raw,3,629,0.972991593078082
Yoga,426,raw,3,630,0.9982285516211556
Yoga,426,raw,3,631,0.899435761324634
Yoga,426,raw,3,632,0.9980793027095988
Yoga,426,raw,3,633,0.8521648297745692
Yoga,426,raw,3,634,0.9978996162043008
Yoga,426,raw,3,635,0.9447800941957665
Yoga,426,raw,3,636,0.9976509851291626
Yoga,426,raw,3,637,0.975502585977901
Yoga,426,raw,3,638,0.9969894775712308
Yoga,426,raw,3,641,0.9716001641365029
Yoga,426,raw,3,642,0.9966461133649918
Yoga,426,raw,3,643,0.9753828164954385
Yoga,426,raw,3,644,0.9974553680118704
Yoga,426,raw,3,645,0.8837837374557204
Yoga,426,raw,3,646,0.9962445930702425
Yoga,426,raw,3,647,0.8942697308441875
Yoga,426,raw,3,648,0.9973604953559141
Yoga,426,raw,3,649,0.9550743695745408
Yoga,426,raw,3,650,0.9984843748582305
Yoga,426,raw,3,651,0.9810308577529473
Yoga,426,raw,3,652,0.9977409448090706
Yoga,426,raw,3,655,0.9744098309263202
Yoga,426,raw,3,656,0.9954074531870795
Yoga,426,raw,3,657,0.9770744795149056
Yoga,426,raw,3,658,0.99560344988682
Yoga,426,raw,3,659,0.9333826766916762
Yoga,426,raw,3,660,0.9962211610938058
Yoga,426,raw,3,661,0.8937852948049075
Yoga,426,raw,3,662,0.9960443619182056
Yoga,426,raw,3,663,0.9649250175797245
Yoga,426,raw,3,664,0.9977268491547274
Yoga,426,raw,3,665,0.9877658332213224
Yoga,426,raw,3,666,0.996332943096764
Yoga,426,raw,4,669,0.9877351710956863
Yoga,426,raw,4,670,0.9990696478022472
Yoga,426,raw,4,671,0.8910421731448432
Yoga,426,raw,4,672,0.9992004944599162
Yoga,426,raw,4,673,0.9759713390014337
Yoga,426,raw,4,676,0.9758328324320101
Yoga,426,raw,4,677,0.9987762961419452
Yoga,426,raw,4,678,0.8903061053681427
Yoga,426,raw,4,679,0.9988649234477273
Yoga,426,raw,4,680,0.9840687658758143
Yoga,426,raw,4,683,0.9735589262573413
Yoga,426,raw,4,684,0.9987199924120729
Yoga,426,raw,4,685,0.9219692112263406
Yoga,426,raw,4,686,0.9983826478043684
Yoga,426,raw,4,687,0.9805725389137787
Yoga,426,raw,4,690,0.9826648135076477
Yoga,426,raw,4,691,0.9992322607233121
Yoga,426,raw,4,692,0.9138416812527375
Yoga,426,raw,4,693,0.9991292164991111
Yoga,426,raw,4,694,0.9807954696287683
Yoga,426,raw,4,697,0.9857290272542216
Yoga,426,raw,4,698,0.9993308473756111
Yoga,426,raw,4,699,0.9186502171732929
Yoga,426,raw,4,700,0.9993377324625233
Yoga,426,raw,4,701,0.9803343595449546
Yoga,426,raw,4,704,0.985163451143212
Yoga,426,raw,4,705,0.9995210247928367
Yoga,426,raw,4,706,0.9066011988009364
Yoga,426,raw,4,707,0.9996451934630824
Yoga,426,raw,4,708,0.9881213846232514
Yoga,426,raw,4,711,0.9828684536394564
Yoga,426,raw,4,712,0.9994417548315325
Yoga,426,raw,4,713,0.8968274462734939
Yoga,426,raw,4,714,0.9994325015294551
Yoga,426,raw,4,715,0.9793895280386089
Yoga,426,raw,4,718,0.9777968575180425
Yoga,426,raw,4,719,0.999456073921578
Yoga,426,raw,4,720,0.9205491286750362
Yoga,426,raw,4,721,0.9993943926581327
Yoga,426,raw,4,722,0.981671436481005
Yoga,426,raw,4,725,0.9902893001696397
Yoga,426,raw,4,726,0.9996947561177615
Yoga,426,raw,4,727,0.901094695876222
Yoga,426,raw,4,728,0.9996329314227843
Yoga,426,raw,4,729,0.9864643533346885
Yoga,426,raw,4,732,0.9812197832147236
Yoga,426,raw,4,733,0.9995018750585928
Yoga,426,raw,4,734,0.8726736519781505
Yoga,426,raw,4,735,0.9994086583456528
Yoga,426,raw,4,736,0.9773072645118065
Yoga,426,raw,4,739,0.9867899762434617
Yoga,426,raw,4,740,0.9995386989182149
Yoga,426,raw,4,741,0.8994610615957926
Yoga,426,raw,4,742,0.9994528168893859
Yoga,426,raw,4,743,0.9786083666602275
Yoga,426,raw,4,746,0.9895316919642055
Yoga,426,raw,4,747,0.9994376164103113
Yoga,426,raw,4,748,0.9030861810358466
Yoga,426,raw,4,749,0.9994558403915416
Yoga,426,raw,4,750,0.9846768882190242
Yoga,426,raw,4,753,0.9888675152068465
Yoga,426,raw,4,754,0.9996217133525888
Yoga,426,raw,4,755,0.9033283914638734
Yoga,426,raw,4,756,0.9995878101411074
Yoga,426,raw,4,757,0.9891066908678264
Yoga,426,raw,4,760,0.9794710902742068
Yoga,426,raw,4,761,0.9994662479265699
Yoga,426,raw,4,762,0.9181408579248497
Yoga,426,raw,4,763,0.9996359450987343
Yoga,426,raw,4,764,0.9826403986561293
Yoga,426,raw,4,767,0.9869223705450008
Yoga,426,raw,4,768,0.998733815557901
Yoga,426,raw,4,769,0.8955093586827428
Yoga,426,raw,4,770,0.9989128791637731
Yoga,426,raw,4,771,0.9904028327410421
Yoga,426,raw,4,774,0.9613724230391835
Yoga,426,raw,4,775,0.9984252738271208
Yoga,426,raw,4,776,0.8407410961248125
Yoga,426,raw,4,777,0.998953154299716
Yoga,426,raw,4,778,0.9419790264000429
Yoga,426,raw,4,781,0.9825575135086843
Yoga,426,raw,4,782,0.9987410871761895
Yoga,426,raw,4,783,0.910836552071788
Yoga,426,raw,4,784,0.998776555538907
Yoga,426,raw,4,785,0.9793176382556895
Yoga,426,raw,4,788,0.9710264471785598
Yoga,426,raw,4,789,0.998720571885657
Yoga,426,raw,4,790,0.8959356687278973
Yoga,426,raw,4,791,0.9985657256606325
Yoga,426,raw,4,792,0.9768896677821288
Yoga,426,raw,4,795,0.9704849162759449
Yoga,426,raw,4,796,0.9984009005954894
Yoga,426,raw,4,797,0.9185385091823296
Yoga,426,raw,4,798,0.9989212087323466
Yoga,426,raw,4,799,0.9745908571824006
Yoga,426,raw,4,802,0.9823224254614661
Yoga,426,raw,4,803,0.9993359823702833
Yoga,426,raw,4,804,0.926554061448957
Yoga,426,raw,4,805,0.9993872188626793
Yoga,426,raw,4,806,0.9783545459492128
Yoga,426,raw,4,809,0.9890996143719591
Yoga,426,raw,4,810,0.9993930728093778
Yoga,426,raw,4,811,0.9032258268108698
Yoga,426,raw,4,812,0.9994125386560136
Yoga,426,raw,4,813,0.9879636140676302
Yoga,426,raw,4,816,0.9754193397755702
Yoga,426,raw,4,817,0.999335360859163
Yoga,426,raw,4,818,0.9135092071237417
Yoga,426,raw,4,819,0.9994680311544708
Yoga,426,raw,4,820,0.9751718847813757
Yoga,426,raw,4,823,0.9852342977165661
Yoga,426,raw,4,824,0.9995293298233702
Yoga,426,raw,4,825,0.884208533186422
Yoga,426,raw,4,826,0.9994633855076753
Yoga,426,raw,4,827,0.9833842028972499
Yoga,426,raw,4,830,0.9858138484573522
Yoga,426,raw,4,831,0.9995497828141022
Yoga,426,raw,4,832,0.9069287019532557
Yoga,426,raw,4,833,0.9995012004732059
Yoga,426,raw,4,834,0.9846770232075329
Yoga,426,raw,4,837,0.9884804414191458
Yoga,426,raw,4,838,0.9996482593948753
Yoga,426,raw,4,839,0.9064980957761528
Yoga,426,raw,4,840,0.9995805468782722
Yoga,426,raw,4,841,0.9821674002535408
Yoga,426,raw,4,844,0.9813428982843848
Yoga,426,raw,4,845,0.9995138854532198
Yoga,426,raw,4,846,0.874671160503571
Yoga,426,raw,4,847,0.9995038664865976
Yoga,426,raw,4,848,0.9798942014483611
Yoga,426,raw,4,851,0.9846922131617112
Yoga,426,raw,4,852,0.9993863872924006
Yoga,426,raw,4,853,0.9202154740350839
Yoga,426,raw,4,854,0.9993722430093015
Yoga,426,raw,4,855,0.9681473544942458
Yoga,426,raw,4,858,0.9824782815873252
Yoga,426,raw,4,859,0.9992905979354803
Yoga,426,raw,4,860,0.9109677963567263
Yoga,426,raw,4,861,0.9995853081398214
Yoga,426,raw,4,862,0.9863184535709114
Yoga,426,raw,4,865,0.9885177904545985
Yoga,426,raw,4,866,0.9996024332488489
Yoga,426,raw,4,867,0.8939809421470629
Yoga,426,raw,4,868,0.9996957435571897
Yoga,426,raw,4,869,0.9902715065173479
Yoga,426,raw,4,872,0.9897024619157322
Yoga,426,raw,4,873,0.9993839685421705
Yoga,426,raw,4,874,0.8816516729194923
Yoga,426,raw,4,875,0.9991958788361649
Yoga,426,raw,4,876,0.9892609960202357
Yoga,426,raw,4,879,0.9846189956148889
Yoga,426,raw,4,880,0.9987943604653131
Yoga,426,raw,4,881,0.8572116083615959
Yoga,426,raw,4,882,0.9986507988599764
Yoga,426,raw,4,883,0.983265707814472
Yoga,426,raw,5,886,0.927122305736612
Yoga,426,raw,5,887,0.9998394985595734
Yoga,426,raw,5,890,0.9237236036966133
Yoga,426,raw,5,891,0.9997397148767408
Yoga,426,raw,5,894,0.9256837822075512
Yoga,426,raw,5,895,0.9996239371812904
Yoga,426,raw,5,898,0.9381743598481875
Yoga,426,raw,5,899,0.9996819513396831
Yoga,426,raw,5,902,0.923727409743963
Yoga,426,raw,5,903,0.9996673133673492
Yoga,426,raw,5,906,0.9406886851583719
Yoga,426,raw,5,907,0.9996469788971919
Yoga,426,raw,5,910,0.9199036766173386
Yoga,426,raw,5,911,0.9997589848392965
Yoga,426,raw,5,914,0.9388879896476665
Yoga,426,raw,5,915,0.9998614770245652
Yoga,426,raw,5,918,0.9391772843965327
Yoga,426,raw,5,919,0.9998843321015435
Yoga,426,raw,5,922,0.9495156931428499
Yoga,426,raw,5,923,0.9998517401198285
Yoga,426,raw,5,926,0.9461339261072836
Yoga,426,raw,5,927,0.9998780164575448
Yoga,426,raw,5,930,0.9222650478678243
Yoga,426,raw,5,931,0.9998735414794053
Yoga,426,raw,5,934,0.9403563319167311
Yoga,426,raw,5,935,0.999821561654405
Yoga,426,raw,5,938,0.9278648987997351
Yoga,426,raw,5,939,0.9998461475481868
Yoga,426,raw,5,942,0.9286703501830362
Yoga,426,raw,5,943,0.9998449811700951
Yoga,426,raw,5,946,0.948581558051809
Yoga,426,raw,5,947,0.9998737239979615
Yoga,426,raw,5,950,0.9525024716672607
Yoga,426,raw,5,951,0.9999068543695093
Yoga,426,raw,5,954,0.9446338647524776
Yoga,426,raw,5,955,0.999917456265362
Yoga,426,raw,5,958,0.9190317688220094
Yoga,426,raw,5,959,0.9998655338740944
Yoga,426,raw,5,962,0.9201845598482005
Yoga,426,raw,5,963,0.999872975110649
Yoga,426,raw,5,966,0.9343394959536212
Yoga,426,raw,5,967,0.9998773539834964
Yoga,426,raw,5,970,0.9117365543080004
Yoga,426,raw,5,971,0.9998337636446036
Yoga,426,raw,5,974,0.955923050018534
Yoga,426,raw,5,975,0.9998819773983557
Yoga,426,raw,5,978,0.9412546194733008
Yoga,426,raw,5,979,0.9998998673451235
Yoga,426,raw,5,982,0.935861519673481
Yoga,426,raw,5,983,0.999867717708205
Yoga,426,raw,5,986,0.9424435369647824
Yoga,426,raw,5,987,0.9999302781496219
Yoga,426,raw,5,990,0.9432917836770621
Yoga,426,raw,5,991,0.9998733012577425
Yoga,426,raw,5,994,0.9351754995084721
Yoga,426,raw,5,995,0.9998435872764103
Yoga,426,raw,5,998,0.9473706601701696
Yoga,426,raw,5,999,0.9997086297939585
Yoga,426,raw,5,1002,0.9480565231376666
Yoga,426,raw,5,1003,0.9996510102795253
Yoga,426,raw,5,1006,0.8742008706880657
Yoga,426,raw,5,1007,0.9997470234716824
Yoga,426,raw,5,1010,0.8991957622112962
Yoga,426,raw,5,1011,0.9987608815150468
Yoga,426,raw,5,1014,0.9237880939665281
Yoga,426,raw,5,1015,0.9997728912925004
Yoga,426,raw,5,1018,0.9186475447027813
Yoga,426,raw,5,1019,0.999650812542321
Yoga,426,raw,5,1022,0.9243453494071537
Yoga,426,raw,5,1023,0.9996641316328062
Yoga,426,raw,5,1026,0.9307174854920195
Yoga,426,raw,5,1027,0.9996381055961879
Yoga,426,raw,5,1030,0.9437910453056435
Yoga,426,raw,5,1031,0.9996867078676208
Yoga,426,raw,5,1034,0.9242875698011767
Yoga,426,raw,5,1035,0.9997392949882689
Yoga,426,raw,5,1038,0.9455792277714874
Yoga,426,raw,5,1039,0.9998207348534381
Yoga,426,raw,5,1042,0.9423942134330262
Yoga,426,raw,5,1043,0.9998635329754659
Yoga,426,raw,5,1046,0.9316492397861109
Yoga,426,raw,5,1047,0.9998622372410839
Yoga,426,raw,5,1050,0.9551134863026645
Yoga,426,raw,5,1051,0.9998694742815126
Yoga,426,raw,5,1054,0.9369823634341102
Yoga,426,raw,5,1055,0.9998930686610352
Yoga,426,raw,5,1058,0.9126439994152091
Yoga,426,raw,5,1059,0.9998257620872072
Yoga,426,raw,5,1062,0.9390093859743803
Yoga,426,raw,5,1063,0.9998691113074292
Yoga,426,raw,5,1066,0.9242419131956088
Yoga,426,raw,5,1067,0.9998497220117372
Yoga,426,raw,5,1070,0.935685623793456
Yoga,426,raw,5,1071,0.9998591034978311
Yoga,426,raw,5,1074,0.9509301241866093
Yoga,426,raw,5,1075,0.9999007331436474
Yoga,426,raw,5,1078,0.9480892550345603
Yoga,426,raw,5,1079,0.9999261717623836
Yoga,426,raw,5,1082,0.9400246586258268
Yoga,426,raw,5,1083,0.9998968857929288
Yoga,426,raw,5,1086,0.9260848837770392
Yoga,426,raw,5,1087,0.9998476254785962
Yoga,426,raw,5,1090,0.9417155490075778
Yoga,426,raw,5,1091,0.9998485603014499
Yoga,426,raw,5,1094,0.9433115767505454
Yoga,426,raw,5,1095,0.9998441523604845
Yoga,426,raw,5,1098,0.923568291111904
Yoga,426,raw,5,1099,0.9998550116472186
Yoga,426,raw,5,1102,0.9559278968212043
Yoga,426,raw,5,1103,0.999875056596976
Yoga,426,raw,5,1106,0.9318539354235165
Yoga,426,raw,5,1107,0.999899468034629
Yoga,426,raw,5,1110,0.957950523952675
Yoga,426,raw,5,1111,0.9999274926422077
Yoga,426,raw,5,1114,0.9550721418883786
Yoga,426,raw,5,1115,0.9999210608486302
Yoga,426,raw,5,1118,0.9414286571961229
Yoga,426,raw,5,1119,0.999891061002641
Yoga,426,raw,5,1122,0.9372743507129975
Yoga,426,raw,5,1123,0.9997635233679785
Yoga,426,raw,5,1126,0.9500015078883537
Yoga,426,raw,5,1127,0.9996754908055874
Yoga,426,raw,5,1130,0.937539081193318
Yoga,426,raw,5,1131,0.9996963422584164
Yoga,426,raw,5,1134,0.9123974416343313
Yoga,426,raw,5,1135,0.9997142433721438
Yoga,426,diff1,0,1,0.7948393073062885
Yoga,426,diff1,0,2,0.6323807864173707
Yoga,426,diff1,0,3,0.7354015216244895
Yoga,426,diff1,0,4,0.8173110118798719
Yoga,426,diff1,0,5,0.8629178530326126
Yoga,426,diff1,0,6,0.8736818633449953
Yoga,426,diff1,0,7,0.8694780943081201
Yoga,426,diff1,0,8,0.850007739387637
Yoga,426,diff1,0,9,0.8300229324914334
Yoga,426,diff1,0,10,0.8034211250686506
Yoga,426,diff1,0,11,0.7811884743993269
Yoga,426,diff1,0,12,0.7515447943270283
Yoga,426,diff1,0,13,0.7318834373878303
Yoga,426,diff1,0,14,0.6990612582015889
Yoga,426,diff1,0,15,0.6782699762031527
Yoga,426,diff1,0,16,0.6416988432331782
Yoga,426,diff1,0,17,0.6198732388273258
Yoga,426,diff1,0,18,0.5801920719764944
Yoga,426,diff1,0,19,0.5589780143363421
Yoga,426,diff1,0,20,0.5160816615494819
Yoga,426,diff1,0,21,0.4961089842625143
Yoga,426,diff1,0,22,0.4500592755620923
Yoga,426,diff1,0,23,0.4275393861363029
Yoga,426,diff1,0,24,0.3803284428956128
Yoga,426,diff1,0,25,0.3638512193780878
Yoga,426,diff1,0,26,0.3189724627876629
Yoga,426,diff1,0,27,0.3040446047880712
Yoga,426,diff1,0,28,0.26044084045030075
Yoga,426,diff1,0,29,0.25297102688741496
Yoga,426,diff1,0,30,0.2109958457177798
Yoga,426,diff1,0,31,0.20781049887987976
Yoga,426,diff1,0,32,0.16767871539702417
Yoga,426,diff1,0,33,0.16584022286657268
Yoga,426,diff1,0,34,0.130742418915977
Yoga,426,diff1,0,35,0.14414920796003977
Yoga,426,diff1,0,36,0.11979942521839748
Yoga,426,diff1,0,37,0.14247938893727632
Yoga,426,diff1,0,38,0.13024747417068047
Yoga,426,diff1,0,39,0.16655883638918678
Yoga,426,diff1,0,40,0.1610288618410515
Yoga,426,diff1,0,41,0.20478938149406922
Yoga,426,diff1,0,42,0.20547358178704464
Yoga,426,diff1,0,43,0.24121013802895697
Yoga,426,diff1,0,44,0.23992393375108387
Yoga,426,diff1,0,45,0.2751476361747377
Yoga,426,diff1,0,46,0.2528403282456281
Yoga,426,diff1,0,47,0.27172856818624463
Yoga,426,diff1,0,48,0.2397113852787554
Yoga,426,diff1,0,49,0.2587348681179357
Yoga,426,diff1,0,50,0.22242430033680333
Yoga,426,diff1,0,51,0.24633384410615275
Yoga,426,diff1,0,52,0.20296126199485848
Yoga,426,diff1,0,53,0.2345871956872082
Yoga,426,diff1,0,54,0.20191250073707231
Yoga,426,diff1,0,55,0.232081900070186
Yoga,426,diff1,0,56,0.1908235875375007
Yoga,426,diff1,0,57,0.21728463416408814
Yoga,426,diff1,0,58,0.17651698540055397
Yoga,426,diff1,0,59,0.19868360027923454
Yoga,426,diff1,0,60,0.1613972732147318
Yoga,426,diff1,0,61,0.18371836099832495
Yoga,426,diff1,0,62,0.15803742223278283
Yoga,426,diff1,0,63,0.1922428619555678
Yoga,426,diff1,0,64,0.1837351052865613
Yoga,426,diff1,0,65,0.2144687426350467
Yoga,426,diff1,0,66,0.20871986594520114
Yoga,426,diff1,0,67,0.24036778403980347
Yoga,426,diff1,0,68,0.24665327796968195
Yoga,426,diff1,0,69,0.2727997278082502
Yoga,426,diff1,0,70,0.2818394180672248
Yoga,426,diff1,0,71,0.3001870276769609
Yoga,426,diff1,0,72,0.31611788946015035
Yoga,426,diff1,0,73,0.3276197160418151
Yoga,426,diff1,0,74,0.346224344121864
Yoga,426,diff1,0,75,0.3593368452796481
Yoga,426,diff1,0,76,0.38662921240936293
Yoga,426,diff1,0,77,0.4022715200468367
Yoga,426,diff1,0,78,0.4403793884604929
Yoga,426,diff1,0,79,0.46105030019476123
Yoga,426,diff1,0,80,0.5013949138331248
Yoga,426,diff1,0,81,0.5161089941912256
Yoga,426,diff1,0,82,0.5549653563114162
Yoga,426,diff1,0,83,0.5637404309946115
Yoga,426,diff1,0,84,0.5980796429739738
Yoga,426,diff1,0,85,0.6016224187841127
Yoga,426,diff1,0,86,0.6284237726003877
Yoga,426,diff1,0,87,0.6265669671341211
Yoga,426,diff1,0,88,0.6474748614493747
Yoga,426,diff1,0,89,0.6448346643707253
Yoga,426,diff1,0,90,0.6628911816068749
Yoga,426,diff1,0,91,0.6575878251374662
Yoga,426,diff1,0,92,0.6729817198535278
Yoga,426,diff1,0,93,0.668920265278983
Yoga,426,diff1,0,94,0.6816612479837779
Yoga,426,diff1,0,95,0.6767052968987282
Yoga,426,diff1,0,96,0.6891253128770706
Yoga,426,diff1,0,97,0.6816085277717331
Yoga,426,diff1,0,98,0.6867016637332299
Yoga,426,diff1,0,99,0.6725855875794836
Yoga,426,diff1,0,100,0.6682879449416972
Yoga,426,diff1,0,101,0.6398547048884892
Yoga,426,diff1,0,102,0.614182439614038
Yoga,426,diff1,0,103,0.5568800843588813
Yoga,426,diff1,0,104,0.5012489693952609
Yoga,426,diff1,0,105,0.637928561982358
Yoga,426,diff1,1,108,0.8699519304311105
Yoga,426,diff1,1,109,0.8920192094338876
Yoga,426,diff1,1,110,0.85456805931566
Yoga,426,diff1,1,111,0.8970176012245454
Yoga,426,diff1,1,112,0.848075358876507
Yoga,426,diff1,1,113,0.8995976283135236
Yoga,426,diff1,1,114,0.8495580504541879
Yoga,426,diff1,1,115,0.9073384501330014
Yoga,426,diff1,1,116,0.7980417418938274
Yoga,426,diff1,1,117,0.8793702817208198
Yoga,426,diff1,1,118,0.6932364908286925
Yoga,426,diff1,1,119,0.8332696026116753
Yoga,426,diff1,1,120,0.5920842580874446
Yoga,426,diff1,1,121,0.7895946801042091
Yoga,426,diff1,1,122,0.5050596443249739
Yoga,426,diff1,1,123,0.7502730576599543
Yoga,426,diff1,1,124,0.44382717858453624
Yoga,426,diff1,1,125,0.7345368833370973
Yoga,426,diff1,1,126,0.438289410525247
Yoga,426,diff1,1,127,0.7790569536934485
Yoga,426,diff1,1,128,0.572286832785893
Yoga,426,diff1,1,129,0.8446465954315489
Yoga,426,diff1,1,130,0.7069261304811988
Yoga,426,diff1,1,131,0.8804947412193951
Yoga,426,diff1,1,132,0.7677180462479459
Yoga,426,diff1,1,133,0.8835037613417435
Yoga,426,diff1,1,134,0.7368041927397377
Yoga,426,diff1,1,135,0.874296772253104
Yoga,426,diff1,1,136,0.5982209872063633
Yoga,426,diff1,1,137,0.8622082193743403
Yoga,426,diff1,1,138,0.4801552749470538
Yoga,426,diff1,1,139,0.8469130269587497
Yoga,426,diff1,1,140,0.4997787787086069
Yoga,426,diff1,1,141,0.8439403014505773
Yoga,426,diff1,1,142,0.5941674786171621
Yoga,426,diff1,1,143,0.8479703623788316
Yoga,426,diff1,1,144,0.7266831253657425
Yoga,426,diff1,1,145,0.8640878831838766
Yoga,426,diff1,1,146,0.8127399119219503
Yoga,426,diff1,1,147,0.8642154005867315
Yoga,426,diff1,1,148,0.8518175571666501
Yoga,426,diff1,1,149,0.8486016260818464
Yoga,426,diff1,1,150,0.8869868245706178
Yoga,426,diff1,1,151,0.8306091520605713
Yoga,426,diff1,1,152,0.8931510201801224
Yoga,426,diff1,1,153,0.803104129585812
Yoga,426,diff1,1,154,0.8870941311452947
Yoga,426,diff1,1,155,0.8118609037430237
Yoga,426,diff1,1,156,0.8960526749635666
Yoga,426,diff1,1,157,0.8493477378408358
Yoga,426,diff1,1,158,0.919749129762675
Yoga,426,diff1,1,161,0.8214625853049684
Yoga,426,diff1,1,162,0.651279060909228
Yoga,426,diff1,1,163,0.8090410849291366
Yoga,426,diff1,1,164,0.7279702001794843
Yoga,426,diff1,1,165,0.8506867277821654
Yoga,426,diff1,1,166,0.716317134058194
Yoga,426,diff1,1,167,0.8306721816128229
Yoga,426,diff1,1,168,0.6733710294543722
Yoga,426,diff1,1,169,0.7943881297183426
Yoga,426,diff1,1,170,0.6365057108335355
Yoga,426,diff1,1,171,0.7135925902708715
Yoga,426,diff1,1,172,0.5875817927533449
Yoga,426,diff1,1,173,0.5836288080226059
Yoga,426,diff1,1,174,0.552744935862366
Yoga,426,diff1,1,175,0.4438441886108327
Yoga,426,diff1,1,176,0.5901937225658744
Yoga,426,diff1,1,177,0.33415077901509216
Yoga,426,diff1,1,178,0.6249945813822203
Yoga,426,diff1,1,179,0.2881281353322073
Yoga,426,diff1,1,180,0.6765053942992256
Yoga,426,diff1,1,181,0.28415410321008017
Yoga,426,diff1,1,182,0.7221007961582419
Yoga,426,diff1,1,183,0.29956205407354597
Yoga,426,diff1,1,184,0.7103400526881007
Yoga,426,diff1,1,185,0.32241871283632156
Yoga,426,diff1,1,186,0.6919276970834292
Yoga,426,diff1,1,187,0.36235818658306673
Yoga,426,diff1,1,188,0.6990037938272761
Yoga,426,diff1,1,189,0.41500696525997405
Yoga,426,diff1,1,190,0.7219160028358301
Yoga,426,diff1,1,191,0.46465612116319227
Yoga,426,diff1,1,192,0.7470431709630585
Yoga,426,diff1,1,193,0.5183591701990479
Yoga,426,diff1,1,194,0.7733097487603472
Yoga,426,diff1,1,195,0.5459145811839287
Yoga,426,diff1,1,196,0.7784207019596782
Yoga,426,diff1,1,197,0.5445192780210636
Yoga,426,diff1,1,198,0.8030344823662092
Yoga,426,diff1,1,199,0.596414555710157
Yoga,426,diff1,1,200,0.8395090548047379
Yoga,426,diff1,1,201,0.6404703646385566
Yoga,426,diff1,1,202,0.8383350438105747
Yoga,426,diff1,1,203,0.6316211051964593
Yoga,426,diff1,1,204,0.8125528046355899
Yoga,426,diff1,1,205,0.6225511844230369
Yoga,426,diff1,1,206,0.7962220785937169
Yoga,426,diff1,1,207,0.6210769746099416
Yoga,426,diff1,1,208,0.7692195684584908
Yoga,426,diff1,1,209,0.5895632477559163
Yoga,426,diff1,1,210,0.6899507587037296
Yoga,426,diff1,1,211,0.4990062275419002
Yoga,426,diff1,1,212,0.6338558307276737
Yoga,426,diff1,1,215,0.9420060289562318
Yoga,426,diff1,1,216,0.9388967632170836
Yoga,426,diff1,1,217,0.9235197202623061
Yoga,426,diff1,1,218,0.932742823612053
Yoga,426,diff1,1,219,0.9084690266470632
Yoga,426,diff1,1,220,0.922272103559861
Yoga,426,diff1,1,221,0.8878887667183126
Yoga,426,diff1,1,222,0.9122716940300986
Yoga,426,diff1,1,223,0.8628293156288523
Yoga,426,diff1,1,224,0.914050898177318
Yoga,426,diff1,1,225,0.8483828453202996
Yoga,426,diff1,1,226,0.9178974171823056
Yoga,426,diff1,1,227,0.8171952279053851
Yoga,426,diff1,1,228,0.9100982483737663
Yoga,426,diff1,1,229,0.7232286743421417
Yoga,426,diff1,1,230,0.8843833077469393
Yoga,426,diff1,1,231,0.6439665461601033
Yoga,426,diff1,1,232,0.8578683316509684
Yoga,426,diff1,1,233,0.6167885250252628
Yoga,426,diff1,1,234,0.8352529209857261
Yoga,426,diff1,1,235,0.655195896164022
Yoga,426,diff1,1,236,0.8253189426392553
Yoga,426,diff1,1,237,0.6713229193496726
Yoga,426,diff1,1,238,0.834336432595213
Yoga,426,diff1,1,239,0.6380912567534203
Yoga,426,diff1,1,240,0.8546042152444536
Yoga,426,diff1,1,241,0.5803610604299553
Yoga,426,diff1,1,242,0.8535319469377569
Yoga,426,diff1,1,243,0.5557753182668479
Yoga,426,diff1,1,244,0.845759892063068
Yoga,426,diff1,1,245,0.5206334163459274
Yoga,426,diff1,1,246,0.8242831068103195
Yoga,426,diff1,1,247,0.4888946877448486
Yoga,426,diff1,1,248,0.7988175902640712
Yoga,426,diff1,1,249,0.5484533208456049
Yoga,426,diff1,1,250,0.8044327822770255
Yoga,426,diff1,1,251,0.6594422943653522
Yoga,426,diff1,1,252,0.8352713240125069
Yoga,426,diff1,1,253,0.7906353744838182
Yoga,426,diff1,1,254,0.8750976938511054
Yoga,426,diff1,1,255,0.8775395760631027
Yoga,426,diff1,1,256,0.9020550305071329
Yoga,426,diff1,1,257,0.9161574210999714
Yoga,426,diff1,1,258,0.9165453773054684
Yoga,426,diff1,1,259,0.9295100800290504
Yoga,426,diff1,1,260,0.9138588147923195
Yoga,426,diff1,1,261,0.9243745185352813
Yoga,426,diff1,1,262,0.9003060154782999
Yoga,426,diff1,1,263,0.9084518400326875
Yoga,426,diff1,1,264,0.8824111394782714
Yoga,426,diff1,1,265,0.9422431376522296
Yoga,426,diff1,2,268,0.9347356551054752
Yoga,426,diff1,2,269,0.8268841695308494
Yoga,426,diff1,2,270,0.8910665208144154
Yoga,426,diff1,2,271,0.7809645947773417
Yoga,426,diff1,2,272,0.8580499343663972
Yoga,426,diff1,2,273,0.8030745889515658
Yoga,426,diff1,2,274,0.8307764447303084
Yoga,426,diff1,2,275,0.8801852158732075
Yoga,426,diff1,2,276,0.8025969680942047
Yoga,426,diff1,2,277,0.9184781358346583
Yoga,426,diff1,2,278,0.7725811895193231
Yoga,426,diff1,2,279,0.9378652351513923
Yoga,426,diff1,2,280,0.8293004496539083
Yoga,426,diff1,2,281,0.9373982650820895
Yoga,426,diff1,2,282,0.8221921058701217
Yoga,426,diff1,2,283,0.9388883711111815
Yoga,426,diff1,2,284,0.7774451513777568
Yoga,426,diff1,2,285,0.9417369545284553
Yoga,426,diff1,2,286,0.8102316987784787
Yoga,426,diff1,2,287,0.9500883235729332
Yoga,426,diff1,2,288,0.8657773847054144
Yoga,426,diff1,2,289,0.9410281280630036
Yoga,426,diff1,2,290,0.8619316519545616
Yoga,426,diff1,2,291,0.9429978117799054
Yoga,426,diff1,2,292,0.8886174609763066
Yoga,426,diff1,2,295,0.8709836428497676
Yoga,426,diff1,2,296,0.968238701435335
Yoga,426,diff1,2,297,0.8506050545201336
Yoga,426,diff1,2,298,0.959100035028506
Yoga,426,diff1,2,299,0.8711985995555404
Yoga,426,diff1,2,300,0.9524040180123862
Yoga,426,diff1,2,301,0.8776971200539527
Yoga,426,diff1,2,302,0.9605581686497947
Yoga,426,diff1,2,303,0.8822530230067883
Yoga,426,diff1,2,304,0.9707254165279727
Yoga,426,diff1,2,305,0.8546551053766408
Yoga,426,diff1,2,306,0.9691897524580568
Yoga,426,diff1,2,307,0.864719175620111
Yoga,426,diff1,2,308,0.9634449304699182
Yoga,426,diff1,2,309,0.8571811689223467
Yoga,426,diff1,2,310,0.9531459186652036
Yoga,426,diff1,2,311,0.7849582004739838
Yoga,426,diff1,2,312,0.9325217704876012
Yoga,426,diff1,2,313,0.842438359072549
Yoga,426,diff1,2,314,0.8985931262141306
Yoga,426,diff1,2,315,0.8935662768682806
Yoga,426,diff1,2,316,0.8465001425573745
Yoga,426,diff1,2,317,0.9013231967901655
Yoga,426,diff1,2,318,0.8024397709196063
Yoga,426,diff1,2,319,0.947905634489691
Yoga,426,diff1,2,322,0.9191713941367946
Yoga,426,diff1,2,323,0.8332585678966403
Yoga,426,diff1,2,324,0.919618882011877
Yoga,426,diff1,2,325,0.8417936798023525
Yoga,426,diff1,2,326,0.9192307695819946
Yoga,426,diff1,2,327,0.8519615219644003
Yoga,426,diff1,2,328,0.8645712503409593
Yoga,426,diff1,2,329,0.9004404675761517
Yoga,426,diff1,2,330,0.678087231068587
Yoga,426,diff1,2,331,0.9223979871774676
Yoga,426,diff1,2,332,0.6379311904283039
Yoga,426,diff1,2,333,0.9434023856522005
Yoga,426,diff1,2,334,0.781484998427718
Yoga,426,diff1,2,335,0.9526097982577625
Yoga,426,diff1,2,336,0.8554436434606851
Yoga,426,diff1,2,337,0.9602450640596167
Yoga,426,diff1,2,338,0.8893349510638997
Yoga,426,diff1,2,339,0.9677824008554899
Yoga,426,diff1,2,340,0.8885742248372271
Yoga,426,diff1,2,341,0.9740561296428504
Yoga,426,diff1,2,342,0.8533453628903211
Yoga,426,diff1,2,343,0.9694439375519645
Yoga,426,diff1,2,344,0.7752321281081098
Yoga,426,diff1,2,345,0.9397515465442522
Yoga,426,diff1,2,346,0.7470953636158572
Yoga,426,diff1,2,349,0.8169030003452584
Yoga,426,diff1,2,350,0.9327889087628732
Yoga,426,diff1,2,351,0.8999081744325268
Yoga,426,diff1,2,352,0.950003800312593
Yoga,426,diff1,2,353,0.9101100646434732
Yoga,426,diff1,2,354,0.9395752074174686
Yoga,426,diff1,2,355,0.8624853516046167
Yoga,426,diff1,2,356,0.9187665982025673
Yoga,426,diff1,2,357,0.6325074944160237
Yoga,426,diff1,2,358,0.8997596868863227
Yoga,426,diff1,2,359,0.5035731926084451
Yoga,426,diff1,2,360,0.905216564845475
Yoga,426,diff1,2,361,0.5000059350057187
Yoga,426,diff1,2,362,0.9178792538218496
Yoga,426,diff1,2,363,0.6252846923941758
Yoga,426,diff1,2,364,0.9209117429933275
Yoga,426,diff1,2,365,0.7600997951095224
Yoga,426,diff1,2,366,0.9149987318608326
Yoga,426,diff1,2,367,0.8395447719350659
Yoga,426,diff1,2,368,0.917196545334116
Yoga,426,diff1,2,369,0.8773800965482917
Yoga,426,diff1,2,370,0.905859973632663
Yoga,426,diff1,2,371,0.8533871642918478
Yoga,426,diff1,2,372,0.8274801629991774
Yoga,426,diff1,2,373,0.8018891660885483
Yoga,426,diff1,2,376,0.9449011453153248
Yoga,426,diff1,2,377,0.9171046528421275
Yoga,426,diff1,2,378,0.9107478881176557
Yoga,426,diff1,2,379,0.8747959681327456
Yoga,426,diff1,2,380,0.8876114384158789
Yoga,426,diff1,2,381,0.8536182292514664
Yoga,426,diff1,2,382,0.8352382216598164
Yoga,426,diff1,2,383,0.8523218443193787
Yoga,426,diff1,2,384,0.6752888384729577
Yoga,426,diff1,2,385,0.8839366581399659
Yoga,426,diff1,2,386,0.6005285731776839
Yoga,426,diff1,2,387,0.921625129768366
Yoga,426,diff1,2,388,0.7754465854575623
Yoga,426,diff1,2,389,0.9464505502072931
Yoga,426,diff1,2,390,0.8029157897090048
Yoga,426,diff1,2,391,0.9334248572512668
Yoga,426,diff1,2,392,0.8002019062586355
Yoga,426,diff1,2,393,0.9402090369363435
Yoga,426,diff1,2,394,0.8501875175204359
Yoga,426,diff1,2,395,0.9404333369319139
Yoga,426,diff1,2,396,0.862471372722309
Yoga,426,diff1,2,397,0.9285376708224775
Yoga,426,diff1,2,398,0.7865766453214983
Yoga,426,diff1,2,399,0.8868898437318897
Yoga,426,diff1,2,400,0.840677885379291
Yoga,426,diff1,2,403,0.7628308833246242
Yoga,426,diff1,2,404,0.8936568064229846
Yoga,426,diff1,2,405,0.6811259582901261
Yoga,426,diff1,2,406,0.9319468956001395
Yoga,426,diff1,2,407,0.7789924406566248
Yoga,426,diff1,2,408,0.9609754427060601
Yoga,426,diff1,2,409,0.8434700687730401
Yoga,426,diff1,2,410,0.9650860512343645
Yoga,426,diff1,2,411,0.849062612718427
Yoga,426,diff1,2,412,0.963976477208802
Yoga,426,diff1,2,413,0.8507372314545191
Yoga,426,diff1,2,414,0.9639901271539328
Yoga,426,diff1,2,415,0.8275658921698428
Yoga,426,diff1,2,416,0.9591119003971543
Yoga,426,diff1,2,417,0.713338157811183
Yoga,426,diff1,2,418,0.9476250325069152
Yoga,426,diff1,2,419,0.6775582177879002
Yoga,426,diff1,2,420,0.9214992442844596
Yoga,426,diff1,2,421,0.7564016398132157
Yoga,426,diff1,2,422,0.8969759325878669
Yoga,426,diff1,2,423,0.8372794562681032
Yoga,426,diff1,2,424,0.8726574992565589
Yoga,426,diff1,2,425,0.8797819249543072
Yoga,426,diff1,2,426,0.8423466380857162
Yoga,426,diff1,2,427,0.9258037314617464
Yoga,426,diff1,2,430,0.9207147018617647
Yoga,426,diff1,2,431,0.7846677714308294
Yoga,426,diff1,2,432,0.8212873452618648
Yoga,426,diff1,2,433,0.7863964897507261
Yoga,426,diff1,2,434,0.7508427862430496
Yoga,426,diff1,2,435,0.8433313560292901
Yoga,426,diff1,2,436,0.6615419340535645
Yoga,426,diff1,2,437,0.8815253540842757
Yoga,426,diff1,2,438,0.6315227427157705
Yoga,426,diff1,2,439,0.9199560883694645
Yoga,426,diff1,2,440,0.70588280811295
Yoga,426,diff1,2,441,0.94437803504561
Yoga,426,diff1,2,442,0.797635033471211
Yoga,426,diff1,2,443,0.9545756483415596
Yoga,426,diff1,2,444,0.8065991888386776
Yoga,426,diff1,2,445,0.9471216640591343
Yoga,426,diff1,2,446,0.7708285979318784
Yoga,426,diff1,2,447,0.9322677451125952
Yoga,426,diff1,2,448,0.7721285776408863
Yoga,426,diff1,2,449,0.92693523084826
Yoga,426,diff1,2,450,0.8059793273274967
Yoga,426,diff1,2,451,0.9134895549062352
Yoga,426,diff1,2,452,0.7318370680887746
Yoga,426,diff1,2,453,0.9050935886011255
Yoga,426,diff1,2,454,0.8039172192708877
Yoga,426,diff1,3,457,0.9228757887141039
Yoga,426,diff1,3,458,0.9784777952927097
Yoga,426,diff1,3,459,0.9072655607010386
Yoga,426,diff1,3,460,0.9739222754546806
Yoga,426,diff1,3,461,0.8178645871387136
Yoga,426,diff1,3,462,0.975737409191403
Yoga,426,diff1,3,463,0.6146624005177391
Yoga,426,diff1,3,464,0.9682458084889844
Yoga,426,diff1,3,465,0.7381264068113988
Yoga,426,diff1,3,466,0.9617196624765206
Yoga,426,diff1,3,467,0.915641838037366
Yoga,426,diff1,3,468,0.9795468403557308
Yoga,426,diff1,3,471,0.9107903158065834
Yoga,426,diff1,3,472,0.9357039784573226
Yoga,426,diff1,3,473,0.8459883055272798
Yoga,426,diff1,3,474,0.9487102511128475
Yoga,426,diff1,3,475,0.8007448353684542
Yoga,426,diff1,3,476,0.9593312264100675
Yoga,426,diff1,3,477,0.6759854676271813
Yoga,426,diff1,3,478,0.9625721510613249
Yoga,426,diff1,3,479,0.8020597292047886
Yoga,426,diff1,3,480,0.9597759919497295
Yoga,426,diff1,3,481,0.8946239576265566
Yoga,426,diff1,3,482,0.9786159384631216
Yoga,426,diff1,3,485,0.8967087252676951
Yoga,426,diff1,3,486,0.9697911021839767
Yoga,426,diff1,3,487,0.8542621491343115
Yoga,426,diff1,3,488,0.9745929406802208
Yoga,426,diff1,3,489,0.8085893302639996
Yoga,426,diff1,3,490,0.9766495081316803
Yoga,426,diff1,3,491,0.7561369976210938
Yoga,426,diff1,3,492,0.9748325179313526
Yoga,426,diff1,3,493,0.7886948845153658
Yoga,426,diff1,3,494,0.9762408586502452
Yoga,426,diff1,3,495,0.9220773438449792
Yoga,426,diff1,3,496,0.9788591755515016
Yoga,426,diff1,3,499,0.9365676749307025
Yoga,426,diff1,3,500,0.9784978309637465
Yoga,426,diff1,3,501,0.8777336172846435
Yoga,426,diff1,3,502,0.9788445372641357
Yoga,426,diff1,3,503,0.738740035944304
Yoga,426,diff1,3,504,0.9817907584324445
Yoga,426,diff1,3,505,0.8035691807460957
Yoga,426,diff1,3,506,0.981855237196919
Yoga,426,diff1,3,507,0.8385913018028737
Yoga,426,diff1,3,508,0.9827322780481874
Yoga,426,diff1,3,509,0.9190654079159261
Yoga,426,diff1,3,510,0.968922073156528
Yoga,426,diff1,3,513,0.9315705847920958
Yoga,426,diff1,3,514,0.9717024618634762
Yoga,426,diff1,3,515,0.8456060863274001
Yoga,426,diff1,3,516,0.9678058468451964
Yoga,426,diff1,3,517,0.68728204297954
Yoga,426,diff1,3,518,0.9645507824197189
Yoga,426,diff1,3,519,0.7162002857974459
Yoga,426,diff1,3,520,0.9681398425080596
Yoga,426,diff1,3,521,0.8393714120747514
Yoga,426,diff1,3,522,0.9634989235539314
Yoga,426,diff1,3,523,0.8844024012140976
Yoga,426,diff1,3,524,0.9457920173975487
Yoga,426,diff1,3,527,0.9033909657122211
Yoga,426,diff1,3,528,0.967740019306331
Yoga,426,diff1,3,529,0.8848002050857829
Yoga,426,diff1,3,530,0.9743270966129269
Yoga,426,diff1,3,531,0.8086146862484859
Yoga,426,diff1,3,532,0.972678958002405
Yoga,426,diff1,3,533,0.7310905928162986
Yoga,426,diff1,3,534,0.9724971073325424
Yoga,426,diff1,3,535,0.7987883243355224
Yoga,426,diff1,3,536,0.9717012309478469
Yoga,426,diff1,3,537,0.9028816153955626
Yoga,426,diff1,3,538,0.9791031953717022
Yoga,426,diff1,3,541,0.8709459867897683
Yoga,426,diff1,3,542,0.9487370487916595
Yoga,426,diff1,3,543,0.8567743097389564
Yoga,426,diff1,3,544,0.9555032999568672
Yoga,426,diff1,3,545,0.8054633902121112
Yoga,426,diff1,3,546,0.9525841991276139
Yoga,426,diff1,3,547,0.693928017051501
Yoga,426,diff1,3,548,0.9458334356328232
Yoga,426,diff1,3,549,0.7624914001256168
Yoga,426,diff1,3,550,0.9468502366567632
Yoga,426,diff1,3,551,0.900657760030623
Yoga,426,diff1,3,552,0.9674425857667766
Yoga,426,diff1,3,555,0.8716343379038953
Yoga,426,diff1,3,556,0.9601853974723878
Yoga,426,diff1,3,557,0.7667832083063003
Yoga,426,diff1,3,558,0.9721616300933811
Yoga,426,diff1,3,559,0.6315240285000733
Yoga,426,diff1,3,560,0.9748986040421104
Yoga,426,diff1,3,561,0.584903625050077
Yoga,426,diff1,3,562,0.9709915815394605
Yoga,426,diff1,3,563,0.7740897689488876
Yoga,426,diff1,3,564,0.9396060651411168
Yoga,426,diff1,3,565,0.7943782300618687
Yoga,426,diff1,3,566,0.9120932059460062
Yoga,426,diff1,3,569,0.9282911707028952
Yoga,426,diff1,3,570,0.9019828777693012
Yoga,426,diff1,3,571,0.8699086818813933
Yoga,426,diff1,3,572,0.9511078240918998
Yoga,426,diff1,3,573,0.7454900800321512
Yoga,426,diff1,3,574,0.9579131610110394
Yoga,426,diff1,3,575,0.762435523948458
Yoga,426,diff1,3,576,0.9650284003238635
Yoga,426,diff1,3,577,0.7788677260042247
Yoga,426,diff1,3,578,0.9651752396407005
Yoga,426,diff1,3,579,0.8908614437639794
Yoga,426,diff1,3,580,0.9753732575561272
Yoga,426,diff1,3,583,0.8959118923410611
Yoga,426,diff1,3,584,0.940637499818428
Yoga,426,diff1,3,585,0.8389156007623951
Yoga,426,diff1,3,586,0.9545019424405888
Yoga,426,diff1,3,587,0.7430985656938754
Yoga,426,diff1,3,588,0.9559944723997482
Yoga,426,diff1,3,589,0.7437202593383837
Yoga,426,diff1,3,590,0.9502905613059155
Yoga,426,diff1,3,591,0.7824491717664362
Yoga,426,diff1,3,592,0.9477548374989953
Yoga,426,diff1,3,593,0.8787239146200473
Yoga,426,diff1,3,594,0.9581891507966096
Yoga,426,diff1,3,597,0.9340609662274618
Yoga,426,diff1,3,598,0.980622194691156
Yoga,426,diff1,3,599,0.8836115723480571
Yoga,426,diff1,3,600,0.9720619536770638
Yoga,426,diff1,3,601,0.781283521323883
Yoga,426,diff1,3,602,0.9689879896717888
Yoga,426,diff1,3,603,0.7482554793722186
Yoga,426,diff1,3,604,0.9639878063048684
Yoga,426,diff1,3,605,0.7951760365481695
Yoga,426,diff1,3,606,0.9569281403126905
Yoga,426,diff1,3,607,0.9201753363333031
Yoga,426,diff1,3,608,0.9413342245983624
Yoga,426,diff1,3,611,0.9082120599090637
Yoga,426,diff1,3,612,0.9782803032285926
Yoga,426,diff1,3,613,0.8686925258430501
Yoga,426,diff1,3,614,0.9761898101494912
Yoga,426,diff1,3,615,0.7965134556093665
Yoga,426,diff1,3,616,0.9754078493605456
Yoga,426,diff1,3,617,0.7392685619159176
Yoga,426,diff1,3,618,0.9704790056081547
Yoga,426,diff1,3,619,0.8093439258171516
Yoga,426,diff1,3,620,0.9601805041192331
Yoga,426,diff1,3,621,0.9080316006503336
Yoga,426,diff1,3,622,0.9445143567864888
Yoga,426,diff1,3,625,0.9369539906615433
Yoga,426,diff1,3,626,0.9603780792663525
Yoga,426,diff1,3,627,0.8548370326621882
Yoga,426,diff1,3,628,0.9604931046974833
Yoga,426,diff1,3,629,0.6653453184230012
Yoga,426,diff1,3,630,0.969816327772498
Yoga,426,diff1,3,631,0.7345624963957356
Yoga,426,diff1,3,632,0.9750828011177208
Yoga,426,diff1,3,633,0.8515818096446336
Yoga,426,diff1,3,634,0.9806396594845155
Yoga,426,diff1,3,635,0.8750444499015516
Yoga,426,diff1,3,636,0.9733048209563215
Yoga,426,diff1,3,639,0.9227515179972964
Yoga,426,diff1,3,640,0.9561076893486982
Yoga,426,diff1,3,641,0.892572342322161
Yoga,426,diff1,3,642,0.9695278486598488
Yoga,426,diff1,3,643,0.75982676468877
Yoga,426,diff1,3,644,0.9688874160972931
Yoga,426,diff1,3,645,0.6864708976973101
Yoga,426,diff1,3,646,0.9738383615124704
Yoga,426,diff1,3,647,0.8205764163077715
Yoga,426,diff1,3,648,0.9797232462341067
Yoga,426,diff1,3,649,0.9250016615554664
Yoga,426,diff1,3,650,0.9889599388948406
Yoga,426,diff1,3,653,0.9242728069962112
Yoga,426,diff1,3,654,0.9615378028823394
Yoga,426,diff1,3,655,0.8101830406727574
Yoga,426,diff1,3,656,0.9748845364332401
Yoga,426,diff1,3,657,0.7242489411761333
Yoga,426,diff1,3,658,0.9843198257793001
Yoga,426,diff1,3,659,0.7869325289822128
Yoga,426,diff1,3,660,0.9834611763547286
Yoga,426,diff1,3,661,0.8208949076056494
Yoga,426,diff1,3,662,0.9779810894416775
Yoga,426,diff1,3,663,0.8806749093785731
Yoga,426,diff1,3,664,0.9782638966124241
Yoga,426,diff1,4,667,0.922325233900542
Yoga,426,diff1,4,668,0.9801834617056504
Yoga,426,diff1,4,669,0.7834582949697659
Yoga,426,diff1,4,670,0.9829860647262693
Yoga,426,diff1,4,671,0.9365374315320534
Yoga,426,diff1,4,674,0.9451682365905935
Yoga,426,diff1,4,675,0.9801881500802426
Yoga,426,diff1,4,676,0.7682799506152269
Yoga,426,diff1,4,677,0.9851688198071951
Yoga,426,diff1,4,678,0.9469926338046547
Yoga,426,diff1,4,681,0.936335543142936
Yoga,426,diff1,4,682,0.9867090935234122
Yoga,426,diff1,4,683,0.7750603390884975
Yoga,426,diff1,4,684,0.984763931734353
Yoga,426,diff1,4,685,0.9355698997964903
Yoga,426,diff1,4,688,0.9259260026043858
Yoga,426,diff1,4,689,0.9762769975208744
Yoga,426,diff1,4,690,0.8029278030320721
Yoga,426,diff1,4,691,0.9851427304230578
Yoga,426,diff1,4,692,0.9062633381805628
Yoga,426,diff1,4,695,0.9282807410806717
Yoga,426,diff1,4,696,0.9859548657459971
Yoga,426,diff1,4,697,0.8096882645896301
Yoga,426,diff1,4,698,0.986526515813533
Yoga,426,diff1,4,699,0.9351608513844237
Yoga,426,diff1,4,702,0.932560292020434
Yoga,426,diff1,4,703,0.987507533321892
Yoga,426,diff1,4,704,0.7466926656459573
Yoga,426,diff1,4,705,0.9841364179175558
Yoga,426,diff1,4,706,0.9389641703779456
Yoga,426,diff1,4,709,0.9391380702320353
Yoga,426,diff1,4,710,0.9913540219292825
Yoga,426,diff1,4,711,0.8110550003979625
Yoga,426,diff1,4,712,0.9845565460410075
Yoga,426,diff1,4,713,0.9513611130056018
Yoga,426,diff1,4,716,0.9266530881848446
Yoga,426,diff1,4,717,0.9909708210462363
Yoga,426,diff1,4,718,0.781603236518794
Yoga,426,diff1,4,719,0.9916084101671283
Yoga,426,diff1,4,720,0.9290031127344496
Yoga,426,diff1,4,723,0.9454137966286368
Yoga,426,diff1,4,724,0.9830855923693792
Yoga,426,diff1,4,725,0.7894263873452739
Yoga,426,diff1,4,726,0.9808467390827651
Yoga,426,diff1,4,727,0.9386657610746053
Yoga,426,diff1,4,730,0.9379185162642113
Yoga,426,diff1,4,731,0.9842235881453439
Yoga,426,diff1,4,732,0.7920555530933573
Yoga,426,diff1,4,733,0.9876682713174595
Yoga,426,diff1,4,734,0.9285217369663531
Yoga,426,diff1,4,737,0.9392059049092791
Yoga,426,diff1,4,738,0.9854261081985025
Yoga,426,diff1,4,739,0.7855176022091611
Yoga,426,diff1,4,740,0.9877046457934664
Yoga,426,diff1,4,741,0.937660898580492
Yoga,426,diff1,4,744,0.9583083269079825
Yoga,426,diff1,4,745,0.9877279510516604
Yoga,426,diff1,4,746,0.8060947203814227
Yoga,426,diff1,4,747,0.9929751394651156
Yoga,426,diff1,4,748,0.9536278400676648
Yoga,426,diff1,4,751,0.9445575357748021
Yoga,426,diff1,4,752,0.9856845447635066
Yoga,426,diff1,4,753,0.7967995653258457
Yoga,426,diff1,4,754,0.9926548250706919
Yoga,426,diff1,4,755,0.938946449687461
Yoga,426,diff1,4,758,0.9274663937145247
Yoga,426,diff1,4,759,0.9769738060049094
Yoga,426,diff1,4,760,0.8061158224008507
Yoga,426,diff1,4,761,0.9858377788519563
Yoga,426,diff1,4,762,0.9069863739208278
Yoga,426,diff1,4,765,0.9436934928246247
Yoga,426,diff1,4,766,0.9932160773972154
Yoga,426,diff1,4,767,0.7777208479893034
Yoga,426,diff1,4,768,0.9937975138550451
Yoga,426,diff1,4,769,0.9425153829526574
Yoga,426,diff1,4,772,0.798476594505331
Yoga,426,diff1,4,773,0.937894479566469
Yoga,426,diff1,4,774,0.7272454033890986
Yoga,426,diff1,4,775,0.9262388302149818
Yoga,426,diff1,4,776,0.8623347161452531
Yoga,426,diff1,4,779,0.9267286735337494
Yoga,426,diff1,4,780,0.9919316883100382
Yoga,426,diff1,4,781,0.7833395168094041
Yoga,426,diff1,4,782,0.9887019402864285
Yoga,426,diff1,4,783,0.9249132369537825
Yoga,426,diff1,4,786,0.9262677130244664
Yoga,426,diff1,4,787,0.9844655207616155
Yoga,426,diff1,4,788,0.7912510658664335
Yoga,426,diff1,4,789,0.9854078879942958
Yoga,426,diff1,4,790,0.9400874157727441
Yoga,426,diff1,4,793,0.941190594922889
Yoga,426,diff1,4,794,0.9836462709538621
Yoga,426,diff1,4,795,0.7746120443822732
Yoga,426,diff1,4,796,0.9846399407585807
Yoga,426,diff1,4,797,0.9388128623465286
Yoga,426,diff1,4,800,0.8790011360143524
Yoga,426,diff1,4,801,0.9771793370533222
Yoga,426,diff1,4,802,0.7815383027213658
Yoga,426,diff1,4,803,0.9744277426072702
Yoga,426,diff1,4,804,0.8991507422658233
Yoga,426,diff1,4,807,0.9237902229332965
Yoga,426,diff1,4,808,0.9899470087034227
Yoga,426,diff1,4,809,0.7966677124650594
Yoga,426,diff1,4,810,0.9882232832355273
Yoga,426,diff1,4,811,0.9397836007394653
Yoga,426,diff1,4,814,0.9309399647627105
Yoga,426,diff1,4,815,0.9854455073902968
Yoga,426,diff1,4,816,0.7738642226816161
Yoga,426,diff1,4,817,0.9827202362662077
Yoga,426,diff1,4,818,0.9383428730116395
Yoga,426,diff1,4,821,0.9314273154621951
Yoga,426,diff1,4,822,0.9896599909959367
Yoga,426,diff1,4,823,0.794443956673698
Yoga,426,diff1,4,824,0.9902871226195618
Yoga,426,diff1,4,825,0.935729676404238
Yoga,426,diff1,4,828,0.9310653781218607
Yoga,426,diff1,4,829,0.9893414352454083
Yoga,426,diff1,4,830,0.7807260933764574
Yoga,426,diff1,4,831,0.9861151692558352
Yoga,426,diff1,4,832,0.9374076379776468
Yoga,426,diff1,4,835,0.9386424422487991
Yoga,426,diff1,4,836,0.982561120240679
Yoga,426,diff1,4,837,0.7791859971393751
Yoga,426,diff1,4,838,0.9831863907206719
Yoga,426,diff1,4,839,0.9371265066550489
Yoga,426,diff1,4,842,0.944522085636596
Yoga,426,diff1,4,843,0.9837594453191326
Yoga,426,diff1,4,844,0.8008043149890297
Yoga,426,diff1,4,845,0.9875205268619757
Yoga,426,diff1,4,846,0.9337608074156611
Yoga,426,diff1,4,849,0.938780406285469
Yoga,426,diff1,4,850,0.9862803119008309
Yoga,426,diff1,4,851,0.8089914167631997
Yoga,426,diff1,4,852,0.9885080602544526
Yoga,426,diff1,4,853,0.940467558847921
Yoga,426,diff1,4,856,0.9349760284812193
Yoga,426,diff1,4,857,0.9877162558757188
Yoga,426,diff1,4,858,0.8017273190696316
Yoga,426,diff1,4,859,0.9889213866252545
Yoga,426,diff1,4,860,0.9391826574388743
Yoga,426,diff1,4,863,0.9344060632490698
Yoga,426,diff1,4,864,0.9846488769354703
Yoga,426,diff1,4,865,0.7757878871924643
Yoga,426,diff1,4,866,0.980126241067014
Yoga,426,diff1,4,867,0.9343897846022059
Yoga,426,diff1,4,870,0.9490870082806274
Yoga,426,diff1,4,871,0.9956691751503216
Yoga,426,diff1,4,872,0.7517990712021689
Yoga,426,diff1,4,873,0.9951085760120699
Yoga,426,diff1,4,874,0.9490637303357365
Yoga,426,diff1,4,877,0.9084686343598506
Yoga,426,diff1,4,878,0.983567053407797
Yoga,426,diff1,4,879,0.7313757419954863
Yoga,426,diff1,4,880,0.9865892445199769
Yoga,426,diff1,4,881,0.8934870714154601
Yoga,426,diff1,5,884,0.8299990665351417
Yoga,426,diff1,5,885,0.9966351296760747
Yoga,426,diff1,5,888,0.8607952069336706
Yoga,426,diff1,5,889,0.992929112870025
Yoga,426,diff1,5,892,0.8727983016109789
Yoga,426,diff1,5,893,0.9947151495764078
Yoga,426,diff1,5,896,0.8699134207817185
Yoga,426,diff1,5,897,0.9945526052978663
Yoga,426,diff1,5,900,0.8682635210533557
Yoga,426,diff1,5,901,0.9946674298422433
Yoga,426,diff1,5,904,0.858349539227568
Yoga,426,diff1,5,905,0.9948401015945776
Yoga,426,diff1,5,908,0.8286274449115735
Yoga,426,diff1,5,909,0.9952345296382091
Yoga,426,diff1,5,912,0.8896897775632443
Yoga,426,diff1,5,913,0.9917312366030528
Yoga,426,diff1,5,916,0.8601519948927405
Yoga,426,diff1,5,917,0.9941310777103955
Yoga,426,diff1,5,920,0.89433010765543
Yoga,426,diff1,5,921,0.9949406266072347
Yoga,426,diff1,5,924,0.9009978151518331
Yoga,426,diff1,5,925,0.9953880125560808
Yoga,426,diff1,5,928,0.8910969806487031
Yoga,426,diff1,5,929,0.993774987763644
Yoga,426,diff1,5,932,0.8804335564995733
Yoga,426,diff1,5,933,0.993383547736168
Yoga,426,diff1,5,936,0.8795361876297916
Yoga,426,diff1,5,937,0.9940270319022921
Yoga,426,diff1,5,940,0.8750531905612372
Yoga,426,diff1,5,941,0.9959624733466779
Yoga,426,diff1,5,944,0.8503632435451184
Yoga,426,diff1,5,945,0.9956706818404184
Yoga,426,diff1,5,948,0.8851001015664682
Yoga,426,diff1,5,949,0.9937048228163047
Yoga,426,diff1,5,952,0.878584269193072
Yoga,426,diff1,5,953,0.9920020229552705
Yoga,426,diff1,5,956,0.8646250833323333
Yoga,426,diff1,5,957,0.991973502924597
Yoga,426,diff1,5,960,0.8633304554909111
Yoga,426,diff1,5,961,0.9938103205496318
Yoga,426,diff1,5,964,0.8753225490890977
Yoga,426,diff1,5,965,0.9939655071113335
Yoga,426,diff1,5,968,0.8944437382658632
Yoga,426,diff1,5,969,0.9959881231697091
Yoga,426,diff1,5,972,0.9184157378710547
Yoga,426,diff1,5,973,0.9946430279728464
Yoga,426,diff1,5,976,0.8862748164487118
Yoga,426,diff1,5,977,0.9963050297415837
Yoga,426,diff1,5,980,0.8769115757465802
Yoga,426,diff1,5,981,0.9962790095595477
Yoga,426,diff1,5,984,0.8394950808459851
Yoga,426,diff1,5,985,0.9971641894739744
Yoga,426,diff1,5,988,0.8877335681464659
Yoga,426,diff1,5,989,0.9926085205786074
Yoga,426,diff1,5,992,0.8232044771235499
Yoga,426,diff1,5,993,0.9978485526450043
Yoga,426,diff1,5,996,0.8654568245076472
Yoga,426,diff1,5,997,0.998030669723207
Yoga,426,diff1,5,1000,0.8205272312562343
Yoga,426,diff1,5,1001,0.9970673428216039
Yoga,426,diff1,5,1004,0.7152214798530592
Yoga,426,diff1,5,1005,0.9888479957735702
Yoga,426,diff1,5,1008,0.7431978448939123
Yoga,426,diff1,5,1009,0.9664372349741298
Yoga,426,diff1,5,1012,0.8499166726496183
Yoga,426,diff1,5,1013,0.9944886176001203
Yoga,426,diff1,5,1016,0.8871755638558627
Yoga,426,diff1,5,1017,0.9942910076844367
Yoga,426,diff1,5,1020,0.8762086993527516
Yoga,426,diff1,5,1021,0.9942542241394351
Yoga,426,diff1,5,1024,0.8870484305413717
Yoga,426,diff1,5,1025,0.9941928305223666
Yoga,426,diff1,5,1028,0.8612736538395452
Yoga,426,diff1,5,1029,0.9944097618188322
Yoga,426,diff1,5,1032,0.8584611154738867
Yoga,426,diff1,5,1033,0.9943029022026982
Yoga,426,diff1,5,1036,0.8475774333252148
Yoga,426,diff1,5,1037,0.9952095764813904
Yoga,426,diff1,5,1040,0.8747727399895504
Yoga,426,diff1,5,1041,0.9926135454493817
Yoga,426,diff1,5,1044,0.8759275964840069
Yoga,426,diff1,5,1045,0.994388662574742
Yoga,426,diff1,5,1048,0.8784959334730448
Yoga,426,diff1,5,1049,0.9955423481538385
Yoga,426,diff1,5,1052,0.9057743805641798
Yoga,426,diff1,5,1053,0.9945274244310767
Yoga,426,diff1,5,1056,0.8793402807296398
Yoga,426,diff1,5,1057,0.9937898173325966
Yoga,426,diff1,5,1060,0.8887228415775105
Yoga,426,diff1,5,1061,0.993023075571102
Yoga,426,diff1,5,1064,0.853107555496764
Yoga,426,diff1,5,1065,0.995524414040888
Yoga,426,diff1,5,1068,0.8637503051956057
Yoga,426,diff1,5,1069,0.9961083739125076
Yoga,426,diff1,5,1072,0.8579553658892141
Yoga,426,diff1,5,1073,0.9943797329334289
Yoga,426,diff1,5,1076,0.8799888370117945
Yoga,426,diff1,5,1077,0.9930283374656039
Yoga,426,diff1,5,1080,0.8834715651583486
Yoga,426,diff1,5,1081,0.9929963479991054
Yoga,426,diff1,5,1084,0.8681598560666549
Yoga,426,diff1,5,1085,0.9935891662894746
Yoga,426,diff1,5,1088,0.8602334523692071
Yoga,426,diff1,5,1089,0.9931445236976008
Yoga,426,diff1,5,1092,0.8256430099378517
Yoga,426,diff1,5,1093,0.9941874521551787
Yoga,426,diff1,5,1096,0.9023247676357687
Yoga,426,diff1,5,1097,0.9959353701973807
Yoga,426,diff1,5,1100,0.9047571752205417
Yoga,426,diff1,5,1101,0.9964471453201359
Yoga,426,diff1,5,1104,0.8639669089925046
Yoga,426,diff1,5,1105,0.9963283269992194
Yoga,426,diff1,5,1108,0.7923664410317414
Yoga,426,diff1,5,1109,0.9974866264121287
Yoga,426,diff1,5,1112,0.9014988765572418
Yoga,426,diff1,5,1113,0.9939932935967496
Yoga,426,diff1,5,1116,0.8618776121273292
Yoga,426,diff1,5,1117,0.9960446700003719
Yoga,426,diff1,5,1120,0.820114934045639
Yoga,426,diff1,5,1121,0.9981600706557626
Yoga,426,diff1,5,1124,0.8761144867139928
Yoga,426,diff1,5,1125,0.9978548801697421
Yoga,426,diff1,5,1128,0.7562603674881531
Yoga,426,diff1,5,1129,0.9944905088702031
Yoga,426,diff1,5,1132,0.7391252140020965
Yoga,426,diff1,5,1133,0.9841598495456944
Yoga,426,diff2,0,1,0.4875153185903057
Yoga,426,diff2,0,2,0.2869478856934746
Yoga,426,diff2,0,3,0.292145936829551
Yoga,426,diff2,0,4,0.3521225706626917
Yoga,426,diff2,0,5,0.24461739869047863
Yoga,426,diff2,0,6,0.1560059922970925
Yoga,426,diff2,0,7,0.11359052708859804
Yoga,426,diff2,0,8,0.09538430289123072
Yoga,426,diff2,0,9,0.08426814816850939
Yoga,426,diff2,0,10,0.08316087881295772
Yoga,426,diff2,0,11,0.08097465231028911
Yoga,426,diff2,0,12,0.07806928376629978
Yoga,426,diff2,0,13,0.07581633828595177
Yoga,426,diff2,0,14,0.0736657871721612
Yoga,426,diff2,0,15,0.0736880092950895
Yoga,426,diff2,0,16,0.07273696865109835
Yoga,426,diff2,0,17,0.07009789347554782
Yoga,426,diff2,0,18,0.06657088328290925
Yoga,426,diff2,0,19,0.06306859819577948
Yoga,426,diff2,0,20,0.059704870272904484
Yoga,426,diff2,0,21,0.056010194467569954
Yoga,426,diff2,0,22,0.05351976800293033
Yoga,426,diff2,0,23,0.04807945052726388
Yoga,426,diff2,0,24,0.040424980323934497
Yoga,426,diff2,0,25,0.03455119986954463
Yoga,426,diff2,0,26,0.03057078446185406
Yoga,426,diff2,0,27,0.023017315184996463
Yoga,426,diff2,0,28,0.015573978797936427
Yoga,426,diff2,0,29,0.013276107187239497
Yoga,426,diff2,0,30,0.009502862440591064
Yoga,426,diff2,0,31,0.011179792848348096
Yoga,426,diff2,0,32,0.012532315129017198
Yoga,426,diff2,0,33,0.014542886220639633
Yoga,426,diff2,0,34,0.012224059576069295
Yoga,426,diff2,0,35,0.015400252543229884
Yoga,426,diff2,0,36,0.009993305996246628
Yoga,426,diff2,0,37,0.012124990379837768
Yoga,426,diff2,0,38,-0.008474805928380829
Yoga,426,diff2,0,39,-0.013171810407072332
Yoga,426,diff2,0,40,-0.05638432279395027
Yoga,426,diff2,0,41,-0.05101774336813261
Yoga,426,diff2,0,42,-0.0889497004560938
Yoga,426,diff2,0,43,-0.06015941128119388
Yoga,426,diff2,0,44,-0.09115177929247868
Yoga,426,diff2,0,45,-0.05883954783757662
Yoga,426,diff2,0,46,-0.08818081042180054
Yoga,426,diff2,0,47,-0.047017498782685886
Yoga,426,diff2,0,48,-0.07643701857021332
Yoga,426,diff2,0,49,-0.021874030716046242
Yoga,426,diff2,0,50,-0.03758693588224483
Yoga,426,diff2,0,51,0.04556450233391345
Yoga,426,diff2,0,52,0.042145900145895976
Yoga,426,diff2,0,53,0.10058926210526255
Yoga,426,diff2,0,54,0.08352669450438653
Yoga,426,diff2,0,55,0.10839645147129753
Yoga,426,diff2,0,56,0.09376247757024843
Yoga,426,diff2,0,57,0.1085810332138968
Yoga,426,diff2,0,58,0.09604000784944985
Yoga,426,diff2,0,59,0.10004665198480903
Yoga,426,diff2,0,60,0.08606153531770386
Yoga,426,diff2,0,61,0.08652060678245768
Yoga,426,diff2,0,62,0.07746609594986482
Yoga,426,diff2,0,63,0.07606022239739729
Yoga,426,diff2,0,64,0.06933191754617353
Yoga,426,diff2,0,65,0.06660711881594082
Yoga,426,diff2,0,66,0.059283804037810056
Yoga,426,diff2,0,67,0.05595077152648922
Yoga,426,diff2,0,68,0.048014718244861164
Yoga,426,diff2,0,69,0.042308996289966594
Yoga,426,diff2,0,70,0.03503323747089425
Yoga,426,diff2,0,71,0.0304016887701106
Yoga,426,diff2,0,72,0.028550354155670542
Yoga,426,diff2,0,73,0.02379708333364625
Yoga,426,diff2,0,74,0.02362714250135034
Yoga,426,diff2,0,75,0.016184079498429912
Yoga,426,diff2,0,76,0.014697953124178088
Yoga,426,diff2,0,77,0.014918767230976852
Yoga,426,diff2,0,78,0.01387578910089644
Yoga,426,diff2,0,79,0.011912341491003313
Yoga,426,diff2,0,80,0.012927594049876182
Yoga,426,diff2,0,81,0.01705232138492595
Yoga,426,diff2,0,82,0.023628257681399888
Yoga,426,diff2,0,83,0.03129510282463405
Yoga,426,diff2,0,84,0.03491904734179365
Yoga,426,diff2,0,85,0.04163250732207029
Yoga,426,diff2,0,86,0.04756850397416771
Yoga,426,diff2,0,87,0.0498982033253925
Yoga,426,diff2,0,88,0.05311368161172955
Yoga,426,diff2,0,89,0.055593038445464524
Yoga,426,diff2,0,90,0.06052183895532928
Yoga,426,diff2,0,91,0.06504579323938664
Yoga,426,diff2,0,92,0.07070885892304968
Yoga,426,diff2,0,93,0.07455697259426039
Yoga,426,diff2,0,94,0.08041995576488364
Yoga,426,diff2,0,95,0.08644509702141524
Yoga,426,diff2,0,96,0.0952684839552781
Yoga,426,diff2,0,97,0.10830827821740303
Yoga,426,diff2,0,98,0.14397931248477322
Yoga,426,diff2,0,99,0.22302498372164845
Yoga,426,diff2,0,100,0.4320209641994911
Yoga,426,diff2,0,101,0.3216544277354512
Yoga,426,diff2,0,102,0.19391441931695122
Yoga,426,diff2,0,103,0.20066203640994293
Yoga,426,diff2,0,104,0.3774539947586134
Yoga,426,diff2,1,107,0.526187645415686
Yoga,426,diff2,1,108,0.7082362235498972
Yoga,426,diff2,1,109,0.735263908032429
Yoga,426,diff2,1,110,0.5054236111279614
Yoga,426,diff2,1,111,0.3732229561381294
Yoga,426,diff2,1,112,0.287841798966791
Yoga,426,diff2,1,113,0.2434077625780634
Yoga,426,diff2,1,114,0.2035685782299173
Yoga,426,diff2,1,115,0.17637795581103144
Yoga,426,diff2,1,116,0.14060694993519054
Yoga,426,diff2,1,117,0.11523826156256084
Yoga,426,diff2,1,118,0.0757278885172528
Yoga,426,diff2,1,119,0.05766205233116005
Yoga,426,diff2,1,120,0.02351062679325442
Yoga,426,diff2,1,121,0.023095749793621365
Yoga,426,diff2,1,122,-0.008000315618623903
Yoga,426,diff2,1,123,0.011365339477253225
Yoga,426,diff2,1,124,-0.02159671612422923
Yoga,426,diff2,1,125,0.0506067109094543
Yoga,426,diff2,1,126,-0.06831894711181984
Yoga,426,diff2,1,127,0.08534286738477896
Yoga,426,diff2,1,128,-0.09668692792530133
Yoga,426,diff2,1,129,0.09026257539214681
Yoga,426,diff2,1,130,-0.04506723841803947
Yoga,426,diff2,1,131,0.12443149296448407
Yoga,426,diff2,1,132,0.06139963080204342
Yoga,426,diff2,1,133,0.14911100886392983
Yoga,426,diff2,1,134,0.1460983162144989
Yoga,426,diff2,1,135,0.11991773231945704
Yoga,426,diff2,1,136,0.1486473984086749
Yoga,426,diff2,1,137,0.08058098873283787
Yoga,426,diff2,1,138,0.11157986699429139
Yoga,426,diff2,1,139,0.03272205579511634
Yoga,426,diff2,1,140,0.05352775801798617
Yoga,426,diff2,1,141,0.0047214074154833035
Yoga,426,diff2,1,142,0.027640380943892952
Yoga,426,diff2,1,143,0.008963179838378339
Yoga,426,diff2,1,144,0.032905952647841456
Yoga,426,diff2,1,145,0.03319612805483974
Yoga,426,diff2,1,146,0.0665434230056239
Yoga,426,diff2,1,147,0.08419693135793074
Yoga,426,diff2,1,148,0.11884932758131857
Yoga,426,diff2,1,149,0.1444115123567182
Yoga,426,diff2,1,150,0.18197390025365326
Yoga,426,diff2,1,151,0.215909320415626
Yoga,426,diff2,1,152,0.2681327789985262
Yoga,426,diff2,1,153,0.32815865981044
Yoga,426,diff2,1,154,0.4381216391700951
Yoga,426,diff2,1,155,0.5971936119213788
Yoga,426,diff2,1,156,0.6599169720588276
Yoga,426,diff2,1,157,0.4972354837099987
Yoga,426,diff2,1,160,0.5156248699952124
Yoga,426,diff2,1,161,0.41067699883256986
Yoga,426,diff2,1,162,0.26405124435112354
Yoga,426,diff2,1,163,0.16218369557943638
Yoga,426,diff2,1,164,0.13041280218245904
Yoga,426,diff2,1,165,0.1205022943468951
Yoga,426,diff2,1,166,0.11343647646264668
Yoga,426,diff2,1,167,0.1140659377006411
Yoga,426,diff2,1,168,0.10907308963921346
Yoga,426,diff2,1,169,0.10715228514502845
Yoga,426,diff2,1,170,0.10694553810690702
Yoga,426,diff2,1,171,0.10075291093012594
Yoga,426,diff2,1,172,0.08715619754662521
Yoga,426,diff2,1,173,0.08085370565301034
Yoga,426,diff2,1,174,0.07608677825214123
Yoga,426,diff2,1,175,0.07978927310462819
Yoga,426,diff2,1,176,0.07000489621352099
Yoga,426,diff2,1,177,0.06812691354999825
Yoga,426,diff2,1,178,0.03323287366480127
Yoga,426,diff2,1,179,0.01021193847307514
Yoga,426,diff2,1,180,-0.020412168970053
Yoga,426,diff2,1,181,-0.0524519990697027
Yoga,426,diff2,1,182,-0.006521880364752998
Yoga,426,diff2,1,183,-0.02908430001145079
Yoga,426,diff2,1,184,0.08194456440341805
Yoga,426,diff2,1,185,0.05403009572992175
Yoga,426,diff2,1,186,0.13040266366538283
Yoga,426,diff2,1,187,0.09149250490095259
Yoga,426,diff2,1,188,0.14010569802525213
Yoga,426,diff2,1,189,0.10677317962070552
Yoga,426,diff2,1,190,0.13772334469856382
Yoga,426,diff2,1,191,0.09948516181869882
Yoga,426,diff2,1,192,0.11814806959411478
Yoga,426,diff2,1,193,0.08310453355283753
Yoga,426,diff2,1,194,0.08435327251924318
Yoga,426,diff2,1,195,0.05724816439183647
Yoga,426,diff2,1,196,0.06461281630745822
Yoga,426,diff2,1,197,0.05392886497940796
Yoga,426,diff2,1,198,0.06407322798392281
Yoga,426,diff2,1,199,0.06044350240245662
Yoga,426,diff2,1,200,0.07935957337951216
Yoga,426,diff2,1,201,0.08744448519733537
Yoga,426,diff2,1,202,0.10021275853723646
Yoga,426,diff2,1,203,0.10352733186404202
Yoga,426,diff2,1,204,0.11303334442641613
Yoga,426,diff2,1,205,0.1217887080327358
Yoga,426,diff2,1,206,0.15341813684786385
Yoga,426,diff2,1,207,0.21730151022946895
Yoga,426,diff2,1,208,0.44742534658222866
Yoga,426,diff2,1,209,0.30378661478735347
Yoga,426,diff2,1,210,0.33787574830143075
Yoga,426,diff2,1,213,0.46577794501510994
Yoga,426,diff2,1,214,0.5668199638818662
Yoga,426,diff2,1,215,0.4079810395107049
Yoga,426,diff2,1,216,0.2126350234153083
Yoga,426,diff2,1,217,0.13078490970457574
Yoga,426,diff2,1,218,0.08963677356706129
Yoga,426,diff2,1,219,0.06991148845348122
Yoga,426,diff2,1,220,0.06027870867558623
Yoga,426,diff2,1,221,0.05252510531878343
Yoga,426,diff2,1,222,0.05371512270873244
Yoga,426,diff2,1,223,0.0451889199353275
Yoga,426,diff2,1,224,0.04305599609887783
Yoga,426,diff2,1,225,0.03732120294360342
Yoga,426,diff2,1,226,0.03630756666409959
Yoga,426,diff2,1,227,0.028934284720120947
Yoga,426,diff2,1,228,0.043705349928655886
Yoga,426,diff2,1,229,0.04574048533088507
Yoga,426,diff2,1,230,0.0501446899531451
Yoga,426,diff2,1,231,0.03561113896570071
Yoga,426,diff2,1,232,0.03131321634999544
Yoga,426,diff2,1,233,-0.034985353460112514
Yoga,426,diff2,1,234,-0.03747030720170025
Yoga,426,diff2,1,235,-0.06457820149243533
Yoga,426,diff2,1,236,-0.01953313902828328
Yoga,426,diff2,1,237,-0.004439078486960051
Yoga,426,diff2,1,238,0.0695173468284666
Yoga,426,diff2,1,239,0.10128290975259262
Yoga,426,diff2,1,240,0.1253781715400732
Yoga,426,diff2,1,241,0.13209383364439614
Yoga,426,diff2,1,242,0.12277093908913853
Yoga,426,diff2,1,243,0.12479519348553234
Yoga,426,diff2,1,244,0.1001609904385332
Yoga,426,diff2,1,245,0.09915511285473005
Yoga,426,diff2,1,246,0.07528407590979423
Yoga,426,diff2,1,247,0.07233878322714472
Yoga,426,diff2,1,248,0.060290983316828105
Yoga,426,diff2,1,249,0.06021631341361625
Yoga,426,diff2,1,250,0.0495263288482423
Yoga,426,diff2,1,251,0.05002549894899844
Yoga,426,diff2,1,252,0.04920850953333527
Yoga,426,diff2,1,253,0.05154421555157365
Yoga,426,diff2,1,254,0.050728708845990525
Yoga,426,diff2,1,255,0.062078962306403355
Yoga,426,diff2,1,256,0.06066182033669662
Yoga,426,diff2,1,257,0.07331332467230468
Yoga,426,diff2,1,258,0.08884362346029522
Yoga,426,diff2,1,259,0.12496615922107718
Yoga,426,diff2,1,260,0.21238098718030374
Yoga,426,diff2,1,261,0.43495821434095217
Yoga,426,diff2,1,262,0.506081731076618
Yoga,426,diff2,1,263,0.4375659972543973
Yoga,426,diff2,2,266,0.8512332535999981
Yoga,426,diff2,2,267,0.9232110299759325
Yoga,426,diff2,2,268,0.8966067195955917
Yoga,426,diff2,2,269,0.8326530001105911
Yoga,426,diff2,2,270,0.7398338135159036
Yoga,426,diff2,2,271,0.5982886427994186
Yoga,426,diff2,2,272,0.45690328402044394
Yoga,426,diff2,2,273,0.304132199837837
Yoga,426,diff2,2,274,0.22036342976437476
Yoga,426,diff2,2,275,-0.006616702538131058
Yoga,426,diff2,2,276,0.08333428756715622
Yoga,426,diff2,2,277,-0.0923991169722548
Yoga,426,diff2,2,278,0.19548882800048026
Yoga,426,diff2,2,279,0.3800027798349972
Yoga,426,diff2,2,280,0.34519953509746576
Yoga,426,diff2,2,281,0.5184003552682687
Yoga,426,diff2,2,282,0.3975622140949382
Yoga,426,diff2,2,283,0.45097165209653395
Yoga,426,diff2,2,284,0.44069225541380624
Yoga,426,diff2,2,285,0.5615037363020474
Yoga,426,diff2,2,286,0.6834630490741339
Yoga,426,diff2,2,287,0.797676944297206
Yoga,426,diff2,2,288,0.8838725338352103
Yoga,426,diff2,2,289,0.9220844321960866
Yoga,426,diff2,2,290,0.8756209248542849
Yoga,426,diff2,2,293,0.7058463814122297
Yoga,426,diff2,2,294,0.7533729868511441
Yoga,426,diff2,2,295,0.5232110400569387
Yoga,426,diff2,2,296,0.36284324070316026
Yoga,426,diff2,2,297,0.2533998865367349
Yoga,426,diff2,2,298,0.1929814157642607
Yoga,426,diff2,2,299,0.13582609073792956
Yoga,426,diff2,2,300,0.11282132051824774
Yoga,426,diff2,2,301,0.11986209689704087
Yoga,426,diff2,2,302,0.039687531819748836
Yoga,426,diff2,2,303,0.1558348896128189
Yoga,426,diff2,2,304,0.024308242308591885
Yoga,426,diff2,2,305,0.21375652182619048
Yoga,426,diff2,2,306,0.14203712490207568
Yoga,426,diff2,2,307,0.22491892955611117
Yoga,426,diff2,2,308,0.1868514308973604
Yoga,426,diff2,2,309,0.1942910494235716
Yoga,426,diff2,2,310,0.19418311364325772
Yoga,426,diff2,2,311,0.189889528237618
Yoga,426,diff2,2,312,0.20908238938566434
Yoga,426,diff2,2,313,0.2566923945271711
Yoga,426,diff2,2,314,0.32666451669146634
Yoga,426,diff2,2,315,0.44730455181405687
Yoga,426,diff2,2,316,0.6364258782544201
Yoga,426,diff2,2,317,0.6616585633461283
Yoga,426,diff2,2,320,0.6112556752203576
Yoga,426,diff2,2,321,0.507640504220764
Yoga,426,diff2,2,322,0.3347954671520189
Yoga,426,diff2,2,323,0.28040686561587375
Yoga,426,diff2,2,324,0.2425669275051849
Yoga,426,diff2,2,325,0.20409174783313822
Yoga,426,diff2,2,326,0.18659139686549445
Yoga,426,diff2,2,327,0.15506977074703338
Yoga,426,diff2,2,328,0.1476185954479177
Yoga,426,diff2,2,329,0.07772368090415571
Yoga,426,diff2,2,330,0.09523617841016452
Yoga,426,diff2,2,331,0.01914615054762201
Yoga,426,diff2,2,332,0.10547138013197088
Yoga,426,diff2,2,333,0.16108116161438016
Yoga,426,diff2,2,334,0.17811749866541474
Yoga,426,diff2,2,335,0.20052630555701764
Yoga,426,diff2,2,336,0.18717688096815044
Yoga,426,diff2,2,337,0.19202593840096557
Yoga,426,diff2,2,338,0.17866654966671378
Yoga,426,diff2,2,339,0.2052916108646488
Yoga,426,diff2,2,340,0.228712604383179
Yoga,426,diff2,2,341,0.29364132209353766
Yoga,426,diff2,2,342,0.3950802593893893
Yoga,426,diff2,2,343,0.6343334436681137
Yoga,426,diff2,2,344,0.5498905982146843
Yoga,426,diff2,2,347,0.569097756376385
Yoga,426,diff2,2,348,0.41929253066191474
Yoga,426,diff2,2,349,0.25760694581525095
Yoga,426,diff2,2,350,0.2175428413539111
Yoga,426,diff2,2,351,0.1769772532460324
Yoga,426,diff2,2,352,0.14765079988733126
Yoga,426,diff2,2,353,0.11293091074641273
Yoga,426,diff2,2,354,0.09076611870487458
Yoga,426,diff2,2,355,0.06620234743979483
Yoga,426,diff2,2,356,0.024875265423767317
Yoga,426,diff2,2,357,0.07022356411050847
Yoga,426,diff2,2,358,-0.030942458148400513
Yoga,426,diff2,2,359,0.10318889952611737
Yoga,426,diff2,2,360,0.07083778672070913
Yoga,426,diff2,2,361,0.09548148881998839
Yoga,426,diff2,2,362,0.05939328674865936
Yoga,426,diff2,2,363,0.048034323290631155
Yoga,426,diff2,2,364,0.05105994235051903
Yoga,426,diff2,2,365,0.0644008370618709
Yoga,426,diff2,2,366,0.10089064804529295
Yoga,426,diff2,2,367,0.15163285927831913
Yoga,426,diff2,2,368,0.20865481937368074
Yoga,426,diff2,2,369,0.32472589636845545
Yoga,426,diff2,2,370,0.6568652300845607
Yoga,426,diff2,2,371,0.4476159248242031
Yoga,426,diff2,2,374,0.7784784116591601
Yoga,426,diff2,2,375,0.8639792533029624
Yoga,426,diff2,2,376,0.7568548424001917
Yoga,426,diff2,2,377,0.650866802445314
Yoga,426,diff2,2,378,0.535808156350973
Yoga,426,diff2,2,379,0.46951707155910566
Yoga,426,diff2,2,380,0.3563036992319377
Yoga,426,diff2,2,381,0.2962553580723015
Yoga,426,diff2,2,382,0.16809033851131752
Yoga,426,diff2,2,383,0.1164182952711824
Yoga,426,diff2,2,384,0.0154053104122653
Yoga,426,diff2,2,385,0.04647466316219926
Yoga,426,diff2,2,386,0.17911590015523748
Yoga,426,diff2,2,387,0.22072699873908969
Yoga,426,diff2,2,388,0.3422674437580942
Yoga,426,diff2,2,389,0.2838932348915535
Yoga,426,diff2,2,390,0.35987505256446417
Yoga,426,diff2,2,391,0.2713818200589056
Yoga,426,diff2,2,392,0.3360223613008853
Yoga,426,diff2,2,393,0.38239116347435276
Yoga,426,diff2,2,394,0.47993694762546674
Yoga,426,diff2,2,395,0.5716626714718471
Yoga,426,diff2,2,396,0.697217140108621
Yoga,426,diff2,2,397,0.8225709026842438
Yoga,426,diff2,2,398,0.799489294959727
Yoga,426,diff2,2,401,0.5759724782036771
Yoga,426,diff2,2,402,0.5485804455387545
Yoga,426,diff2,2,403,0.36783771143297694
Yoga,426,diff2,2,404,0.24997673958813757
Yoga,426,diff2,2,405,0.19983707263067133
Yoga,426,diff2,2,406,0.1448273763204476
Yoga,426,diff2,2,407,0.10540243788819437
Yoga,426,diff2,2,408,0.048080813486468574
Yoga,426,diff2,2,409,0.023406413820700047
Yoga,426,diff2,2,410,-0.0215495089556262
Yoga,426,diff2,2,411,0.055953384061166477
Yoga,426,diff2,2,412,0.09130718589931992
Yoga,426,diff2,2,413,0.17547889995384222
Yoga,426,diff2,2,414,0.2574821758534771
Yoga,426,diff2,2,415,0.266778421433179
Yoga,426,diff2,2,416,0.22274681078673697
Yoga,426,diff2,2,417,0.1843432208957429
Yoga,426,diff2,2,418,0.1597408551461659
Yoga,426,diff2,2,419,0.14332345423663972
Yoga,426,diff2,2,420,0.18055707493878867
Yoga,426,diff2,2,421,0.20893632833431197
Yoga,426,diff2,2,422,0.26405751070282457
Yoga,426,diff2,2,423,0.3439844143539722
Yoga,426,diff2,2,424,0.5575045946225488
Yoga,426,diff2,2,425,0.5595335340695389
Yoga,426,diff2,2,428,0.6517301625113143
Yoga,426,diff2,2,429,0.6172135902325253
Yoga,426,diff2,2,430,0.39930409291603425
Yoga,426,diff2,2,431,0.32089442100106225
Yoga,426,diff2,2,432,0.25454300911905337
Yoga,426,diff2,2,433,0.2091942356758891
Yoga,426,diff2,2,434,0.16739160702911224
Yoga,426,diff2,2,435,0.15882717014706538
Yoga,426,diff2,2,436,0.11385420908263803
Yoga,426,diff2,2,437,0.08057700280331513
Yoga,426,diff2,2,438,0.05076080114940565
Yoga,426,diff2,2,439,0.02167171656057456
Yoga,426,diff2,2,440,0.1534732047855385
Yoga,426,diff2,2,441,0.13755324343452519
Yoga,426,diff2,2,442,0.19476961831821465
Yoga,426,diff2,2,443,0.15994146180424046
Yoga,426,diff2,2,444,0.17880522043114044
Yoga,426,diff2,2,445,0.14706213082033373
Yoga,426,diff2,2,446,0.16831715342287754
Yoga,426,diff2,2,447,0.1679857558065421
Yoga,426,diff2,2,448,0.2155278017749365
Yoga,426,diff2,2,449,0.2837826894364593
Yoga,426,diff2,2,450,0.40981764944778504
Yoga,426,diff2,2,451,0.6360544443751526
Yoga,426,diff2,2,452,0.538478178446119
Yoga,426,diff2,3,455,0.9228596741207293
Yoga,426,diff2,3,456,0.8650551307375819
Yoga,426,diff2,3,457,0.6489111043819454
Yoga,426,diff2,3,458,0.3984472338015721
Yoga,426,diff2,3,459,0.25261963124974396
Yoga,426,diff2,3,460,0.0410186853547577
Yoga,426,diff2,3,461,0.2555228225700041
Yoga,426,diff2,3,462,0.5821086003936848
Yoga,426,diff2,3,463,0.44255381668198573
Yoga,426,diff2,3,464,0.6321193721948597
Yoga,426,diff2,3,465,0.8255795120994796
Yoga,426,diff2,3,466,0.9274831105240868
Yoga,426,diff2,3,469,0.8744467799358413
Yoga,426,diff2,3,470,0.8735348653637819
Yoga,426,diff2,3,471,0.7386345735534626
Yoga,426,diff2,3,472,0.5493663613307131
Yoga,426,diff2,3,473,0.26507709104181126
Yoga,426,diff2,3,474,0.20194270837510198
Yoga,426,diff2,3,475,0.33230021755272343
Yoga,426,diff2,3,476,0.4605510999016688
Yoga,426,diff2,3,477,0.523301780557634
Yoga,426,diff2,3,478,0.6944873238183888
Yoga,426,diff2,3,479,0.8484810324611117
Yoga,426,diff2,3,480,0.890725513233093
Yoga,426,diff2,3,483,0.8512537920688472
Yoga,426,diff2,3,484,0.8607626209588151
Yoga,426,diff2,3,485,0.7025299709284698
Yoga,426,diff2,3,486,0.5474098877665542
Yoga,426,diff2,3,487,0.2379164558378004
Yoga,426,diff2,3,488,0.20987050524468343
Yoga,426,diff2,3,489,0.32569419388091
Yoga,426,diff2,3,490,0.41805119500948157
Yoga,426,diff2,3,491,0.5807855791085452
Yoga,426,diff2,3,492,0.7105833062156744
Yoga,426,diff2,3,493,0.8313372179823126
Yoga,426,diff2,3,494,0.8565462280002272
Yoga,426,diff2,3,497,0.8238404614183287
Yoga,426,diff2,3,498,0.7929089970112493
Yoga,426,diff2,3,499,0.5430510687354188
Yoga,426,diff2,3,500,0.34468212353403765
Yoga,426,diff2,3,501,0.2355058453773184
Yoga,426,diff2,3,502,0.1127187216962627
Yoga,426,diff2,3,503,0.2734257625240865
Yoga,426,diff2,3,504,0.4447686420363857
Yoga,426,diff2,3,505,0.4987975449626873
Yoga,426,diff2,3,506,0.6301528351841463
Yoga,426,diff2,3,507,0.767295419128282
Yoga,426,diff2,3,508,0.8226745735801674
Yoga,426,diff2,3,511,0.7816663407724139
Yoga,426,diff2,3,512,0.768179116372564
Yoga,426,diff2,3,513,0.5964156767159271
Yoga,426,diff2,3,514,0.37518661057063046
Yoga,426,diff2,3,515,0.2560396375212484
Yoga,426,diff2,3,516,0.1279841889877677
Yoga,426,diff2,3,517,0.32758844566481954
Yoga,426,diff2,3,518,0.3636670155097409
Yoga,426,diff2,3,519,0.4258007681738541
Yoga,426,diff2,3,520,0.5577860342528993
Yoga,426,diff2,3,521,0.7322317515104699
Yoga,426,diff2,3,522,0.7400183129227976
Yoga,426,diff2,3,525,0.8269921877060953
Yoga,426,diff2,3,526,0.6959023742248462
Yoga,426,diff2,3,527,0.4595810518511344
Yoga,426,diff2,3,528,0.36097594431609165
Yoga,426,diff2,3,529,0.23689862192109817
Yoga,426,diff2,3,530,0.1178487911431788
Yoga,426,diff2,3,531,0.30771218294140495
Yoga,426,diff2,3,532,0.19832630646896107
Yoga,426,diff2,3,533,0.30819957331873965
Yoga,426,diff2,3,534,0.36803733168578656
Yoga,426,diff2,3,535,0.6439466063819194
Yoga,426,diff2,3,536,0.7764761883328807
Yoga,426,diff2,3,539,0.8846476192033231
Yoga,426,diff2,3,540,0.8764889370320895
Yoga,426,diff2,3,541,0.6939538335772063
Yoga,426,diff2,3,542,0.5350580900789518
Yoga,426,diff2,3,543,0.22180061236944706
Yoga,426,diff2,3,544,0.16225464835551662
Yoga,426,diff2,3,545,0.3050615346557027
Yoga,426,diff2,3,546,0.4328366106170046
Yoga,426,diff2,3,547,0.45682173673599935
Yoga,426,diff2,3,548,0.6481108919635151
Yoga,426,diff2,3,549,0.8511695102495992
Yoga,426,diff2,3,550,0.9035950163828186
Yoga,426,diff2,3,553,0.7124534553999985
Yoga,426,diff2,3,554,0.6494823649816426
Yoga,426,diff2,3,555,0.4786227611520041
Yoga,426,diff2,3,556,0.3202034254737129
Yoga,426,diff2,3,557,0.1829201278769906
Yoga,426,diff2,3,558,0.112844934084915
Yoga,426,diff2,3,559,0.20871946661078863
Yoga,426,diff2,3,560,0.18727953049332802
Yoga,426,diff2,3,561,0.22301078281195555
Yoga,426,diff2,3,562,0.3567118066185855
Yoga,426,diff2,3,563,0.6789983276667086
Yoga,426,diff2,3,564,0.6158966265084735
Yoga,426,diff2,3,567,0.939598654530488
Yoga,426,diff2,3,568,0.9188114581753086
Yoga,426,diff2,3,569,0.8277262825858028
Yoga,426,diff2,3,570,0.651466776196251
Yoga,426,diff2,3,571,0.3741800783125771
Yoga,426,diff2,3,572,0.22779667323737415
Yoga,426,diff2,3,573,0.20455123011788715
Yoga,426,diff2,3,574,0.616556046003789
Yoga,426,diff2,3,575,0.6070636297966528
Yoga,426,diff2,3,576,0.8207947749475255
Yoga,426,diff2,3,577,0.9242827596105092
Yoga,426,diff2,3,578,0.9405538346373409
Yoga,426,diff2,3,581,0.8267329664179958
Yoga,426,diff2,3,582,0.8581650513625205
Yoga,426,diff2,3,583,0.6944189725338352
Yoga,426,diff2,3,584,0.5252610250792342
Yoga,426,diff2,3,585,0.22844773418240072
Yoga,426,diff2,3,586,0.24165671277823791
Yoga,426,diff2,3,587,0.2882136906989199
Yoga,426,diff2,3,588,0.38708045699970484
Yoga,426,diff2,3,589,0.5297983446301808
Yoga,426,diff2,3,590,0.6445698892097326
Yoga,426,diff2,3,591,0.7893646070547202
Yoga,426,diff2,3,592,0.8469972592985644
Yoga,426,diff2,3,595,0.8367563450036759
Yoga,426,diff2,3,596,0.8520958817603561
Yoga,426,diff2,3,597,0.6409127416267641
Yoga,426,diff2,3,598,0.4807764655058415
Yoga,426,diff2,3,599,0.26118012649589745
Yoga,426,diff2,3,600,0.09942050113352979
Yoga,426,diff2,3,601,0.2911900080384793
Yoga,426,diff2,3,602,0.3556233540689994
Yoga,426,diff2,3,603,0.5316135115897279
Yoga,426,diff2,3,604,0.6739592913603101
Yoga,426,diff2,3,605,0.8164981428702823
Yoga,426,diff2,3,606,0.8461758418705777
Yoga,426,diff2,3,609,0.8026260545423917
Yoga,426,diff2,3,610,0.7704127417120952
Yoga,426,diff2,3,611,0.5547849705465512
Yoga,426,diff2,3,612,0.3712962028354175
Yoga,426,diff2,3,613,0.1736301228088685
Yoga,426,diff2,3,614,0.17878996795894098
Yoga,426,diff2,3,615,0.3067792275598736
Yoga,426,diff2,3,616,0.42183054767675
Yoga,426,diff2,3,617,0.47027952627845854
Yoga,426,diff2,3,618,0.5679978284300462
Yoga,426,diff2,3,619,0.7372471134037086
Yoga,426,diff2,3,620,0.7751634057714512
Yoga,426,diff2,3,623,0.8219535889462182
Yoga,426,diff2,3,624,0.7145472639509813
Yoga,426,diff2,3,625,0.49158159119381845
Yoga,426,diff2,3,626,0.36928768476909485
Yoga,426,diff2,3,627,0.2266125487603731
Yoga,426,diff2,3,628,0.11459198621041365
Yoga,426,diff2,3,629,0.21733786667816882
Yoga,426,diff2,3,630,0.2324826179266645
Yoga,426,diff2,3,631,0.2826255000066021
Yoga,426,diff2,3,632,0.3766929462143871
Yoga,426,diff2,3,633,0.6563625586283811
Yoga,426,diff2,3,634,0.7920357498609923
Yoga,426,diff2,3,637,0.867635623470878
Yoga,426,diff2,3,638,0.8552187847448098
Yoga,426,diff2,3,639,0.724027697357579
Yoga,426,diff2,3,640,0.5709220206438017
Yoga,426,diff2,3,641,0.3048532603704402
Yoga,426,diff2,3,642,0.15235184109704306
Yoga,426,diff2,3,643,0.22192508293789098
Yoga,426,diff2,3,644,0.3236245750760364
Yoga,426,diff2,3,645,0.4460339817271283
Yoga,426,diff2,3,646,0.6168251338346876
Yoga,426,diff2,3,647,0.8244504384802555
Yoga,426,diff2,3,648,0.8842437721989707
Yoga,426,diff2,3,651,0.9272637614448594
Yoga,426,diff2,3,652,0.9356513603995372
Yoga,426,diff2,3,653,0.7976947340464761
Yoga,426,diff2,3,654,0.5552520789527989
Yoga,426,diff2,3,655,0.26868157894119904
Yoga,426,diff2,3,656,0.037450579846411265
Yoga,426,diff2,3,657,0.30672552453081914
Yoga,426,diff2,3,658,0.5312262374764252
Yoga,426,diff2,3,659,0.5646273809457821
Yoga,426,diff2,3,660,0.7886846392022271
Yoga,426,diff2,3,661,0.9165541293563562
Yoga,426,diff2,3,662,0.9401691896940463
Yoga,426,diff2,4,665,0.8172919408505145
Yoga,426,diff2,4,666,0.6142714471073173
Yoga,426,diff2,4,667,0.25553844111487006
Yoga,426,diff2,4,668,0.42096572714225255
Yoga,426,diff2,4,669,0.7825004587309854
Yoga,426,diff2,4,672,0.919785252421879
Yoga,426,diff2,4,673,0.6447049759677288
Yoga,426,diff2,4,674,0.3036353693914204
Yoga,426,diff2,4,675,0.6496215931714555
Yoga,426,diff2,4,676,0.9093255527382329
Yoga,426,diff2,4,679,0.8515340403282249
Yoga,426,diff2,4,680,0.6436285905492907
Yoga,426,diff2,4,681,0.32541344731896
Yoga,426,diff2,4,682,0.673628580347333
Yoga,426,diff2,4,683,0.8514465226410869
Yoga,426,diff2,4,686,0.8153464475573582
Yoga,426,diff2,4,687,0.6640070348028438
Yoga,426,diff2,4,688,0.40729338322314
Yoga,426,diff2,4,689,0.5856726141200398
Yoga,426,diff2,4,690,0.7928135960137699
Yoga,426,diff2,4,693,0.843861307004603
Yoga,426,diff2,4,694,0.6856468207121736
Yoga,426,diff2,4,695,0.3046728003253342
Yoga,426,diff2,4,696,0.6126448314955528
Yoga,426,diff2,4,697,0.8256322672748556
Yoga,426,diff2,4,700,0.8641339712000183
Yoga,426,diff2,4,701,0.7011450274637606
Yoga,426,diff2,4,702,0.43127865624691136
Yoga,426,diff2,4,703,0.6908629842410067
Yoga,426,diff2,4,704,0.8753557998492247
Yoga,426,diff2,4,707,0.8336144685602865
Yoga,426,diff2,4,708,0.597895579305522
Yoga,426,diff2,4,709,0.32643955480651066
Yoga,426,diff2,4,710,0.6481144727737292
Yoga,426,diff2,4,711,0.8614931359405199
Yoga,426,diff2,4,714,0.8602750825576921
Yoga,426,diff2,4,715,0.6472345866686119
Yoga,426,diff2,4,716,0.3593019995547298
Yoga,426,diff2,4,717,0.715493649203546
Yoga,426,diff2,4,718,0.8468143702334424
Yoga,426,diff2,4,721,0.7961231278363887
Yoga,426,diff2,4,722,0.5500087384136063
Yoga,426,diff2,4,723,0.3977875784292848
Yoga,426,diff2,4,724,0.593410265384397
Yoga,426,diff2,4,725,0.7698665559493075
Yoga,426,diff2,4,728,0.7685922235146871
Yoga,426,diff2,4,729,0.45918740560366494
Yoga,426,diff2,4,730,0.4487245208848168
Yoga,426,diff2,4,731,0.5308057714897578
Yoga,426,diff2,4,732,0.7417394271650332
Yoga,426,diff2,4,735,0.7954649924450865
Yoga,426,diff2,4,736,0.6054684845296774
Yoga,426,diff2,4,737,0.36620701288133417
Yoga,426,diff2,4,738,0.41350432776969365
Yoga,426,diff2,4,739,0.7810949489202554
Yoga,426,diff2,4,742,0.8493801339417083
Yoga,426,diff2,4,743,0.5733906224782307
Yoga,426,diff2,4,744,0.26175332011726976
Yoga,426,diff2,4,745,0.5977842426688978
Yoga,426,diff2,4,746,0.8020037963575156
Yoga,426,diff2,4,749,0.8357653990217373
Yoga,426,diff2,4,750,0.6204551167899935
Yoga,426,diff2,4,751,0.3170124329176836
Yoga,426,diff2,4,752,0.6614100981146479
Yoga,426,diff2,4,753,0.8537945746227881
Yoga,426,diff2,4,756,0.8686822362754452
Yoga,426,diff2,4,757,0.6124417873532224
Yoga,426,diff2,4,758,0.3048697077480108
Yoga,426,diff2,4,759,0.6094156549591583
Yoga,426,diff2,4,760,0.8429243965749997
Yoga,426,diff2,4,763,0.8971943670285347
Yoga,426,diff2,4,764,0.613136666876572
Yoga,426,diff2,4,765,0.26101466003801715
Yoga,426,diff2,4,766,0.673124721975086
Yoga,426,diff2,4,767,0.8892278805814127
Yoga,426,diff2,4,770,0.7832148461954394
Yoga,426,diff2,4,771,0.32024029783197566
Yoga,426,diff2,4,772,0.17242968818005133
Yoga,426,diff2,4,773,0.43978848373850005
Yoga,426,diff2,4,774,0.5781956492420878
Yoga,426,diff2,4,777,0.8855708883484384
Yoga,426,diff2,4,778,0.5526371479554579
Yoga,426,diff2,4,779,0.33098099837939715
Yoga,426,diff2,4,780,0.5861020762885173
Yoga,426,diff2,4,781,0.8552634154642429
Yoga,426,diff2,4,784,0.8875978185883125
Yoga,426,diff2,4,785,0.6319335161740711
Yoga,426,diff2,4,786,0.25969024098630666
Yoga,426,diff2,4,787,0.6603344489520241
Yoga,426,diff2,4,788,0.8763952512662211
Yoga,426,diff2,4,791,0.7972480140482501
Yoga,426,diff2,4,792,0.6815580016437577
Yoga,426,diff2,4,793,0.3873477583404259
Yoga,426,diff2,4,794,0.6200285706092477
Yoga,426,diff2,4,795,0.8003027643159792
Yoga,426,diff2,4,798,0.846378453093797
Yoga,426,diff2,4,799,0.6966161734245885
Yoga,426,diff2,4,800,0.3414040509040824
Yoga,426,diff2,4,801,0.5703486092536934
Yoga,426,diff2,4,802,0.8368097699860928
Yoga,426,diff2,4,805,0.8411451041525309
Yoga,426,diff2,4,806,0.671407301823195
Yoga,426,diff2,4,807,0.4262146140718768
Yoga,426,diff2,4,808,0.6823364253353781
Yoga,426,diff2,4,809,0.861957065807204
Yoga,426,diff2,4,812,0.8401163612731525
Yoga,426,diff2,4,813,0.6650737700862147
Yoga,426,diff2,4,814,0.37604941568277656
Yoga,426,diff2,4,815,0.6217438966348817
Yoga,426,diff2,4,816,0.8734333596999634
Yoga,426,diff2,4,819,0.8403450663080659
Yoga,426,diff2,4,820,0.5833228208139575
Yoga,426,diff2,4,821,0.4391097277523166
Yoga,426,diff2,4,822,0.675236651964212
Yoga,426,diff2,4,823,0.8452961554675826
Yoga,426,diff2,4,826,0.8563289907238677
Yoga,426,diff2,4,827,0.6080981323242951
Yoga,426,diff2,4,828,0.3517538260877688
Yoga,426,diff2,4,829,0.6459500594900407
Yoga,426,diff2,4,830,0.816720721989031
Yoga,426,diff2,4,833,0.7505747257696928
Yoga,426,diff2,4,834,0.4789634310806266
Yoga,426,diff2,4,835,0.3395508243203206
Yoga,426,diff2,4,836,0.5418636341567431
Yoga,426,diff2,4,837,0.7374559516497075
Yoga,426,diff2,4,840,0.7940593584945294
Yoga,426,diff2,4,841,0.5324794763775295
Yoga,426,diff2,4,842,0.3063451487597467
Yoga,426,diff2,4,843,0.47631335687819903
Yoga,426,diff2,4,844,0.7549106609026818
Yoga,426,diff2,4,847,0.8320380372053948
Yoga,426,diff2,4,848,0.5730098604924939
Yoga,426,diff2,4,849,0.305881189025751
Yoga,426,diff2,4,850,0.5494753193544598
Yoga,426,diff2,4,851,0.8014455140239191
Yoga,426,diff2,4,854,0.8802945184959008
Yoga,426,diff2,4,855,0.6399495490993992
Yoga,426,diff2,4,856,0.34842569058389017
Yoga,426,diff2,4,857,0.6933668497593276
Yoga,426,diff2,4,858,0.8606221936392517
Yoga,426,diff2,4,861,0.8031103363612767
Yoga,426,diff2,4,862,0.6590229087068267
Yoga,426,diff2,4,863,0.3029128848835483
Yoga,426,diff2,4,864,0.5659533765109863
Yoga,426,diff2,4,865,0.7778842869891105
Yoga,426,diff2,4,868,0.9029193625058768
Yoga,426,diff2,4,869,0.6202886015828736
Yoga,426,diff2,4,870,0.2539687702165857
Yoga,426,diff2,4,871,0.6806586395759036
Yoga,426,diff2,4,872,0.9000567234818668
Yoga,426,diff2,4,875,0.6599419264357024
Yoga,426,diff2,4,876,0.2995699006024831
Yoga,426,diff2,4,877,0.17452336977086
Yoga,426,diff2,4,878,0.4853075395243975
Yoga,426,diff2,4,879,0.6301524191561713
Yoga,426,diff2,5,882,0.4658021019054168
Yoga,426,diff2,5,883,0.46110872689482413
Yoga,426,diff2,5,886,0.5690374356819164
Yoga,426,diff2,5,887,0.5747641348963528
Yoga,426,diff2,5,890,0.6294753029239335
Yoga,426,diff2,5,891,0.6872965422690169
Yoga,426,diff2,5,894,0.6827318665640053
Yoga,426,diff2,5,895,0.7008555114059215
Yoga,426,diff2,5,898,0.6091303688380644
Yoga,426,diff2,5,899,0.6630584690869434
Yoga,426,diff2,5,902,0.6174783531199419
Yoga,426,diff2,5,903,0.6948324312245688
Yoga,426,diff2,5,906,0.576160086162808
Yoga,426,diff2,5,907,0.6748928766705348
Yoga,426,diff2,5,910,0.6389371130971633
Yoga,426,diff2,5,911,0.6922023200302606
Yoga,426,diff2,5,914,0.6591806094948239
Yoga,426,diff2,5,915,0.6802038182980441
Yoga,426,diff2,5,918,0.5990750185166867
Yoga,426,diff2,5,919,0.6836723368006691
Yoga,426,diff2,5,922,0.6575748823509182
Yoga,426,diff2,5,923,0.7295047270726077
Yoga,426,diff2,5,926,0.6578442562606845
Yoga,426,diff2,5,927,0.7354129904460174
Yoga,426,diff2,5,930,0.6418787508728996
Yoga,426,diff2,5,931,0.7066146658495083
Yoga,426,diff2,5,934,0.5756795054640509
Yoga,426,diff2,5,935,0.6526298358395223
Yoga,426,diff2,5,938,0.608953509265383
Yoga,426,diff2,5,939,0.7130542205002275
Yoga,426,diff2,5,942,0.6860905358552465
Yoga,426,diff2,5,943,0.7247433737171242
Yoga,426,diff2,5,946,0.5887674384541356
Yoga,426,diff2,5,947,0.6599292185758873
Yoga,426,diff2,5,950,0.5891171940000792
Yoga,426,diff2,5,951,0.596623455773958
Yoga,426,diff2,5,954,0.4967096568965838
Yoga,426,diff2,5,955,0.5854124343811524
Yoga,426,diff2,5,958,0.6074117910019781
Yoga,426,diff2,5,959,0.6255984891752391
Yoga,426,diff2,5,962,0.5947914703425493
Yoga,426,diff2,5,963,0.5753046555603689
Yoga,426,diff2,5,966,0.4773811841790086
Yoga,426,diff2,5,967,0.55414581269717
Yoga,426,diff2,5,970,0.5894197405958941
Yoga,426,diff2,5,971,0.6464387193096585
Yoga,426,diff2,5,974,0.6404998302664052
Yoga,426,diff2,5,975,0.7359589965632956
Yoga,426,diff2,5,978,0.6110941625545078
Yoga,426,diff2,5,979,0.767147743058805
Yoga,426,diff2,5,982,0.6186639994859151
Yoga,426,diff2,5,983,0.5873966278371258
Yoga,426,diff2,5,986,0.5473941925793512
Yoga,426,diff2,5,987,0.6413735145597915
Yoga,426,diff2,5,990,0.6627264238764246
Yoga,426,diff2,5,991,0.7616635578063757
Yoga,426,diff2,5,994,0.6365886444539098
Yoga,426,diff2,5,995,0.6763598127600624
Yoga,426,diff2,5,998,0.5941099615207227
Yoga,426,diff2,5,999,0.6642170171404181
Yoga,426,diff2,5,1002,0.2756602372632289
Yoga,426,diff2,5,1003,0.5027415145112561
Yoga,426,diff2,5,1006,0.526678939601375
Yoga,426,diff2,5,1007,0.6108459730821546
Yoga,426,diff2,5,1010,0.5677529647696058
Yoga,426,diff2,5,1011,0.472468166986398
Yoga,426,diff2,5,1014,0.5963219346613331
Yoga,426,diff2,5,1015,0.6262064338963321
Yoga,426,diff2,5,1018,0.6562948396393552
Yoga,426,diff2,5,1019,0.693529310147537
Yoga,426,diff2,5,1022,0.6627185615166074
Yoga,426,diff2,5,1023,0.7130994720369788
Yoga,426,diff2,5,1026,0.6018596049256133
Yoga,426,diff2,5,1027,0.6822286545073605
Yoga,426,diff2,5,1030,0.6263530305874511
Yoga,426,diff2,5,1031,0.6989456968469963
Yoga,426,diff2,5,1034,0.6118375461836588
Yoga,426,diff2,5,1035,0.669616096868437
Yoga,426,diff2,5,1038,0.7021818870666672
Yoga,426,diff2,5,1039,0.6991090867467529
Yoga,426,diff2,5,1042,0.6288012602597393
Yoga,426,diff2,5,1043,0.6254462021061269
Yoga,426,diff2,5,1046,0.6397871660572966
Yoga,426,diff2,5,1047,0.7097897100891313
Yoga,426,diff2,5,1050,0.6038426850671779
Yoga,426,diff2,5,1051,0.7230196290854634
Yoga,426,diff2,5,1054,0.691167360471023
Yoga,426,diff2,5,1055,0.748211289849543
Yoga,426,diff2,5,1058,0.5534296652259828
Yoga,426,diff2,5,1059,0.6601006226391818
Yoga,426,diff2,5,1062,0.6152362309942464
Yoga,426,diff2,5,1063,0.7049472580561651
Yoga,426,diff2,5,1066,0.6431894399216741
Yoga,426,diff2,5,1067,0.6672748643566725
Yoga,426,diff2,5,1070,0.6165369095993057
Yoga,426,diff2,5,1071,0.6614529438670159
Yoga,426,diff2,5,1074,0.6194643586306954
Yoga,426,diff2,5,1075,0.6647004366008187
Yoga,426,diff2,5,1078,0.4846399650957683
Yoga,426,diff2,5,1079,0.5620527610594918
Yoga,426,diff2,5,1082,0.5286309637070118
Yoga,426,diff2,5,1083,0.618071286453359
Yoga,426,diff2,5,1086,0.5901041407379684
Yoga,426,diff2,5,1087,0.646278075603774
Yoga,426,diff2,5,1090,0.5589604452747751
Yoga,426,diff2,5,1091,0.5798131412977948
Yoga,426,diff2,5,1094,0.5060148859779086
Yoga,426,diff2,5,1095,0.6315685234087866
Yoga,426,diff2,5,1098,0.5243974048056925
Yoga,426,diff2,5,1099,0.6619662698874939
Yoga,426,diff2,5,1102,0.6465755242040165
Yoga,426,diff2,5,1103,0.7318238876472855
Yoga,426,diff2,5,1106,0.6356019445752528
Yoga,426,diff2,5,1107,0.6501551387102341
Yoga,426,diff2,5,1110,0.5225932034278514
Yoga,426,diff2,5,1111,0.6217532466093086
Yoga,426,diff2,5,1114,0.6037269675758385
Yoga,426,diff2,5,1115,0.6886296722458719
Yoga,426,diff2,5,1118,0.7075087956084605
Yoga,426,diff2,5,1119,0.7250537835605085
Yoga,426,diff2,5,1122,0.6118851378944301
Yoga,426,diff2,5,1123,0.6876311792946685
Yoga,426,diff2,5,1126,0.28662669596916457
Yoga,426,diff2,5,1127,0.5177026405385641
Yoga,426,diff2,5,1130,0.4587462786969279
Yoga,426,diff2,5,1131,0.45610941701264757
Yoga,426,fft_magnitude,0,1,0.9466233686389138
Yoga,426,fft_magnitude,0,2,-0.13377550522837925
Yoga,426,fft_magnitude,0,3,0.9283337743310716
Yoga,426,fft_magnitude,0,4,-0.14862276467842334
Yoga,426,fft_magnitude,0,5,0.8428418378370401
Yoga,426,fft_magnitude,0,6,-0.1080632539499763
Yoga,426,fft_magnitude,0,7,0.3980568021698474
Yoga,426,fft_magnitude,0,8,0.08554936565304372
Yoga,426,fft_magnitude,0,9,-0.5008365277751478
Yoga,426,fft_magnitude,0,10,0.20547394222901957
Yoga,426,fft_magnitude,0,11,-0.8112061029357132
Yoga,426,fft_magnitude,0,12,0.23898193757249445
Yoga,426,fft_magnitude,0,13,-0.8980548712318361
Yoga,426,fft_magnitude,0,14,0.25738370076017913
Yoga,426,fft_magnitude,0,15,-0.9338709558765181
Yoga,426,fft_magnitude,0,16,0.2717553105115637
Yoga,426,fft_magnitude,0,17,-0.9530197847748093
Yoga,426,fft_magnitude,0,18,0.28863647376416895
Yoga,426,fft_magnitude,0,19,-0.9648086470769569
Yoga,426,fft_magnitude,0,20,0.303248574480524
Yoga,426,fft_magnitude,0,21,-0.9717035378746629
Yoga,426,fft_magnitude,0,22,0.319843298500901
Yoga,426,fft_magnitude,0,23,-0.9736095563857655
Yoga,426,fft_magnitude,0,24,0.33259621733095185
Yoga,426,fft_magnitude,0,25,-0.9672300677813014
Yoga,426,fft_magnitude,0,26,0.3428934983509441
Yoga,426,fft_magnitude,0,27,-0.9429840258053614
Yoga,426,fft_magnitude,0,28,0.34830727985943594
Yoga,426,fft_magnitude,0,29,-0.8773546141462004
Yoga,426,fft_magnitude,0,30,0.3297385642365588
Yoga,426,fft_magnitude,0,31,-0.7209151543512352
Yoga,426,fft_magnitude,0,32,0.27369979884073653
Yoga,426,fft_magnitude,0,33,-0.4242934629757287
Yoga,426,fft_magnitude,0,34,0.16399608615066788
Yoga,426,fft_magnitude,0,35,-0.06368317663117276
Yoga,426,fft_magnitude,0,36,0.033605516262792616
Yoga,426,fft_magnitude,0,37,0.20708388675208925
Yoga,426,fft_magnitude,0,38,-0.07076756539940188
Yoga,426,fft_magnitude,0,39,0.3553996737531188
Yoga,426,fft_magnitude,0,40,-0.1392694648299232
Yoga,426,fft_magnitude,0,41,0.3984691855298809
Yoga,426,fft_magnitude,0,42,-0.17265569469757142
Yoga,426,fft_magnitude,0,43,0.34080053675790434
Yoga,426,fft_magnitude,0,44,-0.1627989960407981
Yoga,426,fft_magnitude,0,45,0.12776372033453776
Yoga,426,fft_magnitude,0,46,-0.011326172892650723
Yoga,426,fft_magnitude,0,47,-0.21385625337068934
Yoga,426,fft_magnitude,0,48,0.33376269976590484
Yoga,426,fft_magnitude,0,49,0.08088408867192852
Yoga,426,fft_magnitude,0,50,0.5229493704790433
Yoga,426,fft_magnitude,0,51,0.48530431196536944
Yoga,426,fft_magnitude,0,52,0.7653041225782895
Yoga,426,fft_magnitude,1,55,0.9495468709851058
Yoga,426,fft_magnitude,1,56,-0.22370616974347904
Yoga,426,fft_magnitude,1,57,0.7084706037436054
Yoga,426,fft_magnitude,1,58,0.18141310984046916
Yoga,426,fft_magnitude,1,59,-0.8001126209182206
Yoga,426,fft_magnitude,1,60,0.34186112879421987
Yoga,426,fft_magnitude,1,61,-0.9520516387067136
Yoga,426,fft_magnitude,1,62,0.3673687598882075
Yoga,426,fft_magnitude,1,63,-0.9748855427873712
Yoga,426,fft_magnitude,1,64,0.38565802588554626
Yoga,426,fft_magnitude,1,65,-0.9773022636544713
Yoga,426,fft_magnitude,1,66,0.40245482285872486
Yoga,426,fft_magnitude,1,67,-0.9562445996216652
Yoga,426,fft_magnitude,1,68,0.4059141072880586
Yoga,426,fft_magnitude,1,69,-0.8603997186390351
Yoga,426,fft_magnitude,1,70,0.37672035923567504
Yoga,426,fft_magnitude,1,71,-0.5155621958442945
Yoga,426,fft_magnitude,1,72,0.2177385840993964
Yoga,426,fft_magnitude,1,73,0.048769667961043775
Yoga,426,fft_magnitude,1,74,-0.05342925969625324
Yoga,426,fft_magnitude,1,75,0.18466143137477206
Yoga,426,fft_magnitude,1,76,-0.1561762081852632
Yoga,426,fft_magnitude,1,77,-0.22561134739445285
Yoga,426,fft_magnitude,1,78,0.40342918567654645
Yoga,426,fft_magnitude,1,79,0.7275612070029062
Yoga,426,fft_magnitude,1,82,0.9838239242288027
Yoga,426,fft_magnitude,1,83,0.9764110661121161
Yoga,426,fft_magnitude,1,84,0.9763762700944506
Yoga,426,fft_magnitude,1,85,0.9873596221387361
Yoga,426,fft_magnitude,1,86,0.9771164562371382
Yoga,426,fft_magnitude,1,87,0.9933815737501906
Yoga,426,fft_magnitude,1,88,0.971968808557806
Yoga,426,fft_magnitude,1,89,0.9957725125916471
Yoga,426,fft_magnitude,1,90,0.962516410772105
Yoga,426,fft_magnitude,1,91,0.9968725407421977
Yoga,426,fft_magnitude,1,92,0.9169624045523733
Yoga,426,fft_magnitude,1,93,0.9960728281960717
Yoga,426,fft_magnitude,1,94,0.7848344918594526
Yoga,426,fft_magnitude,1,95,0.9956342847960907
Yoga,426,fft_magnitude,1,96,0.6904345017975588
Yoga,426,fft_magnitude,1,97,0.9959379272852308
Yoga,426,fft_magnitude,1,98,0.8196148233897721
Yoga,426,fft_magnitude,1,99,0.9962365339919657
Yoga,426,fft_magnitude,1,100,0.9239919903714329
Yoga,426,fft_magnitude,1,101,0.9966460922793045
Yoga,426,fft_magnitude,1,102,0.9593126017546015
Yoga,426,fft_magnitude,1,103,0.9963525196686346
Yoga,426,fft_magnitude,1,104,0.9748832757387278
Yoga,426,fft_magnitude,1,105,0.9956527396042703
Yoga,426,fft_magnitude,1,106,0.9748945127665223
Yoga,426,fft_magnitude,1,109,0.9642405836426696
Yoga,426,fft_magnitude,1,110,0.9235493051335394
Yoga,426,fft_magnitude,1,111,0.9739181046912885
Yoga,426,fft_magnitude,1,112,0.959611989220077
Yoga,426,fft_magnitude,1,113,0.9720595403021663
Yoga,426,fft_magnitude,1,114,0.9776039177884611
Yoga,426,fft_magnitude,1,115,0.9685230135364584
Yoga,426,fft_magnitude,1,116,0.9885705909337
Yoga,426,fft_magnitude,1,117,0.9579398101581772
Yoga,426,fft_magnitude,1,118,0.9921207401841909
Yoga,426,fft_magnitude,1,119,0.9167775113835034
Yoga,426,fft_magnitude,1,120,0.9925822288088975
Yoga,426,fft_magnitude,1,121,0.754836280568175
Yoga,426,fft_magnitude,1,122,0.9917118118910281
Yoga,426,fft_magnitude,1,123,0.371575842047551
Yoga,426,fft_magnitude,1,124,0.9908118410064092
Yoga,426,fft_magnitude,1,125,0.5617687808894154
Yoga,426,fft_magnitude,1,126,0.9896635470899049
Yoga,426,fft_magnitude,1,127,0.7986105032977988
Yoga,426,fft_magnitude,1,128,0.9903440889298637
Yoga,426,fft_magnitude,1,129,0.9126512720914902
Yoga,426,fft_magnitude,1,130,0.9928260316243515
Yoga,426,fft_magnitude,1,131,0.9637817690646843
Yoga,426,fft_magnitude,1,132,0.9918047148724991
Yoga,426,fft_magnitude,1,133,0.9621719604316277
Yoga,426,fft_magnitude,2,136,0.9144884904014412
Yoga,426,fft_magnitude,2,137,0.3861608980540032
Yoga,426,fft_magnitude,2,138,-0.953640053869244
Yoga,426,fft_magnitude,2,139,0.48062580101655616
Yoga,426,fft_magnitude,2,140,-0.9795256095363634
Yoga,426,fft_magnitude,2,141,0.5343528793470528
Yoga,426,fft_magnitude,2,142,-0.9339322622100955
Yoga,426,fft_magnitude,2,143,0.5296878763968447
Yoga,426,fft_magnitude,2,144,-0.5440433550893101
Yoga,426,fft_magnitude,2,145,0.20081699882102064
Yoga,426,fft_magnitude,2,146,-0.32183962137489147
Yoga,426,fft_magnitude,2,147,0.5012644075908644
Yoga,426,fft_magnitude,2,150,0.9716286562385136
Yoga,426,fft_magnitude,2,151,0.9799409036445935
Yoga,426,fft_magnitude,2,152,0.9673109681039647
Yoga,426,fft_magnitude,2,153,0.9910790484517679
Yoga,426,fft_magnitude,2,154,0.8954836942855737
Yoga,426,fft_magnitude,2,155,0.9914426398424157
Yoga,426,fft_magnitude,2,156,0.5068373928396974
Yoga,426,fft_magnitude,2,157,0.991777507942583
Yoga,426,fft_magnitude,2,158,0.8336969274041641
Yoga,426,fft_magnitude,2,159,0.993284014973482
Yoga,426,fft_magnitude,2,160,0.945007115591537
Yoga,426,fft_magnitude,2,161,0.9912674576131008
Yoga,426,fft_magnitude,2,164,0.9813200903834308
Yoga,426,fft_magnitude,2,165,0.9902963983028208
Yoga,426,fft_magnitude,2,166,0.9634338535382314
Yoga,426,fft_magnitude,2,167,0.9948031937437988
Yoga,426,fft_magnitude,2,168,0.8749863408199218
Yoga,426,fft_magnitude,2,169,0.9957876502060119
Yoga,426,fft_magnitude,2,170,0.5642973639859086
Yoga,426,fft_magnitude,2,171,0.9959780475082263
Yoga,426,fft_magnitude,2,172,0.8672392612958661
Yoga,426,fft_magnitude,2,173,0.9960421201791907
Yoga,426,fft_magnitude,2,174,0.9542834809865834
Yoga,426,fft_magnitude,2,175,0.994204815967518
Yoga,426,fft_magnitude,2,178,0.9866992096885754
Yoga,426,fft_magnitude,2,179,0.9923146106384321
Yoga,426,fft_magnitude,2,180,0.9743891614803691
Yoga,426,fft_magnitude,2,181,0.9968643317892222
Yoga,426,fft_magnitude,2,182,0.8576224249527176
Yoga,426,fft_magnitude,2,183,0.9975786692582593
Yoga,426,fft_magnitude,2,184,0.7563931386598063
Yoga,426,fft_magnitude,2,185,0.9975512500795098
Yoga,426,fft_magnitude,2,186,0.9368619982088574
Yoga,426,fft_magnitude,2,187,0.997812461021922
Yoga,426,fft_magnitude,2,188,0.9750306705759154
Yoga,426,fft_magnitude,2,189,0.9963099346046473
Yoga,426,fft_magnitude,2,192,0.9475815317800818
Yoga,426,fft_magnitude,2,193,0.9228398399014558
Yoga,426,fft_magnitude,2,194,0.935722646078858
Yoga,426,fft_magnitude,2,195,0.9638441055718046
Yoga,426,fft_magnitude,2,196,0.8452426685109254
Yoga,426,fft_magnitude,2,197,0.9749847025199959
Yoga,426,fft_magnitude,2,198,0.49185863282539966
Yoga,426,fft_magnitude,2,199,0.9776883003595411
Yoga,426,fft_magnitude,2,200,0.6048073074642516
Yoga,426,fft_magnitude,2,201,0.975704144560153
Yoga,426,fft_magnitude,2,202,0.86334964691777
Yoga,426,fft_magnitude,2,203,0.9709184179263585
Yoga,426,fft_magnitude,2,206,0.9813782003472692
Yoga,426,fft_magnitude,2,207,0.9878820452889623
Yoga,426,fft_magnitude,2,208,0.9661958925263393
Yoga,426,fft_magnitude,2,209,0.9942434174306551
Yoga,426,fft_magnitude,2,210,0.907932264172622
Yoga,426,fft_magnitude,2,211,0.9954734316932782
Yoga,426,fft_magnitude,2,212,0.5870868315879805
Yoga,426,fft_magnitude,2,213,0.9936361573616393
Yoga,426,fft_magnitude,2,214,0.8619854789456057
Yoga,426,fft_magnitude,2,215,0.9962197590193933
Yoga,426,fft_magnitude,2,216,0.9605930979470955
Yoga,426,fft_magnitude,2,217,0.9940089111960867
Yoga,426,fft_magnitude,2,220,0.9844731043306385
Yoga,426,fft_magnitude,2,221,0.9919822639399086
Yoga,426,fft_magnitude,2,222,0.9659884443125064
Yoga,426,fft_magnitude,2,223,0.9960436844388824
Yoga,426,fft_magnitude,2,224,0.8733322174015045
Yoga,426,fft_magnitude,2,225,0.9963871637542662
Yoga,426,fft_magnitude,2,226,0.7337516677382571
Yoga,426,fft_magnitude,2,227,0.996172170940055
Yoga,426,fft_magnitude,2,228,0.9143633450543974
Yoga,426,fft_magnitude,2,229,0.9966946144670005
Yoga,426,fft_magnitude,2,230,0.9563341740735644
Yoga,426,fft_magnitude,2,231,0.9948843260160463
Yoga,426,fft_magnitude,3,234,-0.865933586294206
Yoga,426,fft_magnitude,3,235,0.6009181332441321
Yoga,426,fft_magnitude,3,236,-0.9415936016214324
Yoga,426,fft_magnitude,3,237,0.5545541128902338
Yoga,426,fft_magnitude,3,238,-0.5627987419204435
Yoga,426,fft_magnitude,3,241,0.9377350288234181
Yoga,426,fft_magnitude,3,242,0.9709246287819974
Yoga,426,fft_magnitude,3,243,0.5930801534297512
Yoga,426,fft_magnitude,3,244,0.9814515867655559
Yoga,426,fft_magnitude,3,245,0.825612978454847
Yoga,426,fft_magnitude,3,248,0.9591038609741038
Yoga,426,fft_magnitude,3,249,0.9904760422943548
Yoga,426,fft_magnitude,3,250,0.5705631081569537
Yoga,426,fft_magnitude,3,251,0.9929297314074308
Yoga,426,fft_magnitude,3,252,0.9302066450521651
Yoga,426,fft_magnitude,3,255,0.9641548541353693
Yoga,426,fft_magnitude,3,256,0.9928632529330529
Yoga,426,fft_magnitude,3,257,0.6055612995158596
Yoga,426,fft_magnitude,3,258,0.994523290864031
Yoga,426,fft_magnitude,3,259,0.9372006586348717
Yoga,426,fft_magnitude,3,262,0.960895977170774
Yoga,426,fft_magnitude,3,263,0.9921131907582871
Yoga,426,fft_magnitude,3,264,0.5964584250605415
Yoga,426,fft_magnitude,3,265,0.99460141468861
Yoga,426,fft_magnitude,3,266,0.9407412493856215
Yoga,426,fft_magnitude,3,269,0.9616952432201968
Yoga,426,fft_magnitude,3,270,0.9941282463137237
Yoga,426,fft_magnitude,3,271,0.6244056118649136
Yoga,426,fft_magnitude,3,272,0.9954023702741333
Yoga,426,fft_magnitude,3,273,0.9431821454029476
Yoga,426,fft_magnitude,3,276,0.9728361924990863
Yoga,426,fft_magnitude,3,277,0.9944836097021594
Yoga,426,fft_magnitude,3,278,0.6091626443836052
Yoga,426,fft_magnitude,3,279,0.9960410163784352
Yoga,426,fft_magnitude,3,280,0.9580780131086267
Yoga,426,fft_magnitude,3,283,0.9754054163615836
Yoga,426,fft_magnitude,3,284,0.9954654684249252
Yoga,426,fft_magnitude,3,285,0.6657632137467162
Yoga,426,fft_magnitude,3,286,0.9969288134077868
Yoga,426,fft_magnitude,3,287,0.9636788432731803
Yoga,426,fft_magnitude,3,290,0.9259113109679002
Yoga,426,fft_magnitude,3,291,0.9169956571711146
Yoga,426,fft_magnitude,3,292,0.6222669634347426
Yoga,426,fft_magnitude,3,293,0.9473303001663691
Yoga,426,fft_magnitude,3,294,0.7378610441805767
Yoga,426,fft_magnitude,3,297,0.9569930890271854
Yoga,426,fft_magnitude,3,298,0.9882123062733967
Yoga,426,fft_magnitude,3,299,0.596797069350209
Yoga,426,fft_magnitude,3,300,0.9912501985974205
Yoga,426,fft_magnitude,3,301,0.9078115046670988
Yoga,426,fft_magnitude,3,304,0.9608836065425531
Yoga,426,fft_magnitude,3,305,0.9914579699117864
Yoga,426,fft_magnitude,3,306,0.5852023027506121
Yoga,426,fft_magnitude,3,307,0.9939703906108547
Yoga,426,fft_magnitude,3,308,0.9290551421353032
Yoga,426,fft_magnitude,3,311,0.9627069680117765
Yoga,426,fft_magnitude,3,312,0.9941655450308338
Yoga,426,fft_magnitude,3,313,0.6017595153568238
Yoga,426,fft_magnitude,3,314,0.9949545926083055
Yoga,426,fft_magnitude,3,315,0.9390985280819323
Yoga,426,fft_magnitude,3,318,0.9604874161030026
Yoga,426,fft_magnitude,3,319,0.9925560963760104
Yoga,426,fft_magnitude,3,320,0.6211136339167489
Yoga,426,fft_magnitude,3,321,0.9948234388892422
Yoga,426,fft_magnitude,3,322,0.9325075288381037
Yoga,426,fft_magnitude,3,325,0.966584155735754
Yoga,426,fft_magnitude,3,326,0.9952024847691632
Yoga,426,fft_magnitude,3,327,0.6026302787081806
Yoga,426,fft_magnitude,3,328,0.9960360273672658
Yoga,426,fft_magnitude,3,329,0.9418877520698969
Yoga,426,fft_magnitude,3,332,0.9718406199523248
Yoga,426,fft_magnitude,3,333,0.9955391170157967
Yoga,426,fft_magnitude,3,334,0.6928142164539377
Yoga,426,fft_magnitude,3,335,0.9970312329604736
Yoga,426,fft_magnitude,3,336,0.9485152719332739
Yoga,426,fft_magnitude,4,339,-0.8863397844613182
Yoga,426,fft_magnitude,4,340,0.7721786941171932
Yoga,426,fft_magnitude,4,343,0.7947370240626457
Yoga,426,fft_magnitude,4,344,0.9461338425955685
Yoga,426,fft_magnitude,4,347,0.8293029684149291
Yoga,426,fft_magnitude,4,348,0.9793747191360306
Yoga,426,fft_magnitude,4,351,0.7965140801792086
Yoga,426,fft_magnitude,4,352,0.9856654888843555
Yoga,426,fft_magnitude,4,355,0.7869886394185539
Yoga,426,fft_magnitude,4,356,0.9883989304219326
Yoga,426,fft_magnitude,4,359,0.8304084802110923
Yoga,426,fft_magnitude,4,360,0.9904077400460337
Yoga,426,fft_magnitude,4,363,0.8200426682822634
Yoga,426,fft_magnitude,4,364,0.9886845555636343
Yoga,426,fft_magnitude,4,367,0.8515870534089404
Yoga,426,fft_magnitude,4,368,0.9929837655386357
Yoga,426,fft_magnitude,4,371,0.8166458632516561
Yoga,426,fft_magnitude,4,372,0.9902870877171714
Yoga,426,fft_magnitude,4,375,0.8489410289937152
Yoga,426,fft_magnitude,4,376,0.9890376822703139
Yoga,426,fft_magnitude,4,379,0.832158472988908
Yoga,426,fft_magnitude,4,380,0.993292578181194
Yoga,426,fft_magnitude,4,383,0.806197832428456
Yoga,426,fft_magnitude,4,384,0.9914654610543446
Yoga,426,fft_magnitude,4,387,0.8333926694814962
Yoga,426,fft_magnitude,4,388,0.9922383764647652
Yoga,426,fft_magnitude,4,391,0.8357456502472514
Yoga,426,fft_magnitude,4,392,0.9945779565854619
Yoga,426,fft_magnitude,4,395,0.7977986860130072
Yoga,426,fft_magnitude,4,396,0.9938336320829283
Yoga,426,fft_magnitude,4,399,0.8848262102309072
Yoga,426,fft_magnitude,4,400,0.994656223506352
Yoga,426,fft_magnitude,4,403,0.8189337972728405
Yoga,426,fft_magnitude,4,404,0.8743278306246142
Yoga,426,fft_magnitude,4,407,0.7854385201330629
Yoga,426,fft_magnitude,4,408,0.9637036767844417
Yoga,426,fft_magnitude,4,411,0.8400273767960078
Yoga,426,fft_magnitude,4,412,0.9852486500215683
Yoga,426,fft_magnitude,4,415,0.7948203345532128
Yoga,426,fft_magnitude,4,416,0.9863739217385769
Yoga,426,fft_magnitude,4,419,0.8162177627915301
Yoga,426,fft_magnitude,4,420,0.987558841151073
Yoga,426,fft_magnitude,4,423,0.8255455922669477
Yoga,426,fft_magnitude,4,424,0.9922415579786451
Yoga,426,fft_magnitude,4,427,0.8189658461030316
Yoga,426,fft_magnitude,4,428,0.9890287039729558
Yoga,426,fft_magnitude,4,431,0.8623815180556388
Yoga,426,fft_magnitude,4,432,0.9921735948436191
Yoga,426,fft_magnitude,4,435,0.7857153533624391
Yoga,426,fft_magnitude,4,436,0.9902282097192897
Yoga,426,fft_magnitude,4,439,0.8317447586683557
Yoga,426,fft_magnitude,4,440,0.9889144290406545
Yoga,426,fft_magnitude,4,443,0.8512791035878442
Yoga,426,fft_magnitude,4,444,0.9930564120292904
Yoga,426,fft_magnitude,4,447,0.7391255256227157
Yoga,426,fft_magnitude,4,448,0.9926463277697164
Yoga,426,fft_magnitude,4,451,0.7617528796179538
Yoga,426,fft_magnitude,4,452,0.9928652788881003
Yoga,426,fft_magnitude,4,455,0.8736129232565222
Yoga,426,fft_magnitude,4,456,0.9951043710567854
Yoga,426,fft_magnitude,4,459,0.8797993310315513
Yoga,426,fft_magnitude,4,460,0.9932759604776257
StarLightCurves,1024,raw,0,1,0.9113186075370199
StarLightCurves,1024,raw,0,2,0.9123180706766387
StarLightCurves,1024,raw,0,3,0.913451225181464
StarLightCurves,1024,raw,0,4,0.9147772654488966
StarLightCurves,1024,raw,0,5,0.9161527773063524
StarLightCurves,1024,raw,0,6,0.9175672582191532
StarLightCurves,1024,raw,0,7,0.9189099415946482
StarLightCurves,1024,raw,0,8,0.9201423815900418
StarLightCurves,1024,raw,0,9,0.9213515818598367
StarLightCurves,1024,raw,0,10,0.9225288816990483
StarLightCurves,1024,raw,0,11,0.9236655313841415
StarLightCurves,1024,raw,0,12,0.9247223337000184
StarLightCurves,1024,raw,0,13,0.9257937821753895
StarLightCurves,1024,raw,0,14,0.9268292443170794
StarLightCurves,1024,raw,0,15,0.9278081066069938
StarLightCurves,1024,raw,0,16,0.9287397085212972
StarLightCurves,1024,raw,0,17,0.9295910286444373
StarLightCurves,1024,raw,0,18,0.9303857030494591
StarLightCurves,1024,raw,0,19,0.931050396739464
StarLightCurves,1024,raw,0,20,0.9315722291006576
StarLightCurves,1024,raw,0,21,0.931923201710744
StarLightCurves,1024,raw,0,22,0.9320883307057118
StarLightCurves,1024,raw,0,23,0.9320212678233886
StarLightCurves,1024,raw,0,24,0.9317182274133305
StarLightCurves,1024,raw,0,25,0.9310664165020457
StarLightCurves,1024,raw,0,26,0.9299989708238485
StarLightCurves,1024,raw,0,27,0.9284548527499559
StarLightCurves,1024,raw,0,28,0.9262959719216208
StarLightCurves,1024,raw,0,29,0.9233910052981096
StarLightCurves,1024,raw,0,30,0.9196455428712148
StarLightCurves,1024,raw,0,31,0.9147837999086836
StarLightCurves,1024,raw,0,32,0.9084682887820721
StarLightCurves,1024,raw,0,33,0.9001965278934382
StarLightCurves,1024,raw,0,34,0.8891844919240699
StarLightCurves,1024,raw,0,35,0.8742524863930368
StarLightCurves,1024,raw,0,36,0.8535688966539702
StarLightCurves,1024,raw,0,37,0.8240408634158851
StarLightCurves,1024,raw,0,38,0.7804154493106392
StarLightCurves,1024,raw,0,39,0.7139451147168713
StarLightCurves,1024,raw,0,40,0.6102258996140765
StarLightCurves,1024,raw,0,41,0.44976458803803615
StarLightCurves,1024,raw,0,42,0.2202118291736758
StarLightCurves,1024,raw,0,43,-0.05397740002940031
StarLightCurves,1024,raw,0,44,-0.3091994016880722
StarLightCurves,1024,raw,0,45,-0.49910091025123027
StarLightCurves,1024,raw,0,46,-0.6232516284084314
StarLightCurves,1024,raw,0,47,-0.7006016934741967
StarLightCurves,1024,raw,0,48,-0.7481911124143682
StarLightCurves,1024,raw,0,49,-0.7773187814914286
StarLightCurves,1024,raw,0,50,-0.7948987583604913
StarLightCurves,1024,raw,0,51,-0.804682553319765
StarLightCurves,1024,raw,0,52,-0.8092797202192809
StarLightCurves,1024,raw,0,53,-0.8100685027865574
StarLightCurves,1024,raw,0,54,-0.8080112464323518
StarLightCurves,1024,raw,0,55,-0.8037864655192439
StarLightCurves,1024,raw,0,56,-0.7975580558226393
StarLightCurves,1024,raw,0,57,-0.7895212761263671
StarLightCurves,1024,raw,0,58,-0.7804497749763017
StarLightCurves,1024,raw,0,59,-0.7698867197605582
StarLightCurves,1024,raw,0,60,-0.7584146281357859
StarLightCurves,1024,raw,0,61,-0.7456623902671263
StarLightCurves,1024,raw,0,62,-0.7316069628469403
StarLightCurves,1024,raw,0,63,-0.7162646026283367
StarLightCurves,1024,raw,0,64,-0.6998497665014634
StarLightCurves,1024,raw,0,65,-0.6822419661229956
StarLightCurves,1024,raw,0,66,-0.6634525186678195
StarLightCurves,1024,raw,0,67,-0.6434471062594891
StarLightCurves,1024,raw,0,68,-0.6222527035234307
StarLightCurves,1024,raw,0,69,-0.5997649544581442
StarLightCurves,1024,raw,0,70,-0.5761592660402484
StarLightCurves,1024,raw,0,71,-0.5510300049717941
StarLightCurves,1024,raw,0,72,-0.5243875873153416
StarLightCurves,1024,raw,0,73,-0.4964465946112119
StarLightCurves,1024,raw,0,74,-0.46696162466937097
StarLightCurves,1024,raw,0,75,-0.43623091218862875
StarLightCurves,1024,raw,0,76,-0.4040427112964035
StarLightCurves,1024,raw,0,77,-0.37063414235278247
StarLightCurves,1024,raw,0,78,-0.33643304169012556
StarLightCurves,1024,raw,0,79,-0.30133804189006125
StarLightCurves,1024,raw,0,80,-0.2654523738094468
StarLightCurves,1024,raw,0,81,-0.2290912391615814
StarLightCurves,1024,raw,0,82,-0.1921975101456986
StarLightCurves,1024,raw,0,83,-0.15477123287443997
StarLightCurves,1024,raw,0,84,-0.11693292432932643
StarLightCurves,1024,raw,0,85,-0.0785592524100449
StarLightCurves,1024,raw,0,86,-0.04020960082661028
StarLightCurves,1024,raw,0,87,-0.0018178750871792112
StarLightCurves,1024,raw,0,88,0.036399855955420106
StarLightCurves,1024,raw,0,89,0.07447289478823872
StarLightCurves,1024,raw,0,90,0.11189505341512734
StarLightCurves,1024,raw,0,91,0.14879409705791713
StarLightCurves,1024,raw,0,92,0.18448698304897154
StarLightCurves,1024,raw,0,93,0.2196136665582231
StarLightCurves,1024,raw,0,94,0.25399487209597
StarLightCurves,1024,raw,0,95,0.28779954798548163
StarLightCurves,1024,raw,0,96,0.32075104963278395
StarLightCurves,1024,raw,0,97,0.3529625921093443
StarLightCurves,1024,raw,0,98,0.3840189082928456
StarLightCurves,1024,raw,0,99,0.41378797437448966
StarLightCurves,1024,raw,0,100,0.44215558109925
StarLightCurves,1024,raw,0,101,0.46912221303300033
StarLightCurves,1024,raw,0,102,0.4948695465143648
StarLightCurves,1024,raw,0,103,0.5192687579699794
StarLightCurves,1024,raw,0,104,0.542593840855309
StarLightCurves,1024,raw,0,105,0.56482590827323
StarLightCurves,1024,raw,0,106,0.5861363891615302
StarLightCurves,1024,raw,0,107,0.6066372901035936
StarLightCurves,1024,raw,0,108,0.6261914148827575
StarLightCurves,1024,raw,0,109,0.6448679739495922
StarLightCurves,1024,raw,0,110,0.662557915024459
StarLightCurves,1024,raw,0,111,0.6791648825411526
StarLightCurves,1024,raw,0,112,0.6947437324199175
StarLightCurves,1024,raw,0,113,0.7096157563992214
StarLightCurves,1024,raw,0,114,0.7236068339261569
StarLightCurves,1024,raw,0,115,0.7368084906155415
StarLightCurves,1024,raw,0,116,0.7492870965251375
StarLightCurves,1024,raw,0,117,0.7608966404982415
StarLightCurves,1024,raw,0,118,0.7718249337441846
StarLightCurves,1024,raw,0,119,0.781984701646953
StarLightCurves,1024,raw,0,120,0.7916152535305595
StarLightCurves,1024,raw,0,121,0.8006894827438499
StarLightCurves,1024,raw,0,122,0.8094246567234777
StarLightCurves,1024,raw,0,123,0.8178601028189897
StarLightCurves,1024,raw,0,124,0.8257979802318304
StarLightCurves,1024,raw,0,125,0.8331588916344473
StarLightCurves,1024,raw,0,126,0.8399994304355541
StarLightCurves,1024,raw,0,127,0.8462764336329284
StarLightCurves,1024,raw,0,128,0.8522456619313398
StarLightCurves,1024,raw,0,129,0.8577196237097895
StarLightCurves,1024,raw,0,130,0.8628387602991783
StarLightCurves,1024,raw,0,131,0.8676169586389043
StarLightCurves,1024,raw,0,132,0.8720908040387486
StarLightCurves,1024,raw,0,133,0.8763179205223651
StarLightCurves,1024,raw,0,134,0.8803552000361745
StarLightCurves,1024,raw,0,135,0.8842299090096591
StarLightCurves,1024,raw,0,136,0.8877903006238732
StarLightCurves,1024,raw,0,137,0.8912023926505211
StarLightCurves,1024,raw,0,138,0.894437823172674
StarLightCurves,1024,raw,0,139,0.8974192628675778
StarLightCurves,1024,raw,0,140,0.9002808549904268
StarLightCurves,1024,raw,0,141,0.9030367794814581
StarLightCurves,1024,raw,0,142,0.9055704956946576
StarLightCurves,1024,raw,0,143,0.9079519770829008
StarLightCurves,1024,raw,0,144,0.9102840119573357
StarLightCurves,1024,raw,0,145,0.9124343035791145
StarLightCurves,1024,raw,0,146,0.9144461571288612
StarLightCurves,1024,raw,0,147,0.9162478273883947
StarLightCurves,1024,raw,0,148,0.9179593612097898
StarLightCurves,1024,raw,0,149,0.9195445307109593
StarLightCurves,1024,raw,0,150,0.9209631236869642
StarLightCurves,1024,raw,0,151,0.9222258419097582
StarLightCurves,1024,raw,0,152,0.9233651259178043
StarLightCurves,1024,raw,0,153,0.9244247166864757
StarLightCurves,1024,raw,0,154,0.9254494712414825
StarLightCurves,1024,raw,0,155,0.9263793219115306
StarLightCurves,1024,raw,0,156,0.9272839405675314
StarLightCurves,1024,raw,0,157,0.9280852630350916
StarLightCurves,1024,raw,0,158,0.9287749716202724
StarLightCurves,1024,raw,0,159,0.9293700069763097
StarLightCurves,1024,raw,0,160,0.9298690772209345
StarLightCurves,1024,raw,0,161,0.9303701918064455
StarLightCurves,1024,raw,0,162,0.9308352692553966
StarLightCurves,1024,raw,0,163,0.9311975440395511
StarLightCurves,1024,raw,0,164,0.9315074766586258
StarLightCurves,1024,raw,0,165,0.9317810066701677
StarLightCurves,1024,raw,0,166,0.9319509608891351
StarLightCurves,1024,raw,0,167,0.932074397299504
StarLightCurves,1024,raw,0,168,0.9321296118923751
StarLightCurves,1024,raw,0,169,0.9320910582380421
StarLightCurves,1024,raw,0,170,0.9320091128765151
StarLightCurves,1024,raw,0,171,0.9318448135142751
StarLightCurves,1024,raw,0,172,0.9316568596692275
StarLightCurves,1024,raw,0,173,0.9313855520145055
StarLightCurves,1024,raw,0,174,0.9310654496339659
StarLightCurves,1024,raw,0,175,0.9306753511210285
StarLightCurves,1024,raw,0,176,0.9302450453393493
StarLightCurves,1024,raw,0,177,0.9297675455100363
StarLightCurves,1024,raw,0,178,0.9292615528958905
StarLightCurves,1024,raw,0,179,0.9286886174371715
StarLightCurves,1024,raw,0,180,0.9279955863651451
StarLightCurves,1024,raw,0,181,0.92722836205414
StarLightCurves,1024,raw,0,182,0.9263856244104005
StarLightCurves,1024,raw,0,183,0.9254225922866056
StarLightCurves,1024,raw,0,184,0.9243063213572974
StarLightCurves,1024,raw,0,185,0.923045681562782
StarLightCurves,1024,raw,0,186,0.9217510005430063
StarLightCurves,1024,raw,0,187,0.92022371223629
StarLightCurves,1024,raw,0,188,0.9185487545502086
StarLightCurves,1024,raw,0,189,0.9167267653540356
StarLightCurves,1024,raw,0,190,0.9147501201388349
StarLightCurves,1024,raw,0,191,0.9126820095880227
StarLightCurves,1024,raw,0,192,0.9103680784527013
StarLightCurves,1024,raw,0,193,0.9078744181878543
StarLightCurves,1024,raw,0,194,0.9050971942931414
StarLightCurves,1024,raw,0,195,0.90217854586091
StarLightCurves,1024,raw,0,196,0.8989270337089784
StarLightCurves,1024,raw,0,197,0.8954065919419155
StarLightCurves,1024,raw,0,198,0.8915954938579931
StarLightCurves,1024,raw,0,199,0.8874107128606767
StarLightCurves,1024,raw,0,200,0.8828465840385211
StarLightCurves,1024,raw,0,201,0.8779053505414136
StarLightCurves,1024,raw,0,202,0.8724770307218869
StarLightCurves,1024,raw,0,203,0.8666239974340437
StarLightCurves,1024,raw,0,204,0.8601125057399763
StarLightCurves,1024,raw,0,205,0.8528822158507559
StarLightCurves,1024,raw,0,206,0.8448891576542404
StarLightCurves,1024,raw,0,207,0.8360146267469927
StarLightCurves,1024,raw,0,208,0.8259823472169916
StarLightCurves,1024,raw,0,209,0.8144427839519899
StarLightCurves,1024,raw,0,210,0.8007773073119846
StarLightCurves,1024,raw,0,211,0.7840416163238619
StarLightCurves,1024,raw,0,212,0.7630343257754625
StarLightCurves,1024,raw,0,213,0.7350260173761674
StarLightCurves,1024,raw,0,214,0.6961946383458061
StarLightCurves,1024,raw,0,215,0.6406215780907825
StarLightCurves,1024,raw,0,216,0.5612735941428101
StarLightCurves,1024,raw,0,217,0.4545593737239915
StarLightCurves,1024,raw,0,218,0.32722103712857914
StarLightCurves,1024,raw,0,219,0.2001206447730768
StarLightCurves,1024,raw,0,220,0.09493902301358688
StarLightCurves,1024,raw,0,221,0.02212692204757724
StarLightCurves,1024,raw,0,222,-0.01815525044114825
StarLightCurves,1024,raw,0,223,-0.029698835905001233
StarLightCurves,1024,raw,0,224,-0.017961970274777365
StarLightCurves,1024,raw,0,225,0.013167734809678403
StarLightCurves,1024,raw,0,226,0.061983752982329506
StarLightCurves,1024,raw,0,227,0.12524946213886612
StarLightCurves,1024,raw,0,228,0.2014741038557561
StarLightCurves,1024,raw,0,229,0.2869848396823292
StarLightCurves,1024,raw,0,230,0.3781287471392995
StarLightCurves,1024,raw,0,231,0.4712067109795528
StarLightCurves,1024,raw,0,232,0.5613216979991047
StarLightCurves,1024,raw,0,233,0.6449534627809248
StarLightCurves,1024,raw,0,234,0.7187349373399441
StarLightCurves,1024,raw,0,235,0.7814280482763857
StarLightCurves,1024,raw,0,236,0.8318186159359733
StarLightCurves,1024,raw,0,237,0.8712573444360335
StarLightCurves,1024,raw,0,238,0.9012273183826078
StarLightCurves,1024,raw,0,239,0.9233742317671492
StarLightCurves,1024,raw,0,240,0.939445355349743
StarLightCurves,1024,raw,0,241,0.9507562266854905
StarLightCurves,1024,raw,0,242,0.9582251464176434
StarLightCurves,1024,raw,0,243,0.9631079182958243
StarLightCurves,1024,raw,0,244,0.9655819438217929
StarLightCurves,1024,raw,0,245,0.9663082238110319
StarLightCurves,1024,raw,0,246,0.9659382586412715
StarLightCurves,1024,raw,0,247,0.9646045986337226
StarLightCurves,1024,raw,0,248,0.9625883000992329
StarLightCurves,1024,raw,0,249,0.9600189545380348
StarLightCurves,1024,raw,0,250,0.956837372325572
StarLightCurves,1024,raw,0,251,0.9531884438083098
StarLightCurves,1024,raw,0,252,0.9489218741371694
StarLightCurves,1024,raw,0,253,0.9433693498601449
StarLightCurves,1024,raw,0,254,0.9337301988406137
StarLightCurves,1024,raw,1,257,0.9373059132068431
StarLightCurves,1024,raw,1,258,0.9496622111496894
StarLightCurves,1024,raw,1,259,0.9490650967329114
StarLightCurves,1024,raw,1,260,0.9675437719141081
StarLightCurves,1024,raw,1,261,0.9329062354266008
StarLightCurves,1024,raw,1,262,0.9523090807839489
StarLightCurves,1024,raw,1,263,0.90473626348875
StarLightCurves,1024,raw,1,264,0.9282426525409526
StarLightCurves,1024,raw,1,265,0.8696179797256152
StarLightCurves,1024,raw,1,266,0.9034570484656536
StarLightCurves,1024,raw,1,267,0.8310969724297248
StarLightCurves,1024,raw,1,268,0.8812547839826316
StarLightCurves,1024,raw,1,269,0.7912949177663292
StarLightCurves,1024,raw,1,270,0.8624733894662373
StarLightCurves,1024,raw,1,271,0.7519482369409635
StarLightCurves,1024,raw,1,272,0.8473977106765325
StarLightCurves,1024,raw,1,273,0.7142717441767222
StarLightCurves,1024,raw,1,274,0.836146255497359
StarLightCurves,1024,raw,1,275,0.6795519593031747
StarLightCurves,1024,raw,1,276,0.8284981778726145
StarLightCurves,1024,raw,1,277,0.6477722004641113
StarLightCurves,1024,raw,1,278,0.8238989827610874
StarLightCurves,1024,raw,1,279,0.6195957863457409
StarLightCurves,1024,raw,1,280,0.8220698805545061
StarLightCurves,1024,raw,1,281,0.5955554023969388
StarLightCurves,1024,raw,1,282,0.8227590862827655
StarLightCurves,1024,raw,1,283,0.5756199366694036
StarLightCurves,1024,raw,1,284,0.8246130593050705
StarLightCurves,1024,raw,1,285,0.5590071215127321
StarLightCurves,1024,raw,1,286,0.8276095573597478
StarLightCurves,1024,raw,1,287,0.5467595324109317
StarLightCurves,1024,raw,1,288,0.8316184926856744
StarLightCurves,1024,raw,1,289,0.539462022213949
StarLightCurves,1024,raw,1,290,0.8362588497586467
StarLightCurves,1024,raw,1,291,0.5379828564610711
StarLightCurves,1024,raw,1,292,0.8414719855420262
StarLightCurves,1024,raw,1,293,0.5440626641275776
StarLightCurves,1024,raw,1,294,0.8475454234541523
StarLightCurves,1024,raw,1,295,0.5580981340710195
StarLightCurves,1024,raw,1,296,0.8528172895552286
StarLightCurves,1024,raw,1,297,0.5793482180588936
StarLightCurves,1024,raw,1,298,0.8567330437226084
StarLightCurves,1024,raw,1,299,0.606529893196563
StarLightCurves,1024,raw,1,300,0.857668447981055
StarLightCurves,1024,raw,1,301,0.6341870736339772
StarLightCurves,1024,raw,1,302,0.8524931734899084
StarLightCurves,1024,raw,1,303,0.6574092442147569
StarLightCurves,1024,raw,1,304,0.8410138297377192
StarLightCurves,1024,raw,1,305,0.6764855183928933
StarLightCurves,1024,raw,1,306,0.8263410265501904
StarLightCurves,1024,raw,1,307,0.695732064008411
StarLightCurves,1024,raw,1,308,0.814473888531879
StarLightCurves,1024,raw,1,309,0.7184279168209062
StarLightCurves,1024,raw,1,310,0.810455317527658
StarLightCurves,1024,raw,1,311,0.7464204205040116
StarLightCurves,1024,raw,1,312,0.8143939998770363
StarLightCurves,1024,raw,1,313,0.7781383514787624
StarLightCurves,1024,raw,1,314,0.8248284826395805
StarLightCurves,1024,raw,1,315,0.810995482032352
StarLightCurves,1024,raw,1,316,0.8370674474189798
StarLightCurves,1024,raw,1,317,0.8413238525750112
StarLightCurves,1024,raw,1,318,0.8488674590229103
StarLightCurves,1024,raw,1,319,0.8679309736206944
StarLightCurves,1024,raw,1,320,0.8598562343268552
StarLightCurves,1024,raw,1,321,0.890642184470218
StarLightCurves,1024,raw,1,322,0.8701649998217879
StarLightCurves,1024,raw,1,323,0.909008914601286
StarLightCurves,1024,raw,1,324,0.879837489673656
StarLightCurves,1024,raw,1,325,0.9227110767633291
StarLightCurves,1024,raw,1,326,0.8888719891673553
StarLightCurves,1024,raw,1,327,0.9311481659171593
StarLightCurves,1024,raw,1,328,0.8969863456827801
StarLightCurves,1024,raw,1,329,0.9337703510087612
StarLightCurves,1024,raw,1,330,0.9039551628864516
StarLightCurves,1024,raw,1,331,0.9300999001359607
StarLightCurves,1024,raw,1,332,0.9098355563991396
StarLightCurves,1024,raw,1,333,0.9198505058130592
StarLightCurves,1024,raw,1,334,0.914598243557497
StarLightCurves,1024,raw,1,335,0.9028342772310947
StarLightCurves,1024,raw,1,336,0.918019331956488
StarLightCurves,1024,raw,1,337,0.8793183875878012
StarLightCurves,1024,raw,1,338,0.9197527505576528
StarLightCurves,1024,raw,1,339,0.849522953377249
StarLightCurves,1024,raw,1,340,0.9195553275626801
StarLightCurves,1024,raw,1,341,0.8140937203046631
StarLightCurves,1024,raw,1,342,0.917038963529097
StarLightCurves,1024,raw,1,343,0.7739118971428981
StarLightCurves,1024,raw,1,344,0.9115911784942351
StarLightCurves,1024,raw,1,345,0.730630168952276
StarLightCurves,1024,raw,1,346,0.9023969457628069
StarLightCurves,1024,raw,1,347,0.6864974575664733
StarLightCurves,1024,raw,1,348,0.8886343849365144
StarLightCurves,1024,raw,1,349,0.6439067767779696
StarLightCurves,1024,raw,1,350,0.8691807062705065
StarLightCurves,1024,raw,1,351,0.6062766759938683
StarLightCurves,1024,raw,1,352,0.8424014982060151
StarLightCurves,1024,raw,1,353,0.5771506141354872
StarLightCurves,1024,raw,1,354,0.8059342562925196
StarLightCurves,1024,raw,1,355,0.5604681539985432
StarLightCurves,1024,raw,1,356,0.7584055000689987
StarLightCurves,1024,raw,1,357,0.5600909012899369
StarLightCurves,1024,raw,1,358,0.6988703104549914
StarLightCurves,1024,raw,1,359,0.5770378388653336
StarLightCurves,1024,raw,1,360,0.6311962706489875
StarLightCurves,1024,raw,1,361,0.6125488253054883
StarLightCurves,1024,raw,1,362,0.569378587247586
StarLightCurves,1024,raw,1,363,0.6649093299895162
StarLightCurves,1024,raw,1,364,0.5375914362562674
StarLightCurves,1024,raw,1,365,0.7252054500625226
StarLightCurves,1024,raw,1,366,0.5593314955713167
StarLightCurves,1024,raw,1,367,0.7797251954383096
StarLightCurves,1024,raw,1,368,0.6285977986414311
StarLightCurves,1024,raw,1,369,0.8188560209395863
StarLightCurves,1024,raw,1,370,0.7110700186069874
StarLightCurves,1024,raw,1,371,0.8453456786291647
StarLightCurves,1024,raw,1,372,0.7821776595230756
StarLightCurves,1024,raw,1,373,0.8653524041090934
StarLightCurves,1024,raw,1,374,0.8360863234151873
StarLightCurves,1024,raw,1,375,0.8840578922317255
StarLightCurves,1024,raw,1,376,0.8764332017177132
StarLightCurves,1024,raw,1,377,0.9045493166655996
StarLightCurves,1024,raw,1,378,0.9080072651522044
StarLightCurves,1024,raw,1,379,0.928514976691781
StarLightCurves,1024,raw,1,380,0.9344796759823327
StarLightCurves,1024,raw,1,381,0.9555022255692316
StarLightCurves,1024,raw,1,382,0.9545393370853005
StarLightCurves,1024,raw,1,385,0.8136762236557149
StarLightCurves,1024,raw,1,386,0.9332169313151467
StarLightCurves,1024,raw,1,387,0.9109927425731382
StarLightCurves,1024,raw,1,388,0.9553783231343693
StarLightCurves,1024,raw,1,389,0.924654612539125
StarLightCurves,1024,raw,1,390,0.9503710318106355
StarLightCurves,1024,raw,1,391,0.8973973028145852
StarLightCurves,1024,raw,1,392,0.9330412501086519
StarLightCurves,1024,raw,1,393,0.8491549537432381
StarLightCurves,1024,raw,1,394,0.9113711373836874
StarLightCurves,1024,raw,1,395,0.7935596577930851
StarLightCurves,1024,raw,1,396,0.8904362283438937
StarLightCurves,1024,raw,1,397,0.7387962028709334
StarLightCurves,1024,raw,1,398,0.8726499289218865
StarLightCurves,1024,raw,1,399,0.6885090078260019
StarLightCurves,1024,raw,1,400,0.8588467096616594
StarLightCurves,1024,raw,1,401,0.644080391787701
StarLightCurves,1024,raw,1,402,0.848915693137061
StarLightCurves,1024,raw,1,403,0.6064905003593397
StarLightCurves,1024,raw,1,404,0.8428400207382593
StarLightCurves,1024,raw,1,405,0.5757846839120172
StarLightCurves,1024,raw,1,406,0.8399967088944537
StarLightCurves,1024,raw,1,407,0.5519754203662143
StarLightCurves,1024,raw,1,408,0.8403995775657221
StarLightCurves,1024,raw,1,409,0.5353018822839952
StarLightCurves,1024,raw,1,410,0.8438048067000983
StarLightCurves,1024,raw,1,411,0.5250906409164199
StarLightCurves,1024,raw,1,412,0.8491521925033348
StarLightCurves,1024,raw,1,413,0.5208663505086508
StarLightCurves,1024,raw,1,414,0.8563316824418802
StarLightCurves,1024,raw,1,415,0.5223673362181135
StarLightCurves,1024,raw,1,416,0.864809829742218
StarLightCurves,1024,raw,1,417,0.5294713558032778
StarLightCurves,1024,raw,1,418,0.8740827372355721
StarLightCurves,1024,raw,1,419,0.5403589198804514
StarLightCurves,1024,raw,1,420,0.8835476102545095
StarLightCurves,1024,raw,1,421,0.5554112520815411
StarLightCurves,1024,raw,1,422,0.8933536407997057
StarLightCurves,1024,raw,1,423,0.5733528698007765
StarLightCurves,1024,raw,1,424,0.9030416906331148
StarLightCurves,1024,raw,1,425,0.5934923932044849
StarLightCurves,1024,raw,1,426,0.9123764869900035
StarLightCurves,1024,raw,1,427,0.6156387501492896
StarLightCurves,1024,raw,1,428,0.9215231981896206
StarLightCurves,1024,raw,1,429,0.6393191269581908
StarLightCurves,1024,raw,1,430,0.9300775580893381
StarLightCurves,1024,raw,1,431,0.6617484774931959
StarLightCurves,1024,raw,1,432,0.9375741290392138
StarLightCurves,1024,raw,1,433,0.6833518163264517
StarLightCurves,1024,raw,1,434,0.9439590827374185
StarLightCurves,1024,raw,1,435,0.7032107463353077
StarLightCurves,1024,raw,1,436,0.9492754138243282
StarLightCurves,1024,raw,1,437,0.7229327901616708
StarLightCurves,1024,raw,1,438,0.9534513755253781
StarLightCurves,1024,raw,1,439,0.7417416289591112
StarLightCurves,1024,raw,1,440,0.9562244530635343
StarLightCurves,1024,raw,1,441,0.7588475348302701
StarLightCurves,1024,raw,1,442,0.9572312009993509
StarLightCurves,1024,raw,1,443,0.7752933219514039
StarLightCurves,1024,raw,1,444,0.9569813675701779
StarLightCurves,1024,raw,1,445,0.7913136116181899
StarLightCurves,1024,raw,1,446,0.9550807093560411
StarLightCurves,1024,raw,1,447,0.8066264083762884
StarLightCurves,1024,raw,1,448,0.9519659232258059
StarLightCurves,1024,raw,1,449,0.8216491548694358
StarLightCurves,1024,raw,1,450,0.9473057201651676
StarLightCurves,1024,raw,1,451,0.8348837613544869
StarLightCurves,1024,raw,1,452,0.940883484904161
StarLightCurves,1024,raw,1,453,0.8449033777400894
StarLightCurves,1024,raw,1,454,0.9329779586126726
StarLightCurves,1024,raw,1,455,0.8503985390049
StarLightCurves,1024,raw,1,456,0.9237701017457254
StarLightCurves,1024,raw,1,457,0.8496941881487471
StarLightCurves,1024,raw,1,458,0.9135352972707503
StarLightCurves,1024,raw,1,459,0.8408451154192131
StarLightCurves,1024,raw,1,460,0.9020232871594073
StarLightCurves,1024,raw,1,461,0.8224231514185281
StarLightCurves,1024,raw,1,462,0.88935051203719
StarLightCurves,1024,raw,1,463,0.7927452465055592
StarLightCurves,1024,raw,1,464,0.8759772683571807
StarLightCurves,1024,raw,1,465,0.7526473349885908
StarLightCurves,1024,raw,1,466,0.8623120849929279
StarLightCurves,1024,raw,1,467,0.7037626653381127
StarLightCurves,1024,raw,1,468,0.8489050714363273
StarLightCurves,1024,raw,1,469,0.6481655685153788
StarLightCurves,1024,raw,1,470,0.8358970120790752
StarLightCurves,1024,raw,1,471,0.5887524175623474
StarLightCurves,1024,raw,1,472,0.8241686841322228
StarLightCurves,1024,raw,1,473,0.5299158475928625
StarLightCurves,1024,raw,1,474,0.8138083439535729
StarLightCurves,1024,raw,1,475,0.4757736185978847
StarLightCurves,1024,raw,1,476,0.8054808179019347
StarLightCurves,1024,raw,1,477,0.4293104894812854
StarLightCurves,1024,raw,1,478,0.7998228029469748
StarLightCurves,1024,raw,1,479,0.3941579649007955
StarLightCurves,1024,raw,1,480,0.7977518784515093
StarLightCurves,1024,raw,1,481,0.3735839748689983
StarLightCurves,1024,raw,1,482,0.7995172412742957
StarLightCurves,1024,raw,1,483,0.3690623988098009
StarLightCurves,1024,raw,1,484,0.806121459543323
StarLightCurves,1024,raw,1,485,0.38509963332682073
StarLightCurves,1024,raw,1,486,0.8173234190973309
StarLightCurves,1024,raw,1,487,0.42303143424500533
StarLightCurves,1024,raw,1,488,0.8340677890485346
StarLightCurves,1024,raw,1,489,0.48623620902555864
StarLightCurves,1024,raw,1,490,0.8560976679538774
StarLightCurves,1024,raw,1,491,0.573356955216038
StarLightCurves,1024,raw,1,492,0.8833945019064522
StarLightCurves,1024,raw,1,493,0.6807133165901463
StarLightCurves,1024,raw,1,494,0.9140051561474365
StarLightCurves,1024,raw,1,495,0.7911045425535729
StarLightCurves,1024,raw,1,496,0.9418473568995974
StarLightCurves,1024,raw,1,497,0.8775753759765074
StarLightCurves,1024,raw,1,498,0.9599452690843804
StarLightCurves,1024,raw,1,499,0.9247685516519112
StarLightCurves,1024,raw,1,500,0.966970669852566
StarLightCurves,1024,raw,1,501,0.9426609559654456
StarLightCurves,1024,raw,1,502,0.9665570110017841
StarLightCurves,1024,raw,1,503,0.9465989744650833
StarLightCurves,1024,raw,1,504,0.9635142984199343
StarLightCurves,1024,raw,1,505,0.9463375926644659
StarLightCurves,1024,raw,1,506,0.961694150903326
StarLightCurves,1024,raw,1,507,0.9478650716006246
StarLightCurves,1024,raw,1,508,0.9645988684164927
StarLightCurves,1024,raw,1,509,0.9549226826567798
StarLightCurves,1024,raw,1,510,0.9733978795093037
StarLightCurves,1024,raw,1,513,0.8830299909907245
StarLightCurves,1024,raw,1,514,0.895523167346577
StarLightCurves,1024,raw,1,515,0.8841680368372217
StarLightCurves,1024,raw,1,516,0.9122558992177223
StarLightCurves,1024,raw,1,517,0.8737026765089801
StarLightCurves,1024,raw,1,518,0.9249844772782843
StarLightCurves,1024,raw,1,519,0.8539811696922065
StarLightCurves,1024,raw,1,520,0.933557301787581
StarLightCurves,1024,raw,1,521,0.8242239999226814
StarLightCurves,1024,raw,1,522,0.9376017946733437
StarLightCurves,1024,raw,1,523,0.7836666052901146
StarLightCurves,1024,raw,1,524,0.9368019480176564
StarLightCurves,1024,raw,1,525,0.731389983340129
StarLightCurves,1024,raw,1,526,0.9313793542891873
StarLightCurves,1024,raw,1,527,0.6668984579867839
StarLightCurves,1024,raw,1,528,0.9215377212757333
StarLightCurves,1024,raw,1,529,0.590418937188296
StarLightCurves,1024,raw,1,530,0.9078366548936989
StarLightCurves,1024,raw,1,531,0.5035103841376816
StarLightCurves,1024,raw,1,532,0.8906173572143607
StarLightCurves,1024,raw,1,533,0.4105287793143768
StarLightCurves,1024,raw,1,534,0.8711953706542335
StarLightCurves,1024,raw,1,535,0.31648797464723205
StarLightCurves,1024,raw,1,536,0.8509956203416396
StarLightCurves,1024,raw,1,537,0.22681430842809283
StarLightCurves,1024,raw,1,538,0.8305280318083266
StarLightCurves,1024,raw,1,539,0.1463391543025951
StarLightCurves,1024,raw,1,540,0.8110145144832173
StarLightCurves,1024,raw,1,541,0.07766590706705909
StarLightCurves,1024,raw,1,542,0.7924185139345418
StarLightCurves,1024,raw,1,543,0.02266069802189373
StarLightCurves,1024,raw,1,544,0.7758124283911235
StarLightCurves,1024,raw,1,545,-0.01778826041555491
StarLightCurves,1024,raw,1,546,0.7621730791153906
StarLightCurves,1024,raw,1,547,-0.04378471261137787
StarLightCurves,1024,raw,1,548,0.7512313702335326
StarLightCurves,1024,raw,1,549,-0.05679869736796697
StarLightCurves,1024,raw,1,550,0.7435194301017851
StarLightCurves,1024,raw,1,551,-0.05831768899999155
StarLightCurves,1024,raw,1,552,0.7389537476636937
StarLightCurves,1024,raw,1,553,-0.04974380334932495
StarLightCurves,1024,raw,1,554,0.7376120953949261
StarLightCurves,1024,raw,1,555,-0.030921723156078832
StarLightCurves,1024,raw,1,556,0.7392951151634006
StarLightCurves,1024,raw,1,557,-0.0033066319952999735
StarLightCurves,1024,raw,1,558,0.744576263401904
StarLightCurves,1024,raw,1,559,0.032173400768284934
StarLightCurves,1024,raw,1,560,0.7524223607563958
StarLightCurves,1024,raw,1,561,0.07680364119085513
StarLightCurves,1024,raw,1,562,0.7619426642600385
StarLightCurves,1024,raw,1,563,0.1269947815308982
StarLightCurves,1024,raw,1,564,0.7718444991068305
StarLightCurves,1024,raw,1,565,0.18090446807560373
StarLightCurves,1024,raw,1,566,0.7822847020574798
StarLightCurves,1024,raw,1,567,0.23723530321698175
StarLightCurves,1024,raw,1,568,0.7944211579179966
StarLightCurves,1024,raw,1,569,0.29629722746139636
StarLightCurves,1024,raw,1,570,0.8068463503548213
StarLightCurves,1024,raw,1,571,0.35604608148649836
StarLightCurves,1024,raw,1,572,0.8190078056597516
StarLightCurves,1024,raw,1,573,0.414577862861491
StarLightCurves,1024,raw,1,574,0.8294413219233477
StarLightCurves,1024,raw,1,575,0.4693610888656321
StarLightCurves,1024,raw,1,576,0.8382907401291442
StarLightCurves,1024,raw,1,577,0.5207415946515238
StarLightCurves,1024,raw,1,578,0.8458582541477767
StarLightCurves,1024,raw,1,579,0.5676854296893965
StarLightCurves,1024,raw,1,580,0.8507021204686288
StarLightCurves,1024,raw,1,581,0.6087675587082146
StarLightCurves,1024,raw,1,582,0.8532321819864479
StarLightCurves,1024,raw,1,583,0.6446912507233039
StarLightCurves,1024,raw,1,584,0.8530158215150067
StarLightCurves,1024,raw,1,585,0.6756861407723433
StarLightCurves,1024,raw,1,586,0.8506723381272379
StarLightCurves,1024,raw,1,587,0.7026406308388842
StarLightCurves,1024,raw,1,588,0.8466367291657478
StarLightCurves,1024,raw,1,589,0.7261503160736064
StarLightCurves,1024,raw,1,590,0.8413470565855574
StarLightCurves,1024,raw,1,591,0.7453901787066242
StarLightCurves,1024,raw,1,592,0.8345075924226582
StarLightCurves,1024,raw,1,593,0.7597856233779647
StarLightCurves,1024,raw,1,594,0.8267425520305725
StarLightCurves,1024,raw,1,595,0.7710004550543531
StarLightCurves,1024,raw,1,596,0.8184706760358362
StarLightCurves,1024,raw,1,597,0.7783471428108247
StarLightCurves,1024,raw,1,598,0.8097806284966276
StarLightCurves,1024,raw,1,599,0.7820709160410263
StarLightCurves,1024,raw,1,600,0.80071014230921
StarLightCurves,1024,raw,1,601,0.7826354130294007
StarLightCurves,1024,raw,1,602,0.7915324422501732
StarLightCurves,1024,raw,1,603,0.7802379815239674
StarLightCurves,1024,raw,1,604,0.7822062532776219
StarLightCurves,1024,raw,1,605,0.77391087205815
StarLightCurves,1024,raw,1,606,0.7724886814042845
StarLightCurves,1024,raw,1,607,0.7632990360677431
StarLightCurves,1024,raw,1,608,0.7620829460536502
StarLightCurves,1024,raw,1,609,0.7477883845166948
StarLightCurves,1024,raw,1,610,0.7507720790620023
StarLightCurves,1024,raw,1,611,0.727853031497813
StarLightCurves,1024,raw,1,612,0.7384399063602853
StarLightCurves,1024,raw,1,613,0.7022728088427236
StarLightCurves,1024,raw,1,614,0.7241133365025875
StarLightCurves,1024,raw,1,615,0.6708109661426674
StarLightCurves,1024,raw,1,616,0.7071308211228571
StarLightCurves,1024,raw,1,617,0.632673281305734
StarLightCurves,1024,raw,1,618,0.6880408960986849
StarLightCurves,1024,raw,1,619,0.587931885164398
StarLightCurves,1024,raw,1,620,0.6700866786893468
StarLightCurves,1024,raw,1,621,0.5401481909996103
StarLightCurves,1024,raw,1,622,0.6592514944157296
StarLightCurves,1024,raw,1,623,0.4977802645099836
StarLightCurves,1024,raw,1,624,0.6654188094758199
StarLightCurves,1024,raw,1,625,0.4747446334996432
StarLightCurves,1024,raw,1,626,0.6952304123565778
StarLightCurves,1024,raw,1,627,0.4878946134251548
StarLightCurves,1024,raw,1,628,0.7440669891429215
StarLightCurves,1024,raw,1,629,0.5497283565296744
StarLightCurves,1024,raw,1,630,0.7938934793824618
StarLightCurves,1024,raw,1,631,0.6407074276435413
StarLightCurves,1024,raw,1,632,0.8238200224687195
StarLightCurves,1024,raw,1,633,0.7088828634494041
StarLightCurves,1024,raw,1,634,0.833952011880741
StarLightCurves,1024,raw,1,635,0.7490309396703195
StarLightCurves,1024,raw,1,636,0.8487830287872884
StarLightCurves,1024,raw,1,637,0.7883414225719642
StarLightCurves,1024,raw,1,638,0.8849112326880637
StarLightCurves,1024,raw,2,641,0.744802947468097
StarLightCurves,1024,raw,2,642,0.973568719810946
StarLightCurves,1024,raw,2,643,0.932247824515612
StarLightCurves,1024,raw,2,644,0.9833265353603055
StarLightCurves,1024,raw,2,645,0.9027445099096225
StarLightCurves,1024,raw,2,646,0.9808943075823976
StarLightCurves,1024,raw,2,647,0.8846889115308635
StarLightCurves,1024,raw,2,648,0.9790315967256649
StarLightCurves,1024,raw,2,649,0.876278972597464
StarLightCurves,1024,raw,2,650,0.9781271134368303
StarLightCurves,1024,raw,2,651,0.8732488468612958
StarLightCurves,1024,raw,2,652,0.9779860116149792
StarLightCurves,1024,raw,2,653,0.873810600858882
StarLightCurves,1024,raw,2,654,0.9784309060726634
StarLightCurves,1024,raw,2,655,0.8765001635373904
StarLightCurves,1024,raw,2,656,0.9793395552667068
StarLightCurves,1024,raw,2,657,0.879964281604406
StarLightCurves,1024,raw,2,658,0.9803169650189107
StarLightCurves,1024,raw,2,659,0.8832057757483209
StarLightCurves,1024,raw,2,660,0.9813790410582347
StarLightCurves,1024,raw,2,661,0.8860178344782659
StarLightCurves,1024,raw,2,662,0.9823894549403202
StarLightCurves,1024,raw,2,663,0.8874108970195776
StarLightCurves,1024,raw,2,664,0.9830405825589855
StarLightCurves,1024,raw,2,665,0.8862519247184163
StarLightCurves,1024,raw,2,666,0.9832376373479227
StarLightCurves,1024,raw,2,667,0.8825115246009984
StarLightCurves,1024,raw,2,668,0.9827927913170934
StarLightCurves,1024,raw,2,669,0.8742980535213686
StarLightCurves,1024,raw,2,670,0.981492605216368
StarLightCurves,1024,raw,2,671,0.8591101736307253
StarLightCurves,1024,raw,2,672,0.9791860696383591
StarLightCurves,1024,raw,2,673,0.8297167775736037
StarLightCurves,1024,raw,2,674,0.9755274320476215
StarLightCurves,1024,raw,2,675,0.7587855527651297
StarLightCurves,1024,raw,2,676,0.9700755195880102
StarLightCurves,1024,raw,2,677,0.5538677049050147
StarLightCurves,1024,raw,2,678,0.962007868631995
StarLightCurves,1024,raw,2,679,0.137551440205934
StarLightCurves,1024,raw,2,680,0.9502899364043815
StarLightCurves,1024,raw,2,681,-0.16360754859554466
StarLightCurves,1024,raw,2,682,0.9329904918480756
StarLightCurves,1024,raw,2,683,-0.22396568178697493
StarLightCurves,1024,raw,2,684,0.9065614351551465
StarLightCurves,1024,raw,2,685,-0.12949112687912812
StarLightCurves,1024,raw,2,686,0.8659582130163295
StarLightCurves,1024,raw,2,687,0.07237820099935581
StarLightCurves,1024,raw,2,688,0.8057809577607008
StarLightCurves,1024,raw,2,689,0.3292196407293565
StarLightCurves,1024,raw,2,690,0.7319680798988287
StarLightCurves,1024,raw,2,691,0.578950964895739
StarLightCurves,1024,raw,2,692,0.6935017511433866
StarLightCurves,1024,raw,2,693,0.7828985486694973
StarLightCurves,1024,raw,2,694,0.7741520377349562
StarLightCurves,1024,raw,2,695,0.9199162355118111
StarLightCurves,1024,raw,2,696,0.9146946281120848
StarLightCurves,1024,raw,2,697,0.9807387548081892
StarLightCurves,1024,raw,2,698,0.9678931538381934
StarLightCurves,1024,raw,2,699,0.991494289147029
StarLightCurves,1024,raw,2,700,0.9648795025531661
StarLightCurves,1024,raw,2,701,0.984136241270585
StarLightCurves,1024,raw,2,702,0.960231347739759
StarLightCurves,1024,raw,2,705,0.9047968747974043
StarLightCurves,1024,raw,2,706,0.976635674646731
StarLightCurves,1024,raw,2,707,0.863583500602695
StarLightCurves,1024,raw,2,708,0.9713014904396611
StarLightCurves,1024,raw,2,709,0.7903502093741148
StarLightCurves,1024,raw,2,710,0.9584437911151718
StarLightCurves,1024,raw,2,711,0.7303059049624087
StarLightCurves,1024,raw,2,712,0.9492300234210581
StarLightCurves,1024,raw,2,713,0.6872058961637562
StarLightCurves,1024,raw,2,714,0.9439100148139589
StarLightCurves,1024,raw,2,715,0.6590258633826328
StarLightCurves,1024,raw,2,716,0.9417969245033269
StarLightCurves,1024,raw,2,717,0.642220987445385
StarLightCurves,1024,raw,2,718,0.9421623729955554
StarLightCurves,1024,raw,2,719,0.6336357626273692
StarLightCurves,1024,raw,2,720,0.9442624262130856
StarLightCurves,1024,raw,2,721,0.6317169585325697
StarLightCurves,1024,raw,2,722,0.947844343659464
StarLightCurves,1024,raw,2,723,0.6359942590683391
StarLightCurves,1024,raw,2,724,0.9525831948179889
StarLightCurves,1024,raw,2,725,0.6446748888304504
StarLightCurves,1024,raw,2,726,0.9577180980875313
StarLightCurves,1024,raw,2,727,0.6563919518776746
StarLightCurves,1024,raw,2,728,0.962714077227952
StarLightCurves,1024,raw,2,729,0.6706034308017882
StarLightCurves,1024,raw,2,730,0.9671279674813205
StarLightCurves,1024,raw,2,731,0.6857133244606557
StarLightCurves,1024,raw,2,732,0.9698073845223674
StarLightCurves,1024,raw,2,733,0.6995969143150461
StarLightCurves,1024,raw,2,734,0.9703887983763253
StarLightCurves,1024,raw,2,735,0.7146087128952641
StarLightCurves,1024,raw,2,736,0.9678664629241538
StarLightCurves,1024,raw,2,737,0.730074289399336
StarLightCurves,1024,raw,2,738,0.9612754980968237
StarLightCurves,1024,raw,2,739,0.7444296940708104
StarLightCurves,1024,raw,2,740,0.9490000814343006
StarLightCurves,1024,raw,2,741,0.7524288436499931
StarLightCurves,1024,raw,2,742,0.9288232138141952
StarLightCurves,1024,raw,2,743,0.7477474847678075
StarLightCurves,1024,raw,2,744,0.8979951566212472
StarLightCurves,1024,raw,2,745,0.7280842684424214
StarLightCurves,1024,raw,2,746,0.8538509757530117
StarLightCurves,1024,raw,2,747,0.6983615485664151
StarLightCurves,1024,raw,2,748,0.7960512630881614
StarLightCurves,1024,raw,2,749,0.6710357666419585
StarLightCurves,1024,raw,2,750,0.728719380987657
StarLightCurves,1024,raw,2,751,0.6571593090062507
StarLightCurves,1024,raw,2,752,0.6624834251468776
StarLightCurves,1024,raw,2,753,0.666000541615063
StarLightCurves,1024,raw,2,754,0.6171672425838433
StarLightCurves,1024,raw,2,755,0.703877418317559
StarLightCurves,1024,raw,2,756,0.6214302768639399
StarLightCurves,1024,raw,2,757,0.777162860137288
StarLightCurves,1024,raw,2,758,0.7022660643750154
StarLightCurves,1024,raw,2,759,0.8713401562964643
StarLightCurves,1024,raw,2,760,0.8207592350768387
StarLightCurves,1024,raw,2,761,0.9241625483797724
StarLightCurves,1024,raw,2,762,0.8823315178891867
StarLightCurves,1024,raw,2,763,0.9130354877368652
StarLightCurves,1024,raw,2,764,0.8938837815510038
StarLightCurves,1024,raw,2,765,0.8941629250704988
StarLightCurves,1024,raw,2,766,0.8926644905481012
StarLightCurves,1024,raw,2,769,0.8534283501056832
StarLightCurves,1024,raw,2,770,0.9477103732687818
StarLightCurves,1024,raw,2,771,0.9088175943948051
StarLightCurves,1024,raw,2,772,0.9302866106984978
StarLightCurves,1024,raw,2,773,0.8714751922366489
StarLightCurves,1024,raw,2,774,0.9158854613665806
StarLightCurves,1024,raw,2,775,0.8487649714935172
StarLightCurves,1024,raw,2,776,0.9103557598278865
StarLightCurves,1024,raw,2,777,0.8368522027690635
StarLightCurves,1024,raw,2,778,0.911736013755351
StarLightCurves,1024,raw,2,779,0.831947842946986
StarLightCurves,1024,raw,2,780,0.917772793123244
StarLightCurves,1024,raw,2,781,0.8317841527321184
StarLightCurves,1024,raw,2,782,0.9266463143878286
StarLightCurves,1024,raw,2,783,0.8349480749546968
StarLightCurves,1024,raw,2,784,0.9367539960241138
StarLightCurves,1024,raw,2,785,0.8386154050927501
StarLightCurves,1024,raw,2,786,0.9463215365558559
StarLightCurves,1024,raw,2,787,0.841801719757267
StarLightCurves,1024,raw,2,788,0.9545173753267983
StarLightCurves,1024,raw,2,789,0.8432771050711699
StarLightCurves,1024,raw,2,790,0.960667912129787
StarLightCurves,1024,raw,2,791,0.8434533531128425
StarLightCurves,1024,raw,2,792,0.9648599871120865
StarLightCurves,1024,raw,2,793,0.8427904139082006
StarLightCurves,1024,raw,2,794,0.966958459943403
StarLightCurves,1024,raw,2,795,0.8399311048616585
StarLightCurves,1024,raw,2,796,0.9665534500030671
StarLightCurves,1024,raw,2,797,0.8333533574773498
StarLightCurves,1024,raw,2,798,0.9636264652845529
StarLightCurves,1024,raw,2,799,0.8200400921413237
StarLightCurves,1024,raw,2,800,0.9584429271822402
StarLightCurves,1024,raw,2,801,0.7942093733503343
StarLightCurves,1024,raw,2,802,0.9518524105954891
StarLightCurves,1024,raw,2,803,0.7298125509891007
StarLightCurves,1024,raw,2,804,0.9444375130364892
StarLightCurves,1024,raw,2,805,0.5777260231521953
StarLightCurves,1024,raw,2,806,0.9369521423612632
StarLightCurves,1024,raw,2,807,0.3567129679505186
StarLightCurves,1024,raw,2,808,0.9307623147821382
StarLightCurves,1024,raw,2,809,0.20306028448924734
StarLightCurves,1024,raw,2,810,0.9273707760921742
StarLightCurves,1024,raw,2,811,0.1728766177082318
StarLightCurves,1024,raw,2,812,0.9264879334348245
StarLightCurves,1024,raw,2,813,0.24533982045780658
StarLightCurves,1024,raw,2,814,0.9287811494581047
StarLightCurves,1024,raw,2,815,0.38762486760541853
StarLightCurves,1024,raw,2,816,0.933718854456403
StarLightCurves,1024,raw,2,817,0.551153813610138
StarLightCurves,1024,raw,2,818,0.9418292966387337
StarLightCurves,1024,raw,2,819,0.7041593040657179
StarLightCurves,1024,raw,2,820,0.9547919258280898
StarLightCurves,1024,raw,2,821,0.835632029933991
StarLightCurves,1024,raw,2,822,0.9717700332591691
StarLightCurves,1024,raw,2,823,0.9291973185003686
StarLightCurves,1024,raw,2,824,0.9864615085439953
StarLightCurves,1024,raw,2,825,0.9745669113277252
StarLightCurves,1024,raw,2,826,0.9924253483556402
StarLightCurves,1024,raw,2,827,0.9816680012507435
StarLightCurves,1024,raw,2,828,0.9904734938002939
StarLightCurves,1024,raw,2,829,0.9743500426913247
StarLightCurves,1024,raw,2,830,0.9872566075251773
StarLightCurves,1024,raw,2,833,0.826399749424779
StarLightCurves,1024,raw,2,834,0.9687242685374018
StarLightCurves,1024,raw,2,835,0.8971815062934142
StarLightCurves,1024,raw,2,836,0.9623818671203722
StarLightCurves,1024,raw,2,837,0.8600215599480296
StarLightCurves,1024,raw,2,838,0.9547888848360905
StarLightCurves,1024,raw,2,839,0.8358500194738498
StarLightCurves,1024,raw,2,840,0.9517438260766958
StarLightCurves,1024,raw,2,841,0.822775509920858
StarLightCurves,1024,raw,2,842,0.9520059274806001
StarLightCurves,1024,raw,2,843,0.8170612973458362
StarLightCurves,1024,raw,2,844,0.9544568977506496
StarLightCurves,1024,raw,2,845,0.8164048950844923
StarLightCurves,1024,raw,2,846,0.9581945771762661
StarLightCurves,1024,raw,2,847,0.8172317092493667
StarLightCurves,1024,raw,2,848,0.9624459853448697
StarLightCurves,1024,raw,2,849,0.8198004369245833
StarLightCurves,1024,raw,2,850,0.9669220582875895
StarLightCurves,1024,raw,2,851,0.8229512638188643
StarLightCurves,1024,raw,2,852,0.9713145881522898
StarLightCurves,1024,raw,2,853,0.8275059011567124
StarLightCurves,1024,raw,2,854,0.9752392000488727
StarLightCurves,1024,raw,2,855,0.8305271302963736
StarLightCurves,1024,raw,2,856,0.977980466370361
StarLightCurves,1024,raw,2,857,0.8316328394340301
StarLightCurves,1024,raw,2,858,0.9793478553752333
StarLightCurves,1024,raw,2,859,0.829905332080247
StarLightCurves,1024,raw,2,860,0.9786667474382728
StarLightCurves,1024,raw,2,861,0.8234571925904876
StarLightCurves,1024,raw,2,862,0.9755647927295527
StarLightCurves,1024,raw,2,863,0.8109410042102627
StarLightCurves,1024,raw,2,864,0.9699057606730113
StarLightCurves,1024,raw,2,865,0.7850773962790112
StarLightCurves,1024,raw,2,866,0.9611223810979688
StarLightCurves,1024,raw,2,867,0.7207349973788562
StarLightCurves,1024,raw,2,868,0.9494422640735769
StarLightCurves,1024,raw,2,869,0.5705766716718218
StarLightCurves,1024,raw,2,870,0.935402906356738
StarLightCurves,1024,raw,2,871,0.33598438037147116
StarLightCurves,1024,raw,2,872,0.9203813133585504
StarLightCurves,1024,raw,2,873,0.15912163755678213
StarLightCurves,1024,raw,2,874,0.9060531196712142
StarLightCurves,1024,raw,2,875,0.11955723542680612
StarLightCurves,1024,raw,2,876,0.8956499819900888
StarLightCurves,1024,raw,2,877,0.2002128102456824
StarLightCurves,1024,raw,2,878,0.8910227720256915
StarLightCurves,1024,raw,2,879,0.3576193890494868
StarLightCurves,1024,raw,2,880,0.8925691176753683
StarLightCurves,1024,raw,2,881,0.5381582362744034
StarLightCurves,1024,raw,2,882,0.9000316899061077
StarLightCurves,1024,raw,2,883,0.6954915576400368
StarLightCurves,1024,raw,2,884,0.9151282045732226
StarLightCurves,1024,raw,2,885,0.8255368299331165
StarLightCurves,1024,raw,2,886,0.9405046080670849
StarLightCurves,1024,raw,2,887,0.9223834009316121
StarLightCurves,1024,raw,2,888,0.9661032184440413
StarLightCurves,1024,raw,2,889,0.9726885601465969
StarLightCurves,1024,raw,2,890,0.9783125116408158
StarLightCurves,1024,raw,2,891,0.9830456162868835
StarLightCurves,1024,raw,2,892,0.9779992700449652
StarLightCurves,1024,raw,2,893,0.9749952484015932
StarLightCurves,1024,raw,2,894,0.9748415925289435
StarLightCurves,1024,raw,2,897,0.9430445693063293
StarLightCurves,1024,raw,2,898,0.9374969944300706
StarLightCurves,1024,raw,2,899,0.8584196313270366
StarLightCurves,1024,raw,2,900,0.9111479203513694
StarLightCurves,1024,raw,2,901,0.8311832377740275
StarLightCurves,1024,raw,2,902,0.9093964743038114
StarLightCurves,1024,raw,2,903,0.8350405424649827
StarLightCurves,1024,raw,2,904,0.9197650529879768
StarLightCurves,1024,raw,2,905,0.8553634192218861
StarLightCurves,1024,raw,2,906,0.9346004115727897
StarLightCurves,1024,raw,2,907,0.8802416379263416
StarLightCurves,1024,raw,2,908,0.9473503849257433
StarLightCurves,1024,raw,2,909,0.8958788675975835
StarLightCurves,1024,raw,2,910,0.9521485581210138
StarLightCurves,1024,raw,2,911,0.89470215199403
StarLightCurves,1024,raw,2,912,0.9457974617404161
StarLightCurves,1024,raw,2,913,0.8778756555869807
StarLightCurves,1024,raw,2,914,0.9278520179157701
StarLightCurves,1024,raw,2,915,0.8560535085253154
StarLightCurves,1024,raw,2,916,0.9040325096561094
StarLightCurves,1024,raw,2,917,0.8442221342088903
StarLightCurves,1024,raw,2,918,0.8823692273136406
StarLightCurves,1024,raw,2,919,0.8482952331046991
StarLightCurves,1024,raw,2,920,0.869284412779313
StarLightCurves,1024,raw,2,921,0.8696141768446738
StarLightCurves,1024,raw,2,922,0.8668921827014088
StarLightCurves,1024,raw,2,923,0.9001840051513271
StarLightCurves,1024,raw,2,924,0.8700467207321518
StarLightCurves,1024,raw,2,925,0.9304206756152825
StarLightCurves,1024,raw,2,926,0.8739312679903606
StarLightCurves,1024,raw,2,927,0.9457474173837321
StarLightCurves,1024,raw,2,928,0.8759364677776008
StarLightCurves,1024,raw,2,929,0.9220466180697299
StarLightCurves,1024,raw,2,930,0.8745129249652749
StarLightCurves,1024,raw,2,931,0.8323900925170253
StarLightCurves,1024,raw,2,932,0.8680328639910602
StarLightCurves,1024,raw,2,933,0.6918402577868027
StarLightCurves,1024,raw,2,934,0.8535221535070601
StarLightCurves,1024,raw,2,935,0.5721532080005725
StarLightCurves,1024,raw,2,936,0.8296337471412615
StarLightCurves,1024,raw,2,937,0.5380240226057327
StarLightCurves,1024,raw,2,938,0.8041170871582809
StarLightCurves,1024,raw,2,939,0.6023917980924752
StarLightCurves,1024,raw,2,940,0.7975442864399268
StarLightCurves,1024,raw,2,941,0.722481793282555
StarLightCurves,1024,raw,2,942,0.8301615442800743
StarLightCurves,1024,raw,2,943,0.8327624646622237
StarLightCurves,1024,raw,2,944,0.8840809345797908
StarLightCurves,1024,raw,2,945,0.8976574529340247
StarLightCurves,1024,raw,2,946,0.9241830853220335
StarLightCurves,1024,raw,2,947,0.9284835535384977
StarLightCurves,1024,raw,2,948,0.9434257222269158
StarLightCurves,1024,raw,2,949,0.9431814783980144
StarLightCurves,1024,raw,2,950,0.9515349318885079
StarLightCurves,1024,raw,2,951,0.9521255163371453
StarLightCurves,1024,raw,2,952,0.9567740173778181
StarLightCurves,1024,raw,2,953,0.9605101752709665
StarLightCurves,1024,raw,2,954,0.9635117835141274
StarLightCurves,1024,raw,2,955,0.971028795552454
StarLightCurves,1024,raw,2,956,0.9739811223590076
StarLightCurves,1024,raw,2,957,0.9842706812300291
StarLightCurves,1024,raw,2,958,0.9875325831856068
StarLightCurves,1024,raw,2,961,0.9773992520923133
StarLightCurves,1024,raw,2,962,0.9813280432573549
StarLightCurves,1024,raw,2,963,0.9692897810711335
StarLightCurves,1024,raw,2,964,0.9826257919982162
StarLightCurves,1024,raw,2,965,0.960356522736781
StarLightCurves,1024,raw,2,966,0.9836500089426483
StarLightCurves,1024,raw,2,967,0.9539920301415313
StarLightCurves,1024,raw,2,968,0.9847094839270496
StarLightCurves,1024,raw,2,969,0.9494013549787753
StarLightCurves,1024,raw,2,970,0.9857070677087741
StarLightCurves,1024,raw,2,971,0.9457497549179456
StarLightCurves,1024,raw,2,972,0.9864775674915177
StarLightCurves,1024,raw,2,973,0.942054375142588
StarLightCurves,1024,raw,2,974,0.9870624223011882
StarLightCurves,1024,raw,2,975,0.9382292705895686
StarLightCurves,1024,raw,2,976,0.9874241193911322
StarLightCurves,1024,raw,2,977,0.9320584549855938
StarLightCurves,1024,raw,2,978,0.9871721149707645
StarLightCurves,1024,raw,2,979,0.9203545345715471
StarLightCurves,1024,raw,2,980,0.9862298169905828
StarLightCurves,1024,raw,2,981,0.9037464845154421
StarLightCurves,1024,raw,2,982,0.9850317288670682
StarLightCurves,1024,raw,2,983,0.8837258001627344
StarLightCurves,1024,raw,2,984,0.984081832530128
StarLightCurves,1024,raw,2,985,0.8589554201571511
StarLightCurves,1024,raw,2,986,0.9830341961350395
StarLightCurves,1024,raw,2,987,0.8318977404538255
StarLightCurves,1024,raw,2,988,0.9820374898110121
StarLightCurves,1024,raw,2,989,0.8108727307510911
StarLightCurves,1024,raw,2,990,0.9809090351523472
StarLightCurves,1024,raw,2,991,0.8006725435230866
StarLightCurves,1024,raw,2,992,0.9798137416204101
StarLightCurves,1024,raw,2,993,0.7785108100993775
StarLightCurves,1024,raw,2,994,0.9792239180571009
StarLightCurves,1024,raw,2,995,0.7386306017263806
StarLightCurves,1024,raw,2,996,0.978905079910131
StarLightCurves,1024,raw,2,997,0.728885949529249
StarLightCurves,1024,raw,2,998,0.9785603529366578
StarLightCurves,1024,raw,2,999,0.7529944752432005
StarLightCurves,1024,raw,2,1000,0.9787481647367577
StarLightCurves,1024,raw,2,1001,0.791530067945426
StarLightCurves,1024,raw,2,1002,0.9793297365208874
StarLightCurves,1024,raw,2,1003,0.8332600520935814
StarLightCurves,1024,raw,2,1004,0.980682074344741
StarLightCurves,1024,raw,2,1005,0.8718884730982037
StarLightCurves,1024,raw,2,1006,0.9824814029665659
StarLightCurves,1024,raw,2,1007,0.9028540889773153
StarLightCurves,1024,raw,2,1008,0.9844444335486618
StarLightCurves,1024,raw,2,1009,0.9284659310139641
StarLightCurves,1024,raw,2,1010,0.987011546852315
StarLightCurves,1024,raw,2,1011,0.9495383584576355
StarLightCurves,1024,raw,2,1012,0.9891801500836442
StarLightCurves,1024,raw,2,1013,0.9619816036288623
StarLightCurves,1024,raw,2,1014,0.9902646102404075
StarLightCurves,1024,raw,2,1015,0.9676870332942347
StarLightCurves,1024,raw,2,1016,0.9900922974364442
StarLightCurves,1024,raw,2,1017,0.9680546269106657
StarLightCurves,1024,raw,2,1018,0.9884191569002089
StarLightCurves,1024,raw,2,1019,0.964408068167424
StarLightCurves,1024,raw,2,1020,0.9857771467173548
StarLightCurves,1024,raw,2,1021,0.9623177215387217
StarLightCurves,1024,raw,2,1022,0.9851046179976254
StarLightCurves,1024,raw,2,1025,0.9507977312699798
StarLightCurves,1024,raw,2,1026,0.9396929395124568
StarLightCurves,1024,raw,2,1027,0.9331495673169375
StarLightCurves,1024,raw,2,1028,0.9261701809908937
StarLightCurves,1024,raw,2,1029,0.9194761798627901
StarLightCurves,1024,raw,2,1030,0.9293367792607686
StarLightCurves,1024,raw,2,1031,0.9151102713070031
StarLightCurves,1024,raw,2,1032,0.9386734066834665
StarLightCurves,1024,raw,2,1033,0.9148620940753844
StarLightCurves,1024,raw,2,1034,0.9498117266834812
StarLightCurves,1024,raw,2,1035,0.9159533661589828
StarLightCurves,1024,raw,2,1036,0.960456823024233
StarLightCurves,1024,raw,2,1037,0.9171581812263734
StarLightCurves,1024,raw,2,1038,0.9693432034145654
StarLightCurves,1024,raw,2,1039,0.9175987113275591
StarLightCurves,1024,raw,2,1040,0.9760259249745665
StarLightCurves,1024,raw,2,1041,0.9176551345474248
StarLightCurves,1024,raw,2,1042,0.9805006747553059
StarLightCurves,1024,raw,2,1043,0.9173036545671138
StarLightCurves,1024,raw,2,1044,0.9827099380543028
StarLightCurves,1024,raw,2,1045,0.9165087715477432
StarLightCurves,1024,raw,2,1046,0.9829668317357824
StarLightCurves,1024,raw,2,1047,0.914886625273326
StarLightCurves,1024,raw,2,1048,0.9815700426776368
StarLightCurves,1024,raw,2,1049,0.9130460228381497
StarLightCurves,1024,raw,2,1050,0.9787709150485395
StarLightCurves,1024,raw,2,1051,0.9103597858642681
StarLightCurves,1024,raw,2,1052,0.9753057180528416
StarLightCurves,1024,raw,2,1053,0.9057658645578692
StarLightCurves,1024,raw,2,1054,0.9712942576524728
StarLightCurves,1024,raw,2,1055,0.8944224251504783
StarLightCurves,1024,raw,2,1056,0.967535559342142
StarLightCurves,1024,raw,2,1057,0.8534030433750572
StarLightCurves,1024,raw,2,1058,0.9641004328245766
StarLightCurves,1024,raw,2,1059,0.681622632579498
StarLightCurves,1024,raw,2,1060,0.9614946135954542
StarLightCurves,1024,raw,2,1061,0.3345427988739221
StarLightCurves,1024,raw,2,1062,0.9601234247477678
StarLightCurves,1024,raw,2,1063,0.15999608112247554
StarLightCurves,1024,raw,2,1064,0.9600476396373259
StarLightCurves,1024,raw,2,1065,0.20156439968416134
StarLightCurves,1024,raw,2,1066,0.961853052623219
StarLightCurves,1024,raw,2,1067,0.3605429926438942
StarLightCurves,1024,raw,2,1068,0.9666345855763887
StarLightCurves,1024,raw,2,1069,0.5648115492811626
StarLightCurves,1024,raw,2,1070,0.9739333302540165
StarLightCurves,1024,raw,2,1071,0.7529695627316165
StarLightCurves,1024,raw,2,1072,0.9823734919180384
StarLightCurves,1024,raw,2,1073,0.882876581476542
StarLightCurves,1024,raw,2,1074,0.9896004574557918
StarLightCurves,1024,raw,2,1075,0.951449987382548
StarLightCurves,1024,raw,2,1076,0.9936906737229108
StarLightCurves,1024,raw,2,1077,0.9796098062995713
StarLightCurves,1024,raw,2,1078,0.9949455350636963
StarLightCurves,1024,raw,2,1079,0.9880865203542896
StarLightCurves,1024,raw,2,1080,0.9943532819321634
StarLightCurves,1024,raw,2,1081,0.9877701393146776
StarLightCurves,1024,raw,2,1082,0.9934344160661259
StarLightCurves,1024,raw,2,1083,0.9853425797293768
StarLightCurves,1024,raw,2,1084,0.9936200767029015
StarLightCurves,1024,raw,2,1085,0.9842759625948477
StarLightCurves,1024,raw,2,1086,0.9952275633408523
StarLightCurves,1024,raw,3,1089,0.9688479325670123
StarLightCurves,1024,raw,3,1090,0.9977814641946599
StarLightCurves,1024,raw,3,1091,0.9585384883691659
StarLightCurves,1024,raw,3,1092,0.9982574231976823
StarLightCurves,1024,raw,3,1093,0.9539772413842507
StarLightCurves,1024,raw,3,1094,0.9985017374212569
StarLightCurves,1024,raw,3,1095,0.9422192730727983
StarLightCurves,1024,raw,3,1096,0.9984086900844303
StarLightCurves,1024,raw,3,1097,0.9136753153058871
StarLightCurves,1024,raw,3,1098,0.9982158066596187
StarLightCurves,1024,raw,3,1099,0.8661918469869905
StarLightCurves,1024,raw,3,1100,0.9979892720380493
StarLightCurves,1024,raw,3,1101,0.8110598722717709
StarLightCurves,1024,raw,3,1102,0.997861764405684
StarLightCurves,1024,raw,3,1103,0.8141662895606978
StarLightCurves,1024,raw,3,1104,0.9978629295643563
StarLightCurves,1024,raw,3,1105,0.7658941860820587
StarLightCurves,1024,raw,3,1106,0.9978439406859977
StarLightCurves,1024,raw,3,1107,0.7725485105239299
StarLightCurves,1024,raw,3,1108,0.9978595431273198
StarLightCurves,1024,raw,3,1109,0.8480765563763553
StarLightCurves,1024,raw,3,1110,0.9980297053365674
StarLightCurves,1024,raw,3,1111,0.9161844359121639
StarLightCurves,1024,raw,3,1112,0.9983463696643474
StarLightCurves,1024,raw,3,1113,0.9560586800574322
StarLightCurves,1024,raw,3,1114,0.9985291666867646
StarLightCurves,1024,raw,3,1115,0.9689359568298761
StarLightCurves,1024,raw,3,1116,0.9983575266314562
StarLightCurves,1024,raw,3,1117,0.9713423951581239
StarLightCurves,1024,raw,3,1118,0.9975257594656155
StarLightCurves,1024,raw,3,1121,0.9832228129409915
StarLightCurves,1024,raw,3,1122,0.9873373797906138
StarLightCurves,1024,raw,3,1123,0.9644514545156195
StarLightCurves,1024,raw,3,1124,0.9846367649379261
StarLightCurves,1024,raw,3,1125,0.9568200700210833
StarLightCurves,1024,raw,3,1126,0.9826252091421813
StarLightCurves,1024,raw,3,1127,0.9536024900193897
StarLightCurves,1024,raw,3,1128,0.9805578726292636
StarLightCurves,1024,raw,3,1129,0.9526923046489285
StarLightCurves,1024,raw,3,1130,0.9780430539868327
StarLightCurves,1024,raw,3,1131,0.9526862776554881
StarLightCurves,1024,raw,3,1132,0.9740942892735406
StarLightCurves,1024,raw,3,1133,0.9499194590303714
StarLightCurves,1024,raw,3,1134,0.9662725513194299
StarLightCurves,1024,raw,3,1135,0.9345956607882585
StarLightCurves,1024,raw,3,1136,0.9497370297247133
StarLightCurves,1024,raw,3,1137,0.6562259878177616
StarLightCurves,1024,raw,3,1138,0.9166169425138978
StarLightCurves,1024,raw,3,1139,0.10446391688328636
StarLightCurves,1024,raw,3,1140,0.8700198451797531
StarLightCurves,1024,raw,3,1141,0.517889725659723
StarLightCurves,1024,raw,3,1142,0.8730410252178967
StarLightCurves,1024,raw,3,1143,0.8614415032205957
StarLightCurves,1024,raw,3,1144,0.9485356907362399
StarLightCurves,1024,raw,3,1145,0.9752123927959955
StarLightCurves,1024,raw,3,1146,0.9849691988205667
StarLightCurves,1024,raw,3,1147,0.9944506785932572
StarLightCurves,1024,raw,3,1148,0.9840306054985765
StarLightCurves,1024,raw,3,1149,0.9897471714321209
StarLightCurves,1024,raw,3,1150,0.9843416060122704
StarLightCurves,1024,raw,3,1153,0.9387189980692621
StarLightCurves,1024,raw,3,1154,0.9594159271714335
StarLightCurves,1024,raw,3,1155,0.8921299878411656
StarLightCurves,1024,raw,3,1156,0.9583001833921485
StarLightCurves,1024,raw,3,1157,0.8934817290604021
StarLightCurves,1024,raw,3,1158,0.9672989191724425
StarLightCurves,1024,raw,3,1159,0.9088002994211483
StarLightCurves,1024,raw,3,1160,0.976224184785657
StarLightCurves,1024,raw,3,1161,0.9223351460238026
StarLightCurves,1024,raw,3,1162,0.977963562120304
StarLightCurves,1024,raw,3,1163,0.9240048169579906
StarLightCurves,1024,raw,3,1164,0.9666100733940746
StarLightCurves,1024,raw,3,1165,0.9191705398749489
StarLightCurves,1024,raw,3,1166,0.938309902384388
StarLightCurves,1024,raw,3,1167,0.9287219339930586
StarLightCurves,1024,raw,3,1168,0.8931146527577697
StarLightCurves,1024,raw,3,1169,0.8568833224282596
StarLightCurves,1024,raw,3,1170,0.8400459242203161
StarLightCurves,1024,raw,3,1171,0.6151368007467996
StarLightCurves,1024,raw,3,1172,0.8062795546705495
StarLightCurves,1024,raw,3,1173,0.6634056261147707
StarLightCurves,1024,raw,3,1174,0.8375037971925542
StarLightCurves,1024,raw,3,1175,0.8516307016719091
StarLightCurves,1024,raw,3,1176,0.9230794588457137
StarLightCurves,1024,raw,3,1177,0.9590328524842531
StarLightCurves,1024,raw,3,1178,0.9692645142979528
StarLightCurves,1024,raw,3,1179,0.9726144583533686
StarLightCurves,1024,raw,3,1180,0.9675750895649466
StarLightCurves,1024,raw,3,1181,0.9660438830512081
StarLightCurves,1024,raw,3,1182,0.963975013963045
StarLightCurves,1024,raw,3,1185,0.9708656748577847
StarLightCurves,1024,raw,3,1186,0.9954140327846365
StarLightCurves,1024,raw,3,1187,0.9595013148482707
StarLightCurves,1024,raw,3,1188,0.9967327437162073
StarLightCurves,1024,raw,3,1189,0.9581357113451633
StarLightCurves,1024,raw,3,1190,0.9973342883032146
StarLightCurves,1024,raw,3,1191,0.955192074096949
StarLightCurves,1024,raw,3,1192,0.9974884284756556
StarLightCurves,1024,raw,3,1193,0.9430142866243226
StarLightCurves,1024,raw,3,1194,0.9972727647125381
StarLightCurves,1024,raw,3,1195,0.9143081221990724
StarLightCurves,1024,raw,3,1196,0.9968749359771713
StarLightCurves,1024,raw,3,1197,0.8721929870069993
StarLightCurves,1024,raw,3,1198,0.9963942902396357
StarLightCurves,1024,raw,3,1199,0.8639694023852963
StarLightCurves,1024,raw,3,1200,0.9959410685493767
StarLightCurves,1024,raw,3,1201,0.7860528025024449
StarLightCurves,1024,raw,3,1202,0.9960110005785706
StarLightCurves,1024,raw,3,1203,0.7931641614383139
StarLightCurves,1024,raw,3,1204,0.9964656452967479
StarLightCurves,1024,raw,3,1205,0.878619816485761
StarLightCurves,1024,raw,3,1206,0.9969961162797042
StarLightCurves,1024,raw,3,1207,0.9387235787904172
StarLightCurves,1024,raw,3,1208,0.9974670155342028
StarLightCurves,1024,raw,3,1209,0.9681855969798799
StarLightCurves,1024,raw,3,1210,0.9977402260875358
StarLightCurves,1024,raw,3,1211,0.9758270958948172
StarLightCurves,1024,raw,3,1212,0.9973498911258659
StarLightCurves,1024,raw,3,1213,0.9726049723206629
StarLightCurves,1024,raw,3,1214,0.996274538412809
StarLightCurves,1024,raw,3,1217,0.9666191692679877
StarLightCurves,1024,raw,3,1218,0.9891470639719349
StarLightCurves,1024,raw,3,1219,0.9569031052795498
StarLightCurves,1024,raw,3,1220,0.9926901655995978
StarLightCurves,1024,raw,3,1221,0.9552226903933568
StarLightCurves,1024,raw,3,1222,0.9942523511857044
StarLightCurves,1024,raw,3,1223,0.9489288438366681
StarLightCurves,1024,raw,3,1224,0.9941014661095039
StarLightCurves,1024,raw,3,1225,0.9327594921622292
StarLightCurves,1024,raw,3,1226,0.9927196196393432
StarLightCurves,1024,raw,3,1227,0.9029732077498566
StarLightCurves,1024,raw,3,1228,0.9910834639695957
StarLightCurves,1024,raw,3,1229,0.8652007979889321
StarLightCurves,1024,raw,3,1230,0.9902466829271626
StarLightCurves,1024,raw,3,1231,0.8474508169649281
StarLightCurves,1024,raw,3,1232,0.990218734119662
StarLightCurves,1024,raw,3,1233,0.7279862341740501
StarLightCurves,1024,raw,3,1234,0.990137738636802
StarLightCurves,1024,raw,3,1235,0.7222916195402168
StarLightCurves,1024,raw,3,1236,0.9905486623546993
StarLightCurves,1024,raw,3,1237,0.8378388606472994
StarLightCurves,1024,raw,3,1238,0.9920907611054445
StarLightCurves,1024,raw,3,1239,0.9237691172197273
StarLightCurves,1024,raw,3,1240,0.9943119140573345
StarLightCurves,1024,raw,3,1241,0.9655942314103954
StarLightCurves,1024,raw,3,1242,0.995415890069054
StarLightCurves,1024,raw,3,1243,0.9763251639680337
StarLightCurves,1024,raw,3,1244,0.9952827928476312
StarLightCurves,1024,raw,3,1245,0.9760113370831505
StarLightCurves,1024,raw,3,1246,0.9932745734791334
StarLightCurves,1024,raw,3,1249,0.977124392816801
StarLightCurves,1024,raw,3,1250,0.9332077498483164
StarLightCurves,1024,raw,3,1251,0.9599266073487854
StarLightCurves,1024,raw,3,1252,0.9579316928110468
StarLightCurves,1024,raw,3,1253,0.9535788292612085
StarLightCurves,1024,raw,3,1254,0.9758533978363463
StarLightCurves,1024,raw,3,1255,0.9505152416203271
StarLightCurves,1024,raw,3,1256,0.9846186843227179
StarLightCurves,1024,raw,3,1257,0.948433925103342
StarLightCurves,1024,raw,3,1258,0.9867769937541601
StarLightCurves,1024,raw,3,1259,0.9446805821864385
StarLightCurves,1024,raw,3,1260,0.9848579593780659
StarLightCurves,1024,raw,3,1261,0.9351945352595898
StarLightCurves,1024,raw,3,1262,0.9812656371184914
StarLightCurves,1024,raw,3,1263,0.9099548130590317
StarLightCurves,1024,raw,3,1264,0.977929836699056
StarLightCurves,1024,raw,3,1265,0.6314735594942623
StarLightCurves,1024,raw,3,1266,0.9764793244219088
StarLightCurves,1024,raw,3,1267,0.3395578689249464
StarLightCurves,1024,raw,3,1268,0.9787637077054797
StarLightCurves,1024,raw,3,1269,0.6507513161287769
StarLightCurves,1024,raw,3,1270,0.9854885565178092
StarLightCurves,1024,raw,3,1271,0.8863731903636118
StarLightCurves,1024,raw,3,1272,0.993018134025347
StarLightCurves,1024,raw,3,1273,0.9734093548317337
StarLightCurves,1024,raw,3,1274,0.9966589659405056
StarLightCurves,1024,raw,3,1275,0.9906136104437085
StarLightCurves,1024,raw,3,1276,0.9964827597172295
StarLightCurves,1024,raw,3,1277,0.9864225154205536
StarLightCurves,1024,raw,3,1278,0.995754478769115
StarLightCurves,1024,raw,3,1281,0.9737879957781658
StarLightCurves,1024,raw,3,1282,0.9461275050266075
StarLightCurves,1024,raw,3,1283,0.9552696977135127
StarLightCurves,1024,raw,3,1284,0.9630330815163186
StarLightCurves,1024,raw,3,1285,0.9485842071308929
StarLightCurves,1024,raw,3,1286,0.9768494821893431
StarLightCurves,1024,raw,3,1287,0.9446000132139104
StarLightCurves,1024,raw,3,1288,0.9834288411923795
StarLightCurves,1024,raw,3,1289,0.9403805437332741
StarLightCurves,1024,raw,3,1290,0.9837082804709983
StarLightCurves,1024,raw,3,1291,0.9352423162173281
StarLightCurves,1024,raw,3,1292,0.9803541445066789
StarLightCurves,1024,raw,3,1293,0.9260739415253483
StarLightCurves,1024,raw,3,1294,0.97564556945109
StarLightCurves,1024,raw,3,1295,0.9019041955596208
StarLightCurves,1024,raw,3,1296,0.9711537608512202
StarLightCurves,1024,raw,3,1297,0.6587555568362558
StarLightCurves,1024,raw,3,1298,0.9685195390486181
StarLightCurves,1024,raw,3,1299,0.35790802520479686
StarLightCurves,1024,raw,3,1300,0.970281305954029
StarLightCurves,1024,raw,3,1301,0.6319909799393005
StarLightCurves,1024,raw,3,1302,0.978424521935124
StarLightCurves,1024,raw,3,1303,0.8671093862501517
StarLightCurves,1024,raw,3,1304,0.9886773446344159
StarLightCurves,1024,raw,3,1305,0.9667959638606753
StarLightCurves,1024,raw,3,1306,0.994659321632428
StarLightCurves,1024,raw,3,1307,0.9897313822072292
StarLightCurves,1024,raw,3,1308,0.9948091415373466
StarLightCurves,1024,raw,3,1309,0.9849837648309027
StarLightCurves,1024,raw,3,1310,0.9932923915899798
StarLightCurves,1024,raw,3,1313,0.9623754605639355
StarLightCurves,1024,raw,3,1314,0.9946418764733668
StarLightCurves,1024,raw,3,1315,0.9510948393972636
StarLightCurves,1024,raw,3,1316,0.9961958162939427
StarLightCurves,1024,raw,3,1317,0.9466577931332666
StarLightCurves,1024,raw,3,1318,0.9968792975611326
StarLightCurves,1024,raw,3,1319,0.9376675088408012
StarLightCurves,1024,raw,3,1320,0.9969441919578705
StarLightCurves,1024,raw,3,1321,0.9212134738814369
StarLightCurves,1024,raw,3,1322,0.9965699676470119
StarLightCurves,1024,raw,3,1323,0.8899156566208052
StarLightCurves,1024,raw,3,1324,0.995866750054248
StarLightCurves,1024,raw,3,1325,0.8514170340447932
StarLightCurves,1024,raw,3,1326,0.9952744494238398
StarLightCurves,1024,raw,3,1327,0.8295908932025103
StarLightCurves,1024,raw,3,1328,0.9949927177438327
StarLightCurves,1024,raw,3,1329,0.7003144858297781
StarLightCurves,1024,raw,3,1330,0.9950376580818628
StarLightCurves,1024,raw,3,1331,0.6894699814157951
StarLightCurves,1024,raw,3,1332,0.9952860537895434
StarLightCurves,1024,raw,3,1333,0.8171423589830319
StarLightCurves,1024,raw,3,1334,0.9958145693767846
StarLightCurves,1024,raw,3,1335,0.9146353204589311
StarLightCurves,1024,raw,3,1336,0.9964181603991779
StarLightCurves,1024,raw,3,1337,0.9581930990142262
StarLightCurves,1024,raw,3,1338,0.9968319725312021
StarLightCurves,1024,raw,3,1339,0.9739905831433135
StarLightCurves,1024,raw,3,1340,0.9970008386230274
StarLightCurves,1024,raw,3,1341,0.9764489677861967
StarLightCurves,1024,raw,3,1342,0.9955108053027554
StarLightCurves,1024,raw,3,1345,0.9695119843191787
StarLightCurves,1024,raw,3,1346,0.9971614842210861
StarLightCurves,1024,raw,3,1347,0.9531611831117982
StarLightCurves,1024,raw,3,1348,0.9974827038849718
StarLightCurves,1024,raw,3,1349,0.9410932766490143
StarLightCurves,1024,raw,3,1350,0.9977805053725418
StarLightCurves,1024,raw,3,1351,0.9295762763713302
StarLightCurves,1024,raw,3,1352,0.9979616747396177
StarLightCurves,1024,raw,3,1353,0.911332949623434
StarLightCurves,1024,raw,3,1354,0.9979927322685506
StarLightCurves,1024,raw,3,1355,0.8816109247518629
StarLightCurves,1024,raw,3,1356,0.9977721137876403
StarLightCurves,1024,raw,3,1357,0.8396943839689421
StarLightCurves,1024,raw,3,1358,0.9974310365154522
StarLightCurves,1024,raw,3,1359,0.8157638519611167
StarLightCurves,1024,raw,3,1360,0.9970554056222624
StarLightCurves,1024,raw,3,1361,0.7527935903365055
StarLightCurves,1024,raw,3,1362,0.9967404752868599
StarLightCurves,1024,raw,3,1363,0.6800284734842722
StarLightCurves,1024,raw,3,1364,0.9965786939692435
StarLightCurves,1024,raw,3,1365,0.7595955662568687
StarLightCurves,1024,raw,3,1366,0.9967568941567528
StarLightCurves,1024,raw,3,1367,0.8684094124036131
StarLightCurves,1024,raw,3,1368,0.99720698115841
StarLightCurves,1024,raw,3,1369,0.9399866554025158
StarLightCurves,1024,raw,3,1370,0.9976682418817959
StarLightCurves,1024,raw,3,1371,0.9737525528346366
StarLightCurves,1024,raw,3,1372,0.9973889718252018
StarLightCurves,1024,raw,3,1373,0.9775722226477574
StarLightCurves,1024,raw,3,1374,0.9953729560122903
StarLightCurves,1024,raw,3,1377,0.9769716623849082
StarLightCurves,1024,raw,3,1378,0.9700033669493814
StarLightCurves,1024,raw,3,1379,0.9825891087573461
StarLightCurves,1024,raw,3,1380,0.9825464430276062
StarLightCurves,1024,raw,3,1381,0.9886055807960493
StarLightCurves,1024,raw,3,1382,0.9808371296696544
StarLightCurves,1024,raw,3,1383,0.986993047204453
StarLightCurves,1024,raw,3,1384,0.9607782960284018
StarLightCurves,1024,raw,3,1385,0.9788066314354961
StarLightCurves,1024,raw,3,1386,0.9318823591474192
StarLightCurves,1024,raw,3,1387,0.966999347770824
StarLightCurves,1024,raw,3,1388,0.9149580556664139
StarLightCurves,1024,raw,3,1389,0.9546985635102451
StarLightCurves,1024,raw,3,1390,0.9298666498737111
StarLightCurves,1024,raw,3,1391,0.9517166861102588
StarLightCurves,1024,raw,3,1392,0.9630722254360334
StarLightCurves,1024,raw,3,1393,0.763544849403958
StarLightCurves,1024,raw,3,1394,0.9872401057719318
StarLightCurves,1024,raw,3,1395,0.943879451231843
StarLightCurves,1024,raw,3,1396,0.9954443923591536
StarLightCurves,1024,raw,3,1397,0.9838406534616968
StarLightCurves,1024,raw,3,1398,0.9952710697569501
StarLightCurves,1024,raw,3,1399,0.9890452611441777
StarLightCurves,1024,raw,3,1400,0.9933663113492859
StarLightCurves,1024,raw,3,1401,0.9892948618123771
StarLightCurves,1024,raw,3,1402,0.9929611396898034
StarLightCurves,1024,raw,3,1403,0.9904012995814238
StarLightCurves,1024,raw,3,1404,0.9949813617106793
StarLightCurves,1024,raw,3,1405,0.9941360932919209
StarLightCurves,1024,raw,3,1406,0.9984301012678861
StarLightCurves,1024,raw,3,1409,0.9673150233320921
StarLightCurves,1024,raw,3,1410,0.9953292121375176
StarLightCurves,1024,raw,3,1411,0.9558065965986432
StarLightCurves,1024,raw,3,1412,0.9958332716907853
StarLightCurves,1024,raw,3,1413,0.9585946616164294
StarLightCurves,1024,raw,3,1414,0.9959298032120764
StarLightCurves,1024,raw,3,1415,0.9613840297497641
StarLightCurves,1024,raw,3,1416,0.9958317429895971
StarLightCurves,1024,raw,3,1417,0.9582867039379379
StarLightCurves,1024,raw,3,1418,0.9956142806107509
StarLightCurves,1024,raw,3,1419,0.9443179585425732
StarLightCurves,1024,raw,3,1420,0.9952515156902244
StarLightCurves,1024,raw,3,1421,0.919419521173089
StarLightCurves,1024,raw,3,1422,0.994790581342376
StarLightCurves,1024,raw,3,1423,0.8993714820226496
StarLightCurves,1024,raw,3,1424,0.9942259789858656
StarLightCurves,1024,raw,3,1425,0.7826380243756283
StarLightCurves,1024,raw,3,1426,0.9938333955481115
StarLightCurves,1024,raw,3,1427,0.7775193166934602
StarLightCurves,1024,raw,3,1428,0.9936685339363156
StarLightCurves,1024,raw,3,1429,0.8846787723854396
StarLightCurves,1024,raw,3,1430,0.9935724702117839
StarLightCurves,1024,raw,3,1431,0.9521775186599472
StarLightCurves,1024,raw,3,1432,0.9934342576833027
StarLightCurves,1024,raw,3,1433,0.9800220922544425
StarLightCurves,1024,raw,3,1434,0.9931436991683847
StarLightCurves,1024,raw,3,1435,0.9844912285191091
StarLightCurves,1024,raw,3,1436,0.9923616455048189
StarLightCurves,1024,raw,3,1437,0.977439240947034
StarLightCurves,1024,raw,3,1438,0.9875592871890532
StarLightCurves,1024,raw,3,1441,0.9742449944905038
StarLightCurves,1024,raw,3,1442,0.9937269771838331
StarLightCurves,1024,raw,3,1443,0.9653395982084811
StarLightCurves,1024,raw,3,1444,0.9955379811884396
StarLightCurves,1024,raw,3,1445,0.9633880035565631
StarLightCurves,1024,raw,3,1446,0.996375341323262
StarLightCurves,1024,raw,3,1447,0.9577789504794154
StarLightCurves,1024,raw,3,1448,0.9963763852990902
StarLightCurves,1024,raw,3,1449,0.9403639773755209
StarLightCurves,1024,raw,3,1450,0.9958479579660046
StarLightCurves,1024,raw,3,1451,0.9023002535156461
StarLightCurves,1024,raw,3,1452,0.9952115454691339
StarLightCurves,1024,raw,3,1453,0.8487898000354028
StarLightCurves,1024,raw,3,1454,0.9946161129627308
StarLightCurves,1024,raw,3,1455,0.8421505448250468
StarLightCurves,1024,raw,3,1456,0.9942802731950935
StarLightCurves,1024,raw,3,1457,0.7704262889139614
StarLightCurves,1024,raw,3,1458,0.99443914693649
StarLightCurves,1024,raw,3,1459,0.8011398005244356
StarLightCurves,1024,raw,3,1460,0.9950842629716066
StarLightCurves,1024,raw,3,1461,0.8886606112817607
StarLightCurves,1024,raw,3,1462,0.9958982980673791
StarLightCurves,1024,raw,3,1463,0.9423890112119269
StarLightCurves,1024,raw,3,1464,0.9966223049761799
StarLightCurves,1024,raw,3,1465,0.9664240750905574
StarLightCurves,1024,raw,3,1466,0.997013022671469
StarLightCurves,1024,raw,3,1467,0.975480124860802
StarLightCurves,1024,raw,3,1468,0.9968903993132492
StarLightCurves,1024,raw,3,1469,0.9752596643474111
StarLightCurves,1024,raw,3,1470,0.9951874864905478
StarLightCurves,1024,raw,3,1473,0.963768738173299
StarLightCurves,1024,raw,3,1474,0.9839354647667665
StarLightCurves,1024,raw,3,1475,0.9462857321984922
StarLightCurves,1024,raw,3,1476,0.9885133655641023
StarLightCurves,1024,raw,3,1477,0.9402403063723361
StarLightCurves,1024,raw,3,1478,0.991614534735762
StarLightCurves,1024,raw,3,1479,0.9367208208112017
StarLightCurves,1024,raw,3,1480,0.9929653083006549
StarLightCurves,1024,raw,3,1481,0.9287903729257345
StarLightCurves,1024,raw,3,1482,0.992537926383108
StarLightCurves,1024,raw,3,1483,0.9084753227288287
StarLightCurves,1024,raw,3,1484,0.9908271997130066
StarLightCurves,1024,raw,3,1485,0.8786396955473296
StarLightCurves,1024,raw,3,1486,0.9886493998740608
StarLightCurves,1024,raw,3,1487,0.8405701607372762
StarLightCurves,1024,raw,3,1488,0.9870398024856534
StarLightCurves,1024,raw,3,1489,0.6639202249978917
StarLightCurves,1024,raw,3,1490,0.9873922134072679
StarLightCurves,1024,raw,3,1491,0.6006017169603801
StarLightCurves,1024,raw,3,1492,0.9892359367385911
StarLightCurves,1024,raw,3,1493,0.7832371455191662
StarLightCurves,1024,raw,3,1494,0.99126453616285
StarLightCurves,1024,raw,3,1495,0.9032728234575985
StarLightCurves,1024,raw,3,1496,0.993076118300735
StarLightCurves,1024,raw,3,1497,0.9568176025948677
StarLightCurves,1024,raw,3,1498,0.9951832485780207
StarLightCurves,1024,raw,3,1499,0.9791677456855047
StarLightCurves,1024,raw,3,1500,0.9962552894951329
StarLightCurves,1024,raw,3,1501,0.9792229102538086
StarLightCurves,1024,raw,3,1502,0.9937228541971942
StarLightCurves,1024,raw,3,1505,0.9786191815741759
StarLightCurves,1024,raw,3,1506,0.979099406602121
StarLightCurves,1024,raw,3,1507,0.9760970882016092
StarLightCurves,1024,raw,3,1508,0.9916149703228876
StarLightCurves,1024,raw,3,1509,0.9794351687925339
StarLightCurves,1024,raw,3,1510,0.9954592442753469
StarLightCurves,1024,raw,3,1511,0.9809861086047872
StarLightCurves,1024,raw,3,1512,0.9951140223508675
StarLightCurves,1024,raw,3,1513,0.9780396339768672
StarLightCurves,1024,raw,3,1514,0.9933630633040192
StarLightCurves,1024,raw,3,1515,0.968508552954917
StarLightCurves,1024,raw,3,1516,0.9920826452502782
StarLightCurves,1024,raw,3,1517,0.9475750893905683
StarLightCurves,1024,raw,3,1518,0.9922988570261357
StarLightCurves,1024,raw,3,1519,0.9270929399934437
StarLightCurves,1024,raw,3,1520,0.9937875678859767
StarLightCurves,1024,raw,3,1521,0.6666143366402004
StarLightCurves,1024,raw,3,1522,0.9956295823233379
StarLightCurves,1024,raw,3,1523,0.8429101914812342
StarLightCurves,1024,raw,3,1524,0.9970745265104467
StarLightCurves,1024,raw,3,1525,0.9509852516583599
StarLightCurves,1024,raw,3,1526,0.9977452117258959
StarLightCurves,1024,raw,3,1527,0.9814472064188507
StarLightCurves,1024,raw,3,1528,0.9978176638813648
StarLightCurves,1024,raw,3,1529,0.9893324665818692
StarLightCurves,1024,raw,3,1530,0.9978942921843178
StarLightCurves,1024,raw,3,1531,0.9905081177250278
StarLightCurves,1024,raw,3,1532,0.9983480711582463
StarLightCurves,1024,raw,3,1533,0.9899567170126825
StarLightCurves,1024,raw,3,1534,0.9982231211646231
StarLightCurves,1024,raw,3,1537,0.9627764933599733
StarLightCurves,1024,raw,3,1538,0.9901350212503619
StarLightCurves,1024,raw,3,1539,0.9504317201641967
StarLightCurves,1024,raw,3,1540,0.9933656537879689
StarLightCurves,1024,raw,3,1541,0.947538803124433
StarLightCurves,1024,raw,3,1542,0.9949205928683447
StarLightCurves,1024,raw,3,1543,0.9425882117914003
StarLightCurves,1024,raw,3,1544,0.9950518895127876
StarLightCurves,1024,raw,3,1545,0.9315559275807086
StarLightCurves,1024,raw,3,1546,0.9941457784323838
StarLightCurves,1024,raw,3,1547,0.9095783434655695
StarLightCurves,1024,raw,3,1548,0.9927300521785372
StarLightCurves,1024,raw,3,1549,0.876285497183412
StarLightCurves,1024,raw,3,1550,0.9915394718647637
StarLightCurves,1024,raw,3,1551,0.8325262461858528
StarLightCurves,1024,raw,3,1552,0.9912339988764819
StarLightCurves,1024,raw,3,1553,0.680411564805902
StarLightCurves,1024,raw,3,1554,0.9916302961341666
StarLightCurves,1024,raw,3,1555,0.673551654791957
StarLightCurves,1024,raw,3,1556,0.9920215703735402
StarLightCurves,1024,raw,3,1557,0.8197432689137409
StarLightCurves,1024,raw,3,1558,0.9927017508423958
StarLightCurves,1024,raw,3,1559,0.913777443016389
StarLightCurves,1024,raw,3,1560,0.993715555128286
StarLightCurves,1024,raw,3,1561,0.9604798909538164
StarLightCurves,1024,raw,3,1562,0.9951365864480248
StarLightCurves,1024,raw,3,1563,0.9798275254494886
StarLightCurves,1024,raw,3,1564,0.9957076586915256
StarLightCurves,1024,raw,3,1565,0.9782875927635357
StarLightCurves,1024,raw,3,1566,0.9924988637404499
StarLightCurves,1024,raw,4,1569,0.9726093408863095
StarLightCurves,1024,raw,4,1570,0.999472828181579
StarLightCurves,1024,raw,4,1571,0.9757628626047972
StarLightCurves,1024,raw,4,1572,0.9995215859592584
StarLightCurves,1024,raw,4,1573,0.9574054721180565
StarLightCurves,1024,raw,4,1574,0.9993302803506274
StarLightCurves,1024,raw,4,1575,0.9117684067709825
StarLightCurves,1024,raw,4,1576,0.9992452526326482
StarLightCurves,1024,raw,4,1577,0.8581538216498601
StarLightCurves,1024,raw,4,1578,0.9994417800181826
StarLightCurves,1024,raw,4,1579,0.970316123593071
StarLightCurves,1024,raw,4,1580,0.9995983896932892
StarLightCurves,1024,raw,4,1581,0.9818749684817114
StarLightCurves,1024,raw,4,1582,0.9992170550698042
StarLightCurves,1024,raw,4,1585,0.9755436809589256
StarLightCurves,1024,raw,4,1586,0.9996038284573359
StarLightCurves,1024,raw,4,1587,0.9809296984789483
StarLightCurves,1024,raw,4,1588,0.9995333467498236
StarLightCurves,1024,raw,4,1589,0.9463793872849148
StarLightCurves,1024,raw,4,1590,0.9994002967555348
StarLightCurves,1024,raw,4,1591,0.8935470067997227
StarLightCurves,1024,raw,4,1592,0.9993870723297188
StarLightCurves,1024,raw,4,1593,0.8954684550718024
StarLightCurves,1024,raw,4,1594,0.9994443146549467
StarLightCurves,1024,raw,4,1595,0.9714470028272031
StarLightCurves,1024,raw,4,1596,0.9996120795895352
StarLightCurves,1024,raw,4,1597,0.9809455940916092
StarLightCurves,1024,raw,4,1598,0.9992328731963758
StarLightCurves,1024,raw,4,1601,0.9717583117467378
StarLightCurves,1024,raw,4,1602,0.9990307471712095
StarLightCurves,1024,raw,4,1603,0.971404297296707
StarLightCurves,1024,raw,4,1604,0.9993540339076107
StarLightCurves,1024,raw,4,1605,0.9637030700053515
StarLightCurves,1024,raw,4,1606,0.9990680096960527
StarLightCurves,1024,raw,4,1607,0.9399599870730734
StarLightCurves,1024,raw,4,1608,0.9987757085151749
StarLightCurves,1024,raw,4,1609,0.7434203076256547
StarLightCurves,1024,raw,4,1610,0.9989522887441834
StarLightCurves,1024,raw,4,1611,0.9489858548045758
StarLightCurves,1024,raw,4,1612,0.999346271738805
StarLightCurves,1024,raw,4,1613,0.9896894965526329
StarLightCurves,1024,raw,4,1614,0.998688631246833
StarLightCurves,1024,raw,4,1617,0.9869884269958228
StarLightCurves,1024,raw,4,1618,0.9909667928837074
StarLightCurves,1024,raw,4,1619,0.9938816794123713
StarLightCurves,1024,raw,4,1620,0.985128297983133
StarLightCurves,1024,raw,4,1621,0.9928544889993111
StarLightCurves,1024,raw,4,1622,0.9712575065703796
StarLightCurves,1024,raw,4,1623,0.9613041741408138
StarLightCurves,1024,raw,4,1624,0.9822364938791552
StarLightCurves,1024,raw,4,1625,0.9054900516765962
StarLightCurves,1024,raw,4,1626,0.9948388600217192
StarLightCurves,1024,raw,4,1627,0.9950441616791724
StarLightCurves,1024,raw,4,1628,0.9951322652537643
StarLightCurves,1024,raw,4,1629,0.9940998896493947
StarLightCurves,1024,raw,4,1630,0.996479824009619
StarLightCurves,1024,raw,4,1633,0.9810677183501261
StarLightCurves,1024,raw,4,1634,0.9886877950777819
StarLightCurves,1024,raw,4,1635,0.9922092768759003
StarLightCurves,1024,raw,4,1636,0.985485822280295
StarLightCurves,1024,raw,4,1637,0.9891903147848037
StarLightCurves,1024,raw,4,1638,0.9681818128305113
StarLightCurves,1024,raw,4,1639,0.9632694524990698
StarLightCurves,1024,raw,4,1640,0.9776913889765089
StarLightCurves,1024,raw,4,1641,0.8877320327825555
StarLightCurves,1024,raw,4,1642,0.9933908638887798
StarLightCurves,1024,raw,4,1643,0.9934503343208944
StarLightCurves,1024,raw,4,1644,0.9942982260829298
StarLightCurves,1024,raw,4,1645,0.9913581866982724
StarLightCurves,1024,raw,4,1646,0.9948794586133842
StarLightCurves,1024,raw,4,1649,0.9855507075507481
StarLightCurves,1024,raw,4,1650,0.9988974545197262
StarLightCurves,1024,raw,4,1651,0.9893158378893776
StarLightCurves,1024,raw,4,1652,0.9990434734663562
StarLightCurves,1024,raw,4,1653,0.9815242641859108
StarLightCurves,1024,raw,4,1654,0.9987858194354722
StarLightCurves,1024,raw,4,1655,0.9431865612328825
StarLightCurves,1024,raw,4,1656,0.9983852399303196
StarLightCurves,1024,raw,4,1657,0.9032791294089966
StarLightCurves,1024,raw,4,1658,0.9981228243250734
StarLightCurves,1024,raw,4,1659,0.9858066431997572
StarLightCurves,1024,raw,4,1660,0.9983800716090624
StarLightCurves,1024,raw,4,1661,0.992717569717285
StarLightCurves,1024,raw,4,1662,0.9972211437626447
StarLightCurves,1024,raw,4,1665,0.9787942060309116
StarLightCurves,1024,raw,4,1666,0.9994564270841726
StarLightCurves,1024,raw,4,1667,0.9837947961508945
StarLightCurves,1024,raw,4,1668,0.9995425085069104
StarLightCurves,1024,raw,4,1669,0.9692208593427519
StarLightCurves,1024,raw,4,1670,0.999402868041723
StarLightCurves,1024,raw,4,1671,0.9308568902922046
StarLightCurves,1024,raw,4,1672,0.9993432301764378
StarLightCurves,1024,raw,4,1673,0.8812686120996907
StarLightCurves,1024,raw,4,1674,0.999443318389773
StarLightCurves,1024,raw,4,1675,0.9782551380076183
StarLightCurves,1024,raw,4,1676,0.9995975486701376
StarLightCurves,1024,raw,4,1677,0.9887821922307766
StarLightCurves,1024,raw,4,1678,0.9993258718095746
StarLightCurves,1024,raw,4,1681,0.9787406863614977
StarLightCurves,1024,raw,4,1682,0.9993361665137059
StarLightCurves,1024,raw,4,1683,0.9823711370865521
StarLightCurves,1024,raw,4,1684,0.9994568121178258
StarLightCurves,1024,raw,4,1685,0.961034361930831
StarLightCurves,1024,raw,4,1686,0.9992464698160577
StarLightCurves,1024,raw,4,1687,0.9165013486203678
StarLightCurves,1024,raw,4,1688,0.9991362876118033
StarLightCurves,1024,raw,4,1689,0.8861726965728329
StarLightCurves,1024,raw,4,1690,0.9993398228108322
StarLightCurves,1024,raw,4,1691,0.9772386632776634
StarLightCurves,1024,raw,4,1692,0.9995793348896611
StarLightCurves,1024,raw,4,1693,0.9853475255225823
StarLightCurves,1024,raw,4,1694,0.9991480326491352
StarLightCurves,1024,raw,4,1697,0.9765314673068608
StarLightCurves,1024,raw,4,1698,0.9986484925688822
StarLightCurves,1024,raw,4,1699,0.9806614685582004
StarLightCurves,1024,raw,4,1700,0.9987981387034464
StarLightCurves,1024,raw,4,1701,0.9609202352034455
StarLightCurves,1024,raw,4,1702,0.9983679184456583
StarLightCurves,1024,raw,4,1703,0.9150568073607198
StarLightCurves,1024,raw,4,1704,0.9983199985275543
StarLightCurves,1024,raw,4,1705,0.8765752766861632
StarLightCurves,1024,raw,4,1706,0.9985607456744608
StarLightCurves,1024,raw,4,1707,0.971190220243369
StarLightCurves,1024,raw,4,1708,0.9990902818559925
StarLightCurves,1024,raw,4,1709,0.9860754357406754
StarLightCurves,1024,raw,4,1710,0.9984083854739737
StarLightCurves,1024,raw,4,1713,0.9766685814170594
StarLightCurves,1024,raw,4,1714,0.9981139703230049
StarLightCurves,1024,raw,4,1715,0.9811921166590304
StarLightCurves,1024,raw,4,1716,0.998246941433564
StarLightCurves,1024,raw,4,1717,0.9584547116471063
StarLightCurves,1024,raw,4,1718,0.9977269585202553
StarLightCurves,1024,raw,4,1719,0.9078999303183801
StarLightCurves,1024,raw,4,1720,0.9975741623240303
StarLightCurves,1024,raw,4,1721,0.8895450992498372
StarLightCurves,1024,raw,4,1722,0.998145842514216
StarLightCurves,1024,raw,4,1723,0.9754949432811258
StarLightCurves,1024,raw,4,1724,0.9989101012731749
StarLightCurves,1024,raw,4,1725,0.9841202359718244
StarLightCurves,1024,raw,4,1726,0.9977713792762947
StarLightCurves,1024,raw,4,1729,0.9776872252363225
StarLightCurves,1024,raw,4,1730,0.997679923662498
StarLightCurves,1024,raw,4,1731,0.9800047754637724
StarLightCurves,1024,raw,4,1732,0.9984871419073991
StarLightCurves,1024,raw,4,1733,0.9694972899010227
StarLightCurves,1024,raw,4,1734,0.9979169114561325
StarLightCurves,1024,raw,4,1735,0.9230614490562348
StarLightCurves,1024,raw,4,1736,0.9975758739458298
StarLightCurves,1024,raw,4,1737,0.8530786591750653
StarLightCurves,1024,raw,4,1738,0.9982077555276639
StarLightCurves,1024,raw,4,1739,0.9712118180264566
StarLightCurves,1024,raw,4,1740,0.9990841364190675
StarLightCurves,1024,raw,4,1741,0.9881634841834083
StarLightCurves,1024,raw,4,1742,0.9982266995444056
StarLightCurves,1024,raw,4,1745,0.9848853469913597
StarLightCurves,1024,raw,4,1746,0.9966186741622973
StarLightCurves,1024,raw,4,1747,0.9909612095020269
StarLightCurves,1024,raw,4,1748,0.9972353072788057
StarLightCurves,1024,raw,4,1749,0.9863112679251622
StarLightCurves,1024,raw,4,1750,0.9962374598553053
StarLightCurves,1024,raw,4,1751,0.9501501371960357
StarLightCurves,1024,raw,4,1752,0.9974034055581742
StarLightCurves,1024,raw,4,1753,0.901321899296296
StarLightCurves,1024,raw,4,1754,0.9986167848014165
StarLightCurves,1024,raw,4,1755,0.9906235924668071
StarLightCurves,1024,raw,4,1756,0.9989852579758474
StarLightCurves,1024,raw,4,1757,0.9925207835432862
StarLightCurves,1024,raw,4,1758,0.9988283573276755
StarLightCurves,1024,raw,4,1761,0.9830514069187823
StarLightCurves,1024,raw,4,1762,0.9957677621115567
StarLightCurves,1024,raw,4,1763,0.9897646135618272
StarLightCurves,1024,raw,4,1764,0.996895188619783
StarLightCurves,1024,raw,4,1765,0.9859995024647479
StarLightCurves,1024,raw,4,1766,0.9952549136809467
StarLightCurves,1024,raw,4,1767,0.9540011663947865
StarLightCurves,1024,raw,4,1768,0.9965317385710953
StarLightCurves,1024,raw,4,1769,0.8821303226358723
StarLightCurves,1024,raw,4,1770,0.9983304808525115
StarLightCurves,1024,raw,4,1771,0.9895055996375954
StarLightCurves,1024,raw,4,1772,0.9987317702241946
StarLightCurves,1024,raw,4,1773,0.9919760483623706
StarLightCurves,1024,raw,4,1774,0.9985084336240592
StarLightCurves,1024,raw,4,1777,0.9763709776002687
StarLightCurves,1024,raw,4,1778,0.997989747467464
StarLightCurves,1024,raw,4,1779,0.9782153306566899
StarLightCurves,1024,raw,4,1780,0.9985041112857389
StarLightCurves,1024,raw,4,1781,0.9664912281620746
StarLightCurves,1024,raw,4,1782,0.9979945415252477
StarLightCurves,1024,raw,4,1783,0.9248743355625823
StarLightCurves,1024,raw,4,1784,0.9976136369859439
StarLightCurves,1024,raw,4,1785,0.8548520532160127
StarLightCurves,1024,raw,4,1786,0.9980173832594348
StarLightCurves,1024,raw,4,1787,0.9695404883423491
StarLightCurves,1024,raw,4,1788,0.9989165185602467
StarLightCurves,1024,raw,4,1789,0.98765977458956
StarLightCurves,1024,raw,4,1790,0.9978618706169502
StarLightCurves,1024,raw,4,1793,0.9759844942720015
StarLightCurves,1024,raw,4,1794,0.9989511359543529
StarLightCurves,1024,raw,4,1795,0.9817661374855233
StarLightCurves,1024,raw,4,1796,0.9990854484583206
StarLightCurves,1024,raw,4,1797,0.9591694541690052
StarLightCurves,1024,raw,4,1798,0.9986326249545043
StarLightCurves,1024,raw,4,1799,0.9099947637303237
StarLightCurves,1024,raw,4,1800,0.9984813147043711
StarLightCurves,1024,raw,4,1801,0.8857686460386952
StarLightCurves,1024,raw,4,1802,0.9988526532300878
StarLightCurves,1024,raw,4,1803,0.9769466853457924
StarLightCurves,1024,raw,4,1804,0.9992392871806182
StarLightCurves,1024,raw,4,1805,0.9841427254392672
StarLightCurves,1024,raw,4,1806,0.9983981605142875
StarLightCurves,1024,raw,4,1809,0.9732074336915412
StarLightCurves,1024,raw,4,1810,0.9992862030421223
StarLightCurves,1024,raw,4,1811,0.9775410996392405
StarLightCurves,1024,raw,4,1812,0.9993580424474562
StarLightCurves,1024,raw,4,1813,0.9540729298468934
StarLightCurves,1024,raw,4,1814,0.999089051167021
StarLightCurves,1024,raw,4,1815,0.9106775205000033
StarLightCurves,1024,raw,4,1816,0.9990987921385928
StarLightCurves,1024,raw,4,1817,0.8729287088597844
StarLightCurves,1024,raw,4,1818,0.9991669292316581
StarLightCurves,1024,raw,4,1819,0.964300733745101
StarLightCurves,1024,raw,4,1820,0.9994070091258083
StarLightCurves,1024,raw,4,1821,0.9852127865278045
StarLightCurves,1024,raw,4,1822,0.9989897576901114
StarLightCurves,1024,raw,4,1825,0.9754094655094845
StarLightCurves,1024,raw,4,1826,0.9996074456763892
StarLightCurves,1024,raw,4,1827,0.9816510087869913
StarLightCurves,1024,raw,4,1828,0.999554789934
StarLightCurves,1024,raw,4,1829,0.9395613023455485
StarLightCurves,1024,raw,4,1830,0.9993934504433482
StarLightCurves,1024,raw,4,1831,0.8860371095445727
StarLightCurves,1024,raw,4,1832,0.9994131419889051
StarLightCurves,1024,raw,4,1833,0.9061370866446459
StarLightCurves,1024,raw,4,1834,0.9994764365882107
StarLightCurves,1024,raw,4,1835,0.9712322545939207
StarLightCurves,1024,raw,4,1836,0.9996434354242004
StarLightCurves,1024,raw,4,1837,0.9795818545089703
StarLightCurves,1024,raw,4,1838,0.9992493186817896
StarLightCurves,1024,raw,4,1841,0.9725737073706876
StarLightCurves,1024,raw,4,1842,0.999524871733319
StarLightCurves,1024,raw,4,1843,0.9759846331892765
StarLightCurves,1024,raw,4,1844,0.9995591360275474
StarLightCurves,1024,raw,4,1845,0.9452893474091929
StarLightCurves,1024,raw,4,1846,0.999389438914351
StarLightCurves,1024,raw,4,1847,0.8993176931437608
StarLightCurves,1024,raw,4,1848,0.9993255760514523
StarLightCurves,1024,raw,4,1849,0.8654265065152351
StarLightCurves,1024,raw,4,1850,0.9994246150797388
StarLightCurves,1024,raw,4,1851,0.9636355117582422
StarLightCurves,1024,raw,4,1852,0.9996054901881062
StarLightCurves,1024,raw,4,1853,0.9808914388518425
StarLightCurves,1024,raw,4,1854,0.9992068231788702
StarLightCurves,1024,raw,4,1857,0.9813329364918203
StarLightCurves,1024,raw,4,1858,0.9972274330989459
StarLightCurves,1024,raw,4,1859,0.9768139888569394
StarLightCurves,1024,raw,4,1860,0.9971273645744643
StarLightCurves,1024,raw,4,1861,0.9789316825924176
StarLightCurves,1024,raw,4,1862,0.9959735685629334
StarLightCurves,1024,raw,4,1863,0.9634336234672686
StarLightCurves,1024,raw,4,1864,0.9950383110925353
StarLightCurves,1024,raw,4,1865,0.6021577464377379
StarLightCurves,1024,raw,4,1866,0.9955049056424173
StarLightCurves,1024,raw,4,1867,0.9459363664689527
StarLightCurves,1024,raw,4,1868,0.9962878924565507
StarLightCurves,1024,raw,4,1869,0.9960866835065041
StarLightCurves,1024,raw,4,1870,0.9931758999228048
StarLightCurves,1024,raw,4,1873,0.9974236391336915
StarLightCurves,1024,raw,4,1874,0.9938691001244985
StarLightCurves,1024,raw,4,1875,0.9946269130468007
StarLightCurves,1024,raw,4,1876,0.9961567963333998
StarLightCurves,1024,raw,4,1877,0.939155483431929
StarLightCurves,1024,raw,4,1878,0.9976114748383734
StarLightCurves,1024,raw,4,1879,0.5779735583303394
StarLightCurves,1024,raw,4,1880,0.9990215938163247
StarLightCurves,1024,raw,4,1881,0.9940066350605918
StarLightCurves,1024,raw,4,1882,0.999205873026696
StarLightCurves,1024,raw,4,1883,0.9944718771598895
StarLightCurves,1024,raw,4,1884,0.9993251167352819
StarLightCurves,1024,raw,4,1885,0.9953552998871997
StarLightCurves,1024,raw,4,1886,0.9992108268614346
StarLightCurves,1024,raw,4,1889,0.9693311791852851
StarLightCurves,1024,raw,4,1890,0.9944898164590529
StarLightCurves,1024,raw,4,1891,0.972940671674802
StarLightCurves,1024,raw,4,1892,0.9966575097877178
StarLightCurves,1024,raw,4,1893,0.9732799506128111
StarLightCurves,1024,raw,4,1894,0.9948511120618977
StarLightCurves,1024,raw,4,1895,0.9542033907824675
StarLightCurves,1024,raw,4,1896,0.9912460532207442
StarLightCurves,1024,raw,4,1897,0.8340458451427808
StarLightCurves,1024,raw,4,1898,0.9905447284843757
StarLightCurves,1024,raw,4,1899,0.9603220590533195
StarLightCurves,1024,raw,4,1900,0.9936203032541516
StarLightCurves,1024,raw,4,1901,0.9895127822204477
StarLightCurves,1024,raw,4,1902,0.9860359937046819
StarLightCurves,1024,raw,4,1905,0.9802907762714643
StarLightCurves,1024,raw,4,1906,0.9993254077262915
StarLightCurves,1024,raw,4,1907,0.9867661772677332
StarLightCurves,1024,raw,4,1908,0.9994061619451514
StarLightCurves,1024,raw,4,1909,0.9766538176797107
StarLightCurves,1024,raw,4,1910,0.9992356220701447
StarLightCurves,1024,raw,4,1911,0.9396396619912276
StarLightCurves,1024,raw,4,1912,0.9991428019500779
StarLightCurves,1024,raw,4,1913,0.8820509893229603
StarLightCurves,1024,raw,4,1914,0.9992023253011454
StarLightCurves,1024,raw,4,1915,0.9824060147352962
StarLightCurves,1024,raw,4,1916,0.9993519546957851
StarLightCurves,1024,raw,4,1917,0.9908022182226296
StarLightCurves,1024,raw,4,1918,0.9989028051905539
StarLightCurves,1024,raw,4,1921,0.9774821386779923
StarLightCurves,1024,raw,4,1922,0.9994299345086594
StarLightCurves,1024,raw,4,1923,0.9810728500878271
StarLightCurves,1024,raw,4,1924,0.9995623314817129
StarLightCurves,1024,raw,4,1925,0.9618769447824878
StarLightCurves,1024,raw,4,1926,0.9994290110117764
StarLightCurves,1024,raw,4,1927,0.9190695234073069
StarLightCurves,1024,raw,4,1928,0.999298661259634
StarLightCurves,1024,raw,4,1929,0.8823800848190084
StarLightCurves,1024,raw,4,1930,0.9994300046849578
StarLightCurves,1024,raw,4,1931,0.9754199715476937
StarLightCurves,1024,raw,4,1932,0.9996585415033233
StarLightCurves,1024,raw,4,1933,0.9857085916328493
StarLightCurves,1024,raw,4,1934,0.9992912764975898
StarLightCurves,1024,raw,4,1937,0.9787381437813173
StarLightCurves,1024,raw,4,1938,0.9991281331554785
StarLightCurves,1024,raw,4,1939,0.9825774288943343
StarLightCurves,1024,raw,4,1940,0.9992661286966985
StarLightCurves,1024,raw,4,1941,0.9580436451386335
StarLightCurves,1024,raw,4,1942,0.9990164775681923
StarLightCurves,1024,raw,4,1943,0.9108796080027726
StarLightCurves,1024,raw,4,1944,0.998891419412607
StarLightCurves,1024,raw,4,1945,0.8920325618703092
StarLightCurves,1024,raw,4,1946,0.9991056146473747
StarLightCurves,1024,raw,4,1947,0.9755973846953263
StarLightCurves,1024,raw,4,1948,0.9994476308167314
StarLightCurves,1024,raw,4,1949,0.9849701851001893
StarLightCurves,1024,raw,4,1950,0.9988781172715948
StarLightCurves,1024,raw,4,1953,0.9790312433757672
StarLightCurves,1024,raw,4,1954,0.9984880917226094
StarLightCurves,1024,raw,4,1955,0.982869442381606
StarLightCurves,1024,raw,4,1956,0.9984196001936124
StarLightCurves,1024,raw,4,1957,0.9602520648716311
StarLightCurves,1024,raw,4,1958,0.998066657513811
StarLightCurves,1024,raw,4,1959,0.8959486791713335
StarLightCurves,1024,raw,4,1960,0.9980479334091014
StarLightCurves,1024,raw,4,1961,0.8993650652999506
StarLightCurves,1024,raw,4,1962,0.9983405459999156
StarLightCurves,1024,raw,4,1963,0.9754900681867588
StarLightCurves,1024,raw,4,1964,0.9989778553625962
StarLightCurves,1024,raw,4,1965,0.9850011423493927
StarLightCurves,1024,raw,4,1966,0.9980541676722277
StarLightCurves,1024,raw,4,1969,0.9707639643334642
StarLightCurves,1024,raw,4,1970,0.9977747963080182
StarLightCurves,1024,raw,4,1971,0.9746260944202146
StarLightCurves,1024,raw,4,1972,0.9985763891336962
StarLightCurves,1024,raw,4,1973,0.9535186142704819
StarLightCurves,1024,raw,4,1974,0.9978166179165828
StarLightCurves,1024,raw,4,1975,0.9192758566736927
StarLightCurves,1024,raw,4,1976,0.9974372024904391
StarLightCurves,1024,raw,4,1977,0.83624611957457
StarLightCurves,1024,raw,4,1978,0.9980529841212924
StarLightCurves,1024,raw,4,1979,0.962708880796444
StarLightCurves,1024,raw,4,1980,0.9989108113359816
StarLightCurves,1024,raw,4,1981,0.9839473722545106
StarLightCurves,1024,raw,4,1982,0.9979523130178537
StarLightCurves,1024,raw,4,1985,0.9793601331322735
StarLightCurves,1024,raw,4,1986,0.99589348903412
StarLightCurves,1024,raw,4,1987,0.9782651131346844
StarLightCurves,1024,raw,4,1988,0.9979066511555533
StarLightCurves,1024,raw,4,1989,0.9754096731685991
StarLightCurves,1024,raw,4,1990,0.9974401878009723
StarLightCurves,1024,raw,4,1991,0.9439594487393757
StarLightCurves,1024,raw,4,1992,0.997008324191912
StarLightCurves,1024,raw,4,1993,0.7804892267145893
StarLightCurves,1024,raw,4,1994,0.9976425813132611
StarLightCurves,1024,raw,4,1995,0.9618827367768572
StarLightCurves,1024,raw,4,1996,0.9990132976616259
StarLightCurves,1024,raw,4,1997,0.9926982948548941
StarLightCurves,1024,raw,4,1998,0.9985075847493421
StarLightCurves,1024,raw,4,2001,0.9893394925799309
StarLightCurves,1024,raw,4,2002,0.9990296725608501
StarLightCurves,1024,raw,4,2003,0.9914187285848577
StarLightCurves,1024,raw,4,2004,0.9992169290482257
StarLightCurves,1024,raw,4,2005,0.9520310566735564
StarLightCurves,1024,raw,4,2006,0.9992374651172037
StarLightCurves,1024,raw,4,2007,0.855762799708986
StarLightCurves,1024,raw,4,2008,0.999286638869119
StarLightCurves,1024,raw,4,2009,0.9644310895695324
StarLightCurves,1024,raw,4,2010,0.9994000476658109
StarLightCurves,1024,raw,4,2011,0.9904857979750953
StarLightCurves,1024,raw,4,2012,0.9996532500044144
StarLightCurves,1024,raw,4,2013,0.9905285377966141
StarLightCurves,1024,raw,4,2014,0.9992579490421291
StarLightCurves,1024,raw,4,2017,0.9793035816714735
StarLightCurves,1024,raw,4,2018,0.9961651084574099
StarLightCurves,1024,raw,4,2019,0.9789694178539288
StarLightCurves,1024,raw,4,2020,0.9977325167209411
StarLightCurves,1024,raw,4,2021,0.9739896663878788
StarLightCurves,1024,raw,4,2022,0.9969454445188392
StarLightCurves,1024,raw,4,2023,0.9399801395438977
StarLightCurves,1024,raw,4,2024,0.9965552092472298
StarLightCurves,1024,raw,4,2025,0.7933028199502997
StarLightCurves,1024,raw,4,2026,0.9972458138071958
StarLightCurves,1024,raw,4,2027,0.9626443863306641
StarLightCurves,1024,raw,4,2028,0.99864253576795
StarLightCurves,1024,raw,4,2029,0.9920656075157089
StarLightCurves,1024,raw,4,2030,0.9980113361945665
StarLightCurves,1024,raw,4,2033,0.9765009926288218
StarLightCurves,1024,raw,4,2034,0.9986732921475021
StarLightCurves,1024,raw,4,2035,0.9818365345036378
StarLightCurves,1024,raw,4,2036,0.9989436969833432
StarLightCurves,1024,raw,4,2037,0.9639288831737108
StarLightCurves,1024,raw,4,2038,0.9983655385883301
StarLightCurves,1024,raw,4,2039,0.9159739806111876
StarLightCurves,1024,raw,4,2040,0.9981924853908336
StarLightCurves,1024,raw,4,2041,0.8752098957577126
StarLightCurves,1024,raw,4,2042,0.9986040219025121
StarLightCurves,1024,raw,4,2043,0.9751959439136257
StarLightCurves,1024,raw,4,2044,0.999075074446859
StarLightCurves,1024,raw,4,2045,0.9856084134774056
StarLightCurves,1024,raw,4,2046,0.998166012440193
StarLightCurves,1024,raw,4,2049,0.9755548938258456
StarLightCurves,1024,raw,4,2050,0.9991690957836606
StarLightCurves,1024,raw,4,2051,0.980051747929474
StarLightCurves,1024,raw,4,2052,0.9992401215333842
StarLightCurves,1024,raw,4,2053,0.9576199390550146
StarLightCurves,1024,raw,4,2054,0.9989527683691983
StarLightCurves,1024,raw,4,2055,0.9040778701972801
StarLightCurves,1024,raw,4,2056,0.9988106635858113
StarLightCurves,1024,raw,4,2057,0.8831777065941228
StarLightCurves,1024,raw,4,2058,0.9989993502429896
StarLightCurves,1024,raw,4,2059,0.9722643030446492
StarLightCurves,1024,raw,4,2060,0.9993621799960691
StarLightCurves,1024,raw,4,2061,0.9832473129782848
StarLightCurves,1024,raw,4,2062,0.9986782542916376
StarLightCurves,1024,raw,5,2065,0.9927026801203594
StarLightCurves,1024,raw,5,2066,0.9999191670663461
StarLightCurves,1024,raw,5,2067,0.9101648131546936
StarLightCurves,1024,raw,5,2068,0.9998829112022196
StarLightCurves,1024,raw,5,2069,0.9885494050828543
StarLightCurves,1024,raw,5,2070,0.9999144777319386
StarLightCurves,1024,raw,5,2073,0.992089868787724
StarLightCurves,1024,raw,5,2074,0.9999389851806603
StarLightCurves,1024,raw,5,2075,0.935012970695563
StarLightCurves,1024,raw,5,2076,0.9999084216977632
StarLightCurves,1024,raw,5,2077,0.9890433656449904
StarLightCurves,1024,raw,5,2078,0.9999504235377087
StarLightCurves,1024,raw,5,2081,0.9922314797749175
StarLightCurves,1024,raw,5,2082,0.9999452656146162
StarLightCurves,1024,raw,5,2083,0.8932658927313816
StarLightCurves,1024,raw,5,2084,0.9998980065078253
StarLightCurves,1024,raw,5,2085,0.990294120086101
StarLightCurves,1024,raw,5,2086,0.9999409177438556
StarLightCurves,1024,raw,5,2089,0.990701563347435
StarLightCurves,1024,raw,5,2090,0.999942698645311
StarLightCurves,1024,raw,5,2091,0.9326385026017815
StarLightCurves,1024,raw,5,2092,0.9998988128602477
StarLightCurves,1024,raw,5,2093,0.9888460451680121
StarLightCurves,1024,raw,5,2094,0.9999457124520215
StarLightCurves,1024,raw,5,2097,0.992020473846944
StarLightCurves,1024,raw,5,2098,0.999939468195112
StarLightCurves,1024,raw,5,2099,0.9336105367856823
StarLightCurves,1024,raw,5,2100,0.9998972990445963
StarLightCurves,1024,raw,5,2101,0.9893282415011833
StarLightCurves,1024,raw,5,2102,0.9999426227506044
StarLightCurves,1024,raw,5,2105,0.9936272208424601
StarLightCurves,1024,raw,5,2106,0.9998765793346951
StarLightCurves,1024,raw,5,2107,0.9766129795538753
StarLightCurves,1024,raw,5,2108,0.9998227556814726
StarLightCurves,1024,raw,5,2109,0.9887281832939533
StarLightCurves,1024,raw,5,2110,0.9998808818060219
StarLightCurves,1024,raw,5,2113,0.9944922468104628
StarLightCurves,1024,raw,5,2114,0.9992006015354946
StarLightCurves,1024,raw,5,2115,0.9890258400668752
StarLightCurves,1024,raw,5,2116,0.9992985486320736
StarLightCurves,1024,raw,5,2117,0.9902261292248417
StarLightCurves,1024,raw,5,2118,0.9991754118231334
StarLightCurves,1024,raw,5,2121,0.9993861024061519
StarLightCurves,1024,raw,5,2122,0.9987056798840814
StarLightCurves,1024,raw,5,2123,0.8497385676296708
StarLightCurves,1024,raw,5,2124,0.9994048217128739
StarLightCurves,1024,raw,5,2125,0.9986528266401385
StarLightCurves,1024,raw,5,2126,0.9996672591739195
StarLightCurves,1024,raw,5,2129,0.9994075529838554
StarLightCurves,1024,raw,5,2130,0.9986576468682438
StarLightCurves,1024,raw,5,2131,0.8652608914244477
StarLightCurves,1024,raw,5,2132,0.9993594650439764
StarLightCurves,1024,raw,5,2133,0.9985806522905356
StarLightCurves,1024,raw,5,2134,0.9996482940832533
StarLightCurves,1024,raw,5,2137,0.9927277165753219
StarLightCurves,1024,raw,5,2138,0.9992233763856927
StarLightCurves,1024,raw,5,2139,0.9794522349668175
StarLightCurves,1024,raw,5,2140,0.9986969313471643
StarLightCurves,1024,raw,5,2141,0.9889060609400431
StarLightCurves,1024,raw,5,2142,0.9991637294535708
StarLightCurves,1024,raw,5,2145,0.9960737812373985
StarLightCurves,1024,raw,5,2146,0.9998477521734813
StarLightCurves,1024,raw,5,2147,0.9604181125779877
StarLightCurves,1024,raw,5,2148,0.9997170387965033
StarLightCurves,1024,raw,5,2149,0.9951757005952663
StarLightCurves,1024,raw,5,2150,0.9998426938988704
StarLightCurves,1024,raw,5,2153,0.9964829404678874
StarLightCurves,1024,raw,5,2154,0.9999243806842372
StarLightCurves,1024,raw,5,2155,0.9628023958465513
StarLightCurves,1024,raw,5,2156,0.9998971613028577
StarLightCurves,1024,raw,5,2157,0.9957022688514108
StarLightCurves,1024,raw,5,2158,0.9999326833816238
StarLightCurves,1024,raw,5,2161,0.995277240884566
StarLightCurves,1024,raw,5,2162,0.9999440427173831
StarLightCurves,1024,raw,5,2163,0.9450684289301878
StarLightCurves,1024,raw,5,2164,0.999927598795143
StarLightCurves,1024,raw,5,2165,0.9944905389176382
StarLightCurves,1024,raw,5,2166,0.9999556868930807
StarLightCurves,1024,raw,5,2169,0.9949481842444893
StarLightCurves,1024,raw,5,2170,0.9999495922156334
StarLightCurves,1024,raw,5,2171,0.9481213458970886
StarLightCurves,1024,raw,5,2172,0.999939902456469
StarLightCurves,1024,raw,5,2173,0.9939781986681782
StarLightCurves,1024,raw,5,2174,0.9999629221908979
StarLightCurves,1024,raw,5,2177,0.994191576296754
StarLightCurves,1024,raw,5,2178,0.9999457433895196
StarLightCurves,1024,raw,5,2179,0.9399775094386315
StarLightCurves,1024,raw,5,2180,0.9999226247580539
StarLightCurves,1024,raw,5,2181,0.9929355851590989
StarLightCurves,1024,raw,5,2182,0.9999568766853779
StarLightCurves,1024,raw,5,2185,0.9946159754289206
StarLightCurves,1024,raw,5,2186,0.9999239333171022
StarLightCurves,1024,raw,5,2187,0.9354399789161216
StarLightCurves,1024,raw,5,2188,0.9998916652944551
StarLightCurves,1024,raw,5,2189,0.9931386341568204
StarLightCurves,1024,raw,5,2190,0.9999431376710374
StarLightCurves,1024,raw,5,2193,0.9941634019204567
StarLightCurves,1024,raw,5,2194,0.9998899841783224
StarLightCurves,1024,raw,5,2195,0.9238639229080782
StarLightCurves,1024,raw,5,2196,0.9998312527659193
StarLightCurves,1024,raw,5,2197,0.9931086010762713
StarLightCurves,1024,raw,5,2198,0.9999040629250004
StarLightCurves,1024,raw,5,2201,0.9930328456622398
StarLightCurves,1024,raw,5,2202,0.9998455753974945
StarLightCurves,1024,raw,5,2203,0.9428732460411494
StarLightCurves,1024,raw,5,2204,0.99975030120047
StarLightCurves,1024,raw,5,2205,0.9914189041438138
StarLightCurves,1024,raw,5,2206,0.9998736429563837
StarLightCurves,1024,raw,5,2209,0.9935538029483355
StarLightCurves,1024,raw,5,2210,0.9998246510352362
StarLightCurves,1024,raw,5,2211,0.927507246381709
StarLightCurves,1024,raw,5,2212,0.9997565000053082
StarLightCurves,1024,raw,5,2213,0.9915207297661504
StarLightCurves,1024,raw,5,2214,0.9998572853897971
StarLightCurves,1024,raw,5,2217,0.9933399441552526
StarLightCurves,1024,raw,5,2218,0.9997988150241097
StarLightCurves,1024,raw,5,2219,0.9448691254135635
StarLightCurves,1024,raw,5,2220,0.9997267675956509
StarLightCurves,1024,raw,5,2221,0.9907748298392298
StarLightCurves,1024,raw,5,2222,0.9998481370029851
StarLightCurves,1024,raw,5,2225,0.9942801994287116
StarLightCurves,1024,raw,5,2226,0.9998220446302536
StarLightCurves,1024,raw,5,2227,0.934422987604511
StarLightCurves,1024,raw,5,2228,0.9997504513448318
StarLightCurves,1024,raw,5,2229,0.9920640981700227
StarLightCurves,1024,raw,5,2230,0.9998616824501317
StarLightCurves,1024,raw,5,2233,0.9946388481474205
StarLightCurves,1024,raw,5,2234,0.9998165396899584
StarLightCurves,1024,raw,5,2235,0.9599150416116531
StarLightCurves,1024,raw,5,2236,0.9997534830325725
StarLightCurves,1024,raw,5,2237,0.992131034256474
StarLightCurves,1024,raw,5,2238,0.9998805860615286
StarLightCurves,1024,raw,5,2241,0.9939775615622601
StarLightCurves,1024,raw,5,2242,0.9997844313376937
StarLightCurves,1024,raw,5,2243,0.9722459694905674
StarLightCurves,1024,raw,5,2244,0.9996790874406716
StarLightCurves,1024,raw,5,2245,0.9907589037227057
StarLightCurves,1024,raw,5,2246,0.999881615840628
StarLightCurves,1024,raw,5,2249,0.9981355813083698
StarLightCurves,1024,raw,5,2250,0.9998177979703281
StarLightCurves,1024,raw,5,2251,0.8573178635888177
StarLightCurves,1024,raw,5,2252,0.999825611866062
StarLightCurves,1024,raw,5,2253,0.9973259702444273
StarLightCurves,1024,raw,5,2254,0.9998901639017747
StarLightCurves,1024,raw,5,2257,0.9980808192220495
StarLightCurves,1024,raw,5,2258,0.9997879608688587
StarLightCurves,1024,raw,5,2259,0.8889822245634911
StarLightCurves,1024,raw,5,2260,0.9998065114551477
StarLightCurves,1024,raw,5,2261,0.9975130329191936
StarLightCurves,1024,raw,5,2262,0.9998826930601926
StarLightCurves,1024,raw,5,2265,0.9942149548646159
StarLightCurves,1024,raw,5,2266,0.9997293304979215
StarLightCurves,1024,raw,5,2267,0.9735884277666526
StarLightCurves,1024,raw,5,2268,0.9996365899722615
StarLightCurves,1024,raw,5,2269,0.990794142944553
StarLightCurves,1024,raw,5,2270,0.9998577818073131
StarLightCurves,1024,raw,5,2273,0.9940710981767976
StarLightCurves,1024,raw,5,2274,0.9998165460067036
StarLightCurves,1024,raw,5,2275,0.9541004612730287
StarLightCurves,1024,raw,5,2276,0.9997254666014965
StarLightCurves,1024,raw,5,2277,0.991674294154312
StarLightCurves,1024,raw,5,2278,0.9998561857321642
StarLightCurves,1024,raw,5,2281,0.9942422996211031
StarLightCurves,1024,raw,5,2282,0.9998492106379443
StarLightCurves,1024,raw,5,2283,0.940933310581926
StarLightCurves,1024,raw,5,2284,0.999781853029893
StarLightCurves,1024,raw,5,2285,0.9920704923219186
StarLightCurves,1024,raw,5,2286,0.9998754754000636
StarLightCurves,1024,raw,5,2289,0.9947595165318316
StarLightCurves,1024,raw,5,2290,0.9998725887804659
StarLightCurves,1024,raw,5,2291,0.9209629346555241
StarLightCurves,1024,raw,5,2292,0.9998028734934936
StarLightCurves,1024,raw,5,2293,0.9929678288426546
StarLightCurves,1024,raw,5,2294,0.9998866283922542
StarLightCurves,1024,raw,5,2297,0.9940254842055233
StarLightCurves,1024,raw,5,2298,0.9998948612078018
StarLightCurves,1024,raw,5,2299,0.9333682419266398
StarLightCurves,1024,raw,5,2300,0.9998407895888806
StarLightCurves,1024,raw,5,2301,0.9920888285062643
StarLightCurves,1024,raw,5,2302,0.9999092038686933
StarLightCurves,1024,raw,5,2305,0.9922961489071747
StarLightCurves,1024,raw,5,2306,0.9999226607452183
StarLightCurves,1024,raw,5,2307,0.9305665188078095
StarLightCurves,1024,raw,5,2308,0.9998565779643648
StarLightCurves,1024,raw,5,2309,0.9899409006085578
StarLightCurves,1024,raw,5,2310,0.9999273342081906
StarLightCurves,1024,raw,5,2313,0.990133599605535
StarLightCurves,1024,raw,5,2314,0.9999275568045449
StarLightCurves,1024,raw,5,2315,0.932958519528518
StarLightCurves,1024,raw,5,2316,0.9998406899976189
StarLightCurves,1024,raw,5,2317,0.9822543513740271
StarLightCurves,1024,raw,5,2318,0.9999205985900842
StarLightCurves,1024,raw,5,2321,0.9919959990528149
StarLightCurves,1024,raw,5,2322,0.9999449281903195
StarLightCurves,1024,raw,5,2323,0.9330506725213356
StarLightCurves,1024,raw,5,2324,0.9998949662408486
StarLightCurves,1024,raw,5,2325,0.9912908901036931
StarLightCurves,1024,raw,5,2326,0.9999449906380687
StarLightCurves,1024,raw,5,2329,0.9933955913395842
StarLightCurves,1024,raw,5,2330,0.9999402015693325
StarLightCurves,1024,raw,5,2331,0.9039470743089723
StarLightCurves,1024,raw,5,2332,0.9999069588964187
StarLightCurves,1024,raw,5,2333,0.991054377810596
StarLightCurves,1024,raw,5,2334,0.999942483009701
StarLightCurves,1024,raw,5,2337,0.9927883862195657
StarLightCurves,1024,raw,5,2338,0.9999395961108684
StarLightCurves,1024,raw,5,2339,0.9231674780794084
StarLightCurves,1024,raw,5,2340,0.9999001908164264
StarLightCurves,1024,raw,5,2341,0.9908566658312206
StarLightCurves,1024,raw,5,2342,0.9999456137158027
StarLightCurves,1024,raw,5,2345,0.9915459660918774
StarLightCurves,1024,raw,5,2346,0.9999424595653478
StarLightCurves,1024,raw,5,2347,0.9282023925878331
StarLightCurves,1024,raw,5,2348,0.9999027313510679
StarLightCurves,1024,raw,5,2349,0.9890189321739314
StarLightCurves,1024,raw,5,2350,0.9999456693764398
StarLightCurves,1024,raw,5,2353,0.9917757648451444
StarLightCurves,1024,raw,5,2354,0.9999271388272661
StarLightCurves,1024,raw,5,2355,0.9542701371750296
StarLightCurves,1024,raw,5,2356,0.9998761554138229
StarLightCurves,1024,raw,5,2357,0.9872007995909376
StarLightCurves,1024,raw,5,2358,0.9999295938548095
StarLightCurves,1024,raw,5,2361,0.9945541138651658
StarLightCurves,1024,raw,5,2362,0.9997262370566392
StarLightCurves,1024,raw,5,2363,0.9857522990147984
StarLightCurves,1024,raw,5,2364,0.9996849514013043
StarLightCurves,1024,raw,5,2365,0.9896027137774512
StarLightCurves,1024,raw,5,2366,0.9997205285463469
StarLightCurves,1024,raw,5,2369,0.997623013411553
StarLightCurves,1024,raw,5,2370,0.9973482686057303
StarLightCurves,1024,raw,5,2371,0.9835408552995594
StarLightCurves,1024,raw,5,2372,0.9990794819082873
StarLightCurves,1024,raw,5,2373,0.9976745998227069
StarLightCurves,1024,raw,5,2374,0.999274508542967
StarLightCurves,1024,raw,5,2377,0.9985895057249643
StarLightCurves,1024,raw,5,2378,0.9997522353874441
StarLightCurves,1024,raw,5,2379,-0.15327488716668675
StarLightCurves,1024,raw,5,2380,0.9997007858761733
StarLightCurves,1024,raw,5,2381,0.99507878416657
StarLightCurves,1024,raw,5,2382,0.9998067155604717
StarLightCurves,1024,raw,5,2385,0.996965140330937
StarLightCurves,1024,raw,5,2386,0.9977669974293535
StarLightCurves,1024,raw,5,2387,0.9799850337907563
StarLightCurves,1024,raw,5,2388,0.9987091586156264
StarLightCurves,1024,raw,5,2389,0.9971735240114307
StarLightCurves,1024,raw,5,2390,0.9991746330197442
StarLightCurves,1024,raw,5,2393,0.9939896402949321
StarLightCurves,1024,raw,5,2394,0.999710420522177
StarLightCurves,1024,raw,5,2395,0.9671011153063636
StarLightCurves,1024,raw,5,2396,0.999402394586738
StarLightCurves,1024,raw,5,2397,0.9919373503430735
StarLightCurves,1024,raw,5,2398,0.9996318381648437
StarLightCurves,1024,raw,5,2401,0.9970351367511678
StarLightCurves,1024,raw,5,2402,0.999895324985738
StarLightCurves,1024,raw,5,2403,0.964999877162767
StarLightCurves,1024,raw,5,2404,0.9998504342719117
StarLightCurves,1024,raw,5,2405,0.9963862461898021
StarLightCurves,1024,raw,5,2406,0.9999031375353311
StarLightCurves,1024,raw,5,2409,0.9957544253328506
StarLightCurves,1024,raw,5,2410,0.9999356433056267
StarLightCurves,1024,raw,5,2411,0.9566187420901635
StarLightCurves,1024,raw,5,2412,0.9999171321045209
StarLightCurves,1024,raw,5,2413,0.9950537911017358
StarLightCurves,1024,raw,5,2414,0.9999482876478815
StarLightCurves,1024,raw,5,2417,0.9946897807242098
StarLightCurves,1024,raw,5,2418,0.9999493230395089
StarLightCurves,1024,raw,5,2419,0.9381492952374293
StarLightCurves,1024,raw,5,2420,0.9999318683077133
StarLightCurves,1024,raw,5,2421,0.9934751148472247
StarLightCurves,1024,raw,5,2422,0.9999594436046355
StarLightCurves,1024,raw,5,2425,0.9939011428598649
StarLightCurves,1024,raw,5,2426,0.9999519908018727
StarLightCurves,1024,raw,5,2427,0.9361010075631304
StarLightCurves,1024,raw,5,2428,0.9999249145509697
StarLightCurves,1024,raw,5,2429,0.9920984745516566
StarLightCurves,1024,raw,5,2430,0.9999639103840305
StarLightCurves,1024,raw,5,2433,0.9939960002628963
StarLightCurves,1024,raw,5,2434,0.9999375633693252
StarLightCurves,1024,raw,5,2435,0.9397980505127834
StarLightCurves,1024,raw,5,2436,0.9999055651144955
StarLightCurves,1024,raw,5,2437,0.9926859265523901
StarLightCurves,1024,raw,5,2438,0.9999528043425188
StarLightCurves,1024,raw,5,2441,0.9940313079993938
StarLightCurves,1024,raw,5,2442,0.9999145081058736
StarLightCurves,1024,raw,5,2443,0.9214531462944904
StarLightCurves,1024,raw,5,2444,0.9998683114117166
StarLightCurves,1024,raw,5,2445,0.9924938354931937
StarLightCurves,1024,raw,5,2446,0.9999272185987856
StarLightCurves,1024,raw,5,2449,0.9942566966432155
StarLightCurves,1024,raw,5,2450,0.999860535515191
StarLightCurves,1024,raw,5,2451,0.9436281533433852
StarLightCurves,1024,raw,5,2452,0.9998124349570103
StarLightCurves,1024,raw,5,2453,0.9923786429619351
StarLightCurves,1024,raw,5,2454,0.999896276367298
StarLightCurves,1024,raw,5,2457,0.9948846454665825
StarLightCurves,1024,raw,5,2458,0.9998107168642166
StarLightCurves,1024,raw,5,2459,0.9295268576627073
StarLightCurves,1024,raw,5,2460,0.9997497795860081
StarLightCurves,1024,raw,5,2461,0.9932100631309595
StarLightCurves,1024,raw,5,2462,0.9998688230743094
StarLightCurves,1024,raw,5,2465,0.9943952532801803
StarLightCurves,1024,raw,5,2466,0.9997934337176863
StarLightCurves,1024,raw,5,2467,0.9294863855002513
StarLightCurves,1024,raw,5,2468,0.9997090306552945
StarLightCurves,1024,raw,5,2469,0.9932555775732019
StarLightCurves,1024,raw,5,2470,0.9998458268616639
StarLightCurves,1024,raw,5,2473,0.9923336371188974
StarLightCurves,1024,raw,5,2474,0.9998371797787902
StarLightCurves,1024,raw,5,2475,0.936382167472545
StarLightCurves,1024,raw,5,2476,0.9997160121997314
StarLightCurves,1024,raw,5,2477,0.9900130255972619
StarLightCurves,1024,raw,5,2478,0.9998563059879217
StarLightCurves,1024,raw,5,2481,0.9943747986704985
StarLightCurves,1024,raw,5,2482,0.9998278264141558
StarLightCurves,1024,raw,5,2483,0.9375637373816916
StarLightCurves,1024,raw,5,2484,0.9997442605193801
StarLightCurves,1024,raw,5,2485,0.9923778744937127
StarLightCurves,1024,raw,5,2486,0.9998735354047962
StarLightCurves,1024,raw,5,2489,0.9947505974876997
StarLightCurves,1024,raw,5,2490,0.9997993985080883
StarLightCurves,1024,raw,5,2491,0.9634645316094044
StarLightCurves,1024,raw,5,2492,0.9997420588339966
StarLightCurves,1024,raw,5,2493,0.991662312840881
StarLightCurves,1024,raw,5,2494,0.9998873818559172
StarLightCurves,1024,raw,5,2497,0.9969552365039077
StarLightCurves,1024,raw,5,2498,0.9997124278493322
StarLightCurves,1024,raw,5,2499,0.973525778599066
StarLightCurves,1024,raw,5,2500,0.9997824077086539
StarLightCurves,1024,raw,5,2501,0.9964835560195521
StarLightCurves,1024,raw,5,2502,0.9998805817386983
StarLightCurves,1024,raw,5,2505,0.9970846912450888
StarLightCurves,1024,raw,5,2506,0.9999013970225272
StarLightCurves,1024,raw,5,2507,0.7173990683457139
StarLightCurves,1024,raw,5,2508,0.9998705307650483
StarLightCurves,1024,raw,5,2509,0.9946375852098072
StarLightCurves,1024,raw,5,2510,0.999906031493808
StarLightCurves,1024,raw,5,2513,0.9966226878286258
StarLightCurves,1024,raw,5,2514,0.9996599858539252
StarLightCurves,1024,raw,5,2515,0.9737428119944337
StarLightCurves,1024,raw,5,2516,0.9997315259220634
StarLightCurves,1024,raw,5,2517,0.9960955276737828
StarLightCurves,1024,raw,5,2518,0.9998542864628981
StarLightCurves,1024,raw,5,2521,0.9947813996435277
StarLightCurves,1024,raw,5,2522,0.9997751369367185
StarLightCurves,1024,raw,5,2523,0.9625299959504752
StarLightCurves,1024,raw,5,2524,0.9997061759724853
StarLightCurves,1024,raw,5,2525,0.9918570349422285
StarLightCurves,1024,raw,5,2526,0.9998565491290268
StarLightCurves,1024,raw,5,2529,0.994239218616432
StarLightCurves,1024,raw,5,2530,0.9998313991259263
StarLightCurves,1024,raw,5,2531,0.9429859312475534
StarLightCurves,1024,raw,5,2532,0.9997550400347555
StarLightCurves,1024,raw,5,2533,0.9917328346441908
StarLightCurves,1024,raw,5,2534,0.9998689742583986
StarLightCurves,1024,raw,5,2537,0.9942985468909713
StarLightCurves,1024,raw,5,2538,0.9998677612469038
StarLightCurves,1024,raw,5,2539,0.9319825456574329
StarLightCurves,1024,raw,5,2540,0.9997805555417946
StarLightCurves,1024,raw,5,2541,0.9930209525884325
StarLightCurves,1024,raw,5,2542,0.999875470660656
StarLightCurves,1024,raw,5,2545,0.9941555488762538
StarLightCurves,1024,raw,5,2546,0.9998834827579902
StarLightCurves,1024,raw,5,2547,0.9183348960908104
StarLightCurves,1024,raw,5,2548,0.9998123878061143
StarLightCurves,1024,raw,5,2549,0.9926445702753898
StarLightCurves,1024,raw,5,2550,0.9998910804930298
StarLightCurves,1024,raw,5,2553,0.9937965289070952
StarLightCurves,1024,raw,5,2554,0.999905536671674
StarLightCurves,1024,raw,5,2555,0.9306730773062629
StarLightCurves,1024,raw,5,2556,0.9998546301070548
StarLightCurves,1024,raw,5,2557,0.9917861413431619
StarLightCurves,1024,raw,5,2558,0.9999184979766522
StarLightCurves,1024,raw,5,2561,0.9936644648826577
StarLightCurves,1024,raw,5,2562,0.9999197755325916
StarLightCurves,1024,raw,5,2563,0.9438434214131183
StarLightCurves,1024,raw,5,2564,0.9998894796275016
StarLightCurves,1024,raw,5,2565,0.9925460781096156
StarLightCurves,1024,raw,5,2566,0.9999314113745236
StarLightCurves,1024,diff1,0,1,0.9806121342365267
StarLightCurves,1024,diff1,0,2,0.9867059517783825
StarLightCurves,1024,diff1,0,3,0.989299554778905
StarLightCurves,1024,diff1,0,4,0.9898332073238851
StarLightCurves,1024,diff1,0,5,0.9888003647929767
StarLightCurves,1024,diff1,0,6,0.9862686662691607
StarLightCurves,1024,diff1,0,7,0.9822236641319537
StarLightCurves,1024,diff1,0,8,0.9760316159248329
StarLightCurves,1024,diff1,0,9,0.9681814743857063
StarLightCurves,1024,diff1,0,10,0.9587952864703755
StarLightCurves,1024,diff1,0,11,0.9489055840047307
StarLightCurves,1024,diff1,0,12,0.9388993254410062
StarLightCurves,1024,diff1,0,13,0.9292093360011487
StarLightCurves,1024,diff1,0,14,0.9193225296567458
StarLightCurves,1024,diff1,0,15,0.9091186949302242
StarLightCurves,1024,diff1,0,16,0.8980114941386161
StarLightCurves,1024,diff1,0,17,0.8855458135990983
StarLightCurves,1024,diff1,0,18,0.8695171469329883
StarLightCurves,1024,diff1,0,19,0.8495067853444771
StarLightCurves,1024,diff1,0,20,0.8230547280481552
StarLightCurves,1024,diff1,0,21,0.7911087912636702
StarLightCurves,1024,diff1,0,22,0.7546198682210261
StarLightCurves,1024,diff1,0,23,0.7157489556121814
StarLightCurves,1024,diff1,0,24,0.6737886887840248
StarLightCurves,1024,diff1,0,25,0.6340485564511424
StarLightCurves,1024,diff1,0,26,0.5952137164107875
StarLightCurves,1024,diff1,0,27,0.5636379306427102
StarLightCurves,1024,diff1,0,28,0.5326073783322387
StarLightCurves,1024,diff1,0,29,0.5070702439054348
StarLightCurves,1024,diff1,0,30,0.4807467494639986
StarLightCurves,1024,diff1,0,31,0.4601590060380697
StarLightCurves,1024,diff1,0,32,0.43996068356138734
StarLightCurves,1024,diff1,0,33,0.4260040514764856
StarLightCurves,1024,diff1,0,34,0.4134045142004865
StarLightCurves,1024,diff1,0,35,0.4063678224638446
StarLightCurves,1024,diff1,0,36,0.3990145484748226
StarLightCurves,1024,diff1,0,37,0.39592643238932845
StarLightCurves,1024,diff1,0,38,0.3920289942434408
StarLightCurves,1024,diff1,0,39,0.3916884737330846
StarLightCurves,1024,diff1,0,40,0.389707339486989
StarLightCurves,1024,diff1,0,41,0.3910676263421187
StarLightCurves,1024,diff1,0,42,0.3911765708999466
StarLightCurves,1024,diff1,0,43,0.39406488956548974
StarLightCurves,1024,diff1,0,44,0.39610487242778725
StarLightCurves,1024,diff1,0,45,0.40016950979067223
StarLightCurves,1024,diff1,0,46,0.4032386821937851
StarLightCurves,1024,diff1,0,47,0.40868127017527656
StarLightCurves,1024,diff1,0,48,0.4129158559823194
StarLightCurves,1024,diff1,0,49,0.41880688758900586
StarLightCurves,1024,diff1,0,50,0.42397633311282645
StarLightCurves,1024,diff1,0,51,0.4303010043581423
StarLightCurves,1024,diff1,0,52,0.43555898401177895
StarLightCurves,1024,diff1,0,53,0.4425428758792501
StarLightCurves,1024,diff1,0,54,0.44845522134174104
StarLightCurves,1024,diff1,0,55,0.455437861578013
StarLightCurves,1024,diff1,0,56,0.4615694650236632
StarLightCurves,1024,diff1,0,57,0.46851233268606196
StarLightCurves,1024,diff1,0,58,0.4746427789973636
StarLightCurves,1024,diff1,0,59,0.48107466132029464
StarLightCurves,1024,diff1,0,60,0.487567155537806
StarLightCurves,1024,diff1,0,61,0.49453006276395367
StarLightCurves,1024,diff1,0,62,0.5006996252952067
StarLightCurves,1024,diff1,0,63,0.5077110934745166
StarLightCurves,1024,diff1,0,64,0.5141464156806916
StarLightCurves,1024,diff1,0,65,0.5209350850228658
StarLightCurves,1024,diff1,0,66,0.5272675495248418
StarLightCurves,1024,diff1,0,67,0.5339722021015441
StarLightCurves,1024,diff1,0,68,0.5407374068582901
StarLightCurves,1024,diff1,0,69,0.5475720022382395
StarLightCurves,1024,diff1,0,70,0.5543608626108177
StarLightCurves,1024,diff1,0,71,0.5616701264932101
StarLightCurves,1024,diff1,0,72,0.5686545228527325
StarLightCurves,1024,diff1,0,73,0.5760487498617143
StarLightCurves,1024,diff1,0,74,0.5830458051222143
StarLightCurves,1024,diff1,0,75,0.5903372956819465
StarLightCurves,1024,diff1,0,76,0.5973927077009176
StarLightCurves,1024,diff1,0,77,0.6043797864299179
StarLightCurves,1024,diff1,0,78,0.6111996980706893
StarLightCurves,1024,diff1,0,79,0.6180621804879838
StarLightCurves,1024,diff1,0,80,0.6249414967204387
StarLightCurves,1024,diff1,0,81,0.6316514850975344
StarLightCurves,1024,diff1,0,82,0.6384641454181476
StarLightCurves,1024,diff1,0,83,0.6450872558662346
StarLightCurves,1024,diff1,0,84,0.6520037353698706
StarLightCurves,1024,diff1,0,85,0.6587890145783801
StarLightCurves,1024,diff1,0,86,0.6652511350349783
StarLightCurves,1024,diff1,0,87,0.6714447665866528
StarLightCurves,1024,diff1,0,88,0.6778011386400125
StarLightCurves,1024,diff1,0,89,0.6839287002849608
StarLightCurves,1024,diff1,0,90,0.6901874308045978
StarLightCurves,1024,diff1,0,91,0.6961037818929717
StarLightCurves,1024,diff1,0,92,0.7022079866028575
StarLightCurves,1024,diff1,0,93,0.707914909027298
StarLightCurves,1024,diff1,0,94,0.7136734872741797
StarLightCurves,1024,diff1,0,95,0.719209948236644
StarLightCurves,1024,diff1,0,96,0.7248294619445304
StarLightCurves,1024,diff1,0,97,0.7300383489296722
StarLightCurves,1024,diff1,0,98,0.7354355208521601
StarLightCurves,1024,diff1,0,99,0.7404092382519596
StarLightCurves,1024,diff1,0,100,0.7453594227317865
StarLightCurves,1024,diff1,0,101,0.7499703036017861
StarLightCurves,1024,diff1,0,102,0.7548408860569957
StarLightCurves,1024,diff1,0,103,0.7591188751628388
StarLightCurves,1024,diff1,0,104,0.7635204885166387
StarLightCurves,1024,diff1,0,105,0.7673093153544449
StarLightCurves,1024,diff1,0,106,0.7712040659767875
StarLightCurves,1024,diff1,0,107,0.7747546459493837
StarLightCurves,1024,diff1,0,108,0.7783575155767899
StarLightCurves,1024,diff1,0,109,0.7815117657713091
StarLightCurves,1024,diff1,0,110,0.78466722553598
StarLightCurves,1024,diff1,0,111,0.7873929392875012
StarLightCurves,1024,diff1,0,112,0.790168466242069
StarLightCurves,1024,diff1,0,113,0.792321825336274
StarLightCurves,1024,diff1,0,114,0.7946630668082143
StarLightCurves,1024,diff1,0,115,0.796461534675711
StarLightCurves,1024,diff1,0,116,0.7981310932809796
StarLightCurves,1024,diff1,0,117,0.7991282834339622
StarLightCurves,1024,diff1,0,118,0.8004555540426819
StarLightCurves,1024,diff1,0,119,0.8009221327533217
StarLightCurves,1024,diff1,0,120,0.8015626641926711
StarLightCurves,1024,diff1,0,121,0.8008061965084837
StarLightCurves,1024,diff1,0,122,0.8007153289935539
StarLightCurves,1024,diff1,0,123,0.7994884103300346
StarLightCurves,1024,diff1,0,124,0.798805552242064
StarLightCurves,1024,diff1,0,125,0.7966826225357684
StarLightCurves,1024,diff1,0,126,0.795188437859589
StarLightCurves,1024,diff1,0,127,0.7922906415936352
StarLightCurves,1024,diff1,0,128,0.7899073442056103
StarLightCurves,1024,diff1,0,129,0.7860575814491789
StarLightCurves,1024,diff1,0,130,0.7830319717575634
StarLightCurves,1024,diff1,0,131,0.777809845108163
StarLightCurves,1024,diff1,0,132,0.773909526607309
StarLightCurves,1024,diff1,0,133,0.7672458020610731
StarLightCurves,1024,diff1,0,134,0.7623493970945404
StarLightCurves,1024,diff1,0,135,0.7547750679756473
StarLightCurves,1024,diff1,0,136,0.7490546563607292
StarLightCurves,1024,diff1,0,137,0.7402787008263575
StarLightCurves,1024,diff1,0,138,0.7336811292185931
StarLightCurves,1024,diff1,0,139,0.7247352848310931
StarLightCurves,1024,diff1,0,140,0.71725168153405
StarLightCurves,1024,diff1,0,141,0.707010738485997
StarLightCurves,1024,diff1,0,142,0.6990317757664525
StarLightCurves,1024,diff1,0,143,0.687514000449441
StarLightCurves,1024,diff1,0,144,0.6787988142134885
StarLightCurves,1024,diff1,0,145,0.6660329096475381
StarLightCurves,1024,diff1,0,146,0.6568718676774251
StarLightCurves,1024,diff1,0,147,0.6439851708770876
StarLightCurves,1024,diff1,0,148,0.6335666793717222
StarLightCurves,1024,diff1,0,149,0.6193435519266549
StarLightCurves,1024,diff1,0,150,0.6093438076593012
StarLightCurves,1024,diff1,0,151,0.5945032022040334
StarLightCurves,1024,diff1,0,152,0.5833894025101988
StarLightCurves,1024,diff1,0,153,0.5682353062011151
StarLightCurves,1024,diff1,0,154,0.5570331014803044
StarLightCurves,1024,diff1,0,155,0.5410058059052311
StarLightCurves,1024,diff1,0,156,0.5299342516902578
StarLightCurves,1024,diff1,0,157,0.5135649167579671
StarLightCurves,1024,diff1,0,158,0.5029775866689413
StarLightCurves,1024,diff1,0,159,0.48698240551460864
StarLightCurves,1024,diff1,0,160,0.47638203498660403
StarLightCurves,1024,diff1,0,161,0.46075326786938964
StarLightCurves,1024,diff1,0,162,0.45085765516434
StarLightCurves,1024,diff1,0,163,0.4359364160117078
StarLightCurves,1024,diff1,0,164,0.4270182173887492
StarLightCurves,1024,diff1,0,165,0.4125815366594929
StarLightCurves,1024,diff1,0,166,0.4045404946204001
StarLightCurves,1024,diff1,0,167,0.39078829398462844
StarLightCurves,1024,diff1,0,168,0.38335229489196104
StarLightCurves,1024,diff1,0,169,0.3702032050939779
StarLightCurves,1024,diff1,0,170,0.36414725665462344
StarLightCurves,1024,diff1,0,171,0.35220644529882655
StarLightCurves,1024,diff1,0,172,0.346914397863245
StarLightCurves,1024,diff1,0,173,0.3353028173577473
StarLightCurves,1024,diff1,0,174,0.3308953137000531
StarLightCurves,1024,diff1,0,175,0.32051045849975945
StarLightCurves,1024,diff1,0,176,0.31730994215754604
StarLightCurves,1024,diff1,0,177,0.30835296170409265
StarLightCurves,1024,diff1,0,178,0.30583311140461644
StarLightCurves,1024,diff1,0,179,0.2980332909106164
StarLightCurves,1024,diff1,0,180,0.2970207612052578
StarLightCurves,1024,diff1,0,181,0.2901990997725328
StarLightCurves,1024,diff1,0,182,0.2900048742488946
StarLightCurves,1024,diff1,0,183,0.28411790707899875
StarLightCurves,1024,diff1,0,184,0.2851860221220071
StarLightCurves,1024,diff1,0,185,0.28079834319669433
StarLightCurves,1024,diff1,0,186,0.28266215436645825
StarLightCurves,1024,diff1,0,187,0.27950691974133207
StarLightCurves,1024,diff1,0,188,0.2829745038353219
StarLightCurves,1024,diff1,0,189,0.28106564560043823
StarLightCurves,1024,diff1,0,190,0.28532296097263676
StarLightCurves,1024,diff1,0,191,0.2839931035576989
StarLightCurves,1024,diff1,0,192,0.2895256602724079
StarLightCurves,1024,diff1,0,193,0.2893661132769993
StarLightCurves,1024,diff1,0,194,0.29549692479204276
StarLightCurves,1024,diff1,0,195,0.29609993263699586
StarLightCurves,1024,diff1,0,196,0.3038524554208202
StarLightCurves,1024,diff1,0,197,0.3063330669310576
StarLightCurves,1024,diff1,0,198,0.31547723817851175
StarLightCurves,1024,diff1,0,199,0.31893361502830925
StarLightCurves,1024,diff1,0,200,0.32812168113870804
StarLightCurves,1024,diff1,0,201,0.3327530085653022
StarLightCurves,1024,diff1,0,202,0.3437736885169186
StarLightCurves,1024,diff1,0,203,0.34983401377657336
StarLightCurves,1024,diff1,0,204,0.3615914804976496
StarLightCurves,1024,diff1,0,205,0.3695961240200467
StarLightCurves,1024,diff1,0,206,0.3832895289912819
StarLightCurves,1024,diff1,0,207,0.3932521890369975
StarLightCurves,1024,diff1,0,208,0.40849617963972984
StarLightCurves,1024,diff1,0,209,0.42010068741767725
StarLightCurves,1024,diff1,0,210,0.4365806044569477
StarLightCurves,1024,diff1,0,211,0.44920331035152244
StarLightCurves,1024,diff1,0,212,0.4668354870620124
StarLightCurves,1024,diff1,0,213,0.48173228107956373
StarLightCurves,1024,diff1,0,214,0.5007398240180878
StarLightCurves,1024,diff1,0,215,0.5169565067108381
StarLightCurves,1024,diff1,0,216,0.5366906261201463
StarLightCurves,1024,diff1,0,217,0.554121075899368
StarLightCurves,1024,diff1,0,218,0.5744357928336462
StarLightCurves,1024,diff1,0,219,0.5930669925197758
StarLightCurves,1024,diff1,0,220,0.6143121977065468
StarLightCurves,1024,diff1,0,221,0.6328442428208437
StarLightCurves,1024,diff1,0,222,0.6534811321176811
StarLightCurves,1024,diff1,0,223,0.6724683699652219
StarLightCurves,1024,diff1,0,224,0.6934020242359045
StarLightCurves,1024,diff1,0,225,0.7127297805293992
StarLightCurves,1024,diff1,0,226,0.7337843634803133
StarLightCurves,1024,diff1,0,227,0.7540334716690994
StarLightCurves,1024,diff1,0,228,0.7753788307976832
StarLightCurves,1024,diff1,0,229,0.795373844309903
StarLightCurves,1024,diff1,0,230,0.8170823415001626
StarLightCurves,1024,diff1,0,231,0.8389447047750413
StarLightCurves,1024,diff1,0,232,0.8603101216622453
StarLightCurves,1024,diff1,0,233,0.8810429285625047
StarLightCurves,1024,diff1,0,234,0.8994598065348247
StarLightCurves,1024,diff1,0,235,0.9154331748273269
StarLightCurves,1024,diff1,0,236,0.9274518471875036
StarLightCurves,1024,diff1,0,237,0.9361370153751216
StarLightCurves,1024,diff1,0,238,0.9428315274356031
StarLightCurves,1024,diff1,0,239,0.9472013300156618
StarLightCurves,1024,diff1,0,240,0.9511209837276069
StarLightCurves,1024,diff1,0,241,0.9544856108091848
StarLightCurves,1024,diff1,0,242,0.9584100158023736
StarLightCurves,1024,diff1,0,243,0.9629305996676294
StarLightCurves,1024,diff1,0,244,0.9677433091018083
StarLightCurves,1024,diff1,0,245,0.9726605118208703
StarLightCurves,1024,diff1,0,246,0.9771482019702556
StarLightCurves,1024,diff1,0,247,0.9809133445136413
StarLightCurves,1024,diff1,0,248,0.9838961166066261
StarLightCurves,1024,diff1,0,249,0.9860540142488619
StarLightCurves,1024,diff1,0,250,0.9874826018481858
StarLightCurves,1024,diff1,0,251,0.9879873165404831
StarLightCurves,1024,diff1,0,252,0.9876333575001705
StarLightCurves,1024,diff1,0,253,0.9865973431758401
StarLightCurves,1024,diff1,0,254,0.9839607449494229
StarLightCurves,1024,diff1,1,257,0.995447522777136
StarLightCurves,1024,diff1,1,258,0.9956567614661206
StarLightCurves,1024,diff1,1,259,0.9950799272306653
StarLightCurves,1024,diff1,1,260,0.9926575871641936
StarLightCurves,1024,diff1,1,261,0.9929245608401485
StarLightCurves,1024,diff1,1,262,0.988861140871719
StarLightCurves,1024,diff1,1,263,0.987513130328326
StarLightCurves,1024,diff1,1,264,0.9739921001586864
StarLightCurves,1024,diff1,1,265,0.954911153089312
StarLightCurves,1024,diff1,1,266,0.9016297649090439
StarLightCurves,1024,diff1,1,267,0.8415391262359387
StarLightCurves,1024,diff1,1,268,0.7319103036325127
StarLightCurves,1024,diff1,1,269,0.6707061073252203
StarLightCurves,1024,diff1,1,270,0.5599855145836783
StarLightCurves,1024,diff1,1,271,0.5177539858261185
StarLightCurves,1024,diff1,1,272,0.4280858334152945
StarLightCurves,1024,diff1,1,273,0.3835958935386162
StarLightCurves,1024,diff1,1,274,0.32351007390243375
StarLightCurves,1024,diff1,1,275,0.2703840769741466
StarLightCurves,1024,diff1,1,276,0.24256848786362836
StarLightCurves,1024,diff1,1,277,0.17313428206308756
StarLightCurves,1024,diff1,1,278,0.17666617604252277
StarLightCurves,1024,diff1,1,279,0.1020494756133171
StarLightCurves,1024,diff1,1,280,0.13158192566924054
StarLightCurves,1024,diff1,1,281,0.0673669566297678
StarLightCurves,1024,diff1,1,282,0.10213811199584584
StarLightCurves,1024,diff1,1,283,0.060600335457787355
StarLightCurves,1024,diff1,1,284,0.08466303318420246
StarLightCurves,1024,diff1,1,285,0.07611459521038547
StarLightCurves,1024,diff1,1,286,0.07829332672152584
StarLightCurves,1024,diff1,1,287,0.10527978468823862
StarLightCurves,1024,diff1,1,288,0.08213107242969339
StarLightCurves,1024,diff1,1,289,0.1439800619347371
StarLightCurves,1024,diff1,1,290,0.0977031774080921
StarLightCurves,1024,diff1,1,291,0.19125475153094823
StarLightCurves,1024,diff1,1,292,0.12271610320390364
StarLightCurves,1024,diff1,1,293,0.24228187695966769
StarLightCurves,1024,diff1,1,294,0.15449404236021208
StarLightCurves,1024,diff1,1,295,0.29725992704178855
StarLightCurves,1024,diff1,1,296,0.1914975949742984
StarLightCurves,1024,diff1,1,297,0.35393850408648864
StarLightCurves,1024,diff1,1,298,0.23106996236550809
StarLightCurves,1024,diff1,1,299,0.4103602848810399
StarLightCurves,1024,diff1,1,300,0.27403180312299064
StarLightCurves,1024,diff1,1,301,0.4663040385324283
StarLightCurves,1024,diff1,1,302,0.3189770233484016
StarLightCurves,1024,diff1,1,303,0.520164056441337
StarLightCurves,1024,diff1,1,304,0.36483748198222865
StarLightCurves,1024,diff1,1,305,0.5705547952323711
StarLightCurves,1024,diff1,1,306,0.40907796501150034
StarLightCurves,1024,diff1,1,307,0.6171386631078578
StarLightCurves,1024,diff1,1,308,0.4510684668834372
StarLightCurves,1024,diff1,1,309,0.6582648021162507
StarLightCurves,1024,diff1,1,310,0.487799519749112
StarLightCurves,1024,diff1,1,311,0.6917740301499485
StarLightCurves,1024,diff1,1,312,0.5178247828678274
StarLightCurves,1024,diff1,1,313,0.7181800515036819
StarLightCurves,1024,diff1,1,314,0.5421652964871778
StarLightCurves,1024,diff1,1,315,0.7350670324226677
StarLightCurves,1024,diff1,1,316,0.5604076279776935
StarLightCurves,1024,diff1,1,317,0.7415605080864032
StarLightCurves,1024,diff1,1,318,0.5736283641598227
StarLightCurves,1024,diff1,1,319,0.734163821910942
StarLightCurves,1024,diff1,1,320,0.578548101074157
StarLightCurves,1024,diff1,1,321,0.714046423874789
StarLightCurves,1024,diff1,1,322,0.5770495733010162
StarLightCurves,1024,diff1,1,323,0.6844755036948413
StarLightCurves,1024,diff1,1,324,0.5673245632817925
StarLightCurves,1024,diff1,1,325,0.6466739830638559
StarLightCurves,1024,diff1,1,326,0.5560147728560513
StarLightCurves,1024,diff1,1,327,0.603831003502194
StarLightCurves,1024,diff1,1,328,0.5426934667532031
StarLightCurves,1024,diff1,1,329,0.5575759130624789
StarLightCurves,1024,diff1,1,330,0.5287697382566414
StarLightCurves,1024,diff1,1,331,0.508544279608062
StarLightCurves,1024,diff1,1,332,0.5141908779379799
StarLightCurves,1024,diff1,1,333,0.4587116688109133
StarLightCurves,1024,diff1,1,334,0.5009918639014119
StarLightCurves,1024,diff1,1,335,0.4104859489187267
StarLightCurves,1024,diff1,1,336,0.48887696858212104
StarLightCurves,1024,diff1,1,337,0.3631659064747994
StarLightCurves,1024,diff1,1,338,0.47710299532532774
StarLightCurves,1024,diff1,1,339,0.3180686381696975
StarLightCurves,1024,diff1,1,340,0.4661357404686344
StarLightCurves,1024,diff1,1,341,0.27464077559991584
StarLightCurves,1024,diff1,1,342,0.454585981789312
StarLightCurves,1024,diff1,1,343,0.23527329538606348
StarLightCurves,1024,diff1,1,344,0.44587555956840264
StarLightCurves,1024,diff1,1,345,0.2008869464578122
StarLightCurves,1024,diff1,1,346,0.44030681919070735
StarLightCurves,1024,diff1,1,347,0.17460075294214583
StarLightCurves,1024,diff1,1,348,0.43777517670994287
StarLightCurves,1024,diff1,1,349,0.15373613668867583
StarLightCurves,1024,diff1,1,350,0.4379465441851432
StarLightCurves,1024,diff1,1,351,0.1404587717223657
StarLightCurves,1024,diff1,1,352,0.4413694078319176
StarLightCurves,1024,diff1,1,353,0.13667030828369084
StarLightCurves,1024,diff1,1,354,0.4485527520532555
StarLightCurves,1024,diff1,1,355,0.1448425661486402
StarLightCurves,1024,diff1,1,356,0.4611681447731493
StarLightCurves,1024,diff1,1,357,0.16769443362141723
StarLightCurves,1024,diff1,1,358,0.4833703280773426
StarLightCurves,1024,diff1,1,359,0.21207411418853467
StarLightCurves,1024,diff1,1,360,0.5170778954520295
StarLightCurves,1024,diff1,1,361,0.28197783694784656
StarLightCurves,1024,diff1,1,362,0.5629910726661754
StarLightCurves,1024,diff1,1,363,0.38073076945209783
StarLightCurves,1024,diff1,1,364,0.6194324788339707
StarLightCurves,1024,diff1,1,365,0.49208291822661643
StarLightCurves,1024,diff1,1,366,0.6811095696800339
StarLightCurves,1024,diff1,1,367,0.6028298005527523
StarLightCurves,1024,diff1,1,368,0.7437884228221959
StarLightCurves,1024,diff1,1,369,0.7083516709542818
StarLightCurves,1024,diff1,1,370,0.8171880880020601
StarLightCurves,1024,diff1,1,371,0.8259820036026567
StarLightCurves,1024,diff1,1,372,0.9095746374266064
StarLightCurves,1024,diff1,1,373,0.9328056525185563
StarLightCurves,1024,diff1,1,374,0.9705185367311553
StarLightCurves,1024,diff1,1,375,0.9795062553209052
StarLightCurves,1024,diff1,1,376,0.9907366554740429
StarLightCurves,1024,diff1,1,377,0.991944648535485
StarLightCurves,1024,diff1,1,378,0.9946795562416988
StarLightCurves,1024,diff1,1,379,0.9948644900781825
StarLightCurves,1024,diff1,1,380,0.9954340278455535
StarLightCurves,1024,diff1,1,381,0.9951941415010553
StarLightCurves,1024,diff1,1,382,0.9941566703201798
StarLightCurves,1024,diff1,1,385,0.9929121880061998
StarLightCurves,1024,diff1,1,386,0.9945987666641342
StarLightCurves,1024,diff1,1,387,0.9929657927230774
StarLightCurves,1024,diff1,1,388,0.9913223598799282
StarLightCurves,1024,diff1,1,389,0.9897699661032482
StarLightCurves,1024,diff1,1,390,0.9888573450042522
StarLightCurves,1024,diff1,1,391,0.985965981556451
StarLightCurves,1024,diff1,1,392,0.9835034852117089
StarLightCurves,1024,diff1,1,393,0.9677846686320032
StarLightCurves,1024,diff1,1,394,0.959106851090639
StarLightCurves,1024,diff1,1,395,0.9171369594414296
StarLightCurves,1024,diff1,1,396,0.9181989896717201
StarLightCurves,1024,diff1,1,397,0.8610143057884095
StarLightCurves,1024,diff1,1,398,0.8918006933677622
StarLightCurves,1024,diff1,1,399,0.8241973469711097
StarLightCurves,1024,diff1,1,400,0.8771901140197724
StarLightCurves,1024,diff1,1,401,0.7940744995827167
StarLightCurves,1024,diff1,1,402,0.8673159854607241
StarLightCurves,1024,diff1,1,403,0.7696256851620775
StarLightCurves,1024,diff1,1,404,0.8602651872030984
StarLightCurves,1024,diff1,1,405,0.7466207445223982
StarLightCurves,1024,diff1,1,406,0.8559238574515298
StarLightCurves,1024,diff1,1,407,0.7290541900460409
StarLightCurves,1024,diff1,1,408,0.8552553237877237
StarLightCurves,1024,diff1,1,409,0.7164764955726569
StarLightCurves,1024,diff1,1,410,0.8570011836712638
StarLightCurves,1024,diff1,1,411,0.7078725940735482
StarLightCurves,1024,diff1,1,412,0.8599887465978663
StarLightCurves,1024,diff1,1,413,0.7009158955515301
StarLightCurves,1024,diff1,1,414,0.8640700299097427
StarLightCurves,1024,diff1,1,415,0.6952062778965938
StarLightCurves,1024,diff1,1,416,0.8684614851604405
StarLightCurves,1024,diff1,1,417,0.6906253756169084
StarLightCurves,1024,diff1,1,418,0.8734357184074274
StarLightCurves,1024,diff1,1,419,0.6865268845617024
StarLightCurves,1024,diff1,1,420,0.8786933858137551
StarLightCurves,1024,diff1,1,421,0.6832416534046604
StarLightCurves,1024,diff1,1,422,0.8844913408177081
StarLightCurves,1024,diff1,1,423,0.679968541259129
StarLightCurves,1024,diff1,1,424,0.8896746600146166
StarLightCurves,1024,diff1,1,425,0.674839039882007
StarLightCurves,1024,diff1,1,426,0.8945144379529467
StarLightCurves,1024,diff1,1,427,0.6696306110702631
StarLightCurves,1024,diff1,1,428,0.8996817275949651
StarLightCurves,1024,diff1,1,429,0.6640984721790123
StarLightCurves,1024,diff1,1,430,0.9044682197670492
StarLightCurves,1024,diff1,1,431,0.656388449269251
StarLightCurves,1024,diff1,1,432,0.9088909162681053
StarLightCurves,1024,diff1,1,433,0.6480506561267728
StarLightCurves,1024,diff1,1,434,0.9128921394995878
StarLightCurves,1024,diff1,1,435,0.6396504742129855
StarLightCurves,1024,diff1,1,436,0.916357546195496
StarLightCurves,1024,diff1,1,437,0.6291782406354677
StarLightCurves,1024,diff1,1,438,0.9190885221345328
StarLightCurves,1024,diff1,1,439,0.6190986105821441
StarLightCurves,1024,diff1,1,440,0.9210586354742876
StarLightCurves,1024,diff1,1,441,0.6083133578783703
StarLightCurves,1024,diff1,1,442,0.9211619676596348
StarLightCurves,1024,diff1,1,443,0.5972631756602954
StarLightCurves,1024,diff1,1,444,0.9193979134409332
StarLightCurves,1024,diff1,1,445,0.5914426245982027
StarLightCurves,1024,diff1,1,446,0.9158007164668708
StarLightCurves,1024,diff1,1,447,0.5890623160263534
StarLightCurves,1024,diff1,1,448,0.9087608550602646
StarLightCurves,1024,diff1,1,449,0.5931493537076717
StarLightCurves,1024,diff1,1,450,0.8980480304186503
StarLightCurves,1024,diff1,1,451,0.6025971116379538
StarLightCurves,1024,diff1,1,452,0.8826340575438113
StarLightCurves,1024,diff1,1,453,0.6161116151901554
StarLightCurves,1024,diff1,1,454,0.8624981831378802
StarLightCurves,1024,diff1,1,455,0.6304692116216962
StarLightCurves,1024,diff1,1,456,0.8367593384903762
StarLightCurves,1024,diff1,1,457,0.6446990126045208
StarLightCurves,1024,diff1,1,458,0.8046646656477164
StarLightCurves,1024,diff1,1,459,0.6560316397374938
StarLightCurves,1024,diff1,1,460,0.7657316240971829
StarLightCurves,1024,diff1,1,461,0.6648449828133702
StarLightCurves,1024,diff1,1,462,0.723330724619254
StarLightCurves,1024,diff1,1,463,0.6735944381825659
StarLightCurves,1024,diff1,1,464,0.6804074089145103
StarLightCurves,1024,diff1,1,465,0.6822192764367897
StarLightCurves,1024,diff1,1,466,0.6374067747630427
StarLightCurves,1024,diff1,1,467,0.6887816641732983
StarLightCurves,1024,diff1,1,468,0.5976033287176041
StarLightCurves,1024,diff1,1,469,0.6944801219156868
StarLightCurves,1024,diff1,1,470,0.5636471297058201
StarLightCurves,1024,diff1,1,471,0.6997701863502541
StarLightCurves,1024,diff1,1,472,0.5371270172998299
StarLightCurves,1024,diff1,1,473,0.704252573854821
StarLightCurves,1024,diff1,1,474,0.5171697685961781
StarLightCurves,1024,diff1,1,475,0.7081040509421656
StarLightCurves,1024,diff1,1,476,0.504292612820312
StarLightCurves,1024,diff1,1,477,0.7108039272609983
StarLightCurves,1024,diff1,1,478,0.4974202188946205
StarLightCurves,1024,diff1,1,479,0.7140177148597314
StarLightCurves,1024,diff1,1,480,0.4972111608195742
StarLightCurves,1024,diff1,1,481,0.7181051519545496
StarLightCurves,1024,diff1,1,482,0.5041239685460055
StarLightCurves,1024,diff1,1,483,0.7236149614172984
StarLightCurves,1024,diff1,1,484,0.5158451009623977
StarLightCurves,1024,diff1,1,485,0.7296920030377034
StarLightCurves,1024,diff1,1,486,0.5334793867731203
StarLightCurves,1024,diff1,1,487,0.7388829697367842
StarLightCurves,1024,diff1,1,488,0.5599034466671592
StarLightCurves,1024,diff1,1,489,0.7514423218664148
StarLightCurves,1024,diff1,1,490,0.5961032999770774
StarLightCurves,1024,diff1,1,491,0.7702407224742169
StarLightCurves,1024,diff1,1,492,0.6424282453558829
StarLightCurves,1024,diff1,1,493,0.7894455745499247
StarLightCurves,1024,diff1,1,494,0.6900116970551704
StarLightCurves,1024,diff1,1,495,0.8107581584895448
StarLightCurves,1024,diff1,1,496,0.7425493382955836
StarLightCurves,1024,diff1,1,497,0.8407105082974327
StarLightCurves,1024,diff1,1,498,0.8091247557465345
StarLightCurves,1024,diff1,1,499,0.886344792244874
StarLightCurves,1024,diff1,1,500,0.8908392281597134
StarLightCurves,1024,diff1,1,501,0.9462246764098045
StarLightCurves,1024,diff1,1,502,0.9597086865693746
StarLightCurves,1024,diff1,1,503,0.9795664635857366
StarLightCurves,1024,diff1,1,504,0.9830085168372426
StarLightCurves,1024,diff1,1,505,0.9879068090624813
StarLightCurves,1024,diff1,1,506,0.9893136064220605
StarLightCurves,1024,diff1,1,507,0.9914939356917144
StarLightCurves,1024,diff1,1,508,0.992979611551969
StarLightCurves,1024,diff1,1,509,0.9947466125953163
StarLightCurves,1024,diff1,1,510,0.9924321887037761
StarLightCurves,1024,diff1,1,513,0.9725564936728085
StarLightCurves,1024,diff1,1,514,0.9847668381913819
StarLightCurves,1024,diff1,1,515,0.9876572104125053
StarLightCurves,1024,diff1,1,516,0.9905507241879062
StarLightCurves,1024,diff1,1,517,0.9906839027191156
StarLightCurves,1024,diff1,1,518,0.9898698658890381
StarLightCurves,1024,diff1,1,519,0.9845823517363136
StarLightCurves,1024,diff1,1,520,0.9682656516808089
StarLightCurves,1024,diff1,1,521,0.9353473539412327
StarLightCurves,1024,diff1,1,522,0.8737072263147343
StarLightCurves,1024,diff1,1,523,0.7871809997832758
StarLightCurves,1024,diff1,1,524,0.691433854107062
StarLightCurves,1024,diff1,1,525,0.5941361738952275
StarLightCurves,1024,diff1,1,526,0.5122420975614635
StarLightCurves,1024,diff1,1,527,0.43482366797343575
StarLightCurves,1024,diff1,1,528,0.35884062805663225
StarLightCurves,1024,diff1,1,529,0.2980446955703152
StarLightCurves,1024,diff1,1,530,0.22565712164791663
StarLightCurves,1024,diff1,1,531,0.18146203796344162
StarLightCurves,1024,diff1,1,532,0.10835914129508614
StarLightCurves,1024,diff1,1,533,0.0750079051846317
StarLightCurves,1024,diff1,1,534,0.005685442696066017
StarLightCurves,1024,diff1,1,535,-0.013505905510067494
StarLightCurves,1024,diff1,1,536,-0.0709128573096601
StarLightCurves,1024,diff1,1,537,-0.08491261541084671
StarLightCurves,1024,diff1,1,538,-0.12071509786087463
StarLightCurves,1024,diff1,1,539,-0.14023329320416508
StarLightCurves,1024,diff1,1,540,-0.13797076783244053
StarLightCurves,1024,diff1,1,541,-0.1717762905260789
StarLightCurves,1024,diff1,1,542,-0.1233875667241836
StarLightCurves,1024,diff1,1,543,-0.17802103412742248
StarLightCurves,1024,diff1,1,544,-0.08181142199131505
StarLightCurves,1024,diff1,1,545,-0.15575897233860894
StarLightCurves,1024,diff1,1,546,-0.017549805210736225
StarLightCurves,1024,diff1,1,547,-0.10897961789032258
StarLightCurves,1024,diff1,1,548,0.06281899737735346
StarLightCurves,1024,diff1,1,549,-0.039765999696751646
StarLightCurves,1024,diff1,1,550,0.15639983695692836
StarLightCurves,1024,diff1,1,551,0.049509064556391265
StarLightCurves,1024,diff1,1,552,0.25847138906945266
StarLightCurves,1024,diff1,1,553,0.15579981105727145
StarLightCurves,1024,diff1,1,554,0.36515126214244265
StarLightCurves,1024,diff1,1,555,0.2696195090759433
StarLightCurves,1024,diff1,1,556,0.46672585001675915
StarLightCurves,1024,diff1,1,557,0.3761744766864031
StarLightCurves,1024,diff1,1,558,0.5544958628113318
StarLightCurves,1024,diff1,1,559,0.4650935463659899
StarLightCurves,1024,diff1,1,560,0.6220647140861121
StarLightCurves,1024,diff1,1,561,0.5305639302252245
StarLightCurves,1024,diff1,1,562,0.6673154852655178
StarLightCurves,1024,diff1,1,563,0.5758791618906155
StarLightCurves,1024,diff1,1,564,0.6937242329133303
StarLightCurves,1024,diff1,1,565,0.6045479638775708
StarLightCurves,1024,diff1,1,566,0.7060058698732762
StarLightCurves,1024,diff1,1,567,0.6216521010266919
StarLightCurves,1024,diff1,1,568,0.7085231718408294
StarLightCurves,1024,diff1,1,569,0.6327363696320271
StarLightCurves,1024,diff1,1,570,0.7054729949898533
StarLightCurves,1024,diff1,1,571,0.6388705797043847
StarLightCurves,1024,diff1,1,572,0.6988095420742045
StarLightCurves,1024,diff1,1,573,0.6424892118251175
StarLightCurves,1024,diff1,1,574,0.6908141304098834
StarLightCurves,1024,diff1,1,575,0.645729288552856
StarLightCurves,1024,diff1,1,576,0.6826088451870542
StarLightCurves,1024,diff1,1,577,0.6479763133355629
StarLightCurves,1024,diff1,1,578,0.6755086280393928
StarLightCurves,1024,diff1,1,579,0.6509225444281751
StarLightCurves,1024,diff1,1,580,0.6684810235055749
StarLightCurves,1024,diff1,1,581,0.6533264777136973
StarLightCurves,1024,diff1,1,582,0.662570071620157
StarLightCurves,1024,diff1,1,583,0.6564915964238656
StarLightCurves,1024,diff1,1,584,0.6575128522389645
StarLightCurves,1024,diff1,1,585,0.6587379694374961
StarLightCurves,1024,diff1,1,586,0.6522616641349238
StarLightCurves,1024,diff1,1,587,0.6595445380193049
StarLightCurves,1024,diff1,1,588,0.6471781368552115
StarLightCurves,1024,diff1,1,589,0.660297000820542
StarLightCurves,1024,diff1,1,590,0.6434158648208903
StarLightCurves,1024,diff1,1,591,0.6608564910225153
StarLightCurves,1024,diff1,1,592,0.640560013907631
StarLightCurves,1024,diff1,1,593,0.6608194167216097
StarLightCurves,1024,diff1,1,594,0.6374248333170578
StarLightCurves,1024,diff1,1,595,0.659119463731147
StarLightCurves,1024,diff1,1,596,0.6338159016458762
StarLightCurves,1024,diff1,1,597,0.6549945495001765
StarLightCurves,1024,diff1,1,598,0.6301099204208129
StarLightCurves,1024,diff1,1,599,0.6502968020175967
StarLightCurves,1024,diff1,1,600,0.6271941666684699
StarLightCurves,1024,diff1,1,601,0.6454014645890477
StarLightCurves,1024,diff1,1,602,0.6251313150959475
StarLightCurves,1024,diff1,1,603,0.6399389908063818
StarLightCurves,1024,diff1,1,604,0.6237918359572935
StarLightCurves,1024,diff1,1,605,0.633806243893199
StarLightCurves,1024,diff1,1,606,0.6221864126799018
StarLightCurves,1024,diff1,1,607,0.6261840899605038
StarLightCurves,1024,diff1,1,608,0.6210104610147313
StarLightCurves,1024,diff1,1,609,0.6184589887250833
StarLightCurves,1024,diff1,1,610,0.6213635161695394
StarLightCurves,1024,diff1,1,611,0.6122126475179432
StarLightCurves,1024,diff1,1,612,0.6234502061069329
StarLightCurves,1024,diff1,1,613,0.6080456468921539
StarLightCurves,1024,diff1,1,614,0.6286082597984457
StarLightCurves,1024,diff1,1,615,0.6073095264011433
StarLightCurves,1024,diff1,1,616,0.6370259386236481
StarLightCurves,1024,diff1,1,617,0.6112052367926368
StarLightCurves,1024,diff1,1,618,0.6509547806439795
StarLightCurves,1024,diff1,1,619,0.6228465503212972
StarLightCurves,1024,diff1,1,620,0.6698649378393794
StarLightCurves,1024,diff1,1,621,0.6387514895990569
StarLightCurves,1024,diff1,1,622,0.6933503782271261
StarLightCurves,1024,diff1,1,623,0.6638550619756594
StarLightCurves,1024,diff1,1,624,0.7282218628331227
StarLightCurves,1024,diff1,1,625,0.7104862741847136
StarLightCurves,1024,diff1,1,626,0.778715883288679
StarLightCurves,1024,diff1,1,627,0.7781785054888337
StarLightCurves,1024,diff1,1,628,0.853040832080232
StarLightCurves,1024,diff1,1,629,0.8750893558165607
StarLightCurves,1024,diff1,1,630,0.9259206560716635
StarLightCurves,1024,diff1,1,631,0.942638974244397
StarLightCurves,1024,diff1,1,632,0.9569685137605396
StarLightCurves,1024,diff1,1,633,0.9584914352989297
StarLightCurves,1024,diff1,1,634,0.9505468459465383
StarLightCurves,1024,diff1,1,635,0.938897867024688
StarLightCurves,1024,diff1,1,636,0.9178524649920939
StarLightCurves,1024,diff1,1,637,0.8838675580083525
StarLightCurves,1024,diff1,1,638,0.8392957866869073
StarLightCurves,1024,diff1,2,641,0.8715591995715815
StarLightCurves,1024,diff1,2,642,0.908557685296073
StarLightCurves,1024,diff1,2,643,0.9261407889046955
StarLightCurves,1024,diff1,2,644,0.7298581967917362
StarLightCurves,1024,diff1,2,645,0.9088005757134526
StarLightCurves,1024,diff1,2,646,0.6471784880656833
StarLightCurves,1024,diff1,2,647,0.9214274931454531
StarLightCurves,1024,diff1,2,648,0.6072824131289676
StarLightCurves,1024,diff1,2,649,0.9330159242265369
StarLightCurves,1024,diff1,2,650,0.5795446033164575
StarLightCurves,1024,diff1,2,651,0.9384234503356724
StarLightCurves,1024,diff1,2,652,0.5659252657169583
StarLightCurves,1024,diff1,2,653,0.9435167745057537
StarLightCurves,1024,diff1,2,654,0.5656551118847952
StarLightCurves,1024,diff1,2,655,0.9481595023448186
StarLightCurves,1024,diff1,2,656,0.578111342982159
StarLightCurves,1024,diff1,2,657,0.9522107301903824
StarLightCurves,1024,diff1,2,658,0.5988567500670202
StarLightCurves,1024,diff1,2,659,0.9541633847395156
StarLightCurves,1024,diff1,2,660,0.6280461222002369
StarLightCurves,1024,diff1,2,661,0.9547063809144439
StarLightCurves,1024,diff1,2,662,0.6688443653909146
StarLightCurves,1024,diff1,2,663,0.953401574863322
StarLightCurves,1024,diff1,2,664,0.7182836872886814
StarLightCurves,1024,diff1,2,665,0.9500742694700631
StarLightCurves,1024,diff1,2,666,0.7665281297613693
StarLightCurves,1024,diff1,2,667,0.9444547782645145
StarLightCurves,1024,diff1,2,668,0.7892200810862725
StarLightCurves,1024,diff1,2,669,0.9362950212218875
StarLightCurves,1024,diff1,2,670,0.7617045709950634
StarLightCurves,1024,diff1,2,671,0.9234832769293293
StarLightCurves,1024,diff1,2,672,0.6939825690174297
StarLightCurves,1024,diff1,2,673,0.899685959511814
StarLightCurves,1024,diff1,2,674,0.6253468424919056
StarLightCurves,1024,diff1,2,675,0.8322778375396133
StarLightCurves,1024,diff1,2,676,0.5749526029045903
StarLightCurves,1024,diff1,2,677,0.5359106875387394
StarLightCurves,1024,diff1,2,678,0.5483968218491729
StarLightCurves,1024,diff1,2,679,-0.14181228852288677
StarLightCurves,1024,diff1,2,680,0.5451344090308824
StarLightCurves,1024,diff1,2,681,-0.44515854241393843
StarLightCurves,1024,diff1,2,682,0.5581998746374514
StarLightCurves,1024,diff1,2,683,-0.4770369118062778
StarLightCurves,1024,diff1,2,684,0.5876794909502117
StarLightCurves,1024,diff1,2,685,-0.3779044474715155
StarLightCurves,1024,diff1,2,686,0.6339907073840025
StarLightCurves,1024,diff1,2,687,-0.15565767359401358
StarLightCurves,1024,diff1,2,688,0.6930236403938422
StarLightCurves,1024,diff1,2,689,0.16810601409372333
StarLightCurves,1024,diff1,2,690,0.7728762334021312
StarLightCurves,1024,diff1,2,691,0.5473271832726843
StarLightCurves,1024,diff1,2,692,0.8848325994605118
StarLightCurves,1024,diff1,2,693,0.8577451257174986
StarLightCurves,1024,diff1,2,694,0.9662374022151102
StarLightCurves,1024,diff1,2,695,0.9718864966814981
StarLightCurves,1024,diff1,2,696,0.9937021141482493
StarLightCurves,1024,diff1,2,697,0.9949847156323222
StarLightCurves,1024,diff1,2,698,0.9973143545015868
StarLightCurves,1024,diff1,2,699,0.9959241708005514
StarLightCurves,1024,diff1,2,700,0.9958058957754147
StarLightCurves,1024,diff1,2,701,0.9946011463744324
StarLightCurves,1024,diff1,2,702,0.9955163363564118
StarLightCurves,1024,diff1,2,705,0.9892418367857251
StarLightCurves,1024,diff1,2,706,0.9902538832270987
StarLightCurves,1024,diff1,2,707,0.9890883641680394
StarLightCurves,1024,diff1,2,708,0.9917244522281919
StarLightCurves,1024,diff1,2,709,0.9909998080460491
StarLightCurves,1024,diff1,2,710,0.9924144015360506
StarLightCurves,1024,diff1,2,711,0.9823407097975301
StarLightCurves,1024,diff1,2,712,0.9703496796671759
StarLightCurves,1024,diff1,2,713,0.8959637113489428
StarLightCurves,1024,diff1,2,714,0.8551933932148813
StarLightCurves,1024,diff1,2,715,0.5772055454472805
StarLightCurves,1024,diff1,2,716,0.6080868702506768
StarLightCurves,1024,diff1,2,717,0.18603035645964935
StarLightCurves,1024,diff1,2,718,0.3888869653432826
StarLightCurves,1024,diff1,2,719,-0.03454203290955583
StarLightCurves,1024,diff1,2,720,0.24629520270702596
StarLightCurves,1024,diff1,2,721,-0.14305675261335588
StarLightCurves,1024,diff1,2,722,0.15846257422696525
StarLightCurves,1024,diff1,2,723,-0.16943037721032786
StarLightCurves,1024,diff1,2,724,0.11597502018022632
StarLightCurves,1024,diff1,2,725,-0.10394292687169332
StarLightCurves,1024,diff1,2,726,0.11732176056313093
StarLightCurves,1024,diff1,2,727,0.13203079515447982
StarLightCurves,1024,diff1,2,728,0.17365044727875045
StarLightCurves,1024,diff1,2,729,0.542288927959083
StarLightCurves,1024,diff1,2,730,0.29367453488572015
StarLightCurves,1024,diff1,2,731,0.7769115551333651
StarLightCurves,1024,diff1,2,732,0.46154028784796214
StarLightCurves,1024,diff1,2,733,0.8365634260068348
StarLightCurves,1024,diff1,2,734,0.6214077125355403
StarLightCurves,1024,diff1,2,735,0.8507431232111439
StarLightCurves,1024,diff1,2,736,0.7133175044193711
StarLightCurves,1024,diff1,2,737,0.8495518871449241
StarLightCurves,1024,diff1,2,738,0.7372240020046033
StarLightCurves,1024,diff1,2,739,0.8447952126074663
StarLightCurves,1024,diff1,2,740,0.7293817747552425
StarLightCurves,1024,diff1,2,741,0.841344182130381
StarLightCurves,1024,diff1,2,742,0.711538776552239
StarLightCurves,1024,diff1,2,743,0.8389898352486083
StarLightCurves,1024,diff1,2,744,0.6911517025255166
StarLightCurves,1024,diff1,2,745,0.8362633776927723
StarLightCurves,1024,diff1,2,746,0.6738899591509144
StarLightCurves,1024,diff1,2,747,0.8361811734981288
StarLightCurves,1024,diff1,2,748,0.6608864564212131
StarLightCurves,1024,diff1,2,749,0.8359540606194006
StarLightCurves,1024,diff1,2,750,0.6505504263550883
StarLightCurves,1024,diff1,2,751,0.8365699130407519
StarLightCurves,1024,diff1,2,752,0.6450578503889207
StarLightCurves,1024,diff1,2,753,0.8381218980032908
StarLightCurves,1024,diff1,2,754,0.6444172469692203
StarLightCurves,1024,diff1,2,755,0.8410309268571585
StarLightCurves,1024,diff1,2,756,0.6508091736121069
StarLightCurves,1024,diff1,2,757,0.8431965911704038
StarLightCurves,1024,diff1,2,758,0.6651130191360718
StarLightCurves,1024,diff1,2,759,0.8424835804992138
StarLightCurves,1024,diff1,2,760,0.6869995169767783
StarLightCurves,1024,diff1,2,761,0.8379754854164743
StarLightCurves,1024,diff1,2,762,0.7265609612226486
StarLightCurves,1024,diff1,2,763,0.8480128837381615
StarLightCurves,1024,diff1,2,764,0.8175258264454642
StarLightCurves,1024,diff1,2,765,0.8992423545000024
StarLightCurves,1024,diff1,2,766,0.7445362176106963
StarLightCurves,1024,diff1,2,769,0.9578307580901231
StarLightCurves,1024,diff1,2,770,0.9821954460134866
StarLightCurves,1024,diff1,2,771,0.9597496335478649
StarLightCurves,1024,diff1,2,772,0.9527878132705855
StarLightCurves,1024,diff1,2,773,0.9223935986638385
StarLightCurves,1024,diff1,2,774,0.928026109617386
StarLightCurves,1024,diff1,2,775,0.9078441210538394
StarLightCurves,1024,diff1,2,776,0.907327467114781
StarLightCurves,1024,diff1,2,777,0.9033332929609128
StarLightCurves,1024,diff1,2,778,0.8820509327791151
StarLightCurves,1024,diff1,2,779,0.8883974225161803
StarLightCurves,1024,diff1,2,780,0.8582071072185392
StarLightCurves,1024,diff1,2,781,0.8760901547685533
StarLightCurves,1024,diff1,2,782,0.8480212590759401
StarLightCurves,1024,diff1,2,783,0.8751286578751514
StarLightCurves,1024,diff1,2,784,0.8522812737235895
StarLightCurves,1024,diff1,2,785,0.8785507317132581
StarLightCurves,1024,diff1,2,786,0.8621803707327216
StarLightCurves,1024,diff1,2,787,0.8819564927736033
StarLightCurves,1024,diff1,2,788,0.879329930568839
StarLightCurves,1024,diff1,2,789,0.8875672447299419
StarLightCurves,1024,diff1,2,790,0.8982966670483163
StarLightCurves,1024,diff1,2,791,0.8905942598619159
StarLightCurves,1024,diff1,2,792,0.9173426844898147
StarLightCurves,1024,diff1,2,793,0.8926904953730457
StarLightCurves,1024,diff1,2,794,0.9338467658413483
StarLightCurves,1024,diff1,2,795,0.8930049709076737
StarLightCurves,1024,diff1,2,796,0.942714691550286
StarLightCurves,1024,diff1,2,797,0.891214508125178
StarLightCurves,1024,diff1,2,798,0.9409826748410561
StarLightCurves,1024,diff1,2,799,0.8850037548210494
StarLightCurves,1024,diff1,2,800,0.925040713980711
StarLightCurves,1024,diff1,2,801,0.8560616748431576
StarLightCurves,1024,diff1,2,802,0.8950344127137118
StarLightCurves,1024,diff1,2,803,0.7580455579585839
StarLightCurves,1024,diff1,2,804,0.8541944535380528
StarLightCurves,1024,diff1,2,805,0.5512087224613947
StarLightCurves,1024,diff1,2,806,0.8104361027942732
StarLightCurves,1024,diff1,2,807,0.3291849813228824
StarLightCurves,1024,diff1,2,808,0.7733073826874718
StarLightCurves,1024,diff1,2,809,0.19855567178580963
StarLightCurves,1024,diff1,2,810,0.7489007596710664
StarLightCurves,1024,diff1,2,811,0.16555943073588195
StarLightCurves,1024,diff1,2,812,0.7401058649586397
StarLightCurves,1024,diff1,2,813,0.21119240350255616
StarLightCurves,1024,diff1,2,814,0.7440589518602525
StarLightCurves,1024,diff1,2,815,0.31693043913662006
StarLightCurves,1024,diff1,2,816,0.7632661116251215
StarLightCurves,1024,diff1,2,817,0.47038425552792856
StarLightCurves,1024,diff1,2,818,0.803103459302123
StarLightCurves,1024,diff1,2,819,0.6580001744106163
StarLightCurves,1024,diff1,2,820,0.8760386711812288
StarLightCurves,1024,diff1,2,821,0.8506957982205694
StarLightCurves,1024,diff1,2,822,0.9493513279476928
StarLightCurves,1024,diff1,2,823,0.957714306002742
StarLightCurves,1024,diff1,2,824,0.9859150588149012
StarLightCurves,1024,diff1,2,825,0.9860440597647644
StarLightCurves,1024,diff1,2,826,0.9935156316084199
StarLightCurves,1024,diff1,2,827,0.9912761020060908
StarLightCurves,1024,diff1,2,828,0.994033440018474
StarLightCurves,1024,diff1,2,829,0.9925586682150731
StarLightCurves,1024,diff1,2,830,0.993745243073509
StarLightCurves,1024,diff1,2,833,0.9915752634755415
StarLightCurves,1024,diff1,2,834,0.9946411365065898
StarLightCurves,1024,diff1,2,835,0.9922333960676775
StarLightCurves,1024,diff1,2,836,0.9941115504870639
StarLightCurves,1024,diff1,2,837,0.9892899219639985
StarLightCurves,1024,diff1,2,838,0.9930560524977888
StarLightCurves,1024,diff1,2,839,0.9795871165376967
StarLightCurves,1024,diff1,2,840,0.9820492163601999
StarLightCurves,1024,diff1,2,841,0.9217520211341426
StarLightCurves,1024,diff1,2,842,0.9451279351154875
StarLightCurves,1024,diff1,2,843,0.7692479460971483
StarLightCurves,1024,diff1,2,844,0.899079448864009
StarLightCurves,1024,diff1,2,845,0.5659489093334227
StarLightCurves,1024,diff1,2,846,0.8732708747596699
StarLightCurves,1024,diff1,2,847,0.38410979687899066
StarLightCurves,1024,diff1,2,848,0.8651925266596636
StarLightCurves,1024,diff1,2,849,0.23205541941054653
StarLightCurves,1024,diff1,2,850,0.8681571481339088
StarLightCurves,1024,diff1,2,851,0.13452622164144565
StarLightCurves,1024,diff1,2,852,0.8770598918716765
StarLightCurves,1024,diff1,2,853,0.10714261557421934
StarLightCurves,1024,diff1,2,854,0.8882761396909539
StarLightCurves,1024,diff1,2,855,0.17655035370278446
StarLightCurves,1024,diff1,2,856,0.9034796057567642
StarLightCurves,1024,diff1,2,857,0.3651793530605087
StarLightCurves,1024,diff1,2,858,0.9204548972790112
StarLightCurves,1024,diff1,2,859,0.6236447141337133
StarLightCurves,1024,diff1,2,860,0.9374988784490844
StarLightCurves,1024,diff1,2,861,0.8034820550262644
StarLightCurves,1024,diff1,2,862,0.9511912835459743
StarLightCurves,1024,diff1,2,863,0.8745604639476791
StarLightCurves,1024,diff1,2,864,0.9584838467450769
StarLightCurves,1024,diff1,2,865,0.8964292757876848
StarLightCurves,1024,diff1,2,866,0.9563980312294348
StarLightCurves,1024,diff1,2,867,0.9035185383989153
StarLightCurves,1024,diff1,2,868,0.9428245652847579
StarLightCurves,1024,diff1,2,869,0.9046153530371425
StarLightCurves,1024,diff1,2,870,0.9171229102418688
StarLightCurves,1024,diff1,2,871,0.9017032886884375
StarLightCurves,1024,diff1,2,872,0.8800102497807678
StarLightCurves,1024,diff1,2,873,0.8958358959333884
StarLightCurves,1024,diff1,2,874,0.8371771927802049
StarLightCurves,1024,diff1,2,875,0.8892778644373448
StarLightCurves,1024,diff1,2,876,0.7958770289331156
StarLightCurves,1024,diff1,2,877,0.8851687139169904
StarLightCurves,1024,diff1,2,878,0.7639405097643149
StarLightCurves,1024,diff1,2,879,0.8819738961475496
StarLightCurves,1024,diff1,2,880,0.7492712016247653
StarLightCurves,1024,diff1,2,881,0.8833742319325876
StarLightCurves,1024,diff1,2,882,0.7551593331460995
StarLightCurves,1024,diff1,2,883,0.8885929056833611
StarLightCurves,1024,diff1,2,884,0.7910715835484413
StarLightCurves,1024,diff1,2,885,0.9045594121730541
StarLightCurves,1024,diff1,2,886,0.8469273614891919
StarLightCurves,1024,diff1,2,887,0.9106120465815939
StarLightCurves,1024,diff1,2,888,0.8903980570199905
StarLightCurves,1024,diff1,2,889,0.9163230292823652
StarLightCurves,1024,diff1,2,890,0.9258693987858045
StarLightCurves,1024,diff1,2,891,0.9379518728991901
StarLightCurves,1024,diff1,2,892,0.9653933107759222
StarLightCurves,1024,diff1,2,893,0.9776617426563354
StarLightCurves,1024,diff1,2,894,0.9517318866843181
StarLightCurves,1024,diff1,2,897,0.9932761076963272
StarLightCurves,1024,diff1,2,898,0.98832390949496
StarLightCurves,1024,diff1,2,899,0.9879170983577401
StarLightCurves,1024,diff1,2,900,0.9867410994626199
StarLightCurves,1024,diff1,2,901,0.9901889374514363
StarLightCurves,1024,diff1,2,902,0.9908381836800377
StarLightCurves,1024,diff1,2,903,0.991749649046999
StarLightCurves,1024,diff1,2,904,0.9858380117897495
StarLightCurves,1024,diff1,2,905,0.9691158980194673
StarLightCurves,1024,diff1,2,906,0.9307449746155065
StarLightCurves,1024,diff1,2,907,0.8764363888749861
StarLightCurves,1024,diff1,2,908,0.7990794134421422
StarLightCurves,1024,diff1,2,909,0.7323080071506497
StarLightCurves,1024,diff1,2,910,0.6746296160069519
StarLightCurves,1024,diff1,2,911,0.6145967239055886
StarLightCurves,1024,diff1,2,912,0.5972576968577328
StarLightCurves,1024,diff1,2,913,0.5249791792040057
StarLightCurves,1024,diff1,2,914,0.5541017070103803
StarLightCurves,1024,diff1,2,915,0.46239653014088455
StarLightCurves,1024,diff1,2,916,0.5378801063379358
StarLightCurves,1024,diff1,2,917,0.4224412577706479
StarLightCurves,1024,diff1,2,918,0.5435688086889323
StarLightCurves,1024,diff1,2,919,0.407889890752489
StarLightCurves,1024,diff1,2,920,0.5701309924981041
StarLightCurves,1024,diff1,2,921,0.4260922389237451
StarLightCurves,1024,diff1,2,922,0.6094608285338844
StarLightCurves,1024,diff1,2,923,0.47993323777299796
StarLightCurves,1024,diff1,2,924,0.6344637249359691
StarLightCurves,1024,diff1,2,925,0.5701611795770013
StarLightCurves,1024,diff1,2,926,0.6227489380119259
StarLightCurves,1024,diff1,2,927,0.6416476954866532
StarLightCurves,1024,diff1,2,928,0.600528867606195
StarLightCurves,1024,diff1,2,929,0.5056015494289314
StarLightCurves,1024,diff1,2,930,0.5820811525648345
StarLightCurves,1024,diff1,2,931,0.3288103269306998
StarLightCurves,1024,diff1,2,932,0.5664440913663469
StarLightCurves,1024,diff1,2,933,0.2550583092165959
StarLightCurves,1024,diff1,2,934,0.5637207158750346
StarLightCurves,1024,diff1,2,935,0.25311350313071335
StarLightCurves,1024,diff1,2,936,0.5758487743211907
StarLightCurves,1024,diff1,2,937,0.2986611023918219
StarLightCurves,1024,diff1,2,938,0.6031415882499944
StarLightCurves,1024,diff1,2,939,0.38085313872738275
StarLightCurves,1024,diff1,2,940,0.6428801759585812
StarLightCurves,1024,diff1,2,941,0.484654891592483
StarLightCurves,1024,diff1,2,942,0.6937093880864799
StarLightCurves,1024,diff1,2,943,0.596626819169388
StarLightCurves,1024,diff1,2,944,0.7510420694069738
StarLightCurves,1024,diff1,2,945,0.7090585214481578
StarLightCurves,1024,diff1,2,946,0.8267759389317921
StarLightCurves,1024,diff1,2,947,0.8393638508110257
StarLightCurves,1024,diff1,2,948,0.9206965734011908
StarLightCurves,1024,diff1,2,949,0.9454761848269244
StarLightCurves,1024,diff1,2,950,0.9778151877432819
StarLightCurves,1024,diff1,2,951,0.9836788211935886
StarLightCurves,1024,diff1,2,952,0.9922466703098581
StarLightCurves,1024,diff1,2,953,0.9877627957849682
StarLightCurves,1024,diff1,2,954,0.9910960832409239
StarLightCurves,1024,diff1,2,955,0.9862649139883961
StarLightCurves,1024,diff1,2,956,0.9897667675550703
StarLightCurves,1024,diff1,2,957,0.9894208108708081
StarLightCurves,1024,diff1,2,958,0.9944155156417563
StarLightCurves,1024,diff1,2,961,0.9710706729715184
StarLightCurves,1024,diff1,2,962,0.9760176145284176
StarLightCurves,1024,diff1,2,963,0.9722524075595703
StarLightCurves,1024,diff1,2,964,0.9759048430881326
StarLightCurves,1024,diff1,2,965,0.9657591137896493
StarLightCurves,1024,diff1,2,966,0.9737730215117222
StarLightCurves,1024,diff1,2,967,0.9460460481927492
StarLightCurves,1024,diff1,2,968,0.9635117534130144
StarLightCurves,1024,diff1,2,969,0.8961248588833467
StarLightCurves,1024,diff1,2,970,0.9422606512964299
StarLightCurves,1024,diff1,2,971,0.8213716330214593
StarLightCurves,1024,diff1,2,972,0.9272183860443861
StarLightCurves,1024,diff1,2,973,0.7644862567937197
StarLightCurves,1024,diff1,2,974,0.9235378485176672
StarLightCurves,1024,diff1,2,975,0.7202482855718735
StarLightCurves,1024,diff1,2,976,0.9246326905430982
StarLightCurves,1024,diff1,2,977,0.6831328918712791
StarLightCurves,1024,diff1,2,978,0.9271807476600856
StarLightCurves,1024,diff1,2,979,0.646519961911465
StarLightCurves,1024,diff1,2,980,0.9299829409707626
StarLightCurves,1024,diff1,2,981,0.6124461050460466
StarLightCurves,1024,diff1,2,982,0.9329790612569189
StarLightCurves,1024,diff1,2,983,0.5932666433188807
StarLightCurves,1024,diff1,2,984,0.9358281423165086
StarLightCurves,1024,diff1,2,985,0.5940990810731739
StarLightCurves,1024,diff1,2,986,0.9384359514007551
StarLightCurves,1024,diff1,2,987,0.6235644973708129
StarLightCurves,1024,diff1,2,988,0.9424378607910651
StarLightCurves,1024,diff1,2,989,0.6760512851827684
StarLightCurves,1024,diff1,2,990,0.9464429497246795
StarLightCurves,1024,diff1,2,991,0.7226104085281992
StarLightCurves,1024,diff1,2,992,0.949706502495046
StarLightCurves,1024,diff1,2,993,0.7522265141847616
StarLightCurves,1024,diff1,2,994,0.9522693464683735
StarLightCurves,1024,diff1,2,995,0.7677142968423394
StarLightCurves,1024,diff1,2,996,0.9524792982700827
StarLightCurves,1024,diff1,2,997,0.7758211075118766
StarLightCurves,1024,diff1,2,998,0.9506645802734284
StarLightCurves,1024,diff1,2,999,0.7831002911779125
StarLightCurves,1024,diff1,2,1000,0.9469688005296728
StarLightCurves,1024,diff1,2,1001,0.7903972558811159
StarLightCurves,1024,diff1,2,1002,0.9406734292596469
StarLightCurves,1024,diff1,2,1003,0.7954902165505288
StarLightCurves,1024,diff1,2,1004,0.9330220692015424
StarLightCurves,1024,diff1,2,1005,0.8031092983391709
StarLightCurves,1024,diff1,2,1006,0.9238321830963389
StarLightCurves,1024,diff1,2,1007,0.8108470822525421
StarLightCurves,1024,diff1,2,1008,0.9157751612462462
StarLightCurves,1024,diff1,2,1009,0.8255802832199058
StarLightCurves,1024,diff1,2,1010,0.9136208276998
StarLightCurves,1024,diff1,2,1011,0.8543419067468417
StarLightCurves,1024,diff1,2,1012,0.9229902583819907
StarLightCurves,1024,diff1,2,1013,0.8966260093875568
StarLightCurves,1024,diff1,2,1014,0.9380803184437339
StarLightCurves,1024,diff1,2,1015,0.9253038386070053
StarLightCurves,1024,diff1,2,1016,0.942043489267815
StarLightCurves,1024,diff1,2,1017,0.9303014496028131
StarLightCurves,1024,diff1,2,1018,0.9474040096858178
StarLightCurves,1024,diff1,2,1019,0.9456597887191514
StarLightCurves,1024,diff1,2,1020,0.959346771145451
StarLightCurves,1024,diff1,2,1021,0.9616930668451084
StarLightCurves,1024,diff1,2,1022,0.9588822280270478
StarLightCurves,1024,diff1,2,1025,0.9938266497957522
StarLightCurves,1024,diff1,2,1026,0.9921826792092419
StarLightCurves,1024,diff1,2,1027,0.990090853427608
StarLightCurves,1024,diff1,2,1028,0.9905949481730542
StarLightCurves,1024,diff1,2,1029,0.9906856989654045
StarLightCurves,1024,diff1,2,1030,0.992496458412963
StarLightCurves,1024,diff1,2,1031,0.99069213257329
StarLightCurves,1024,diff1,2,1032,0.9886844156835313
StarLightCurves,1024,diff1,2,1033,0.9728374540001224
StarLightCurves,1024,diff1,2,1034,0.9605190065021687
StarLightCurves,1024,diff1,2,1035,0.912435778957749
StarLightCurves,1024,diff1,2,1036,0.9064927986657683
StarLightCurves,1024,diff1,2,1037,0.8352694290379715
StarLightCurves,1024,diff1,2,1038,0.8668220144385005
StarLightCurves,1024,diff1,2,1039,0.7760351831576141
StarLightCurves,1024,diff1,2,1040,0.8415909694116328
StarLightCurves,1024,diff1,2,1041,0.7241959757067226
StarLightCurves,1024,diff1,2,1042,0.8264742434168841
StarLightCurves,1024,diff1,2,1043,0.6799895026017679
StarLightCurves,1024,diff1,2,1044,0.8192556554566853
StarLightCurves,1024,diff1,2,1045,0.6361743915188849
StarLightCurves,1024,diff1,2,1046,0.8200670896975369
StarLightCurves,1024,diff1,2,1047,0.600292954272549
StarLightCurves,1024,diff1,2,1048,0.8290786628196897
StarLightCurves,1024,diff1,2,1049,0.5691127983339525
StarLightCurves,1024,diff1,2,1050,0.8448646821105253
StarLightCurves,1024,diff1,2,1051,0.5516338299959498
StarLightCurves,1024,diff1,2,1052,0.866089538286225
StarLightCurves,1024,diff1,2,1053,0.5637428589274727
StarLightCurves,1024,diff1,2,1054,0.8796305637600441
StarLightCurves,1024,diff1,2,1055,0.623746827062635
StarLightCurves,1024,diff1,2,1056,0.8658928566820212
StarLightCurves,1024,diff1,2,1057,0.6031884226324452
StarLightCurves,1024,diff1,2,1058,0.7789339095357528
StarLightCurves,1024,diff1,2,1059,0.5657750887038346
StarLightCurves,1024,diff1,2,1060,0.6195849870337153
StarLightCurves,1024,diff1,2,1061,0.5737402562428572
StarLightCurves,1024,diff1,2,1062,0.4888410163109723
StarLightCurves,1024,diff1,2,1063,0.6022342425260092
StarLightCurves,1024,diff1,2,1064,0.4417262745825886
StarLightCurves,1024,diff1,2,1065,0.6381499529118673
StarLightCurves,1024,diff1,2,1066,0.46527891623276313
StarLightCurves,1024,diff1,2,1067,0.6755511549705583
StarLightCurves,1024,diff1,2,1068,0.5236504506513115
StarLightCurves,1024,diff1,2,1069,0.7119589301755828
StarLightCurves,1024,diff1,2,1070,0.6000131338893689
StarLightCurves,1024,diff1,2,1071,0.7549988349728967
StarLightCurves,1024,diff1,2,1072,0.6846231222854664
StarLightCurves,1024,diff1,2,1073,0.8065165497343141
StarLightCurves,1024,diff1,2,1074,0.7829749884075102
StarLightCurves,1024,diff1,2,1075,0.8751273864910869
StarLightCurves,1024,diff1,2,1076,0.8889625278606309
StarLightCurves,1024,diff1,2,1077,0.9473789016023574
StarLightCurves,1024,diff1,2,1078,0.9642850508016769
StarLightCurves,1024,diff1,2,1079,0.9841698821506599
StarLightCurves,1024,diff1,2,1080,0.9883373343132369
StarLightCurves,1024,diff1,2,1081,0.99045181118375
StarLightCurves,1024,diff1,2,1082,0.990081008375697
StarLightCurves,1024,diff1,2,1083,0.9894974185576554
StarLightCurves,1024,diff1,2,1084,0.9893438983073174
StarLightCurves,1024,diff1,2,1085,0.991276447552571
StarLightCurves,1024,diff1,2,1086,0.9932651782690517
StarLightCurves,1024,diff1,3,1089,0.9836886215814081
StarLightCurves,1024,diff1,3,1090,0.9861559845561906
StarLightCurves,1024,diff1,3,1091,0.9757211706335797
StarLightCurves,1024,diff1,3,1092,0.9780305644728725
StarLightCurves,1024,diff1,3,1093,0.9679887409947311
StarLightCurves,1024,diff1,3,1094,0.9770960328288112
StarLightCurves,1024,diff1,3,1095,0.9617366190485983
StarLightCurves,1024,diff1,3,1096,0.9698612126217817
StarLightCurves,1024,diff1,3,1097,0.9135147523508085
StarLightCurves,1024,diff1,3,1098,0.9359124117800098
StarLightCurves,1024,diff1,3,1099,0.7869566108245883
StarLightCurves,1024,diff1,3,1100,0.914804471620372
StarLightCurves,1024,diff1,3,1101,0.7155635123297766
StarLightCurves,1024,diff1,3,1102,0.9207713250140267
StarLightCurves,1024,diff1,3,1103,0.7669488318684698
StarLightCurves,1024,diff1,3,1104,0.9334440827926532
StarLightCurves,1024,diff1,3,1105,0.7929564452847297
StarLightCurves,1024,diff1,3,1106,0.9423855151410875
StarLightCurves,1024,diff1,3,1107,0.8357478115142383
StarLightCurves,1024,diff1,3,1108,0.9499913915156817
StarLightCurves,1024,diff1,3,1109,0.9000855311719098
StarLightCurves,1024,diff1,3,1110,0.9632112832692156
StarLightCurves,1024,diff1,3,1111,0.9437438982599083
StarLightCurves,1024,diff1,3,1112,0.9700317120778229
StarLightCurves,1024,diff1,3,1113,0.9552548435581935
StarLightCurves,1024,diff1,3,1114,0.9705256574556214
StarLightCurves,1024,diff1,3,1115,0.9640295288467644
StarLightCurves,1024,diff1,3,1116,0.9775934909833225
StarLightCurves,1024,diff1,3,1117,0.9788076309891076
StarLightCurves,1024,diff1,3,1118,0.9830969460603748
StarLightCurves,1024,diff1,3,1121,0.9637194384545705
StarLightCurves,1024,diff1,3,1122,0.6609536992664169
StarLightCurves,1024,diff1,3,1123,0.9661841186509511
StarLightCurves,1024,diff1,3,1124,0.6722091364287626
StarLightCurves,1024,diff1,3,1125,0.9683623205274386
StarLightCurves,1024,diff1,3,1126,0.7675099026487905
StarLightCurves,1024,diff1,3,1127,0.9706826491267845
StarLightCurves,1024,diff1,3,1128,0.8646588012563455
StarLightCurves,1024,diff1,3,1129,0.9698684153829131
StarLightCurves,1024,diff1,3,1130,0.8897637246270864
StarLightCurves,1024,diff1,3,1131,0.9669746590170846
StarLightCurves,1024,diff1,3,1132,0.8533758022292358
StarLightCurves,1024,diff1,3,1133,0.9622631954601967
StarLightCurves,1024,diff1,3,1134,0.8211096313315587
StarLightCurves,1024,diff1,3,1135,0.9536688650024421
StarLightCurves,1024,diff1,3,1136,0.8151766754631247
StarLightCurves,1024,diff1,3,1137,0.48451468147698173
StarLightCurves,1024,diff1,3,1138,0.8468690850236089
StarLightCurves,1024,diff1,3,1139,-0.06386549382840806
StarLightCurves,1024,diff1,3,1140,0.9195658554869902
StarLightCurves,1024,diff1,3,1141,0.6246499987644224
StarLightCurves,1024,diff1,3,1142,0.9774604594619748
StarLightCurves,1024,diff1,3,1143,0.9558105340555384
StarLightCurves,1024,diff1,3,1144,0.9959496559359905
StarLightCurves,1024,diff1,3,1145,0.9942403547729459
StarLightCurves,1024,diff1,3,1146,0.9977634639915971
StarLightCurves,1024,diff1,3,1147,0.9955437183493716
StarLightCurves,1024,diff1,3,1148,0.9969216566441228
StarLightCurves,1024,diff1,3,1149,0.9949655643485273
StarLightCurves,1024,diff1,3,1150,0.9981550688942116
StarLightCurves,1024,diff1,3,1153,0.9939862150014919
StarLightCurves,1024,diff1,3,1154,0.9952636496341657
StarLightCurves,1024,diff1,3,1155,0.9922539223554524
StarLightCurves,1024,diff1,3,1156,0.9943992581321379
StarLightCurves,1024,diff1,3,1157,0.9925977856792427
StarLightCurves,1024,diff1,3,1158,0.9950158750227673
StarLightCurves,1024,diff1,3,1159,0.9792107898233798
StarLightCurves,1024,diff1,3,1160,0.9848289535594674
StarLightCurves,1024,diff1,3,1161,0.8127409870719692
StarLightCurves,1024,diff1,3,1162,0.9284146241104382
StarLightCurves,1024,diff1,3,1163,0.1566796888431902
StarLightCurves,1024,diff1,3,1164,0.8280338217705765
StarLightCurves,1024,diff1,3,1165,0.08907060786634187
StarLightCurves,1024,diff1,3,1166,0.7785951469873833
StarLightCurves,1024,diff1,3,1167,0.9000403802484578
StarLightCurves,1024,diff1,3,1168,0.7973572544881737
StarLightCurves,1024,diff1,3,1169,0.9439371847740038
StarLightCurves,1024,diff1,3,1170,0.8512508654708653
StarLightCurves,1024,diff1,3,1171,0.9467767533426835
StarLightCurves,1024,diff1,3,1172,0.9024095023330897
StarLightCurves,1024,diff1,3,1173,0.9497549633518952
StarLightCurves,1024,diff1,3,1174,0.9154920395700922
StarLightCurves,1024,diff1,3,1175,0.9511113572407063
StarLightCurves,1024,diff1,3,1176,0.8831742429707324
StarLightCurves,1024,diff1,3,1177,0.951462900820443
StarLightCurves,1024,diff1,3,1178,0.8202360330675859
StarLightCurves,1024,diff1,3,1179,0.9458860831422872
StarLightCurves,1024,diff1,3,1180,0.7534523551937784
StarLightCurves,1024,diff1,3,1181,0.9373285749070196
StarLightCurves,1024,diff1,3,1182,0.7982544166914537
StarLightCurves,1024,diff1,3,1185,0.9716497782004354
StarLightCurves,1024,diff1,3,1186,0.9837923977046502
StarLightCurves,1024,diff1,3,1187,0.9691654879627215
StarLightCurves,1024,diff1,3,1188,0.9833421743731923
StarLightCurves,1024,diff1,3,1189,0.9558210660918118
StarLightCurves,1024,diff1,3,1190,0.980927077645543
StarLightCurves,1024,diff1,3,1191,0.9135127237557282
StarLightCurves,1024,diff1,3,1192,0.9732805442441254
StarLightCurves,1024,diff1,3,1193,0.8204993160700083
StarLightCurves,1024,diff1,3,1194,0.9640548373308441
StarLightCurves,1024,diff1,3,1195,0.6995370178115945
StarLightCurves,1024,diff1,3,1196,0.9596886326947953
StarLightCurves,1024,diff1,3,1197,0.6465977645805918
StarLightCurves,1024,diff1,3,1198,0.960971745235818
StarLightCurves,1024,diff1,3,1199,0.7760003126184002
StarLightCurves,1024,diff1,3,1200,0.9637830317228382
StarLightCurves,1024,diff1,3,1201,0.8038339032869046
StarLightCurves,1024,diff1,3,1202,0.9647448671434807
StarLightCurves,1024,diff1,3,1203,0.8203586470472977
StarLightCurves,1024,diff1,3,1204,0.9654054981891964
StarLightCurves,1024,diff1,3,1205,0.8639551574115152
StarLightCurves,1024,diff1,3,1206,0.9691236367708443
StarLightCurves,1024,diff1,3,1207,0.907196802567713
StarLightCurves,1024,diff1,3,1208,0.9698238314771593
StarLightCurves,1024,diff1,3,1209,0.9259496969252695
StarLightCurves,1024,diff1,3,1210,0.9690400640320879
StarLightCurves,1024,diff1,3,1211,0.9455439845110759
StarLightCurves,1024,diff1,3,1212,0.9654625621244881
StarLightCurves,1024,diff1,3,1213,0.9567305124582058
StarLightCurves,1024,diff1,3,1214,0.9709955329742564
StarLightCurves,1024,diff1,3,1217,0.9884079216875554
StarLightCurves,1024,diff1,3,1218,0.9909680763140459
StarLightCurves,1024,diff1,3,1219,0.9794022571199281
StarLightCurves,1024,diff1,3,1220,0.988584819228402
StarLightCurves,1024,diff1,3,1221,0.9700187651170664
StarLightCurves,1024,diff1,3,1222,0.9873322518291588
StarLightCurves,1024,diff1,3,1223,0.9579029689884418
StarLightCurves,1024,diff1,3,1224,0.984039275950432
StarLightCurves,1024,diff1,3,1225,0.9110334902209928
StarLightCurves,1024,diff1,3,1226,0.9768188725718915
StarLightCurves,1024,diff1,3,1227,0.8080492577244706
StarLightCurves,1024,diff1,3,1228,0.9735749472389519
StarLightCurves,1024,diff1,3,1229,0.7287236066042904
StarLightCurves,1024,diff1,3,1230,0.9737464431760878
StarLightCurves,1024,diff1,3,1231,0.7892472321116601
StarLightCurves,1024,diff1,3,1232,0.9701303595889659
StarLightCurves,1024,diff1,3,1233,0.7162898042346404
StarLightCurves,1024,diff1,3,1234,0.9644610905150731
StarLightCurves,1024,diff1,3,1235,0.7610018623539166
StarLightCurves,1024,diff1,3,1236,0.9651634702150534
StarLightCurves,1024,diff1,3,1237,0.8817507319071077
StarLightCurves,1024,diff1,3,1238,0.9748838352597979
StarLightCurves,1024,diff1,3,1239,0.9495288993964811
StarLightCurves,1024,diff1,3,1240,0.979370589836857
StarLightCurves,1024,diff1,3,1241,0.9660829073857605
StarLightCurves,1024,diff1,3,1242,0.9803467611278124
StarLightCurves,1024,diff1,3,1243,0.9751361458918999
StarLightCurves,1024,diff1,3,1244,0.9844873541360507
StarLightCurves,1024,diff1,3,1245,0.983450032998908
StarLightCurves,1024,diff1,3,1246,0.9878904951130969
StarLightCurves,1024,diff1,3,1249,0.9735947652627477
StarLightCurves,1024,diff1,3,1250,0.9377829711049219
StarLightCurves,1024,diff1,3,1251,0.9509703404122817
StarLightCurves,1024,diff1,3,1252,0.9273287757667239
StarLightCurves,1024,diff1,3,1253,0.9483076652806167
StarLightCurves,1024,diff1,3,1254,0.9367246304817831
StarLightCurves,1024,diff1,3,1255,0.9541102576029012
StarLightCurves,1024,diff1,3,1256,0.944354278021799
StarLightCurves,1024,diff1,3,1257,0.9508258642831633
StarLightCurves,1024,diff1,3,1258,0.9367485256320471
StarLightCurves,1024,diff1,3,1259,0.9262584310778408
StarLightCurves,1024,diff1,3,1260,0.9124806704308492
StarLightCurves,1024,diff1,3,1261,0.9041101216296755
StarLightCurves,1024,diff1,3,1262,0.8825211433067639
StarLightCurves,1024,diff1,3,1263,0.897561086469141
StarLightCurves,1024,diff1,3,1264,0.8612756309251449
StarLightCurves,1024,diff1,3,1265,0.4816973628917562
StarLightCurves,1024,diff1,3,1266,0.869420710945936
StarLightCurves,1024,diff1,3,1267,0.33217029551743577
StarLightCurves,1024,diff1,3,1268,0.9117868826322747
StarLightCurves,1024,diff1,3,1269,0.7007693624329111
StarLightCurves,1024,diff1,3,1270,0.962223680410442
StarLightCurves,1024,diff1,3,1271,0.9369493148288291
StarLightCurves,1024,diff1,3,1272,0.9893468649752569
StarLightCurves,1024,diff1,3,1273,0.981011796079676
StarLightCurves,1024,diff1,3,1274,0.9943556954191227
StarLightCurves,1024,diff1,3,1275,0.9882283512770753
StarLightCurves,1024,diff1,3,1276,0.9941425288575134
StarLightCurves,1024,diff1,3,1277,0.9910917155762069
StarLightCurves,1024,diff1,3,1278,0.9958787886225424
StarLightCurves,1024,diff1,3,1281,0.9926644014223929
StarLightCurves,1024,diff1,3,1282,0.9954602071945429
StarLightCurves,1024,diff1,3,1283,0.9888207945578088
StarLightCurves,1024,diff1,3,1284,0.9946265655876911
StarLightCurves,1024,diff1,3,1285,0.9841369223135815
StarLightCurves,1024,diff1,3,1286,0.9941262524028204
StarLightCurves,1024,diff1,3,1287,0.9702774524371134
StarLightCurves,1024,diff1,3,1288,0.9866415238231526
StarLightCurves,1024,diff1,3,1289,0.8587323196075212
StarLightCurves,1024,diff1,3,1290,0.9593593516758226
StarLightCurves,1024,diff1,3,1291,0.48432907937923275
StarLightCurves,1024,diff1,3,1292,0.9304832690110005
StarLightCurves,1024,diff1,3,1293,0.2884167883095495
StarLightCurves,1024,diff1,3,1294,0.9221354419308869
StarLightCurves,1024,diff1,3,1295,0.8197353454516267
StarLightCurves,1024,diff1,3,1296,0.9307248877765938
StarLightCurves,1024,diff1,3,1297,0.9041047063442544
StarLightCurves,1024,diff1,3,1298,0.9433441884343348
StarLightCurves,1024,diff1,3,1299,0.9145412077432231
StarLightCurves,1024,diff1,3,1300,0.9516440556714162
StarLightCurves,1024,diff1,3,1301,0.9386998158909311
StarLightCurves,1024,diff1,3,1302,0.9553669268659979
StarLightCurves,1024,diff1,3,1303,0.9538825250290057
StarLightCurves,1024,diff1,3,1304,0.947606570221463
StarLightCurves,1024,diff1,3,1305,0.9524329233738977
StarLightCurves,1024,diff1,3,1306,0.9319333538409164
StarLightCurves,1024,diff1,3,1307,0.9476034869333427
StarLightCurves,1024,diff1,3,1308,0.9251109972231488
StarLightCurves,1024,diff1,3,1309,0.9587610962428401
StarLightCurves,1024,diff1,3,1310,0.9509213214530564
StarLightCurves,1024,diff1,3,1313,0.9848607905084554
StarLightCurves,1024,diff1,3,1314,0.9874119314079828
StarLightCurves,1024,diff1,3,1315,0.977015836801504
StarLightCurves,1024,diff1,3,1316,0.9810722915269742
StarLightCurves,1024,diff1,3,1317,0.966876949270301
StarLightCurves,1024,diff1,3,1318,0.9786676048662295
StarLightCurves,1024,diff1,3,1319,0.9582536629440755
StarLightCurves,1024,diff1,3,1320,0.9736637901539852
StarLightCurves,1024,diff1,3,1321,0.919242058890472
StarLightCurves,1024,diff1,3,1322,0.9591201831773669
StarLightCurves,1024,diff1,3,1323,0.8114806341735512
StarLightCurves,1024,diff1,3,1324,0.944258725629235
StarLightCurves,1024,diff1,3,1325,0.6810457845786728
StarLightCurves,1024,diff1,3,1326,0.9404621934792186
StarLightCurves,1024,diff1,3,1327,0.7131244938268152
StarLightCurves,1024,diff1,3,1328,0.9448138077918876
StarLightCurves,1024,diff1,3,1329,0.7523191911621993
StarLightCurves,1024,diff1,3,1330,0.941193102456018
StarLightCurves,1024,diff1,3,1331,0.7655428370713675
StarLightCurves,1024,diff1,3,1332,0.9443992307060287
StarLightCurves,1024,diff1,3,1333,0.8712879535484405
StarLightCurves,1024,diff1,3,1334,0.9625270930747793
StarLightCurves,1024,diff1,3,1335,0.9339343573972603
StarLightCurves,1024,diff1,3,1336,0.9703004230130208
StarLightCurves,1024,diff1,3,1337,0.951621646542693
StarLightCurves,1024,diff1,3,1338,0.9738868440795766
StarLightCurves,1024,diff1,3,1339,0.9630546608077202
StarLightCurves,1024,diff1,3,1340,0.9789858397316173
StarLightCurves,1024,diff1,3,1341,0.980210599903718
StarLightCurves,1024,diff1,3,1342,0.9851881022033827
StarLightCurves,1024,diff1,3,1345,0.9763459746044904
StarLightCurves,1024,diff1,3,1346,0.9672685110103485
StarLightCurves,1024,diff1,3,1347,0.9433144079100019
StarLightCurves,1024,diff1,3,1348,0.9504571582856061
StarLightCurves,1024,diff1,3,1349,0.9248335195874797
StarLightCurves,1024,diff1,3,1350,0.94513765678402
StarLightCurves,1024,diff1,3,1351,0.9168806153075059
StarLightCurves,1024,diff1,3,1352,0.9434494515546309
StarLightCurves,1024,diff1,3,1353,0.8950994670562232
StarLightCurves,1024,diff1,3,1354,0.9346519763649135
StarLightCurves,1024,diff1,3,1355,0.8453801214594251
StarLightCurves,1024,diff1,3,1356,0.9262753312392721
StarLightCurves,1024,diff1,3,1357,0.807926496774698
StarLightCurves,1024,diff1,3,1358,0.923801707114712
StarLightCurves,1024,diff1,3,1359,0.802390636966938
StarLightCurves,1024,diff1,3,1360,0.9144708350910762
StarLightCurves,1024,diff1,3,1361,0.7703360128435487
StarLightCurves,1024,diff1,3,1362,0.9023449727748116
StarLightCurves,1024,diff1,3,1363,0.6680077535314733
StarLightCurves,1024,diff1,3,1364,0.8947365893990861
StarLightCurves,1024,diff1,3,1365,0.6833139547211368
StarLightCurves,1024,diff1,3,1366,0.9075412326504892
StarLightCurves,1024,diff1,3,1367,0.7809068786587012
StarLightCurves,1024,diff1,3,1368,0.932526400533054
StarLightCurves,1024,diff1,3,1369,0.8810392705307345
StarLightCurves,1024,diff1,3,1370,0.9600812150016231
StarLightCurves,1024,diff1,3,1371,0.951607387563089
StarLightCurves,1024,diff1,3,1372,0.9828055916677152
StarLightCurves,1024,diff1,3,1373,0.9762502583170278
StarLightCurves,1024,diff1,3,1374,0.9837435009976606
StarLightCurves,1024,diff1,3,1377,0.990555403893103
StarLightCurves,1024,diff1,3,1378,0.9898790825028393
StarLightCurves,1024,diff1,3,1379,0.991554981792816
StarLightCurves,1024,diff1,3,1380,0.9933606682616353
StarLightCurves,1024,diff1,3,1381,0.9945332575252478
StarLightCurves,1024,diff1,3,1382,0.9937862221539151
StarLightCurves,1024,diff1,3,1383,0.9902375726109783
StarLightCurves,1024,diff1,3,1384,0.9786115335543486
StarLightCurves,1024,diff1,3,1385,0.961456128052441
StarLightCurves,1024,diff1,3,1386,0.9248574996767711
StarLightCurves,1024,diff1,3,1387,0.8869345372313586
StarLightCurves,1024,diff1,3,1388,0.824416935690981
StarLightCurves,1024,diff1,3,1389,0.7678227003614299
StarLightCurves,1024,diff1,3,1390,0.7105094416336422
StarLightCurves,1024,diff1,3,1391,0.6705587721086239
StarLightCurves,1024,diff1,3,1392,0.6946979371247742
StarLightCurves,1024,diff1,3,1393,0.6796351381911352
StarLightCurves,1024,diff1,3,1394,0.8124230935576509
StarLightCurves,1024,diff1,3,1395,0.8359714136570695
StarLightCurves,1024,diff1,3,1396,0.9082236173678377
StarLightCurves,1024,diff1,3,1397,0.9383927251113525
StarLightCurves,1024,diff1,3,1398,0.9706751918345213
StarLightCurves,1024,diff1,3,1399,0.9842056984071429
StarLightCurves,1024,diff1,3,1400,0.992753580112386
StarLightCurves,1024,diff1,3,1401,0.994076413605027
StarLightCurves,1024,diff1,3,1402,0.9945003769687368
StarLightCurves,1024,diff1,3,1403,0.9922360775423783
StarLightCurves,1024,diff1,3,1404,0.9916189609951104
StarLightCurves,1024,diff1,3,1405,0.9908843197165459
StarLightCurves,1024,diff1,3,1406,0.9925506426873318
StarLightCurves,1024,diff1,3,1409,0.954040322828867
StarLightCurves,1024,diff1,3,1410,0.979638012469676
StarLightCurves,1024,diff1,3,1411,0.9590353737612395
StarLightCurves,1024,diff1,3,1412,0.9803604607560413
StarLightCurves,1024,diff1,3,1413,0.9399356167787153
StarLightCurves,1024,diff1,3,1414,0.9729170396977673
StarLightCurves,1024,diff1,3,1415,0.8974728015296048
StarLightCurves,1024,diff1,3,1416,0.964055287056342
StarLightCurves,1024,diff1,3,1417,0.8452317889752521
StarLightCurves,1024,diff1,3,1418,0.9566312929882432
StarLightCurves,1024,diff1,3,1419,0.788413413232452
StarLightCurves,1024,diff1,3,1420,0.9535406437233782
StarLightCurves,1024,diff1,3,1421,0.7486803485744138
StarLightCurves,1024,diff1,3,1422,0.9515294479653511
StarLightCurves,1024,diff1,3,1423,0.7502229464190329
StarLightCurves,1024,diff1,3,1424,0.9483855257325736
StarLightCurves,1024,diff1,3,1425,0.7511987654371215
StarLightCurves,1024,diff1,3,1426,0.9432243507070647
StarLightCurves,1024,diff1,3,1427,0.7980117853133619
StarLightCurves,1024,diff1,3,1428,0.9395094705096727
StarLightCurves,1024,diff1,3,1429,0.8537082703160985
StarLightCurves,1024,diff1,3,1430,0.9419430452480511
StarLightCurves,1024,diff1,3,1431,0.9017360772358813
StarLightCurves,1024,diff1,3,1432,0.9489236723388341
StarLightCurves,1024,diff1,3,1433,0.9274172950314477
StarLightCurves,1024,diff1,3,1434,0.9500235322010316
StarLightCurves,1024,diff1,3,1435,0.9366035092726492
StarLightCurves,1024,diff1,3,1436,0.9492550782889003
StarLightCurves,1024,diff1,3,1437,0.9484011085841166
StarLightCurves,1024,diff1,3,1438,0.946382279051473
StarLightCurves,1024,diff1,3,1441,0.9815576245415016
StarLightCurves,1024,diff1,3,1442,0.990436061427533
StarLightCurves,1024,diff1,3,1443,0.9693217312215744
StarLightCurves,1024,diff1,3,1444,0.9879453499750295
StarLightCurves,1024,diff1,3,1445,0.9559529523751245
StarLightCurves,1024,diff1,3,1446,0.9877117791540757
StarLightCurves,1024,diff1,3,1447,0.9385688085083188
StarLightCurves,1024,diff1,3,1448,0.9855788552268069
StarLightCurves,1024,diff1,3,1449,0.8810454323952062
StarLightCurves,1024,diff1,3,1450,0.9816207889348487
StarLightCurves,1024,diff1,3,1451,0.8053402480031236
StarLightCurves,1024,diff1,3,1452,0.9804212700599138
StarLightCurves,1024,diff1,3,1453,0.759732821448861
StarLightCurves,1024,diff1,3,1454,0.9801472652137138
StarLightCurves,1024,diff1,3,1455,0.8133297206444854
StarLightCurves,1024,diff1,3,1456,0.9773600493227851
StarLightCurves,1024,diff1,3,1457,0.7522862116850078
StarLightCurves,1024,diff1,3,1458,0.9724474067473069
StarLightCurves,1024,diff1,3,1459,0.7538970046701791
StarLightCurves,1024,diff1,3,1460,0.9713311730718892
StarLightCurves,1024,diff1,3,1461,0.8520784581628598
StarLightCurves,1024,diff1,3,1462,0.9750597486890232
StarLightCurves,1024,diff1,3,1463,0.9223231842804439
StarLightCurves,1024,diff1,3,1464,0.9775680351866701
StarLightCurves,1024,diff1,3,1465,0.9533102230301712
StarLightCurves,1024,diff1,3,1466,0.9800647298624965
StarLightCurves,1024,diff1,3,1467,0.9671856392623714
StarLightCurves,1024,diff1,3,1468,0.9810202241617711
StarLightCurves,1024,diff1,3,1469,0.9759773457966451
StarLightCurves,1024,diff1,3,1470,0.9839032065557082
StarLightCurves,1024,diff1,3,1473,0.9830623477952958
StarLightCurves,1024,diff1,3,1474,0.9831377368721742
StarLightCurves,1024,diff1,3,1475,0.9668073081944994
StarLightCurves,1024,diff1,3,1476,0.974565805564249
StarLightCurves,1024,diff1,3,1477,0.9510592625630122
StarLightCurves,1024,diff1,3,1478,0.9730061535537624
StarLightCurves,1024,diff1,3,1479,0.9376199512125523
StarLightCurves,1024,diff1,3,1480,0.9679508938599248
StarLightCurves,1024,diff1,3,1481,0.8958305664765519
StarLightCurves,1024,diff1,3,1482,0.9562903933928661
StarLightCurves,1024,diff1,3,1483,0.8267236373354999
StarLightCurves,1024,diff1,3,1484,0.9501811035648944
StarLightCurves,1024,diff1,3,1485,0.7726104758089436
StarLightCurves,1024,diff1,3,1486,0.9472725627566079
StarLightCurves,1024,diff1,3,1487,0.7928161994015516
StarLightCurves,1024,diff1,3,1488,0.9385665068205478
StarLightCurves,1024,diff1,3,1489,0.6770486761733893
StarLightCurves,1024,diff1,3,1490,0.9261407771971287
StarLightCurves,1024,diff1,3,1491,0.646369812247319
StarLightCurves,1024,diff1,3,1492,0.9236301148106026
StarLightCurves,1024,diff1,3,1493,0.7858129420036658
StarLightCurves,1024,diff1,3,1494,0.9442976755583694
StarLightCurves,1024,diff1,3,1495,0.8974679597031849
StarLightCurves,1024,diff1,3,1496,0.9615956209527884
StarLightCurves,1024,diff1,3,1497,0.9427713184034922
StarLightCurves,1024,diff1,3,1498,0.9729204252212884
StarLightCurves,1024,diff1,3,1499,0.9663677032015158
StarLightCurves,1024,diff1,3,1500,0.984916006433565
StarLightCurves,1024,diff1,3,1501,0.9834175575147933
StarLightCurves,1024,diff1,3,1502,0.9866938486366943
StarLightCurves,1024,diff1,3,1505,0.9920724198430916
StarLightCurves,1024,diff1,3,1506,0.9921015192493218
StarLightCurves,1024,diff1,3,1507,0.9910413430657911
StarLightCurves,1024,diff1,3,1508,0.9926008861279746
StarLightCurves,1024,diff1,3,1509,0.9912985553638073
StarLightCurves,1024,diff1,3,1510,0.9920104601723057
StarLightCurves,1024,diff1,3,1511,0.9853180245933533
StarLightCurves,1024,diff1,3,1512,0.9810311751238809
StarLightCurves,1024,diff1,3,1513,0.9572746794419211
StarLightCurves,1024,diff1,3,1514,0.9491711355810245
StarLightCurves,1024,diff1,3,1515,0.8778726073995691
StarLightCurves,1024,diff1,3,1516,0.8943831617895411
StarLightCurves,1024,diff1,3,1517,0.7476070773771152
StarLightCurves,1024,diff1,3,1518,0.8460665495460149
StarLightCurves,1024,diff1,3,1519,0.6658996382756569
StarLightCurves,1024,diff1,3,1520,0.7755453918165459
StarLightCurves,1024,diff1,3,1521,0.690986580401468
StarLightCurves,1024,diff1,3,1522,0.7755408051039301
StarLightCurves,1024,diff1,3,1523,0.824973873086035
StarLightCurves,1024,diff1,3,1524,0.8636626409288819
StarLightCurves,1024,diff1,3,1525,0.9249822174489348
StarLightCurves,1024,diff1,3,1526,0.9507258081020745
StarLightCurves,1024,diff1,3,1527,0.9755599746694801
StarLightCurves,1024,diff1,3,1528,0.9851744549003338
StarLightCurves,1024,diff1,3,1529,0.9902949080274223
StarLightCurves,1024,diff1,3,1530,0.9903110087966591
StarLightCurves,1024,diff1,3,1531,0.9906219891965675
StarLightCurves,1024,diff1,3,1532,0.9896093732016206
StarLightCurves,1024,diff1,3,1533,0.9902814341752292
StarLightCurves,1024,diff1,3,1534,0.9904028073027737
StarLightCurves,1024,diff1,3,1537,0.9838667026135732
StarLightCurves,1024,diff1,3,1538,0.9906905378929497
StarLightCurves,1024,diff1,3,1539,0.9823554121505699
StarLightCurves,1024,diff1,3,1540,0.986660871344138
StarLightCurves,1024,diff1,3,1541,0.9653304101895817
StarLightCurves,1024,diff1,3,1542,0.978063517860822
StarLightCurves,1024,diff1,3,1543,0.9364661790493052
StarLightCurves,1024,diff1,3,1544,0.9680231794558651
StarLightCurves,1024,diff1,3,1545,0.8635176431954609
StarLightCurves,1024,diff1,3,1546,0.9546261211069655
StarLightCurves,1024,diff1,3,1547,0.7484839353329499
StarLightCurves,1024,diff1,3,1548,0.9474066404635602
StarLightCurves,1024,diff1,3,1549,0.6452417668711159
StarLightCurves,1024,diff1,3,1550,0.9481753475648514
StarLightCurves,1024,diff1,3,1551,0.7545732156123542
StarLightCurves,1024,diff1,3,1552,0.9550361378994716
StarLightCurves,1024,diff1,3,1553,0.7775100404860524
StarLightCurves,1024,diff1,3,1554,0.9575431290494497
StarLightCurves,1024,diff1,3,1555,0.8316901049841069
StarLightCurves,1024,diff1,3,1556,0.960656091465831
StarLightCurves,1024,diff1,3,1557,0.8986296365713258
StarLightCurves,1024,diff1,3,1558,0.9670374392658848
StarLightCurves,1024,diff1,3,1559,0.941254131424831
StarLightCurves,1024,diff1,3,1560,0.9723614083020609
StarLightCurves,1024,diff1,3,1561,0.9538308612702748
StarLightCurves,1024,diff1,3,1562,0.9753253201523168
StarLightCurves,1024,diff1,3,1563,0.9624287971368991
StarLightCurves,1024,diff1,3,1564,0.9780920837458293
StarLightCurves,1024,diff1,3,1565,0.9786116627195784
StarLightCurves,1024,diff1,3,1566,0.9862441443736063
StarLightCurves,1024,diff1,4,1569,0.9758724484630933
StarLightCurves,1024,diff1,4,1570,0.9895516176622398
StarLightCurves,1024,diff1,4,1571,0.975884102058392
StarLightCurves,1024,diff1,4,1572,0.9814913633893408
StarLightCurves,1024,diff1,4,1573,0.932276163852416
StarLightCurves,1024,diff1,4,1574,0.9758206005739064
StarLightCurves,1024,diff1,4,1575,0.885353418036599
StarLightCurves,1024,diff1,4,1576,0.9759783083695026
StarLightCurves,1024,diff1,4,1577,0.8912851559784588
StarLightCurves,1024,diff1,4,1578,0.9743506691539223
StarLightCurves,1024,diff1,4,1579,0.9575794913763782
StarLightCurves,1024,diff1,4,1580,0.988172548963663
StarLightCurves,1024,diff1,4,1581,0.9842281662443805
StarLightCurves,1024,diff1,4,1582,0.9835539868839167
StarLightCurves,1024,diff1,4,1585,0.9819586648798637
StarLightCurves,1024,diff1,4,1586,0.9906202135817072
StarLightCurves,1024,diff1,4,1587,0.9806299631200471
StarLightCurves,1024,diff1,4,1588,0.9864737107233471
StarLightCurves,1024,diff1,4,1589,0.9488774342272218
StarLightCurves,1024,diff1,4,1590,0.9769709769515221
StarLightCurves,1024,diff1,4,1591,0.8427550344085508
StarLightCurves,1024,diff1,4,1592,0.9706348256487702
StarLightCurves,1024,diff1,4,1593,0.8524417604207617
StarLightCurves,1024,diff1,4,1594,0.9776795466115258
StarLightCurves,1024,diff1,4,1595,0.9692872761828664
StarLightCurves,1024,diff1,4,1596,0.9867563556082182
StarLightCurves,1024,diff1,4,1597,0.9830286897469285
StarLightCurves,1024,diff1,4,1598,0.9870992788247468
StarLightCurves,1024,diff1,4,1601,0.9672417609334242
StarLightCurves,1024,diff1,4,1602,0.9734236907416411
StarLightCurves,1024,diff1,4,1603,0.9581658609633933
StarLightCurves,1024,diff1,4,1604,0.9776005823027153
StarLightCurves,1024,diff1,4,1605,0.9391479702170902
StarLightCurves,1024,diff1,4,1606,0.9694262423884172
StarLightCurves,1024,diff1,4,1607,0.88028524492376
StarLightCurves,1024,diff1,4,1608,0.9642830260788205
StarLightCurves,1024,diff1,4,1609,0.7437013968465339
StarLightCurves,1024,diff1,4,1610,0.9743352406163729
StarLightCurves,1024,diff1,4,1611,0.9255124003045542
StarLightCurves,1024,diff1,4,1612,0.9901898395490286
StarLightCurves,1024,diff1,4,1613,0.9828477015190983
StarLightCurves,1024,diff1,4,1614,0.990793507308832
StarLightCurves,1024,diff1,4,1617,0.9868121462709762
StarLightCurves,1024,diff1,4,1618,0.9817292084020134
StarLightCurves,1024,diff1,4,1619,0.9888604240844161
StarLightCurves,1024,diff1,4,1620,0.9753061264370304
StarLightCurves,1024,diff1,4,1621,0.9495996908291885
StarLightCurves,1024,diff1,4,1622,0.9885035240454855
StarLightCurves,1024,diff1,4,1623,0.8466275544330998
StarLightCurves,1024,diff1,4,1624,0.9974785667976958
StarLightCurves,1024,diff1,4,1625,0.9786790303648826
StarLightCurves,1024,diff1,4,1626,0.9984628883641368
StarLightCurves,1024,diff1,4,1627,0.9896917352373911
StarLightCurves,1024,diff1,4,1628,0.9982532213599108
StarLightCurves,1024,diff1,4,1629,0.9927481654760211
StarLightCurves,1024,diff1,4,1630,0.9990809986855733
StarLightCurves,1024,diff1,4,1633,0.9904922731454736
StarLightCurves,1024,diff1,4,1634,0.9976589286325015
StarLightCurves,1024,diff1,4,1635,0.9872890916385018
StarLightCurves,1024,diff1,4,1636,0.9974433885693258
StarLightCurves,1024,diff1,4,1637,0.9796822297531075
StarLightCurves,1024,diff1,4,1638,0.9969358672007438
StarLightCurves,1024,diff1,4,1639,0.9169528061720288
StarLightCurves,1024,diff1,4,1640,0.9912927289196696
StarLightCurves,1024,diff1,4,1641,0.8812642818822879
StarLightCurves,1024,diff1,4,1642,0.9748032890144595
StarLightCurves,1024,diff1,4,1643,0.9687272241472051
StarLightCurves,1024,diff1,4,1644,0.971000432429864
StarLightCurves,1024,diff1,4,1645,0.9897893940481285
StarLightCurves,1024,diff1,4,1646,0.9342652125032017
StarLightCurves,1024,diff1,4,1649,0.9661974671884324
StarLightCurves,1024,diff1,4,1650,0.9943132093058991
StarLightCurves,1024,diff1,4,1651,0.957619649085313
StarLightCurves,1024,diff1,4,1652,0.9912338401726696
StarLightCurves,1024,diff1,4,1653,0.850994007105078
StarLightCurves,1024,diff1,4,1654,0.9874702009202423
StarLightCurves,1024,diff1,4,1655,0.8485040438379363
StarLightCurves,1024,diff1,4,1656,0.987422348835135
StarLightCurves,1024,diff1,4,1657,0.8767141324960969
StarLightCurves,1024,diff1,4,1658,0.9892851501006147
StarLightCurves,1024,diff1,4,1659,0.9337933073577873
StarLightCurves,1024,diff1,4,1660,0.9900517947661841
StarLightCurves,1024,diff1,4,1661,0.9502496042596397
StarLightCurves,1024,diff1,4,1662,0.9822203926430504
StarLightCurves,1024,diff1,4,1665,0.9735071996377977
StarLightCurves,1024,diff1,4,1666,0.9936894364298781
StarLightCurves,1024,diff1,4,1667,0.9765770214359922
StarLightCurves,1024,diff1,4,1668,0.9915436805447654
StarLightCurves,1024,diff1,4,1669,0.9235034419935145
StarLightCurves,1024,diff1,4,1670,0.9869219508821115
StarLightCurves,1024,diff1,4,1671,0.8580270563514836
StarLightCurves,1024,diff1,4,1672,0.9848390252989502
StarLightCurves,1024,diff1,4,1673,0.8808020395658729
StarLightCurves,1024,diff1,4,1674,0.987068164479137
StarLightCurves,1024,diff1,4,1675,0.963451414167863
StarLightCurves,1024,diff1,4,1676,0.9891871249627397
StarLightCurves,1024,diff1,4,1677,0.9740108401420238
StarLightCurves,1024,diff1,4,1678,0.9865186830825079
StarLightCurves,1024,diff1,4,1681,0.9782852031429327
StarLightCurves,1024,diff1,4,1682,0.9956006813898767
StarLightCurves,1024,diff1,4,1683,0.9773677813117609
StarLightCurves,1024,diff1,4,1684,0.9933198446277625
StarLightCurves,1024,diff1,4,1685,0.9277032207204129
StarLightCurves,1024,diff1,4,1686,0.9905060684220056
StarLightCurves,1024,diff1,4,1687,0.8220606086958432
StarLightCurves,1024,diff1,4,1688,0.9899680502685646
StarLightCurves,1024,diff1,4,1689,0.8898385674179331
StarLightCurves,1024,diff1,4,1690,0.990064148082528
StarLightCurves,1024,diff1,4,1691,0.9651924124185192
StarLightCurves,1024,diff1,4,1692,0.9929618903898098
StarLightCurves,1024,diff1,4,1693,0.979649896734859
StarLightCurves,1024,diff1,4,1694,0.9888351099700676
StarLightCurves,1024,diff1,4,1697,0.9794814213214446
StarLightCurves,1024,diff1,4,1698,0.9943049086270033
StarLightCurves,1024,diff1,4,1699,0.9784390598448195
StarLightCurves,1024,diff1,4,1700,0.9928832507639096
StarLightCurves,1024,diff1,4,1701,0.9463948428781784
StarLightCurves,1024,diff1,4,1702,0.9886383971363776
StarLightCurves,1024,diff1,4,1703,0.8542839596424756
StarLightCurves,1024,diff1,4,1704,0.9855155958224671
StarLightCurves,1024,diff1,4,1705,0.8640407276250681
StarLightCurves,1024,diff1,4,1706,0.987523472985731
StarLightCurves,1024,diff1,4,1707,0.9712127348047186
StarLightCurves,1024,diff1,4,1708,0.991918475393154
StarLightCurves,1024,diff1,4,1709,0.9835833751359283
StarLightCurves,1024,diff1,4,1710,0.9894348707234958
StarLightCurves,1024,diff1,4,1713,0.9839224343367282
StarLightCurves,1024,diff1,4,1714,0.9934150062907343
StarLightCurves,1024,diff1,4,1715,0.9825430047484776
StarLightCurves,1024,diff1,4,1716,0.9911244645024226
StarLightCurves,1024,diff1,4,1717,0.9533339312858176
StarLightCurves,1024,diff1,4,1718,0.985124735276882
StarLightCurves,1024,diff1,4,1719,0.840671664130452
StarLightCurves,1024,diff1,4,1720,0.9814757986403347
StarLightCurves,1024,diff1,4,1721,0.8610493866019489
StarLightCurves,1024,diff1,4,1722,0.9822152062826731
StarLightCurves,1024,diff1,4,1723,0.9654744270854365
StarLightCurves,1024,diff1,4,1724,0.9891821748115366
StarLightCurves,1024,diff1,4,1725,0.9853598320192325
StarLightCurves,1024,diff1,4,1726,0.9880209029873007
StarLightCurves,1024,diff1,4,1729,0.9785348358233694
StarLightCurves,1024,diff1,4,1730,0.9876808706005621
StarLightCurves,1024,diff1,4,1731,0.9783789093809316
StarLightCurves,1024,diff1,4,1732,0.986049816558281
StarLightCurves,1024,diff1,4,1733,0.945567109911382
StarLightCurves,1024,diff1,4,1734,0.9770510994033297
StarLightCurves,1024,diff1,4,1735,0.8744307014369518
StarLightCurves,1024,diff1,4,1736,0.9754015485714713
StarLightCurves,1024,diff1,4,1737,0.8437124956003154
StarLightCurves,1024,diff1,4,1738,0.9826061523682716
StarLightCurves,1024,diff1,4,1739,0.962539067009438
StarLightCurves,1024,diff1,4,1740,0.9910899723057266
StarLightCurves,1024,diff1,4,1741,0.9861745960104025
StarLightCurves,1024,diff1,4,1742,0.990942652769904
StarLightCurves,1024,diff1,4,1745,0.9845553739318907
StarLightCurves,1024,diff1,4,1746,0.9867147097781933
StarLightCurves,1024,diff1,4,1747,0.9867809718658243
StarLightCurves,1024,diff1,4,1748,0.9811172731823777
StarLightCurves,1024,diff1,4,1749,0.9480732628102568
StarLightCurves,1024,diff1,4,1750,0.9816603075975763
StarLightCurves,1024,diff1,4,1751,0.8589932499208118
StarLightCurves,1024,diff1,4,1752,0.991713661438788
StarLightCurves,1024,diff1,4,1753,0.9411470115272661
StarLightCurves,1024,diff1,4,1754,0.9953008395143349
StarLightCurves,1024,diff1,4,1755,0.985243171880138
StarLightCurves,1024,diff1,4,1756,0.996885764168309
StarLightCurves,1024,diff1,4,1757,0.9896988674576772
StarLightCurves,1024,diff1,4,1758,0.9967522463217245
StarLightCurves,1024,diff1,4,1761,0.9897033088887868
StarLightCurves,1024,diff1,4,1762,0.99762270482919
StarLightCurves,1024,diff1,4,1763,0.9890987889192511
StarLightCurves,1024,diff1,4,1764,0.9967265711984055
StarLightCurves,1024,diff1,4,1765,0.9707129361343457
StarLightCurves,1024,diff1,4,1766,0.9954697474823663
StarLightCurves,1024,diff1,4,1767,0.8794364242583861
StarLightCurves,1024,diff1,4,1768,0.9913073153843259
StarLightCurves,1024,diff1,4,1769,0.8967100515230829
StarLightCurves,1024,diff1,4,1770,0.9826359625826885
StarLightCurves,1024,diff1,4,1771,0.9743906400576408
StarLightCurves,1024,diff1,4,1772,0.9880400110401159
StarLightCurves,1024,diff1,4,1773,0.988571124100053
StarLightCurves,1024,diff1,4,1774,0.9756656732694063
StarLightCurves,1024,diff1,4,1777,0.9801746253129543
StarLightCurves,1024,diff1,4,1778,0.9940728430053644
StarLightCurves,1024,diff1,4,1779,0.9795853785970011
StarLightCurves,1024,diff1,4,1780,0.9899617305676691
StarLightCurves,1024,diff1,4,1781,0.9305821010881002
StarLightCurves,1024,diff1,4,1782,0.9826894536725979
StarLightCurves,1024,diff1,4,1783,0.8380239377877764
StarLightCurves,1024,diff1,4,1784,0.9799437720283269
StarLightCurves,1024,diff1,4,1785,0.8962392979427886
StarLightCurves,1024,diff1,4,1786,0.9832649553265636
StarLightCurves,1024,diff1,4,1787,0.9671582490897821
StarLightCurves,1024,diff1,4,1788,0.9898765062752467
StarLightCurves,1024,diff1,4,1789,0.979641523842097
StarLightCurves,1024,diff1,4,1790,0.9835567101964948
StarLightCurves,1024,diff1,4,1793,0.9834210241732905
StarLightCurves,1024,diff1,4,1794,0.992105707186656
StarLightCurves,1024,diff1,4,1795,0.9847835010811303
StarLightCurves,1024,diff1,4,1796,0.9879611664456251
StarLightCurves,1024,diff1,4,1797,0.9444561886137467
StarLightCurves,1024,diff1,4,1798,0.9791690423440226
StarLightCurves,1024,diff1,4,1799,0.8411523953676658
StarLightCurves,1024,diff1,4,1800,0.9793094786903895
StarLightCurves,1024,diff1,4,1801,0.9062876503711655
StarLightCurves,1024,diff1,4,1802,0.9835733383557421
StarLightCurves,1024,diff1,4,1803,0.9715554591391764
StarLightCurves,1024,diff1,4,1804,0.9898585426518008
StarLightCurves,1024,diff1,4,1805,0.9847377322635762
StarLightCurves,1024,diff1,4,1806,0.9887191212041762
StarLightCurves,1024,diff1,4,1809,0.976250926844289
StarLightCurves,1024,diff1,4,1810,0.9896619395848685
StarLightCurves,1024,diff1,4,1811,0.9750481864656341
StarLightCurves,1024,diff1,4,1812,0.9818443968266388
StarLightCurves,1024,diff1,4,1813,0.9341763589017491
StarLightCurves,1024,diff1,4,1814,0.9742239861721548
StarLightCurves,1024,diff1,4,1815,0.8714688299795997
StarLightCurves,1024,diff1,4,1816,0.9767301621176855
StarLightCurves,1024,diff1,4,1817,0.8974898502576732
StarLightCurves,1024,diff1,4,1818,0.9782490806613764
StarLightCurves,1024,diff1,4,1819,0.9574919640402456
StarLightCurves,1024,diff1,4,1820,0.9894820837341368
StarLightCurves,1024,diff1,4,1821,0.9834106263041466
StarLightCurves,1024,diff1,4,1822,0.984478197462729
StarLightCurves,1024,diff1,4,1825,0.9833071064488204
StarLightCurves,1024,diff1,4,1826,0.9893206566902323
StarLightCurves,1024,diff1,4,1827,0.9810705960236324
StarLightCurves,1024,diff1,4,1828,0.9807819483189766
StarLightCurves,1024,diff1,4,1829,0.9343317400967321
StarLightCurves,1024,diff1,4,1830,0.9732919089655379
StarLightCurves,1024,diff1,4,1831,0.7941039969313124
StarLightCurves,1024,diff1,4,1832,0.9703425670564091
StarLightCurves,1024,diff1,4,1833,0.9073250799435886
StarLightCurves,1024,diff1,4,1834,0.9809248186507663
StarLightCurves,1024,diff1,4,1835,0.9711454420505075
StarLightCurves,1024,diff1,4,1836,0.9890938026294986
StarLightCurves,1024,diff1,4,1837,0.9821750722364789
StarLightCurves,1024,diff1,4,1838,0.9874052782563443
StarLightCurves,1024,diff1,4,1841,0.9792591433936809
StarLightCurves,1024,diff1,4,1842,0.9891264251160801
StarLightCurves,1024,diff1,4,1843,0.9778148791446593
StarLightCurves,1024,diff1,4,1844,0.9826093751400854
StarLightCurves,1024,diff1,4,1845,0.9317327670291887
StarLightCurves,1024,diff1,4,1846,0.9706290355108137
StarLightCurves,1024,diff1,4,1847,0.8212315796703054
StarLightCurves,1024,diff1,4,1848,0.9693536795147066
StarLightCurves,1024,diff1,4,1849,0.8826016569593359
StarLightCurves,1024,diff1,4,1850,0.9769325903387405
StarLightCurves,1024,diff1,4,1851,0.9636499267592903
StarLightCurves,1024,diff1,4,1852,0.9870847331621201
StarLightCurves,1024,diff1,4,1853,0.978948011018431
StarLightCurves,1024,diff1,4,1854,0.9855060638853217
StarLightCurves,1024,diff1,4,1857,0.9715024767251274
StarLightCurves,1024,diff1,4,1858,0.9274892637956645
StarLightCurves,1024,diff1,4,1859,0.9595537185728714
StarLightCurves,1024,diff1,4,1860,0.9684931344061525
StarLightCurves,1024,diff1,4,1861,0.9528833494414102
StarLightCurves,1024,diff1,4,1862,0.9680953554058772
StarLightCurves,1024,diff1,4,1863,0.9261248684582496
StarLightCurves,1024,diff1,4,1864,0.9624892955575218
StarLightCurves,1024,diff1,4,1865,0.5202174537474928
StarLightCurves,1024,diff1,4,1866,0.9734804011626034
StarLightCurves,1024,diff1,4,1867,0.8947071987768432
StarLightCurves,1024,diff1,4,1868,0.9935129834709293
StarLightCurves,1024,diff1,4,1869,0.9911013420438632
StarLightCurves,1024,diff1,4,1870,0.9942920544586343
StarLightCurves,1024,diff1,4,1873,0.9908993430847631
StarLightCurves,1024,diff1,4,1874,0.9921574611009844
StarLightCurves,1024,diff1,4,1875,0.9934904096079772
StarLightCurves,1024,diff1,4,1876,0.9866583962025863
StarLightCurves,1024,diff1,4,1877,0.982749462230086
StarLightCurves,1024,diff1,4,1878,0.9626692982702819
StarLightCurves,1024,diff1,4,1879,0.8576063667660816
StarLightCurves,1024,diff1,4,1880,0.9485369296378657
StarLightCurves,1024,diff1,4,1881,0.9555875796384514
StarLightCurves,1024,diff1,4,1882,0.9792788771566227
StarLightCurves,1024,diff1,4,1883,0.9924272639830678
StarLightCurves,1024,diff1,4,1884,0.9904198100672517
StarLightCurves,1024,diff1,4,1885,0.9916979266968866
StarLightCurves,1024,diff1,4,1886,0.9941552148296995
StarLightCurves,1024,diff1,4,1889,0.9820745337237814
StarLightCurves,1024,diff1,4,1890,0.9944929861922525
StarLightCurves,1024,diff1,4,1891,0.963039399936429
StarLightCurves,1024,diff1,4,1892,0.9825720431086512
StarLightCurves,1024,diff1,4,1893,0.7207285474734088
StarLightCurves,1024,diff1,4,1894,0.9669980565388367
StarLightCurves,1024,diff1,4,1895,0.8431413727402808
StarLightCurves,1024,diff1,4,1896,0.9692289601129086
StarLightCurves,1024,diff1,4,1897,0.9266756122806694
StarLightCurves,1024,diff1,4,1898,0.9767127775371293
StarLightCurves,1024,diff1,4,1899,0.944246858261832
StarLightCurves,1024,diff1,4,1900,0.9709482420115457
StarLightCurves,1024,diff1,4,1901,0.9498384975215862
StarLightCurves,1024,diff1,4,1902,0.9420103952858204
StarLightCurves,1024,diff1,4,1905,0.9725730728847004
StarLightCurves,1024,diff1,4,1906,0.9938214146347615
StarLightCurves,1024,diff1,4,1907,0.9740319775230648
StarLightCurves,1024,diff1,4,1908,0.9916021440543956
StarLightCurves,1024,diff1,4,1909,0.9147403890884326
StarLightCurves,1024,diff1,4,1910,0.987208773027182
StarLightCurves,1024,diff1,4,1911,0.8496927803326008
StarLightCurves,1024,diff1,4,1912,0.9868044140915225
StarLightCurves,1024,diff1,4,1913,0.8864466220255957
StarLightCurves,1024,diff1,4,1914,0.9882377957087196
StarLightCurves,1024,diff1,4,1915,0.9605280868705537
StarLightCurves,1024,diff1,4,1916,0.9910587571729109
StarLightCurves,1024,diff1,4,1917,0.9724656728241108
StarLightCurves,1024,diff1,4,1918,0.9861208363841193
StarLightCurves,1024,diff1,4,1921,0.9757484991600462
StarLightCurves,1024,diff1,4,1922,0.9948017251074363
StarLightCurves,1024,diff1,4,1923,0.9762941245078669
StarLightCurves,1024,diff1,4,1924,0.9924188860342981
StarLightCurves,1024,diff1,4,1925,0.9202764699497802
StarLightCurves,1024,diff1,4,1926,0.9888142195652417
StarLightCurves,1024,diff1,4,1927,0.8181742112547651
StarLightCurves,1024,diff1,4,1928,0.9860778708735778
StarLightCurves,1024,diff1,4,1929,0.8849699351587152
StarLightCurves,1024,diff1,4,1930,0.987415852433755
StarLightCurves,1024,diff1,4,1931,0.9621990113431436
StarLightCurves,1024,diff1,4,1932,0.9909747867441773
StarLightCurves,1024,diff1,4,1933,0.9745186184942866
StarLightCurves,1024,diff1,4,1934,0.9855300152446833
StarLightCurves,1024,diff1,4,1937,0.9807428093930782
StarLightCurves,1024,diff1,4,1938,0.9951123684640056
StarLightCurves,1024,diff1,4,1939,0.9792219160553955
StarLightCurves,1024,diff1,4,1940,0.9922013041478749
StarLightCurves,1024,diff1,4,1941,0.9464752500160346
StarLightCurves,1024,diff1,4,1942,0.9885956668550832
StarLightCurves,1024,diff1,4,1943,0.8251680882558363
StarLightCurves,1024,diff1,4,1944,0.9869990187432927
StarLightCurves,1024,diff1,4,1945,0.8861840310888113
StarLightCurves,1024,diff1,4,1946,0.9863211367997857
StarLightCurves,1024,diff1,4,1947,0.9698489537599869
StarLightCurves,1024,diff1,4,1948,0.9922036672503548
StarLightCurves,1024,diff1,4,1949,0.982867718093854
StarLightCurves,1024,diff1,4,1950,0.9876702261039706
StarLightCurves,1024,diff1,4,1953,0.9815446351456961
StarLightCurves,1024,diff1,4,1954,0.993089159163041
StarLightCurves,1024,diff1,4,1955,0.9823927489435151
StarLightCurves,1024,diff1,4,1956,0.9906621119451567
StarLightCurves,1024,diff1,4,1957,0.9111619878787742
StarLightCurves,1024,diff1,4,1958,0.9834371159115854
StarLightCurves,1024,diff1,4,1959,0.8472614280055568
StarLightCurves,1024,diff1,4,1960,0.9858102463151224
StarLightCurves,1024,diff1,4,1961,0.9053417097315648
StarLightCurves,1024,diff1,4,1962,0.9854494495900521
StarLightCurves,1024,diff1,4,1963,0.9707887826050655
StarLightCurves,1024,diff1,4,1964,0.9910438118353805
StarLightCurves,1024,diff1,4,1965,0.983624205096821
StarLightCurves,1024,diff1,4,1966,0.988813622070973
StarLightCurves,1024,diff1,4,1969,0.980735311847893
StarLightCurves,1024,diff1,4,1970,0.9908429402088194
StarLightCurves,1024,diff1,4,1971,0.982553121999379
StarLightCurves,1024,diff1,4,1972,0.9874656446979472
StarLightCurves,1024,diff1,4,1973,0.9360721495951311
StarLightCurves,1024,diff1,4,1974,0.9742873335051686
StarLightCurves,1024,diff1,4,1975,0.8257129013330288
StarLightCurves,1024,diff1,4,1976,0.9754192009955205
StarLightCurves,1024,diff1,4,1977,0.9014008062175015
StarLightCurves,1024,diff1,4,1978,0.9840666934708521
StarLightCurves,1024,diff1,4,1979,0.9697816825707343
StarLightCurves,1024,diff1,4,1980,0.9899081193679767
StarLightCurves,1024,diff1,4,1981,0.9816416617323327
StarLightCurves,1024,diff1,4,1982,0.987413457296089
StarLightCurves,1024,diff1,4,1985,0.9748729959992357
StarLightCurves,1024,diff1,4,1986,0.9760272446810047
StarLightCurves,1024,diff1,4,1987,0.9694001439518852
StarLightCurves,1024,diff1,4,1988,0.9811844719155501
StarLightCurves,1024,diff1,4,1989,0.9492841443243704
StarLightCurves,1024,diff1,4,1990,0.9743481239865094
StarLightCurves,1024,diff1,4,1991,0.887314851504906
StarLightCurves,1024,diff1,4,1992,0.970063360627768
StarLightCurves,1024,diff1,4,1993,0.7705468855676254
StarLightCurves,1024,diff1,4,1994,0.9781564566778959
StarLightCurves,1024,diff1,4,1995,0.9413858549584695
StarLightCurves,1024,diff1,4,1996,0.9931334311662191
StarLightCurves,1024,diff1,4,1997,0.9867014444803454
StarLightCurves,1024,diff1,4,1998,0.9916554470806367
StarLightCurves,1024,diff1,4,2001,0.9896996846886933
StarLightCurves,1024,diff1,4,2002,0.9923573091574829
StarLightCurves,1024,diff1,4,2003,0.9907353310357168
StarLightCurves,1024,diff1,4,2004,0.9864020409923431
StarLightCurves,1024,diff1,4,2005,0.9778073765476544
StarLightCurves,1024,diff1,4,2006,0.9673285731457183
StarLightCurves,1024,diff1,4,2007,0.8472799493527812
StarLightCurves,1024,diff1,4,2008,0.9463035562676656
StarLightCurves,1024,diff1,4,2009,0.933300175763083
StarLightCurves,1024,diff1,4,2010,0.9722801159924663
StarLightCurves,1024,diff1,4,2011,0.9884726477296246
StarLightCurves,1024,diff1,4,2012,0.9876181187946647
StarLightCurves,1024,diff1,4,2013,0.9903613323939132
StarLightCurves,1024,diff1,4,2014,0.9916292282394721
StarLightCurves,1024,diff1,4,2017,0.9826495559634031
StarLightCurves,1024,diff1,4,2018,0.9958228436671321
StarLightCurves,1024,diff1,4,2019,0.9769208415728504
StarLightCurves,1024,diff1,4,2020,0.9896002074355624
StarLightCurves,1024,diff1,4,2021,0.8545260776175039
StarLightCurves,1024,diff1,4,2022,0.9811274603049649
StarLightCurves,1024,diff1,4,2023,0.8254722755586146
StarLightCurves,1024,diff1,4,2024,0.9802366784019778
StarLightCurves,1024,diff1,4,2025,0.9188857556187934
StarLightCurves,1024,diff1,4,2026,0.9839738794902446
StarLightCurves,1024,diff1,4,2027,0.9636326120324291
StarLightCurves,1024,diff1,4,2028,0.9849620076079121
StarLightCurves,1024,diff1,4,2029,0.9711905865269332
StarLightCurves,1024,diff1,4,2030,0.9699965455538145
StarLightCurves,1024,diff1,4,2033,0.983012100902115
StarLightCurves,1024,diff1,4,2034,0.9925246827893682
StarLightCurves,1024,diff1,4,2035,0.9831056051395309
StarLightCurves,1024,diff1,4,2036,0.9877955316035474
StarLightCurves,1024,diff1,4,2037,0.9421196285936393
StarLightCurves,1024,diff1,4,2038,0.9804732726316264
StarLightCurves,1024,diff1,4,2039,0.8341670585529348
StarLightCurves,1024,diff1,4,2040,0.9788495119162686
StarLightCurves,1024,diff1,4,2041,0.890520241081242
StarLightCurves,1024,diff1,4,2042,0.9845530848305727
StarLightCurves,1024,diff1,4,2043,0.9742688357098983
StarLightCurves,1024,diff1,4,2044,0.9904812237370354
StarLightCurves,1024,diff1,4,2045,0.9820998678081597
StarLightCurves,1024,diff1,4,2046,0.9880043538606712
StarLightCurves,1024,diff1,4,2049,0.9841028136309771
StarLightCurves,1024,diff1,4,2050,0.9925193922149397
StarLightCurves,1024,diff1,4,2051,0.9831013135117557
StarLightCurves,1024,diff1,4,2052,0.9866991575773518
StarLightCurves,1024,diff1,4,2053,0.9425601747741381
StarLightCurves,1024,diff1,4,2054,0.9805137816225599
StarLightCurves,1024,diff1,4,2055,0.8061629385785914
StarLightCurves,1024,diff1,4,2056,0.9763865780463696
StarLightCurves,1024,diff1,4,2057,0.89901591637523
StarLightCurves,1024,diff1,4,2058,0.9794648411227883
StarLightCurves,1024,diff1,4,2059,0.9674002895991507
StarLightCurves,1024,diff1,4,2060,0.9898070955981122
StarLightCurves,1024,diff1,4,2061,0.9823255400356626
StarLightCurves,1024,diff1,4,2062,0.9850891681782539
StarLightCurves,1024,diff1,5,2065,0.9900909224441893
StarLightCurves,1024,diff1,5,2066,0.9985457342136227
StarLightCurves,1024,diff1,5,2067,0.9159456834801936
StarLightCurves,1024,diff1,5,2068,0.9943528850265493
StarLightCurves,1024,diff1,5,2069,0.9909139185146134
StarLightCurves,1024,diff1,5,2070,0.9971098461496435
StarLightCurves,1024,diff1,5,2073,0.9898199330021215
StarLightCurves,1024,diff1,5,2074,0.9972561033428584
StarLightCurves,1024,diff1,5,2075,0.90878765075779
StarLightCurves,1024,diff1,5,2076,0.996079144506376
StarLightCurves,1024,diff1,5,2077,0.9871578805679073
StarLightCurves,1024,diff1,5,2078,0.9974119431466341
StarLightCurves,1024,diff1,5,2081,0.9899541499338697
StarLightCurves,1024,diff1,5,2082,0.9971170391124365
StarLightCurves,1024,diff1,5,2083,0.9189158456002018
StarLightCurves,1024,diff1,5,2084,0.9959724332283545
StarLightCurves,1024,diff1,5,2085,0.9871380229131165
StarLightCurves,1024,diff1,5,2086,0.9971837372925114
StarLightCurves,1024,diff1,5,2089,0.9891549211064461
StarLightCurves,1024,diff1,5,2090,0.9973526037728936
StarLightCurves,1024,diff1,5,2091,0.9039798859417674
StarLightCurves,1024,diff1,5,2092,0.9960743900680689
StarLightCurves,1024,diff1,5,2093,0.9857362715366521
StarLightCurves,1024,diff1,5,2094,0.9973269696386765
StarLightCurves,1024,diff1,5,2097,0.9865221520552743
StarLightCurves,1024,diff1,5,2098,0.9972147946174376
StarLightCurves,1024,diff1,5,2099,0.9070066982438741
StarLightCurves,1024,diff1,5,2100,0.9959060847784879
StarLightCurves,1024,diff1,5,2101,0.9815556041146197
StarLightCurves,1024,diff1,5,2102,0.9975422835583011
StarLightCurves,1024,diff1,5,2105,0.9865994568094973
StarLightCurves,1024,diff1,5,2106,0.9974151455044107
StarLightCurves,1024,diff1,5,2107,0.9482743522880642
StarLightCurves,1024,diff1,5,2108,0.9966383916043817
StarLightCurves,1024,diff1,5,2109,0.9764234302360622
StarLightCurves,1024,diff1,5,2110,0.9987853325573776
StarLightCurves,1024,diff1,5,2113,0.9920359608314079
StarLightCurves,1024,diff1,5,2114,0.9975219751751666
StarLightCurves,1024,diff1,5,2115,0.9717552991388326
StarLightCurves,1024,diff1,5,2116,0.9978127831241633
StarLightCurves,1024,diff1,5,2117,0.9879101668761062
StarLightCurves,1024,diff1,5,2118,0.9992206019065563
StarLightCurves,1024,diff1,5,2121,0.9987156802871371
StarLightCurves,1024,diff1,5,2122,0.9978642356842522
StarLightCurves,1024,diff1,5,2123,0.3624051470084582
StarLightCurves,1024,diff1,5,2124,0.9985420870746352
StarLightCurves,1024,diff1,5,2125,0.993144822501101
StarLightCurves,1024,diff1,5,2126,0.9991868508303633
StarLightCurves,1024,diff1,5,2129,0.9895082933027404
StarLightCurves,1024,diff1,5,2130,0.9989906655252752
StarLightCurves,1024,diff1,5,2131,0.9848550661120432
StarLightCurves,1024,diff1,5,2132,0.9977831603507025
StarLightCurves,1024,diff1,5,2133,0.9670755107541393
StarLightCurves,1024,diff1,5,2134,0.9965430236777806
StarLightCurves,1024,diff1,5,2137,0.9954694185545313
StarLightCurves,1024,diff1,5,2138,0.9991169396101034
StarLightCurves,1024,diff1,5,2139,0.8111238052040477
StarLightCurves,1024,diff1,5,2140,0.9962812951293045
StarLightCurves,1024,diff1,5,2141,0.9946742410312465
StarLightCurves,1024,diff1,5,2142,0.9973361801656548
StarLightCurves,1024,diff1,5,2145,0.9893319651272915
StarLightCurves,1024,diff1,5,2146,0.9988776181441918
StarLightCurves,1024,diff1,5,2147,0.8782552941871261
StarLightCurves,1024,diff1,5,2148,0.9979118352729148
StarLightCurves,1024,diff1,5,2149,0.9853945457378472
StarLightCurves,1024,diff1,5,2150,0.9984634702737917
StarLightCurves,1024,diff1,5,2153,0.987830461426584
StarLightCurves,1024,diff1,5,2154,0.9988348126848406
StarLightCurves,1024,diff1,5,2155,0.911894632221861
StarLightCurves,1024,diff1,5,2156,0.9980701993804455
StarLightCurves,1024,diff1,5,2157,0.9839115374343061
StarLightCurves,1024,diff1,5,2158,0.9986994083242963
StarLightCurves,1024,diff1,5,2161,0.9891228276108687
StarLightCurves,1024,diff1,5,2162,0.9986687143136223
StarLightCurves,1024,diff1,5,2163,0.8832423440910842
StarLightCurves,1024,diff1,5,2164,0.9974842240376351
StarLightCurves,1024,diff1,5,2165,0.9866687305861711
StarLightCurves,1024,diff1,5,2166,0.9983864663756202
StarLightCurves,1024,diff1,5,2169,0.9892587953880284
StarLightCurves,1024,diff1,5,2170,0.9987428237182397
StarLightCurves,1024,diff1,5,2171,0.9104503026347449
StarLightCurves,1024,diff1,5,2172,0.9978415844769812
StarLightCurves,1024,diff1,5,2173,0.9850346049850004
StarLightCurves,1024,diff1,5,2174,0.9985316281228716
StarLightCurves,1024,diff1,5,2177,0.9882173243490578
StarLightCurves,1024,diff1,5,2178,0.9987340067968699
StarLightCurves,1024,diff1,5,2179,0.9216996850536828
StarLightCurves,1024,diff1,5,2180,0.9977485185837546
StarLightCurves,1024,diff1,5,2181,0.9852231192801205
StarLightCurves,1024,diff1,5,2182,0.9985415506360789
StarLightCurves,1024,diff1,5,2185,0.9902151366048177
StarLightCurves,1024,diff1,5,2186,0.998606953987805
StarLightCurves,1024,diff1,5,2187,0.8999095329389741
StarLightCurves,1024,diff1,5,2188,0.9977313161132039
StarLightCurves,1024,diff1,5,2189,0.9856034568898417
StarLightCurves,1024,diff1,5,2190,0.9985250481223766
StarLightCurves,1024,diff1,5,2193,0.9880228028237948
StarLightCurves,1024,diff1,5,2194,0.9985768050446504
StarLightCurves,1024,diff1,5,2195,0.9226578708432464
StarLightCurves,1024,diff1,5,2196,0.9973741283230096
StarLightCurves,1024,diff1,5,2197,0.9843749950289118
StarLightCurves,1024,diff1,5,2198,0.9982509764535856
StarLightCurves,1024,diff1,5,2201,0.991525454465379
StarLightCurves,1024,diff1,5,2202,0.9982079026687455
StarLightCurves,1024,diff1,5,2203,0.8998513562081074
StarLightCurves,1024,diff1,5,2204,0.9973060534627367
StarLightCurves,1024,diff1,5,2205,0.9873617421076437
StarLightCurves,1024,diff1,5,2206,0.9983153809527178
StarLightCurves,1024,diff1,5,2209,0.992995444460708
StarLightCurves,1024,diff1,5,2210,0.9976384582635245
StarLightCurves,1024,diff1,5,2211,0.9218833722291441
StarLightCurves,1024,diff1,5,2212,0.9968100677958822
StarLightCurves,1024,diff1,5,2213,0.9902942136348094
StarLightCurves,1024,diff1,5,2214,0.9981497567405528
StarLightCurves,1024,diff1,5,2217,0.9907562456145405
StarLightCurves,1024,diff1,5,2218,0.9980735284788605
StarLightCurves,1024,diff1,5,2219,0.9195259894165319
StarLightCurves,1024,diff1,5,2220,0.9969514476848625
StarLightCurves,1024,diff1,5,2221,0.9861071692372265
StarLightCurves,1024,diff1,5,2222,0.9981724051358154
StarLightCurves,1024,diff1,5,2225,0.9910565667459417
StarLightCurves,1024,diff1,5,2226,0.9977521400388112
StarLightCurves,1024,diff1,5,2227,0.8981632891539463
StarLightCurves,1024,diff1,5,2228,0.9966605585087212
StarLightCurves,1024,diff1,5,2229,0.9872512510737773
StarLightCurves,1024,diff1,5,2230,0.9980988023462429
StarLightCurves,1024,diff1,5,2233,0.9912395465972035
StarLightCurves,1024,diff1,5,2234,0.9977882742975688
StarLightCurves,1024,diff1,5,2235,0.9247021356704374
StarLightCurves,1024,diff1,5,2236,0.9972608327526169
StarLightCurves,1024,diff1,5,2237,0.9870785690382943
StarLightCurves,1024,diff1,5,2238,0.998548023940275
StarLightCurves,1024,diff1,5,2241,0.9925807130196068
StarLightCurves,1024,diff1,5,2242,0.9973569237228685
StarLightCurves,1024,diff1,5,2243,0.9534409503662237
StarLightCurves,1024,diff1,5,2244,0.9976603475372923
StarLightCurves,1024,diff1,5,2245,0.9885199103114565
StarLightCurves,1024,diff1,5,2246,0.9989550388846091
StarLightCurves,1024,diff1,5,2249,0.9972187065830159
StarLightCurves,1024,diff1,5,2250,0.9977493016302988
StarLightCurves,1024,diff1,5,2251,0.689004826736454
StarLightCurves,1024,diff1,5,2252,0.9980643281731671
StarLightCurves,1024,diff1,5,2253,0.9934975298560992
StarLightCurves,1024,diff1,5,2254,0.9989478585016905
StarLightCurves,1024,diff1,5,2257,0.9898464244907582
StarLightCurves,1024,diff1,5,2258,0.9990615508997673
StarLightCurves,1024,diff1,5,2259,0.9762247722454979
StarLightCurves,1024,diff1,5,2260,0.9980244421922704
StarLightCurves,1024,diff1,5,2261,0.9793240666721313
StarLightCurves,1024,diff1,5,2262,0.9977198250853452
StarLightCurves,1024,diff1,5,2265,0.9947002311245907
StarLightCurves,1024,diff1,5,2266,0.9991180773648298
StarLightCurves,1024,diff1,5,2267,0.8694772154577562
StarLightCurves,1024,diff1,5,2268,0.9974592922392039
StarLightCurves,1024,diff1,5,2269,0.9929889926596044
StarLightCurves,1024,diff1,5,2270,0.9982543830338018
StarLightCurves,1024,diff1,5,2273,0.9915295432633019
StarLightCurves,1024,diff1,5,2274,0.9985506987311284
StarLightCurves,1024,diff1,5,2275,0.91126117897654
StarLightCurves,1024,diff1,5,2276,0.9971709327531944
StarLightCurves,1024,diff1,5,2277,0.9888854629541037
StarLightCurves,1024,diff1,5,2278,0.998120046654444
StarLightCurves,1024,diff1,5,2281,0.9908360747502852
StarLightCurves,1024,diff1,5,2282,0.9981489575429543
StarLightCurves,1024,diff1,5,2283,0.9006909925227233
StarLightCurves,1024,diff1,5,2284,0.9970550696942496
StarLightCurves,1024,diff1,5,2285,0.9867723229579546
StarLightCurves,1024,diff1,5,2286,0.998245489636491
StarLightCurves,1024,diff1,5,2289,0.9909954544358271
StarLightCurves,1024,diff1,5,2290,0.9979364639764369
StarLightCurves,1024,diff1,5,2291,0.9047092668736959
StarLightCurves,1024,diff1,5,2292,0.9969642921226564
StarLightCurves,1024,diff1,5,2293,0.9874588863972253
StarLightCurves,1024,diff1,5,2294,0.9980969016483883
StarLightCurves,1024,diff1,5,2297,0.9915479131000584
StarLightCurves,1024,diff1,5,2298,0.9977872086524867
StarLightCurves,1024,diff1,5,2299,0.9213410501931003
StarLightCurves,1024,diff1,5,2300,0.9969576643580834
StarLightCurves,1024,diff1,5,2301,0.9878989213510561
StarLightCurves,1024,diff1,5,2302,0.9978340125590355
StarLightCurves,1024,diff1,5,2305,0.9886822710258667
StarLightCurves,1024,diff1,5,2306,0.9977397465253943
StarLightCurves,1024,diff1,5,2307,0.9279446598016238
StarLightCurves,1024,diff1,5,2308,0.9964977811422018
StarLightCurves,1024,diff1,5,2309,0.9855720609374132
StarLightCurves,1024,diff1,5,2310,0.9976197763397389
StarLightCurves,1024,diff1,5,2313,0.9909085167447927
StarLightCurves,1024,diff1,5,2314,0.9982744000009138
StarLightCurves,1024,diff1,5,2315,0.8954388538087246
StarLightCurves,1024,diff1,5,2316,0.9934113052539427
StarLightCurves,1024,diff1,5,2317,0.9916267215580921
StarLightCurves,1024,diff1,5,2318,0.9967998374895279
StarLightCurves,1024,diff1,5,2321,0.990634750862976
StarLightCurves,1024,diff1,5,2322,0.9975428894632357
StarLightCurves,1024,diff1,5,2323,0.9195680322893122
StarLightCurves,1024,diff1,5,2324,0.9974804543664765
StarLightCurves,1024,diff1,5,2325,0.9863157415547131
StarLightCurves,1024,diff1,5,2326,0.9982913361716514
StarLightCurves,1024,diff1,5,2329,0.9903174872552698
StarLightCurves,1024,diff1,5,2330,0.9970174313462667
StarLightCurves,1024,diff1,5,2331,0.8891813972682662
StarLightCurves,1024,diff1,5,2332,0.9963909446818412
StarLightCurves,1024,diff1,5,2333,0.9868871396522699
StarLightCurves,1024,diff1,5,2334,0.997653604969196
StarLightCurves,1024,diff1,5,2337,0.9867413125632473
StarLightCurves,1024,diff1,5,2338,0.9974230039157791
StarLightCurves,1024,diff1,5,2339,0.9268444533693815
StarLightCurves,1024,diff1,5,2340,0.9962872130353889
StarLightCurves,1024,diff1,5,2341,0.9827203105902567
StarLightCurves,1024,diff1,5,2342,0.9972235335306124
StarLightCurves,1024,diff1,5,2345,0.9883128678639342
StarLightCurves,1024,diff1,5,2346,0.9969325261481411
StarLightCurves,1024,diff1,5,2347,0.9061243876117681
StarLightCurves,1024,diff1,5,2348,0.9958736158361585
StarLightCurves,1024,diff1,5,2349,0.9840736406769425
StarLightCurves,1024,diff1,5,2350,0.9973002562503718
StarLightCurves,1024,diff1,5,2353,0.9854556393589831
StarLightCurves,1024,diff1,5,2354,0.997106573102544
StarLightCurves,1024,diff1,5,2355,0.9338789503791561
StarLightCurves,1024,diff1,5,2356,0.9957171725693095
StarLightCurves,1024,diff1,5,2357,0.977616619619598
StarLightCurves,1024,diff1,5,2358,0.9980212793344841
StarLightCurves,1024,diff1,5,2361,0.9867782103226544
StarLightCurves,1024,diff1,5,2362,0.99767859914957
StarLightCurves,1024,diff1,5,2363,0.9672641870754012
StarLightCurves,1024,diff1,5,2364,0.9969938876301204
StarLightCurves,1024,diff1,5,2365,0.9707921875311827
StarLightCurves,1024,diff1,5,2366,0.9991548020116976
StarLightCurves,1024,diff1,5,2369,0.9975478825733187
StarLightCurves,1024,diff1,5,2370,0.9984757886986168
StarLightCurves,1024,diff1,5,2371,0.7959125341189673
StarLightCurves,1024,diff1,5,2372,0.9992965209947782
StarLightCurves,1024,diff1,5,2373,0.9942997589086077
StarLightCurves,1024,diff1,5,2374,0.9995424283912077
StarLightCurves,1024,diff1,5,2377,0.998086218875944
StarLightCurves,1024,diff1,5,2378,0.9961218277541594
StarLightCurves,1024,diff1,5,2379,0.9573396357001832
StarLightCurves,1024,diff1,5,2380,0.9960943921480675
StarLightCurves,1024,diff1,5,2381,0.9983678600630802
StarLightCurves,1024,diff1,5,2382,0.9979866082522415
StarLightCurves,1024,diff1,5,2385,0.9914673561977516
StarLightCurves,1024,diff1,5,2386,0.9992539806728068
StarLightCurves,1024,diff1,5,2387,0.9772962984858774
StarLightCurves,1024,diff1,5,2388,0.9988970163120747
StarLightCurves,1024,diff1,5,2389,0.9862651216987373
StarLightCurves,1024,diff1,5,2390,0.9988316489230484
StarLightCurves,1024,diff1,5,2393,0.9935094119398548
StarLightCurves,1024,diff1,5,2394,0.9985825554063591
StarLightCurves,1024,diff1,5,2395,0.8288391106952824
StarLightCurves,1024,diff1,5,2396,0.9972755821631157
StarLightCurves,1024,diff1,5,2397,0.9880392374397812
StarLightCurves,1024,diff1,5,2398,0.9975926786447176
StarLightCurves,1024,diff1,5,2401,0.9867484517139636
StarLightCurves,1024,diff1,5,2402,0.998905919362504
StarLightCurves,1024,diff1,5,2403,0.9035364605730334
StarLightCurves,1024,diff1,5,2404,0.9982380856396696
StarLightCurves,1024,diff1,5,2405,0.9822617288186817
StarLightCurves,1024,diff1,5,2406,0.9987319931150864
StarLightCurves,1024,diff1,5,2409,0.9886871454169239
StarLightCurves,1024,diff1,5,2410,0.9986930902717649
StarLightCurves,1024,diff1,5,2411,0.9045342508892498
StarLightCurves,1024,diff1,5,2412,0.9978544615053647
StarLightCurves,1024,diff1,5,2413,0.9852395213284036
StarLightCurves,1024,diff1,5,2414,0.9985956761410033
StarLightCurves,1024,diff1,5,2417,0.9878877789498396
StarLightCurves,1024,diff1,5,2418,0.9985671540594753
StarLightCurves,1024,diff1,5,2419,0.924595472808729
StarLightCurves,1024,diff1,5,2420,0.997697007521225
StarLightCurves,1024,diff1,5,2421,0.9867266074534302
StarLightCurves,1024,diff1,5,2422,0.9983358265877066
StarLightCurves,1024,diff1,5,2425,0.9885179624783623
StarLightCurves,1024,diff1,5,2426,0.9987984119868543
StarLightCurves,1024,diff1,5,2427,0.9024666754619349
StarLightCurves,1024,diff1,5,2428,0.9974430720296082
StarLightCurves,1024,diff1,5,2429,0.9854549427469222
StarLightCurves,1024,diff1,5,2430,0.9984556453237968
StarLightCurves,1024,diff1,5,2433,0.9890796152976524
StarLightCurves,1024,diff1,5,2434,0.9987484969684535
StarLightCurves,1024,diff1,5,2435,0.8974611598358426
StarLightCurves,1024,diff1,5,2436,0.9977782363900406
StarLightCurves,1024,diff1,5,2437,0.9841858271798096
StarLightCurves,1024,diff1,5,2438,0.9985506887094122
StarLightCurves,1024,diff1,5,2441,0.989847110146919
StarLightCurves,1024,diff1,5,2442,0.9985063391875645
StarLightCurves,1024,diff1,5,2443,0.9073780973685436
StarLightCurves,1024,diff1,5,2444,0.9972422913661143
StarLightCurves,1024,diff1,5,2445,0.9864934875277817
StarLightCurves,1024,diff1,5,2446,0.9983599768323118
StarLightCurves,1024,diff1,5,2449,0.9886393061072891
StarLightCurves,1024,diff1,5,2450,0.9986085966531026
StarLightCurves,1024,diff1,5,2451,0.9090161919871917
StarLightCurves,1024,diff1,5,2452,0.9972108513128651
StarLightCurves,1024,diff1,5,2453,0.9840228321629667
StarLightCurves,1024,diff1,5,2454,0.9982879371711156
StarLightCurves,1024,diff1,5,2457,0.9902375580930856
StarLightCurves,1024,diff1,5,2458,0.9981532700561845
StarLightCurves,1024,diff1,5,2459,0.8894241385631835
StarLightCurves,1024,diff1,5,2460,0.9973414456764267
StarLightCurves,1024,diff1,5,2461,0.9845896011732974
StarLightCurves,1024,diff1,5,2462,0.9980715924533891
StarLightCurves,1024,diff1,5,2465,0.989796764627222
StarLightCurves,1024,diff1,5,2466,0.9982039553915488
StarLightCurves,1024,diff1,5,2467,0.9228145637652235
StarLightCurves,1024,diff1,5,2468,0.997153702487785
StarLightCurves,1024,diff1,5,2469,0.9833607997842055
StarLightCurves,1024,diff1,5,2470,0.998002732754273
StarLightCurves,1024,diff1,5,2473,0.9918081287222934
StarLightCurves,1024,diff1,5,2474,0.9976496111727279
StarLightCurves,1024,diff1,5,2475,0.8954574181406236
StarLightCurves,1024,diff1,5,2476,0.9966428657684833
StarLightCurves,1024,diff1,5,2477,0.9884108209769379
StarLightCurves,1024,diff1,5,2478,0.9979169089743425
StarLightCurves,1024,diff1,5,2481,0.990594893138054
StarLightCurves,1024,diff1,5,2482,0.9976788692285057
StarLightCurves,1024,diff1,5,2483,0.9216729032172242
StarLightCurves,1024,diff1,5,2484,0.9971085999279551
StarLightCurves,1024,diff1,5,2485,0.9860462237829407
StarLightCurves,1024,diff1,5,2486,0.9981467635946135
StarLightCurves,1024,diff1,5,2489,0.9900667121490481
StarLightCurves,1024,diff1,5,2490,0.9979113042532199
StarLightCurves,1024,diff1,5,2491,0.9252256651560559
StarLightCurves,1024,diff1,5,2492,0.9971294733246598
StarLightCurves,1024,diff1,5,2493,0.981665253616905
StarLightCurves,1024,diff1,5,2494,0.9986577163591492
StarLightCurves,1024,diff1,5,2497,0.9949244526248683
StarLightCurves,1024,diff1,5,2498,0.9983984029698104
StarLightCurves,1024,diff1,5,2499,0.8677376781281618
StarLightCurves,1024,diff1,5,2500,0.9989238498047758
StarLightCurves,1024,diff1,5,2501,0.99222325768561
StarLightCurves,1024,diff1,5,2502,0.9992912576733072
StarLightCurves,1024,diff1,5,2505,0.9962827785337129
StarLightCurves,1024,diff1,5,2506,0.9970374156387175
StarLightCurves,1024,diff1,5,2507,0.9423248506702198
StarLightCurves,1024,diff1,5,2508,0.9961667909817431
StarLightCurves,1024,diff1,5,2509,0.9964444586337712
StarLightCurves,1024,diff1,5,2510,0.9975243591626304
StarLightCurves,1024,diff1,5,2513,0.9917944374982808
StarLightCurves,1024,diff1,5,2514,0.9993535767490346
StarLightCurves,1024,diff1,5,2515,0.9557575028117771
StarLightCurves,1024,diff1,5,2516,0.9987369551441896
StarLightCurves,1024,diff1,5,2517,0.9879238135393889
StarLightCurves,1024,diff1,5,2518,0.9990461038494118
StarLightCurves,1024,diff1,5,2521,0.9926681361004035
StarLightCurves,1024,diff1,5,2522,0.9987814990992081
StarLightCurves,1024,diff1,5,2523,0.8673320266270884
StarLightCurves,1024,diff1,5,2524,0.9975277927905212
StarLightCurves,1024,diff1,5,2525,0.9893645949079977
StarLightCurves,1024,diff1,5,2526,0.9981332432030702
StarLightCurves,1024,diff1,5,2529,0.9905778411942667
StarLightCurves,1024,diff1,5,2530,0.9984255501889244
StarLightCurves,1024,diff1,5,2531,0.9097543083007106
StarLightCurves,1024,diff1,5,2532,0.9971201369945567
StarLightCurves,1024,diff1,5,2533,0.9861138135247217
StarLightCurves,1024,diff1,5,2534,0.9981317903782073
StarLightCurves,1024,diff1,5,2537,0.9907628772077013
StarLightCurves,1024,diff1,5,2538,0.9979355622401919
StarLightCurves,1024,diff1,5,2539,0.9083506701949466
StarLightCurves,1024,diff1,5,2540,0.9969652135732024
StarLightCurves,1024,diff1,5,2541,0.9876264024641178
StarLightCurves,1024,diff1,5,2542,0.9981363072296233
StarLightCurves,1024,diff1,5,2545,0.9911282872638447
StarLightCurves,1024,diff1,5,2546,0.9978552980005214
StarLightCurves,1024,diff1,5,2547,0.9088601822206714
StarLightCurves,1024,diff1,5,2548,0.9971666703795151
StarLightCurves,1024,diff1,5,2549,0.9864196995472354
StarLightCurves,1024,diff1,5,2550,0.9979764785688932
StarLightCurves,1024,diff1,5,2553,0.9897265267882143
StarLightCurves,1024,diff1,5,2554,0.9978542638579464
StarLightCurves,1024,diff1,5,2555,0.8992424118357173
StarLightCurves,1024,diff1,5,2556,0.9965931629921432
StarLightCurves,1024,diff1,5,2557,0.9846188026801609
StarLightCurves,1024,diff1,5,2558,0.9979049732404595
StarLightCurves,1024,diff1,5,2561,0.9907114058509903
StarLightCurves,1024,diff1,5,2562,0.9974197622206349
StarLightCurves,1024,diff1,5,2563,0.9133817267980459
StarLightCurves,1024,diff1,5,2564,0.9974674991368152
StarLightCurves,1024,diff1,5,2565,0.9858725335662604
StarLightCurves,1024,diff1,5,2566,0.9982921284721945
StarLightCurves,1024,diff2,0,1,0.9759817455794921
StarLightCurves,1024,diff2,0,2,0.9831578053155756
StarLightCurves,1024,diff2,0,3,0.9867042569130579
StarLightCurves,1024,diff2,0,4,0.9882411754968274
StarLightCurves,1024,diff2,0,5,0.9878731568045649
StarLightCurves,1024,diff2,0,6,0.9855830417681956
StarLightCurves,1024,diff2,0,7,0.9799837911052066
StarLightCurves,1024,diff2,0,8,0.9715225291596467
StarLightCurves,1024,diff2,0,9,0.9623816608742929
StarLightCurves,1024,diff2,0,10,0.9530110266690746
StarLightCurves,1024,diff2,0,11,0.9449616921320918
StarLightCurves,1024,diff2,0,12,0.9385693563546305
StarLightCurves,1024,diff2,0,13,0.9321744018368894
StarLightCurves,1024,diff2,0,14,0.9237354519926806
StarLightCurves,1024,diff2,0,15,0.9092406173008606
StarLightCurves,1024,diff2,0,16,0.8871556143842477
StarLightCurves,1024,diff2,0,17,0.8517127073831849
StarLightCurves,1024,diff2,0,18,0.8109103291948248
StarLightCurves,1024,diff2,0,19,0.7756272389771705
StarLightCurves,1024,diff2,0,20,0.7492590148098557
StarLightCurves,1024,diff2,0,21,0.7282818209603004
StarLightCurves,1024,diff2,0,22,0.7107570058356337
StarLightCurves,1024,diff2,0,23,0.6958371547115042
StarLightCurves,1024,diff2,0,24,0.6840704337190034
StarLightCurves,1024,diff2,0,25,0.676160751314217
StarLightCurves,1024,diff2,0,26,0.6717683757740693
StarLightCurves,1024,diff2,0,27,0.6655213372848586
StarLightCurves,1024,diff2,0,28,0.6624933226731099
StarLightCurves,1024,diff2,0,29,0.6567535346840001
StarLightCurves,1024,diff2,0,30,0.6541474384396172
StarLightCurves,1024,diff2,0,31,0.6506198853413342
StarLightCurves,1024,diff2,0,32,0.6505919805948673
StarLightCurves,1024,diff2,0,33,0.6496375196274455
StarLightCurves,1024,diff2,0,34,0.6497935553174323
StarLightCurves,1024,diff2,0,35,0.6487690660663238
StarLightCurves,1024,diff2,0,36,0.6504349243142653
StarLightCurves,1024,diff2,0,37,0.6511699838235391
StarLightCurves,1024,diff2,0,38,0.6524550870358842
StarLightCurves,1024,diff2,0,39,0.6535077589133549
StarLightCurves,1024,diff2,0,40,0.65572099161529
StarLightCurves,1024,diff2,0,41,0.6572312296118346
StarLightCurves,1024,diff2,0,42,0.6596672863383676
StarLightCurves,1024,diff2,0,43,0.6610390058601485
StarLightCurves,1024,diff2,0,44,0.6639186809963938
StarLightCurves,1024,diff2,0,45,0.6660944779089771
StarLightCurves,1024,diff2,0,46,0.670754137872977
StarLightCurves,1024,diff2,0,47,0.670842465894787
StarLightCurves,1024,diff2,0,48,0.6752235003608366
StarLightCurves,1024,diff2,0,49,0.6782518482658789
StarLightCurves,1024,diff2,0,50,0.6839860904275866
StarLightCurves,1024,diff2,0,51,0.6876043951163807
StarLightCurves,1024,diff2,0,52,0.6909736042398196
StarLightCurves,1024,diff2,0,53,0.6921932891928362
StarLightCurves,1024,diff2,0,54,0.6957011061857624
StarLightCurves,1024,diff2,0,55,0.6958214439291821
StarLightCurves,1024,diff2,0,56,0.6994018311841483
StarLightCurves,1024,diff2,0,57,0.6986997838165139
StarLightCurves,1024,diff2,0,58,0.7026128671665193
StarLightCurves,1024,diff2,0,59,0.7005971496329465
StarLightCurves,1024,diff2,0,60,0.7032174422381877
StarLightCurves,1024,diff2,0,61,0.7018780019937069
StarLightCurves,1024,diff2,0,62,0.7053667900774685
StarLightCurves,1024,diff2,0,63,0.7018974980512565
StarLightCurves,1024,diff2,0,64,0.7041425637825175
StarLightCurves,1024,diff2,0,65,0.7009104452589782
StarLightCurves,1024,diff2,0,66,0.7035413589027611
StarLightCurves,1024,diff2,0,67,0.6999335404528395
StarLightCurves,1024,diff2,0,68,0.6986933929172885
StarLightCurves,1024,diff2,0,69,0.6940980378220731
StarLightCurves,1024,diff2,0,70,0.691540250659488
StarLightCurves,1024,diff2,0,71,0.6825747798700037
StarLightCurves,1024,diff2,0,72,0.6803591541426689
StarLightCurves,1024,diff2,0,73,0.6721087148979299
StarLightCurves,1024,diff2,0,74,0.66696380296755
StarLightCurves,1024,diff2,0,75,0.6567351620093351
StarLightCurves,1024,diff2,0,76,0.6518140980097218
StarLightCurves,1024,diff2,0,77,0.641153600389642
StarLightCurves,1024,diff2,0,78,0.6342090167950514
StarLightCurves,1024,diff2,0,79,0.6182407038632555
StarLightCurves,1024,diff2,0,80,0.6110633449490163
StarLightCurves,1024,diff2,0,81,0.5963486433792738
StarLightCurves,1024,diff2,0,82,0.5898507744378728
StarLightCurves,1024,diff2,0,83,0.5751561116367568
StarLightCurves,1024,diff2,0,84,0.568503562522802
StarLightCurves,1024,diff2,0,85,0.5522848187342876
StarLightCurves,1024,diff2,0,86,0.5454568671061751
StarLightCurves,1024,diff2,0,87,0.5280727394754865
StarLightCurves,1024,diff2,0,88,0.5230654120693575
StarLightCurves,1024,diff2,0,89,0.5034324452886829
StarLightCurves,1024,diff2,0,90,0.49685870855673453
StarLightCurves,1024,diff2,0,91,0.4783602000780092
StarLightCurves,1024,diff2,0,92,0.476083239118047
StarLightCurves,1024,diff2,0,93,0.45972301381129754
StarLightCurves,1024,diff2,0,94,0.45728856588194616
StarLightCurves,1024,diff2,0,95,0.4440243638829822
StarLightCurves,1024,diff2,0,96,0.43996637832186947
StarLightCurves,1024,diff2,0,97,0.4229947587044982
StarLightCurves,1024,diff2,0,98,0.4189339909508905
StarLightCurves,1024,diff2,0,99,0.4021310782754467
StarLightCurves,1024,diff2,0,100,0.40002677657923313
StarLightCurves,1024,diff2,0,101,0.38727049276248515
StarLightCurves,1024,diff2,0,102,0.38968671874411454
StarLightCurves,1024,diff2,0,103,0.3774344610184984
StarLightCurves,1024,diff2,0,104,0.37960128534038756
StarLightCurves,1024,diff2,0,105,0.367770204292854
StarLightCurves,1024,diff2,0,106,0.3716788459238184
StarLightCurves,1024,diff2,0,107,0.35661207390708594
StarLightCurves,1024,diff2,0,108,0.35519873681886455
StarLightCurves,1024,diff2,0,109,0.3432557105250345
StarLightCurves,1024,diff2,0,110,0.34264579289144736
StarLightCurves,1024,diff2,0,111,0.3297380695671725
StarLightCurves,1024,diff2,0,112,0.33384461704769586
StarLightCurves,1024,diff2,0,113,0.32364128233873474
StarLightCurves,1024,diff2,0,114,0.3231059373473438
StarLightCurves,1024,diff2,0,115,0.3119736172686795
StarLightCurves,1024,diff2,0,116,0.31365041491122553
StarLightCurves,1024,diff2,0,117,0.2988221062634234
StarLightCurves,1024,diff2,0,118,0.30662004072172305
StarLightCurves,1024,diff2,0,119,0.29574532396373293
StarLightCurves,1024,diff2,0,120,0.3093451080075514
StarLightCurves,1024,diff2,0,121,0.3095823823424816
StarLightCurves,1024,diff2,0,122,0.32299548555038327
StarLightCurves,1024,diff2,0,123,0.3321527813041566
StarLightCurves,1024,diff2,0,124,0.3549258433779246
StarLightCurves,1024,diff2,0,125,0.3646309019068678
StarLightCurves,1024,diff2,0,126,0.3951277280644177
StarLightCurves,1024,diff2,0,127,0.4139616436608293
StarLightCurves,1024,diff2,0,128,0.43012550356863455
StarLightCurves,1024,diff2,0,129,0.4405674292465072
StarLightCurves,1024,diff2,0,130,0.45262526618104076
StarLightCurves,1024,diff2,0,131,0.4674187873847402
StarLightCurves,1024,diff2,0,132,0.481573390318638
StarLightCurves,1024,diff2,0,133,0.48585952347661354
StarLightCurves,1024,diff2,0,134,0.49091236016275785
StarLightCurves,1024,diff2,0,135,0.48838956516316645
StarLightCurves,1024,diff2,0,136,0.4978685489475628
StarLightCurves,1024,diff2,0,137,0.5012060944411336
StarLightCurves,1024,diff2,0,138,0.5068490071789239
StarLightCurves,1024,diff2,0,139,0.5094735238104975
StarLightCurves,1024,diff2,0,140,0.5084662093043529
StarLightCurves,1024,diff2,0,141,0.50940381823065
StarLightCurves,1024,diff2,0,142,0.5072603549838387
StarLightCurves,1024,diff2,0,143,0.5149093697860635
StarLightCurves,1024,diff2,0,144,0.5219793277698371
StarLightCurves,1024,diff2,0,145,0.5251650135985877
StarLightCurves,1024,diff2,0,146,0.529654803127787
StarLightCurves,1024,diff2,0,147,0.536115371801592
StarLightCurves,1024,diff2,0,148,0.5426422560445275
StarLightCurves,1024,diff2,0,149,0.5429421428731505
StarLightCurves,1024,diff2,0,150,0.5447485505974634
StarLightCurves,1024,diff2,0,151,0.547419377352586
StarLightCurves,1024,diff2,0,152,0.5485624412897833
StarLightCurves,1024,diff2,0,153,0.5512615838584874
StarLightCurves,1024,diff2,0,154,0.5510600991580347
StarLightCurves,1024,diff2,0,155,0.5542430748936967
StarLightCurves,1024,diff2,0,156,0.5599189538288826
StarLightCurves,1024,diff2,0,157,0.5653391388048171
StarLightCurves,1024,diff2,0,158,0.5676499698688534
StarLightCurves,1024,diff2,0,159,0.5702893165931533
StarLightCurves,1024,diff2,0,160,0.5724876748912371
StarLightCurves,1024,diff2,0,161,0.5732512704002406
StarLightCurves,1024,diff2,0,162,0.5770870878857957
StarLightCurves,1024,diff2,0,163,0.5811860574709586
StarLightCurves,1024,diff2,0,164,0.5844911319272483
StarLightCurves,1024,diff2,0,165,0.5886545394213841
StarLightCurves,1024,diff2,0,166,0.5913051722606031
StarLightCurves,1024,diff2,0,167,0.5944750011766315
StarLightCurves,1024,diff2,0,168,0.5961843079088275
StarLightCurves,1024,diff2,0,169,0.601508923740675
StarLightCurves,1024,diff2,0,170,0.6046389690825851
StarLightCurves,1024,diff2,0,171,0.6067407228331947
StarLightCurves,1024,diff2,0,172,0.612435042212735
StarLightCurves,1024,diff2,0,173,0.6145955834557387
StarLightCurves,1024,diff2,0,174,0.6203054024939846
StarLightCurves,1024,diff2,0,175,0.6242139021594616
StarLightCurves,1024,diff2,0,176,0.6279086358378615
StarLightCurves,1024,diff2,0,177,0.6339918894224633
StarLightCurves,1024,diff2,0,178,0.6397181003030179
StarLightCurves,1024,diff2,0,179,0.6456777255435128
StarLightCurves,1024,diff2,0,180,0.6524772732215008
StarLightCurves,1024,diff2,0,181,0.6564727142499147
StarLightCurves,1024,diff2,0,182,0.6611944227466761
StarLightCurves,1024,diff2,0,183,0.6642978892271969
StarLightCurves,1024,diff2,0,184,0.6695712666359798
StarLightCurves,1024,diff2,0,185,0.675590477616038
StarLightCurves,1024,diff2,0,186,0.6809861436708537
StarLightCurves,1024,diff2,0,187,0.6858174143784869
StarLightCurves,1024,diff2,0,188,0.6911373074025884
StarLightCurves,1024,diff2,0,189,0.6968586179700045
StarLightCurves,1024,diff2,0,190,0.7014523405968647
StarLightCurves,1024,diff2,0,191,0.7072243670084518
StarLightCurves,1024,diff2,0,192,0.7119236688243904
StarLightCurves,1024,diff2,0,193,0.7161974904682652
StarLightCurves,1024,diff2,0,194,0.7205225440012889
StarLightCurves,1024,diff2,0,195,0.7277015420199793
StarLightCurves,1024,diff2,0,196,0.7330959141598968
StarLightCurves,1024,diff2,0,197,0.738446401762569
StarLightCurves,1024,diff2,0,198,0.744881260291458
StarLightCurves,1024,diff2,0,199,0.7498452699401704
StarLightCurves,1024,diff2,0,200,0.7574339890491675
StarLightCurves,1024,diff2,0,201,0.7640903199635013
StarLightCurves,1024,diff2,0,202,0.770047833545589
StarLightCurves,1024,diff2,0,203,0.7762905814705919
StarLightCurves,1024,diff2,0,204,0.7829301321783151
StarLightCurves,1024,diff2,0,205,0.7901700615478681
StarLightCurves,1024,diff2,0,206,0.7980767429939613
StarLightCurves,1024,diff2,0,207,0.8047297762943199
StarLightCurves,1024,diff2,0,208,0.8117000524993226
StarLightCurves,1024,diff2,0,209,0.8198022215471048
StarLightCurves,1024,diff2,0,210,0.827876755288417
StarLightCurves,1024,diff2,0,211,0.8363615918598992
StarLightCurves,1024,diff2,0,212,0.8452843677050416
StarLightCurves,1024,diff2,0,213,0.8525090237259433
StarLightCurves,1024,diff2,0,214,0.8619858245670006
StarLightCurves,1024,diff2,0,215,0.8695485037140698
StarLightCurves,1024,diff2,0,216,0.8795180858494724
StarLightCurves,1024,diff2,0,217,0.8896060267316271
StarLightCurves,1024,diff2,0,218,0.8991425845111759
StarLightCurves,1024,diff2,0,219,0.9079690997867159
StarLightCurves,1024,diff2,0,220,0.9169817571296996
StarLightCurves,1024,diff2,0,221,0.9245942441899536
StarLightCurves,1024,diff2,0,222,0.9318576093767208
StarLightCurves,1024,diff2,0,223,0.9381790516459863
StarLightCurves,1024,diff2,0,224,0.9435861958397646
StarLightCurves,1024,diff2,0,225,0.9464950791382385
StarLightCurves,1024,diff2,0,226,0.9487142006405378
StarLightCurves,1024,diff2,0,227,0.9490786704400085
StarLightCurves,1024,diff2,0,228,0.9485856057014739
StarLightCurves,1024,diff2,0,229,0.9472730514296172
StarLightCurves,1024,diff2,0,230,0.946054190050893
StarLightCurves,1024,diff2,0,231,0.9439543030137931
StarLightCurves,1024,diff2,0,232,0.9416577544231304
StarLightCurves,1024,diff2,0,233,0.9394952495859161
StarLightCurves,1024,diff2,0,234,0.9371494556592425
StarLightCurves,1024,diff2,0,235,0.9352541304655002
StarLightCurves,1024,diff2,0,236,0.933843222745307
StarLightCurves,1024,diff2,0,237,0.9321368309677334
StarLightCurves,1024,diff2,0,238,0.9311120526223257
StarLightCurves,1024,diff2,0,239,0.9294884544472773
StarLightCurves,1024,diff2,0,240,0.927829711295326
StarLightCurves,1024,diff2,0,241,0.9258008773832388
StarLightCurves,1024,diff2,0,242,0.9229050158178033
StarLightCurves,1024,diff2,0,243,0.9196185088641904
StarLightCurves,1024,diff2,0,244,0.9157260701082073
StarLightCurves,1024,diff2,0,245,0.9118120894958975
StarLightCurves,1024,diff2,0,246,0.9084659146208076
StarLightCurves,1024,diff2,0,247,0.9047736410996466
StarLightCurves,1024,diff2,0,248,0.90141260064153
StarLightCurves,1024,diff2,0,249,0.8978203997855162
StarLightCurves,1024,diff2,0,250,0.895158063477453
StarLightCurves,1024,diff2,0,251,0.8905886563967548
StarLightCurves,1024,diff2,0,252,0.8815331426505661
StarLightCurves,1024,diff2,0,253,0.8662593032261227
StarLightCurves,1024,diff2,0,254,0.8430977967517425
StarLightCurves,1024,diff2,1,257,0.9920071089933671
StarLightCurves,1024,diff2,1,258,0.9948524441681955
StarLightCurves,1024,diff2,1,259,0.9956536398291455
StarLightCurves,1024,diff2,1,260,0.9952810297127481
StarLightCurves,1024,diff2,1,261,0.9937887813324245
StarLightCurves,1024,diff2,1,262,0.9881822336567551
StarLightCurves,1024,diff2,1,263,0.9694483833254208
StarLightCurves,1024,diff2,1,264,0.9167060336819042
StarLightCurves,1024,diff2,1,265,0.8119532981543367
StarLightCurves,1024,diff2,1,266,0.7164124651704363
StarLightCurves,1024,diff2,1,267,0.6623126442978614
StarLightCurves,1024,diff2,1,268,0.6249566009248478
StarLightCurves,1024,diff2,1,269,0.6029860673574743
StarLightCurves,1024,diff2,1,270,0.5846767298282748
StarLightCurves,1024,diff2,1,271,0.5750700348662707
StarLightCurves,1024,diff2,1,272,0.5617607041304971
StarLightCurves,1024,diff2,1,273,0.5532343029307114
StarLightCurves,1024,diff2,1,274,0.5410565545842003
StarLightCurves,1024,diff2,1,275,0.5368769953508938
StarLightCurves,1024,diff2,1,276,0.5363186182712448
StarLightCurves,1024,diff2,1,277,0.5374858507408918
StarLightCurves,1024,diff2,1,278,0.5373286429566346
StarLightCurves,1024,diff2,1,279,0.5398209571802453
StarLightCurves,1024,diff2,1,280,0.545556540741845
StarLightCurves,1024,diff2,1,281,0.5506128716640393
StarLightCurves,1024,diff2,1,282,0.5585336891463175
StarLightCurves,1024,diff2,1,283,0.5637213114110073
StarLightCurves,1024,diff2,1,284,0.5780537744224652
StarLightCurves,1024,diff2,1,285,0.5861527139169834
StarLightCurves,1024,diff2,1,286,0.6028568954260951
StarLightCurves,1024,diff2,1,287,0.6091078339409576
StarLightCurves,1024,diff2,1,288,0.6257394927101348
StarLightCurves,1024,diff2,1,289,0.6282864014486541
StarLightCurves,1024,diff2,1,290,0.6486527714045093
StarLightCurves,1024,diff2,1,291,0.6471328771480528
StarLightCurves,1024,diff2,1,292,0.6680607180916245
StarLightCurves,1024,diff2,1,293,0.6660620556573511
StarLightCurves,1024,diff2,1,294,0.6875230270924289
StarLightCurves,1024,diff2,1,295,0.6764238073344621
StarLightCurves,1024,diff2,1,296,0.6937069751229107
StarLightCurves,1024,diff2,1,297,0.6733290561068694
StarLightCurves,1024,diff2,1,298,0.6893741729157851
StarLightCurves,1024,diff2,1,299,0.6561404049657719
StarLightCurves,1024,diff2,1,300,0.6639614094394206
StarLightCurves,1024,diff2,1,301,0.6161955412567236
StarLightCurves,1024,diff2,1,302,0.625588702119371
StarLightCurves,1024,diff2,1,303,0.565561895123417
StarLightCurves,1024,diff2,1,304,0.5829147954846069
StarLightCurves,1024,diff2,1,305,0.5200840279090625
StarLightCurves,1024,diff2,1,306,0.5411394644214237
StarLightCurves,1024,diff2,1,307,0.47157660132576185
StarLightCurves,1024,diff2,1,308,0.5077111705899844
StarLightCurves,1024,diff2,1,309,0.44312671296778167
StarLightCurves,1024,diff2,1,310,0.47767206471787044
StarLightCurves,1024,diff2,1,311,0.4133687324584861
StarLightCurves,1024,diff2,1,312,0.45575311536790214
StarLightCurves,1024,diff2,1,313,0.40175623743141525
StarLightCurves,1024,diff2,1,314,0.4469516380524773
StarLightCurves,1024,diff2,1,315,0.3911627753254351
StarLightCurves,1024,diff2,1,316,0.44325984139985236
StarLightCurves,1024,diff2,1,317,0.40242498590494497
StarLightCurves,1024,diff2,1,318,0.4503753874882447
StarLightCurves,1024,diff2,1,319,0.4197642006937152
StarLightCurves,1024,diff2,1,320,0.46993523772577245
StarLightCurves,1024,diff2,1,321,0.4449512398386017
StarLightCurves,1024,diff2,1,322,0.4925275811705416
StarLightCurves,1024,diff2,1,323,0.4627056357253062
StarLightCurves,1024,diff2,1,324,0.5062787539232549
StarLightCurves,1024,diff2,1,325,0.4849289725038251
StarLightCurves,1024,diff2,1,326,0.5254562966622915
StarLightCurves,1024,diff2,1,327,0.5049697418155302
StarLightCurves,1024,diff2,1,328,0.5362344387085578
StarLightCurves,1024,diff2,1,329,0.5120277341137912
StarLightCurves,1024,diff2,1,330,0.5408055657337867
StarLightCurves,1024,diff2,1,331,0.5240201503559558
StarLightCurves,1024,diff2,1,332,0.5488378063424987
StarLightCurves,1024,diff2,1,333,0.5321069807634724
StarLightCurves,1024,diff2,1,334,0.5600303589744611
StarLightCurves,1024,diff2,1,335,0.5412192303424171
StarLightCurves,1024,diff2,1,336,0.5638964018366017
StarLightCurves,1024,diff2,1,337,0.5508721672814517
StarLightCurves,1024,diff2,1,338,0.5745445610288317
StarLightCurves,1024,diff2,1,339,0.5610344005757191
StarLightCurves,1024,diff2,1,340,0.585283877497397
StarLightCurves,1024,diff2,1,341,0.5769714367787564
StarLightCurves,1024,diff2,1,342,0.5985666720382066
StarLightCurves,1024,diff2,1,343,0.5908555162097092
StarLightCurves,1024,diff2,1,344,0.6111874541632846
StarLightCurves,1024,diff2,1,345,0.6071755310143957
StarLightCurves,1024,diff2,1,346,0.6299181552495722
StarLightCurves,1024,diff2,1,347,0.6281568566116016
StarLightCurves,1024,diff2,1,348,0.6492603073406559
StarLightCurves,1024,diff2,1,349,0.65186659738227
StarLightCurves,1024,diff2,1,350,0.6739292045599169
StarLightCurves,1024,diff2,1,351,0.6752832651882794
StarLightCurves,1024,diff2,1,352,0.695881344793951
StarLightCurves,1024,diff2,1,353,0.6989989612265718
StarLightCurves,1024,diff2,1,354,0.7200954850990268
StarLightCurves,1024,diff2,1,355,0.7263988672949165
StarLightCurves,1024,diff2,1,356,0.7469948545586098
StarLightCurves,1024,diff2,1,357,0.7551242987229982
StarLightCurves,1024,diff2,1,358,0.7760499796022617
StarLightCurves,1024,diff2,1,359,0.7857768363611466
StarLightCurves,1024,diff2,1,360,0.8074061694699877
StarLightCurves,1024,diff2,1,361,0.8215788157133421
StarLightCurves,1024,diff2,1,362,0.8441626625684845
StarLightCurves,1024,diff2,1,363,0.8610362966186675
StarLightCurves,1024,diff2,1,364,0.886487713477273
StarLightCurves,1024,diff2,1,365,0.9099296198534415
StarLightCurves,1024,diff2,1,366,0.9346981257077749
StarLightCurves,1024,diff2,1,367,0.9536069160472028
StarLightCurves,1024,diff2,1,368,0.9663258142517474
StarLightCurves,1024,diff2,1,369,0.9707369820801096
StarLightCurves,1024,diff2,1,370,0.970601953563288
StarLightCurves,1024,diff2,1,371,0.9674383211397235
StarLightCurves,1024,diff2,1,372,0.9629421395427419
StarLightCurves,1024,diff2,1,373,0.9583897173366869
StarLightCurves,1024,diff2,1,374,0.9540032661943935
StarLightCurves,1024,diff2,1,375,0.9500564606243099
StarLightCurves,1024,diff2,1,376,0.9472215800401196
StarLightCurves,1024,diff2,1,377,0.9468181542965938
StarLightCurves,1024,diff2,1,378,0.949860485382581
StarLightCurves,1024,diff2,1,379,0.9505377977220396
StarLightCurves,1024,diff2,1,380,0.9471583055149958
StarLightCurves,1024,diff2,1,381,0.9354725760126054
StarLightCurves,1024,diff2,1,382,0.9130284649737649
StarLightCurves,1024,diff2,1,385,0.9856438072894697
StarLightCurves,1024,diff2,1,386,0.9927745442841659
StarLightCurves,1024,diff2,1,387,0.9940351312956517
StarLightCurves,1024,diff2,1,388,0.9926669921671005
StarLightCurves,1024,diff2,1,389,0.989434487628623
StarLightCurves,1024,diff2,1,390,0.9823755582114844
StarLightCurves,1024,diff2,1,391,0.9665241020956113
StarLightCurves,1024,diff2,1,392,0.9180222868205811
StarLightCurves,1024,diff2,1,393,0.8417613242934493
StarLightCurves,1024,diff2,1,394,0.7980725085305918
StarLightCurves,1024,diff2,1,395,0.771704100313166
StarLightCurves,1024,diff2,1,396,0.7579619148995965
StarLightCurves,1024,diff2,1,397,0.7498497501561454
StarLightCurves,1024,diff2,1,398,0.74475303708057
StarLightCurves,1024,diff2,1,399,0.7402296862955702
StarLightCurves,1024,diff2,1,400,0.7413243053711772
StarLightCurves,1024,diff2,1,401,0.7410429233262552
StarLightCurves,1024,diff2,1,402,0.7415222801002508
StarLightCurves,1024,diff2,1,403,0.7408126453781096
StarLightCurves,1024,diff2,1,404,0.7433003765288982
StarLightCurves,1024,diff2,1,405,0.7470757052420807
StarLightCurves,1024,diff2,1,406,0.7496181576530451
StarLightCurves,1024,diff2,1,407,0.7529265198916536
StarLightCurves,1024,diff2,1,408,0.756710124937773
StarLightCurves,1024,diff2,1,409,0.7619972962192402
StarLightCurves,1024,diff2,1,410,0.7641081172779142
StarLightCurves,1024,diff2,1,411,0.7697836739381188
StarLightCurves,1024,diff2,1,412,0.7708566197596988
StarLightCurves,1024,diff2,1,413,0.7773641593710405
StarLightCurves,1024,diff2,1,414,0.7787060535488987
StarLightCurves,1024,diff2,1,415,0.7861496653008896
StarLightCurves,1024,diff2,1,416,0.7867233221126887
StarLightCurves,1024,diff2,1,417,0.7911383964667275
StarLightCurves,1024,diff2,1,418,0.7872731107002489
StarLightCurves,1024,diff2,1,419,0.7925711654189092
StarLightCurves,1024,diff2,1,420,0.7868545740458943
StarLightCurves,1024,diff2,1,421,0.7921650774505988
StarLightCurves,1024,diff2,1,422,0.7830123312989103
StarLightCurves,1024,diff2,1,423,0.7915881425565312
StarLightCurves,1024,diff2,1,424,0.7802523844814112
StarLightCurves,1024,diff2,1,425,0.7837473827625037
StarLightCurves,1024,diff2,1,426,0.7645397751108818
StarLightCurves,1024,diff2,1,427,0.7650710964950385
StarLightCurves,1024,diff2,1,428,0.7369657768644223
StarLightCurves,1024,diff2,1,429,0.7353327637618169
StarLightCurves,1024,diff2,1,430,0.6966782332513307
StarLightCurves,1024,diff2,1,431,0.694111603699192
StarLightCurves,1024,diff2,1,432,0.6470018568476298
StarLightCurves,1024,diff2,1,433,0.636098403890147
StarLightCurves,1024,diff2,1,434,0.5760860729028753
StarLightCurves,1024,diff2,1,435,0.57025848694627
StarLightCurves,1024,diff2,1,436,0.5044250096667389
StarLightCurves,1024,diff2,1,437,0.5036157161148003
StarLightCurves,1024,diff2,1,438,0.44413453440644635
StarLightCurves,1024,diff2,1,439,0.4569069727784331
StarLightCurves,1024,diff2,1,440,0.40051413392337193
StarLightCurves,1024,diff2,1,441,0.41515898083217523
StarLightCurves,1024,diff2,1,442,0.3592031506688295
StarLightCurves,1024,diff2,1,443,0.3898988443059309
StarLightCurves,1024,diff2,1,444,0.34478392392476537
StarLightCurves,1024,diff2,1,445,0.40041068145565767
StarLightCurves,1024,diff2,1,446,0.3786476662847446
StarLightCurves,1024,diff2,1,447,0.42579579835225223
StarLightCurves,1024,diff2,1,448,0.4200853814747693
StarLightCurves,1024,diff2,1,449,0.47499666787422856
StarLightCurves,1024,diff2,1,450,0.46590683727945653
StarLightCurves,1024,diff2,1,451,0.5051228672146097
StarLightCurves,1024,diff2,1,452,0.500329882162272
StarLightCurves,1024,diff2,1,453,0.5281103609848339
StarLightCurves,1024,diff2,1,454,0.5251788211925483
StarLightCurves,1024,diff2,1,455,0.5520654122199543
StarLightCurves,1024,diff2,1,456,0.5493220301950646
StarLightCurves,1024,diff2,1,457,0.5710919784456482
StarLightCurves,1024,diff2,1,458,0.5725819345508198
StarLightCurves,1024,diff2,1,459,0.5971746724427418
StarLightCurves,1024,diff2,1,460,0.6012829303863181
StarLightCurves,1024,diff2,1,461,0.6206542258332485
StarLightCurves,1024,diff2,1,462,0.6218919726384599
StarLightCurves,1024,diff2,1,463,0.6382667130556106
StarLightCurves,1024,diff2,1,464,0.6424101876603009
StarLightCurves,1024,diff2,1,465,0.659178841475196
StarLightCurves,1024,diff2,1,466,0.6648123929068002
StarLightCurves,1024,diff2,1,467,0.6758686318752055
StarLightCurves,1024,diff2,1,468,0.6806388045314486
StarLightCurves,1024,diff2,1,469,0.689436943262129
StarLightCurves,1024,diff2,1,470,0.6975002897161053
StarLightCurves,1024,diff2,1,471,0.7085398923275358
StarLightCurves,1024,diff2,1,472,0.7155252550383512
StarLightCurves,1024,diff2,1,473,0.7252765470848735
StarLightCurves,1024,diff2,1,474,0.7337329949533037
StarLightCurves,1024,diff2,1,475,0.740916302550572
StarLightCurves,1024,diff2,1,476,0.749397638029444
StarLightCurves,1024,diff2,1,477,0.7576204178860972
StarLightCurves,1024,diff2,1,478,0.7683563742444508
StarLightCurves,1024,diff2,1,479,0.7747082713097586
StarLightCurves,1024,diff2,1,480,0.7850787010917211
StarLightCurves,1024,diff2,1,481,0.7913876101808717
StarLightCurves,1024,diff2,1,482,0.8033196674284059
StarLightCurves,1024,diff2,1,483,0.8115851245265006
StarLightCurves,1024,diff2,1,484,0.8223452046773548
StarLightCurves,1024,diff2,1,485,0.8321452229344276
StarLightCurves,1024,diff2,1,486,0.8440772133384126
StarLightCurves,1024,diff2,1,487,0.852887334961469
StarLightCurves,1024,diff2,1,488,0.8653734228192645
StarLightCurves,1024,diff2,1,489,0.8755779184434715
StarLightCurves,1024,diff2,1,490,0.8905993692321752
StarLightCurves,1024,diff2,1,491,0.9016279581147217
StarLightCurves,1024,diff2,1,492,0.9173006080019136
StarLightCurves,1024,diff2,1,493,0.9305954852979854
StarLightCurves,1024,diff2,1,494,0.9457372743526994
StarLightCurves,1024,diff2,1,495,0.9573636067527543
StarLightCurves,1024,diff2,1,496,0.966029265916945
StarLightCurves,1024,diff2,1,497,0.9690131685058531
StarLightCurves,1024,diff2,1,498,0.9674332938419569
StarLightCurves,1024,diff2,1,499,0.9623449968399971
StarLightCurves,1024,diff2,1,500,0.9565483085710691
StarLightCurves,1024,diff2,1,501,0.9505274015606205
StarLightCurves,1024,diff2,1,502,0.9450828072066789
StarLightCurves,1024,diff2,1,503,0.9409957761936335
StarLightCurves,1024,diff2,1,504,0.9369403406321859
StarLightCurves,1024,diff2,1,505,0.9374043633163428
StarLightCurves,1024,diff2,1,506,0.9398329844171328
StarLightCurves,1024,diff2,1,507,0.9439776986854126
StarLightCurves,1024,diff2,1,508,0.9426625193052076
StarLightCurves,1024,diff2,1,509,0.9339945498274344
StarLightCurves,1024,diff2,1,510,0.9039348761632303
StarLightCurves,1024,diff2,1,513,0.9786814312699019
StarLightCurves,1024,diff2,1,514,0.9819134588775997
StarLightCurves,1024,diff2,1,515,0.970507113216435
StarLightCurves,1024,diff2,1,516,0.949253929795834
StarLightCurves,1024,diff2,1,517,0.9246825871066836
StarLightCurves,1024,diff2,1,518,0.9048042027011538
StarLightCurves,1024,diff2,1,519,0.8741196955281397
StarLightCurves,1024,diff2,1,520,0.8403751585767603
StarLightCurves,1024,diff2,1,521,0.7898803724474839
StarLightCurves,1024,diff2,1,522,0.7637302876486531
StarLightCurves,1024,diff2,1,523,0.731512089805765
StarLightCurves,1024,diff2,1,524,0.713853455713553
StarLightCurves,1024,diff2,1,525,0.6789776323234126
StarLightCurves,1024,diff2,1,526,0.6633306286425362
StarLightCurves,1024,diff2,1,527,0.6296526110265221
StarLightCurves,1024,diff2,1,528,0.6300640557192536
StarLightCurves,1024,diff2,1,529,0.6022359655205428
StarLightCurves,1024,diff2,1,530,0.6141661157972133
StarLightCurves,1024,diff2,1,531,0.5886425052220157
StarLightCurves,1024,diff2,1,532,0.6047263342792026
StarLightCurves,1024,diff2,1,533,0.5811701897503978
StarLightCurves,1024,diff2,1,534,0.603897539233508
StarLightCurves,1024,diff2,1,535,0.5821367901901433
StarLightCurves,1024,diff2,1,536,0.6041121157187052
StarLightCurves,1024,diff2,1,537,0.5819793975058403
StarLightCurves,1024,diff2,1,538,0.6087102187529922
StarLightCurves,1024,diff2,1,539,0.586415780861326
StarLightCurves,1024,diff2,1,540,0.6121046314482842
StarLightCurves,1024,diff2,1,541,0.5887527609272675
StarLightCurves,1024,diff2,1,542,0.6160326505479926
StarLightCurves,1024,diff2,1,543,0.5909270719787364
StarLightCurves,1024,diff2,1,544,0.6130208811350111
StarLightCurves,1024,diff2,1,545,0.5848018145317769
StarLightCurves,1024,diff2,1,546,0.6041570198633609
StarLightCurves,1024,diff2,1,547,0.5737885250056477
StarLightCurves,1024,diff2,1,548,0.5927431586944971
StarLightCurves,1024,diff2,1,549,0.5604656039875041
StarLightCurves,1024,diff2,1,550,0.5749820979974395
StarLightCurves,1024,diff2,1,551,0.5396179629701658
StarLightCurves,1024,diff2,1,552,0.55305773983773
StarLightCurves,1024,diff2,1,553,0.5162853882020815
StarLightCurves,1024,diff2,1,554,0.5212180569411913
StarLightCurves,1024,diff2,1,555,0.48703984067363193
StarLightCurves,1024,diff2,1,556,0.49671334824386915
StarLightCurves,1024,diff2,1,557,0.46492052385199384
StarLightCurves,1024,diff2,1,558,0.4624248586083055
StarLightCurves,1024,diff2,1,559,0.43444721746648485
StarLightCurves,1024,diff2,1,560,0.43261700068449643
StarLightCurves,1024,diff2,1,561,0.4153817460390459
StarLightCurves,1024,diff2,1,562,0.4075638278846107
StarLightCurves,1024,diff2,1,563,0.39210870122838737
StarLightCurves,1024,diff2,1,564,0.37158753115092646
StarLightCurves,1024,diff2,1,565,0.3715152183174122
StarLightCurves,1024,diff2,1,566,0.3467748821535307
StarLightCurves,1024,diff2,1,567,0.3650851946943105
StarLightCurves,1024,diff2,1,568,0.3223123674160935
StarLightCurves,1024,diff2,1,569,0.35409946570552625
StarLightCurves,1024,diff2,1,570,0.3027713584895444
StarLightCurves,1024,diff2,1,571,0.3618318168551575
StarLightCurves,1024,diff2,1,572,0.31849627974454586
StarLightCurves,1024,diff2,1,573,0.39496372128392604
StarLightCurves,1024,diff2,1,574,0.3406425823273592
StarLightCurves,1024,diff2,1,575,0.42350820845610054
StarLightCurves,1024,diff2,1,576,0.3753503131164119
StarLightCurves,1024,diff2,1,577,0.4652349956247034
StarLightCurves,1024,diff2,1,578,0.40736897584225773
StarLightCurves,1024,diff2,1,579,0.4859384613951085
StarLightCurves,1024,diff2,1,580,0.43290506908247234
StarLightCurves,1024,diff2,1,581,0.507897423930389
StarLightCurves,1024,diff2,1,582,0.45209962178349433
StarLightCurves,1024,diff2,1,583,0.5191959371280132
StarLightCurves,1024,diff2,1,584,0.468626396100754
StarLightCurves,1024,diff2,1,585,0.5347558405000991
StarLightCurves,1024,diff2,1,586,0.4842009048306293
StarLightCurves,1024,diff2,1,587,0.5459379170221328
StarLightCurves,1024,diff2,1,588,0.5000868619928872
StarLightCurves,1024,diff2,1,589,0.5581338102277007
StarLightCurves,1024,diff2,1,590,0.5153756378712346
StarLightCurves,1024,diff2,1,591,0.5691569992212786
StarLightCurves,1024,diff2,1,592,0.5259892070968557
StarLightCurves,1024,diff2,1,593,0.5759254555817593
StarLightCurves,1024,diff2,1,594,0.5374979691514616
StarLightCurves,1024,diff2,1,595,0.5879401848832184
StarLightCurves,1024,diff2,1,596,0.5580011484752031
StarLightCurves,1024,diff2,1,597,0.6031494597957636
StarLightCurves,1024,diff2,1,598,0.5722284539023849
StarLightCurves,1024,diff2,1,599,0.6132947908235887
StarLightCurves,1024,diff2,1,600,0.5917858236724856
StarLightCurves,1024,diff2,1,601,0.629811568474168
StarLightCurves,1024,diff2,1,602,0.6078807125267087
StarLightCurves,1024,diff2,1,603,0.6474262489139846
StarLightCurves,1024,diff2,1,604,0.6297190814157605
StarLightCurves,1024,diff2,1,605,0.6649186186138302
StarLightCurves,1024,diff2,1,606,0.6517110295300331
StarLightCurves,1024,diff2,1,607,0.683175878138965
StarLightCurves,1024,diff2,1,608,0.6724961405174493
StarLightCurves,1024,diff2,1,609,0.7023078589536826
StarLightCurves,1024,diff2,1,610,0.6942136416494504
StarLightCurves,1024,diff2,1,611,0.7262216862284496
StarLightCurves,1024,diff2,1,612,0.7257376905570436
StarLightCurves,1024,diff2,1,613,0.7544155016335636
StarLightCurves,1024,diff2,1,614,0.758163597810306
StarLightCurves,1024,diff2,1,615,0.7876717447040807
StarLightCurves,1024,diff2,1,616,0.7937732536086308
StarLightCurves,1024,diff2,1,617,0.8165591866284551
StarLightCurves,1024,diff2,1,618,0.8249465077342094
StarLightCurves,1024,diff2,1,619,0.8453074723866769
StarLightCurves,1024,diff2,1,620,0.8543376612411812
StarLightCurves,1024,diff2,1,621,0.873971126825201
StarLightCurves,1024,diff2,1,622,0.8876871192795058
StarLightCurves,1024,diff2,1,623,0.9044863550702618
StarLightCurves,1024,diff2,1,624,0.914870443285223
StarLightCurves,1024,diff2,1,625,0.9233079923191956
StarLightCurves,1024,diff2,1,626,0.9260257155733793
StarLightCurves,1024,diff2,1,627,0.9258987141396192
StarLightCurves,1024,diff2,1,628,0.9245152351813348
StarLightCurves,1024,diff2,1,629,0.9232395117442102
StarLightCurves,1024,diff2,1,630,0.921652679269481
StarLightCurves,1024,diff2,1,631,0.9234539612254298
StarLightCurves,1024,diff2,1,632,0.925137128454612
StarLightCurves,1024,diff2,1,633,0.9220086405027176
StarLightCurves,1024,diff2,1,634,0.914479253146598
StarLightCurves,1024,diff2,1,635,0.9047159128164232
StarLightCurves,1024,diff2,1,636,0.8916078063531581
StarLightCurves,1024,diff2,1,637,0.8742628914637204
StarLightCurves,1024,diff2,1,638,0.8415722076196942
StarLightCurves,1024,diff2,2,641,0.9938810114273089
StarLightCurves,1024,diff2,2,642,0.9914834640394973
StarLightCurves,1024,diff2,2,643,0.9695090555239028
StarLightCurves,1024,diff2,2,644,0.9126376978028476
StarLightCurves,1024,diff2,2,645,0.8092078068882957
StarLightCurves,1024,diff2,2,646,0.7329250195324476
StarLightCurves,1024,diff2,2,647,0.6510082822364327
StarLightCurves,1024,diff2,2,648,0.6429167272236439
StarLightCurves,1024,diff2,2,649,0.5926343722990379
StarLightCurves,1024,diff2,2,650,0.6138958306430656
StarLightCurves,1024,diff2,2,651,0.5650005219889896
StarLightCurves,1024,diff2,2,652,0.609401125319722
StarLightCurves,1024,diff2,2,653,0.5582691406348804
StarLightCurves,1024,diff2,2,654,0.6139175345171864
StarLightCurves,1024,diff2,2,655,0.5605023946997425
StarLightCurves,1024,diff2,2,656,0.6250748686056993
StarLightCurves,1024,diff2,2,657,0.569466830273194
StarLightCurves,1024,diff2,2,658,0.6444071999927737
StarLightCurves,1024,diff2,2,659,0.5873685864852455
StarLightCurves,1024,diff2,2,660,0.6580180678825034
StarLightCurves,1024,diff2,2,661,0.6045844493608687
StarLightCurves,1024,diff2,2,662,0.6658556915578987
StarLightCurves,1024,diff2,2,663,0.6115803163098467
StarLightCurves,1024,diff2,2,664,0.6463825905406069
StarLightCurves,1024,diff2,2,665,0.5802450639172908
StarLightCurves,1024,diff2,2,666,0.5983056162533017
StarLightCurves,1024,diff2,2,667,0.5362099299067296
StarLightCurves,1024,diff2,2,668,0.5306677287781557
StarLightCurves,1024,diff2,2,669,0.5126132713272114
StarLightCurves,1024,diff2,2,670,0.49857196605668214
StarLightCurves,1024,diff2,2,671,0.5296180382499862
StarLightCurves,1024,diff2,2,672,0.510854444301768
StarLightCurves,1024,diff2,2,673,0.5629441103038018
StarLightCurves,1024,diff2,2,674,0.5345081070334666
StarLightCurves,1024,diff2,2,675,0.5975226243808711
StarLightCurves,1024,diff2,2,676,0.5651290509185257
StarLightCurves,1024,diff2,2,677,0.622576042517443
StarLightCurves,1024,diff2,2,678,0.5859283185779689
StarLightCurves,1024,diff2,2,679,0.6432922312052606
StarLightCurves,1024,diff2,2,680,0.608453937668294
StarLightCurves,1024,diff2,2,681,0.6592017209051556
StarLightCurves,1024,diff2,2,682,0.6271686209427808
StarLightCurves,1024,diff2,2,683,0.6779422847288653
StarLightCurves,1024,diff2,2,684,0.6531320272179038
StarLightCurves,1024,diff2,2,685,0.695092140104543
StarLightCurves,1024,diff2,2,686,0.6802131937440412
StarLightCurves,1024,diff2,2,687,0.7221278833629843
StarLightCurves,1024,diff2,2,688,0.7177390045553941
StarLightCurves,1024,diff2,2,689,0.7573254401221124
StarLightCurves,1024,diff2,2,690,0.759306488449542
StarLightCurves,1024,diff2,2,691,0.7950049605197312
StarLightCurves,1024,diff2,2,692,0.8048004933250771
StarLightCurves,1024,diff2,2,693,0.8463636086243813
StarLightCurves,1024,diff2,2,694,0.8836776280865818
StarLightCurves,1024,diff2,2,695,0.9373568163484135
StarLightCurves,1024,diff2,2,696,0.9622971676340751
StarLightCurves,1024,diff2,2,697,0.9667669160214761
StarLightCurves,1024,diff2,2,698,0.965442570212993
StarLightCurves,1024,diff2,2,699,0.9624515952496189
StarLightCurves,1024,diff2,2,700,0.9626025703658643
StarLightCurves,1024,diff2,2,701,0.957644943499992
StarLightCurves,1024,diff2,2,702,0.9288510563525042
StarLightCurves,1024,diff2,2,705,0.9931220381482153
StarLightCurves,1024,diff2,2,706,0.9903572540141943
StarLightCurves,1024,diff2,2,707,0.9595869353986466
StarLightCurves,1024,diff2,2,708,0.8849084397831869
StarLightCurves,1024,diff2,2,709,0.7534161441014446
StarLightCurves,1024,diff2,2,710,0.6653674672158293
StarLightCurves,1024,diff2,2,711,0.565330380801886
StarLightCurves,1024,diff2,2,712,0.5448890675351912
StarLightCurves,1024,diff2,2,713,0.4715333259934494
StarLightCurves,1024,diff2,2,714,0.49865019471891997
StarLightCurves,1024,diff2,2,715,0.42755252615771216
StarLightCurves,1024,diff2,2,716,0.4801815346599364
StarLightCurves,1024,diff2,2,717,0.4097339186536468
StarLightCurves,1024,diff2,2,718,0.4803811757525431
StarLightCurves,1024,diff2,2,719,0.4160776519002871
StarLightCurves,1024,diff2,2,720,0.5047396507502965
StarLightCurves,1024,diff2,2,721,0.43843836323059954
StarLightCurves,1024,diff2,2,722,0.5353476575633679
StarLightCurves,1024,diff2,2,723,0.4728270143663534
StarLightCurves,1024,diff2,2,724,0.5659154723389856
StarLightCurves,1024,diff2,2,725,0.5118481892903923
StarLightCurves,1024,diff2,2,726,0.5895519618997552
StarLightCurves,1024,diff2,2,727,0.5307817213790236
StarLightCurves,1024,diff2,2,728,0.5810678846670869
StarLightCurves,1024,diff2,2,729,0.5151896919678245
StarLightCurves,1024,diff2,2,730,0.5467541317688919
StarLightCurves,1024,diff2,2,731,0.494505278381295
StarLightCurves,1024,diff2,2,732,0.506044630224286
StarLightCurves,1024,diff2,2,733,0.4818649704445639
StarLightCurves,1024,diff2,2,734,0.475355721337496
StarLightCurves,1024,diff2,2,735,0.4874074375342424
StarLightCurves,1024,diff2,2,736,0.4578158649235938
StarLightCurves,1024,diff2,2,737,0.5018272923140805
StarLightCurves,1024,diff2,2,738,0.4642134777450102
StarLightCurves,1024,diff2,2,739,0.5240999822905924
StarLightCurves,1024,diff2,2,740,0.47675222929038513
StarLightCurves,1024,diff2,2,741,0.5436703113628047
StarLightCurves,1024,diff2,2,742,0.4941411100551444
StarLightCurves,1024,diff2,2,743,0.5627032872111809
StarLightCurves,1024,diff2,2,744,0.5086983243338766
StarLightCurves,1024,diff2,2,745,0.5685694050929878
StarLightCurves,1024,diff2,2,746,0.5238747917339844
StarLightCurves,1024,diff2,2,747,0.5842831460482262
StarLightCurves,1024,diff2,2,748,0.5523228471626986
StarLightCurves,1024,diff2,2,749,0.604529910363206
StarLightCurves,1024,diff2,2,750,0.5796290530767441
StarLightCurves,1024,diff2,2,751,0.6351114594665115
StarLightCurves,1024,diff2,2,752,0.6234864793593136
StarLightCurves,1024,diff2,2,753,0.671511832443127
StarLightCurves,1024,diff2,2,754,0.6677730081140124
StarLightCurves,1024,diff2,2,755,0.7132726303154996
StarLightCurves,1024,diff2,2,756,0.7238245392931446
StarLightCurves,1024,diff2,2,757,0.7775322918475851
StarLightCurves,1024,diff2,2,758,0.8250484654231018
StarLightCurves,1024,diff2,2,759,0.9067198580753871
StarLightCurves,1024,diff2,2,760,0.951114051553491
StarLightCurves,1024,diff2,2,761,0.9613529788578202
StarLightCurves,1024,diff2,2,762,0.9626975606626244
StarLightCurves,1024,diff2,2,763,0.9589628163812088
StarLightCurves,1024,diff2,2,764,0.9588107383272356
StarLightCurves,1024,diff2,2,765,0.9516872641812028
StarLightCurves,1024,diff2,2,766,0.9213216940184101
StarLightCurves,1024,diff2,2,769,0.9911849522982222
StarLightCurves,1024,diff2,2,770,0.9889423607317452
StarLightCurves,1024,diff2,2,771,0.9722880840383764
StarLightCurves,1024,diff2,2,772,0.9509541369035067
StarLightCurves,1024,diff2,2,773,0.9086003466761499
StarLightCurves,1024,diff2,2,774,0.8742636571837853
StarLightCurves,1024,diff2,2,775,0.8345070629815923
StarLightCurves,1024,diff2,2,776,0.8133071121396868
StarLightCurves,1024,diff2,2,777,0.7525605545894197
StarLightCurves,1024,diff2,2,778,0.7521474882738479
StarLightCurves,1024,diff2,2,779,0.7023851489173415
StarLightCurves,1024,diff2,2,780,0.7253721004845028
StarLightCurves,1024,diff2,2,781,0.6820144462083209
StarLightCurves,1024,diff2,2,782,0.7137261432447005
StarLightCurves,1024,diff2,2,783,0.6723788088040018
StarLightCurves,1024,diff2,2,784,0.712902015878012
StarLightCurves,1024,diff2,2,785,0.6727633995445054
StarLightCurves,1024,diff2,2,786,0.7114543871276451
StarLightCurves,1024,diff2,2,787,0.6739845077397156
StarLightCurves,1024,diff2,2,788,0.7082000577459805
StarLightCurves,1024,diff2,2,789,0.6731066177351244
StarLightCurves,1024,diff2,2,790,0.6986669980085835
StarLightCurves,1024,diff2,2,791,0.672140869440943
StarLightCurves,1024,diff2,2,792,0.6818868789574997
StarLightCurves,1024,diff2,2,793,0.6561556638806371
StarLightCurves,1024,diff2,2,794,0.6294921075647185
StarLightCurves,1024,diff2,2,795,0.6135319342875805
StarLightCurves,1024,diff2,2,796,0.5514749850795929
StarLightCurves,1024,diff2,2,797,0.5733205993178141
StarLightCurves,1024,diff2,2,798,0.5023237053006981
StarLightCurves,1024,diff2,2,799,0.5857674497442363
StarLightCurves,1024,diff2,2,800,0.5128404660581858
StarLightCurves,1024,diff2,2,801,0.6140039284096805
StarLightCurves,1024,diff2,2,802,0.5586409403965645
StarLightCurves,1024,diff2,2,803,0.6516483162127267
StarLightCurves,1024,diff2,2,804,0.5953856927112379
StarLightCurves,1024,diff2,2,805,0.686971548966328
StarLightCurves,1024,diff2,2,806,0.6387262088445319
StarLightCurves,1024,diff2,2,807,0.7094297464189055
StarLightCurves,1024,diff2,2,808,0.6685686222331156
StarLightCurves,1024,diff2,2,809,0.7300673616732533
StarLightCurves,1024,diff2,2,810,0.7034141968777097
StarLightCurves,1024,diff2,2,811,0.7557210688168664
StarLightCurves,1024,diff2,2,812,0.7359201766327754
StarLightCurves,1024,diff2,2,813,0.783757665824567
StarLightCurves,1024,diff2,2,814,0.7754464299323754
StarLightCurves,1024,diff2,2,815,0.8177076492952042
StarLightCurves,1024,diff2,2,816,0.8192645265832443
StarLightCurves,1024,diff2,2,817,0.8522300918096966
StarLightCurves,1024,diff2,2,818,0.8545656891931352
StarLightCurves,1024,diff2,2,819,0.8761324422865493
StarLightCurves,1024,diff2,2,820,0.8799195873034013
StarLightCurves,1024,diff2,2,821,0.8975109405517329
StarLightCurves,1024,diff2,2,822,0.9126085812699332
StarLightCurves,1024,diff2,2,823,0.9400271376405278
StarLightCurves,1024,diff2,2,824,0.9627689075685845
StarLightCurves,1024,diff2,2,825,0.9732364954070916
StarLightCurves,1024,diff2,2,826,0.9726091130477945
StarLightCurves,1024,diff2,2,827,0.9687292356637197
StarLightCurves,1024,diff2,2,828,0.965332846029924
StarLightCurves,1024,diff2,2,829,0.9634764132931032
StarLightCurves,1024,diff2,2,830,0.9427015395395014
StarLightCurves,1024,diff2,2,833,0.9885411984452019
StarLightCurves,1024,diff2,2,834,0.9891801416909225
StarLightCurves,1024,diff2,2,835,0.9731431235285452
StarLightCurves,1024,diff2,2,836,0.9494847190444186
StarLightCurves,1024,diff2,2,837,0.9104530617226761
StarLightCurves,1024,diff2,2,838,0.8811258135954713
StarLightCurves,1024,diff2,2,839,0.8424599921070327
StarLightCurves,1024,diff2,2,840,0.8224811185190404
StarLightCurves,1024,diff2,2,841,0.7670742985085168
StarLightCurves,1024,diff2,2,842,0.7607385261700099
StarLightCurves,1024,diff2,2,843,0.71403018989447
StarLightCurves,1024,diff2,2,844,0.729454481135582
StarLightCurves,1024,diff2,2,845,0.6871125591934559
StarLightCurves,1024,diff2,2,846,0.7182747901989539
StarLightCurves,1024,diff2,2,847,0.6808507071355695
StarLightCurves,1024,diff2,2,848,0.7161909227501598
StarLightCurves,1024,diff2,2,849,0.6797265780123007
StarLightCurves,1024,diff2,2,850,0.7127883989473491
StarLightCurves,1024,diff2,2,851,0.6755138219034986
StarLightCurves,1024,diff2,2,852,0.7123214020380031
StarLightCurves,1024,diff2,2,853,0.682488558122463
StarLightCurves,1024,diff2,2,854,0.7096766869669336
StarLightCurves,1024,diff2,2,855,0.6855374456409586
StarLightCurves,1024,diff2,2,856,0.698135971465357
StarLightCurves,1024,diff2,2,857,0.6783459545008674
StarLightCurves,1024,diff2,2,858,0.6655397821685853
StarLightCurves,1024,diff2,2,859,0.648012607118907
StarLightCurves,1024,diff2,2,860,0.6023742152661465
StarLightCurves,1024,diff2,2,861,0.6170673373799476
StarLightCurves,1024,diff2,2,862,0.5508914990653634
StarLightCurves,1024,diff2,2,863,0.610457211152993
StarLightCurves,1024,diff2,2,864,0.548745191114517
StarLightCurves,1024,diff2,2,865,0.6436785541159296
StarLightCurves,1024,diff2,2,866,0.5882762792798747
StarLightCurves,1024,diff2,2,867,0.6719676057256787
StarLightCurves,1024,diff2,2,868,0.6280988037628892
StarLightCurves,1024,diff2,2,869,0.6966700863643641
StarLightCurves,1024,diff2,2,870,0.6554984911433899
StarLightCurves,1024,diff2,2,871,0.7147145355969127
StarLightCurves,1024,diff2,2,872,0.6856618814700975
StarLightCurves,1024,diff2,2,873,0.731341126314103
StarLightCurves,1024,diff2,2,874,0.711321149403394
StarLightCurves,1024,diff2,2,875,0.7543805057347001
StarLightCurves,1024,diff2,2,876,0.7438621652624131
StarLightCurves,1024,diff2,2,877,0.7837858057873616
StarLightCurves,1024,diff2,2,878,0.7801524081395267
StarLightCurves,1024,diff2,2,879,0.8124078465293108
StarLightCurves,1024,diff2,2,880,0.8169113254166519
StarLightCurves,1024,diff2,2,881,0.8436170722648341
StarLightCurves,1024,diff2,2,882,0.8473003423518074
StarLightCurves,1024,diff2,2,883,0.8680666500531601
StarLightCurves,1024,diff2,2,884,0.8759228471163057
StarLightCurves,1024,diff2,2,885,0.8953683033392204
StarLightCurves,1024,diff2,2,886,0.9122149025896358
StarLightCurves,1024,diff2,2,887,0.9373072794550048
StarLightCurves,1024,diff2,2,888,0.958183766531797
StarLightCurves,1024,diff2,2,889,0.9681661608316772
StarLightCurves,1024,diff2,2,890,0.9680817116290258
StarLightCurves,1024,diff2,2,891,0.9656557440171772
StarLightCurves,1024,diff2,2,892,0.9642499874212684
StarLightCurves,1024,diff2,2,893,0.9620516694125537
StarLightCurves,1024,diff2,2,894,0.9418700412092271
StarLightCurves,1024,diff2,2,897,0.99626041855666
StarLightCurves,1024,diff2,2,898,0.9957866751306896
StarLightCurves,1024,diff2,2,899,0.9957693974442814
StarLightCurves,1024,diff2,2,900,0.9958144897823838
StarLightCurves,1024,diff2,2,901,0.9952523828625961
StarLightCurves,1024,diff2,2,902,0.9907986462906611
StarLightCurves,1024,diff2,2,903,0.9749259533182609
StarLightCurves,1024,diff2,2,904,0.9217909607854395
StarLightCurves,1024,diff2,2,905,0.8151112893007181
StarLightCurves,1024,diff2,2,906,0.682908420733441
StarLightCurves,1024,diff2,2,907,0.6289623809027824
StarLightCurves,1024,diff2,2,908,0.5464983616410285
StarLightCurves,1024,diff2,2,909,0.5451246964236838
StarLightCurves,1024,diff2,2,910,0.4673557163249209
StarLightCurves,1024,diff2,2,911,0.4907923639586565
StarLightCurves,1024,diff2,2,912,0.40992097538637656
StarLightCurves,1024,diff2,2,913,0.4512476910917772
StarLightCurves,1024,diff2,2,914,0.3611731631891832
StarLightCurves,1024,diff2,2,915,0.41678186954848423
StarLightCurves,1024,diff2,2,916,0.3442907787165939
StarLightCurves,1024,diff2,2,917,0.4045706797662384
StarLightCurves,1024,diff2,2,918,0.37349011350471567
StarLightCurves,1024,diff2,2,919,0.4233939502146352
StarLightCurves,1024,diff2,2,920,0.48133083395956205
StarLightCurves,1024,diff2,2,921,0.5074400260749811
StarLightCurves,1024,diff2,2,922,0.671704599426857
StarLightCurves,1024,diff2,2,923,0.623081759968879
StarLightCurves,1024,diff2,2,924,0.7238555214355189
StarLightCurves,1024,diff2,2,925,0.6082181251338825
StarLightCurves,1024,diff2,2,926,0.71172437857349
StarLightCurves,1024,diff2,2,927,0.6063516729912388
StarLightCurves,1024,diff2,2,928,0.7113623550120306
StarLightCurves,1024,diff2,2,929,0.6279798442011513
StarLightCurves,1024,diff2,2,930,0.722275714178194
StarLightCurves,1024,diff2,2,931,0.6607517472781342
StarLightCurves,1024,diff2,2,932,0.732356972913275
StarLightCurves,1024,diff2,2,933,0.6891291339221624
StarLightCurves,1024,diff2,2,934,0.7520917396238622
StarLightCurves,1024,diff2,2,935,0.719079722973944
StarLightCurves,1024,diff2,2,936,0.7751253090205633
StarLightCurves,1024,diff2,2,937,0.7544136977624408
StarLightCurves,1024,diff2,2,938,0.8052801626680467
StarLightCurves,1024,diff2,2,939,0.8057240680535825
StarLightCurves,1024,diff2,2,940,0.8537362534132422
StarLightCurves,1024,diff2,2,941,0.8723519492204681
StarLightCurves,1024,diff2,2,942,0.9127216033619915
StarLightCurves,1024,diff2,2,943,0.9324288580810032
StarLightCurves,1024,diff2,2,944,0.9570063131560771
StarLightCurves,1024,diff2,2,945,0.9664407862334631
StarLightCurves,1024,diff2,2,946,0.9767853134774955
StarLightCurves,1024,diff2,2,947,0.9792258363323562
StarLightCurves,1024,diff2,2,948,0.9824643423033688
StarLightCurves,1024,diff2,2,949,0.9823487917078869
StarLightCurves,1024,diff2,2,950,0.983430608700459
StarLightCurves,1024,diff2,2,951,0.9825024730972105
StarLightCurves,1024,diff2,2,952,0.9834247897785647
StarLightCurves,1024,diff2,2,953,0.9847701007408429
StarLightCurves,1024,diff2,2,954,0.9885495865393764
StarLightCurves,1024,diff2,2,955,0.9903816291908549
StarLightCurves,1024,diff2,2,956,0.9904962713404389
StarLightCurves,1024,diff2,2,957,0.9881996980474911
StarLightCurves,1024,diff2,2,958,0.980761292465565
StarLightCurves,1024,diff2,2,961,0.974957039329762
StarLightCurves,1024,diff2,2,962,0.984413852534003
StarLightCurves,1024,diff2,2,963,0.981503943578933
StarLightCurves,1024,diff2,2,964,0.9801257303833967
StarLightCurves,1024,diff2,2,965,0.9766000423632647
StarLightCurves,1024,diff2,2,966,0.9727871397898308
StarLightCurves,1024,diff2,2,967,0.9555536835258737
StarLightCurves,1024,diff2,2,968,0.9297090420082104
StarLightCurves,1024,diff2,2,969,0.8895786129734768
StarLightCurves,1024,diff2,2,970,0.8798722485248267
StarLightCurves,1024,diff2,2,971,0.8641535456036336
StarLightCurves,1024,diff2,2,972,0.8708259662179356
StarLightCurves,1024,diff2,2,973,0.8540617546060991
StarLightCurves,1024,diff2,2,974,0.8640580632171796
StarLightCurves,1024,diff2,2,975,0.8454450721376561
StarLightCurves,1024,diff2,2,976,0.8590024781044336
StarLightCurves,1024,diff2,2,977,0.8394453045348867
StarLightCurves,1024,diff2,2,978,0.8559638861917785
StarLightCurves,1024,diff2,2,979,0.8343964280712853
StarLightCurves,1024,diff2,2,980,0.8526468339523241
StarLightCurves,1024,diff2,2,981,0.8216692409916843
StarLightCurves,1024,diff2,2,982,0.8418161232517685
StarLightCurves,1024,diff2,2,983,0.8001530098763211
StarLightCurves,1024,diff2,2,984,0.8306917318641013
StarLightCurves,1024,diff2,2,985,0.769370517313221
StarLightCurves,1024,diff2,2,986,0.8102687861444678
StarLightCurves,1024,diff2,2,987,0.7205799947581981
StarLightCurves,1024,diff2,2,988,0.7830117282759953
StarLightCurves,1024,diff2,2,989,0.6604838025356775
StarLightCurves,1024,diff2,2,990,0.7458020216751865
StarLightCurves,1024,diff2,2,991,0.6205425102377732
StarLightCurves,1024,diff2,2,992,0.7143834395703409
StarLightCurves,1024,diff2,2,993,0.6367354720328187
StarLightCurves,1024,diff2,2,994,0.7103949425697752
StarLightCurves,1024,diff2,2,995,0.6697707476922329
StarLightCurves,1024,diff2,2,996,0.7299789641902324
StarLightCurves,1024,diff2,2,997,0.7210761320921197
StarLightCurves,1024,diff2,2,998,0.75481676635938
StarLightCurves,1024,diff2,2,999,0.7587336850042347
StarLightCurves,1024,diff2,2,1000,0.7797703451946073
StarLightCurves,1024,diff2,2,1001,0.7887961167379703
StarLightCurves,1024,diff2,2,1002,0.803615512697794
StarLightCurves,1024,diff2,2,1003,0.8127577141598558
StarLightCurves,1024,diff2,2,1004,0.8227840047885194
StarLightCurves,1024,diff2,2,1005,0.8350915523061272
StarLightCurves,1024,diff2,2,1006,0.8478341940699472
StarLightCurves,1024,diff2,2,1007,0.8596720938432862
StarLightCurves,1024,diff2,2,1008,0.8750758725242157
StarLightCurves,1024,diff2,2,1009,0.888065865632233
StarLightCurves,1024,diff2,2,1010,0.9028597721709193
StarLightCurves,1024,diff2,2,1011,0.9122959200308018
StarLightCurves,1024,diff2,2,1012,0.9208880237320456
StarLightCurves,1024,diff2,2,1013,0.9290319334494038
StarLightCurves,1024,diff2,2,1014,0.9358529316601428
StarLightCurves,1024,diff2,2,1015,0.9454460237966463
StarLightCurves,1024,diff2,2,1016,0.9549994026598102
StarLightCurves,1024,diff2,2,1017,0.9645775582708498
StarLightCurves,1024,diff2,2,1018,0.9732837200427571
StarLightCurves,1024,diff2,2,1019,0.9759378822638662
StarLightCurves,1024,diff2,2,1020,0.9762516629974914
StarLightCurves,1024,diff2,2,1021,0.9744246823597648
StarLightCurves,1024,diff2,2,1022,0.9639519527497711
StarLightCurves,1024,diff2,2,1025,0.995974886579793
StarLightCurves,1024,diff2,2,1026,0.9958292011218228
StarLightCurves,1024,diff2,2,1027,0.9948548481679538
StarLightCurves,1024,diff2,2,1028,0.9936619290715117
StarLightCurves,1024,diff2,2,1029,0.9908057650068788
StarLightCurves,1024,diff2,2,1030,0.9852473977711318
StarLightCurves,1024,diff2,2,1031,0.9696550943025642
StarLightCurves,1024,diff2,2,1032,0.9210179563818358
StarLightCurves,1024,diff2,2,1033,0.829626590118265
StarLightCurves,1024,diff2,2,1034,0.7726003960245722
StarLightCurves,1024,diff2,2,1035,0.7287257646526294
StarLightCurves,1024,diff2,2,1036,0.7135432623792413
StarLightCurves,1024,diff2,2,1037,0.6859737767988264
StarLightCurves,1024,diff2,2,1038,0.6888470586310022
StarLightCurves,1024,diff2,2,1039,0.6571971013420042
StarLightCurves,1024,diff2,2,1040,0.6666959824326034
StarLightCurves,1024,diff2,2,1041,0.6334222496376946
StarLightCurves,1024,diff2,2,1042,0.6523731512745484
StarLightCurves,1024,diff2,2,1043,0.618300896122193
StarLightCurves,1024,diff2,2,1044,0.644736848856255
StarLightCurves,1024,diff2,2,1045,0.6041874641315405
StarLightCurves,1024,diff2,2,1046,0.6373126953375567
StarLightCurves,1024,diff2,2,1047,0.6017366485432811
StarLightCurves,1024,diff2,2,1048,0.650569604595113
StarLightCurves,1024,diff2,2,1049,0.6198874094963591
StarLightCurves,1024,diff2,2,1050,0.6815189664082908
StarLightCurves,1024,diff2,2,1051,0.6422531065679963
StarLightCurves,1024,diff2,2,1052,0.6693678128101873
StarLightCurves,1024,diff2,2,1053,0.6139825073589025
StarLightCurves,1024,diff2,2,1054,0.6273694566887533
StarLightCurves,1024,diff2,2,1055,0.6138014089987083
StarLightCurves,1024,diff2,2,1056,0.6382269498476522
StarLightCurves,1024,diff2,2,1057,0.6602151237412458
StarLightCurves,1024,diff2,2,1058,0.6668508092431279
StarLightCurves,1024,diff2,2,1059,0.6995021468783572
StarLightCurves,1024,diff2,2,1060,0.7067873486406516
StarLightCurves,1024,diff2,2,1061,0.7342462840384009
StarLightCurves,1024,diff2,2,1062,0.7399675435688522
StarLightCurves,1024,diff2,2,1063,0.7709530329460467
StarLightCurves,1024,diff2,2,1064,0.7737590139573898
StarLightCurves,1024,diff2,2,1065,0.8018422611591185
StarLightCurves,1024,diff2,2,1066,0.8088685633426914
StarLightCurves,1024,diff2,2,1067,0.8343215169930615
StarLightCurves,1024,diff2,2,1068,0.8469187891520954
StarLightCurves,1024,diff2,2,1069,0.8758302370166966
StarLightCurves,1024,diff2,2,1070,0.8941000936024879
StarLightCurves,1024,diff2,2,1071,0.9211322616393031
StarLightCurves,1024,diff2,2,1072,0.9363955548471509
StarLightCurves,1024,diff2,2,1073,0.9517279274574265
StarLightCurves,1024,diff2,2,1074,0.9625352943055457
StarLightCurves,1024,diff2,2,1075,0.9701257153920823
StarLightCurves,1024,diff2,2,1076,0.9734877479755868
StarLightCurves,1024,diff2,2,1077,0.9769444169305533
StarLightCurves,1024,diff2,2,1078,0.9783816494975421
StarLightCurves,1024,diff2,2,1079,0.980168657240345
StarLightCurves,1024,diff2,2,1080,0.9811618931199919
StarLightCurves,1024,diff2,2,1081,0.9837734164401312
StarLightCurves,1024,diff2,2,1082,0.9866950298686543
StarLightCurves,1024,diff2,2,1083,0.9888022771364505
StarLightCurves,1024,diff2,2,1084,0.9888371606756735
StarLightCurves,1024,diff2,2,1085,0.9872522219562143
StarLightCurves,1024,diff2,2,1086,0.9799116628118844
StarLightCurves,1024,diff2,3,1089,0.9857850371214063
StarLightCurves,1024,diff2,3,1090,0.9854594587275808
StarLightCurves,1024,diff2,3,1091,0.9788810457166655
StarLightCurves,1024,diff2,3,1092,0.973603134212314
StarLightCurves,1024,diff2,3,1093,0.9603130664538019
StarLightCurves,1024,diff2,3,1094,0.9499651543864236
StarLightCurves,1024,diff2,3,1095,0.9261330038425127
StarLightCurves,1024,diff2,3,1096,0.9193586863472326
StarLightCurves,1024,diff2,3,1097,0.8867513715338577
StarLightCurves,1024,diff2,3,1098,0.9010559214729968
StarLightCurves,1024,diff2,3,1099,0.8428805870548469
StarLightCurves,1024,diff2,3,1100,0.8771068133164487
StarLightCurves,1024,diff2,3,1101,0.7672029945933357
StarLightCurves,1024,diff2,3,1102,0.8684917079914711
StarLightCurves,1024,diff2,3,1103,0.7581152558277634
StarLightCurves,1024,diff2,3,1104,0.8790300755634293
StarLightCurves,1024,diff2,3,1105,0.7951828084507555
StarLightCurves,1024,diff2,3,1106,0.8897015946031797
StarLightCurves,1024,diff2,3,1107,0.847895980111333
StarLightCurves,1024,diff2,3,1108,0.9028421429190369
StarLightCurves,1024,diff2,3,1109,0.8842988578695229
StarLightCurves,1024,diff2,3,1110,0.9167948027273463
StarLightCurves,1024,diff2,3,1111,0.9157470003146854
StarLightCurves,1024,diff2,3,1112,0.9407553336469298
StarLightCurves,1024,diff2,3,1113,0.9508542186131779
StarLightCurves,1024,diff2,3,1114,0.9661805177094313
StarLightCurves,1024,diff2,3,1115,0.9705724082508606
StarLightCurves,1024,diff2,3,1116,0.9790047023334693
StarLightCurves,1024,diff2,3,1117,0.9817100778057118
StarLightCurves,1024,diff2,3,1118,0.9844730427960268
StarLightCurves,1024,diff2,3,1121,0.9926842125370403
StarLightCurves,1024,diff2,3,1122,0.9918567792671443
StarLightCurves,1024,diff2,3,1123,0.9730934262255171
StarLightCurves,1024,diff2,3,1124,0.91706801238144
StarLightCurves,1024,diff2,3,1125,0.7914001767038569
StarLightCurves,1024,diff2,3,1126,0.7050487466235262
StarLightCurves,1024,diff2,3,1127,0.5543270732051401
StarLightCurves,1024,diff2,3,1128,0.568646905315076
StarLightCurves,1024,diff2,3,1129,0.399386152193933
StarLightCurves,1024,diff2,3,1130,0.5045603246573578
StarLightCurves,1024,diff2,3,1131,0.30452864047722283
StarLightCurves,1024,diff2,3,1132,0.5222879487668809
StarLightCurves,1024,diff2,3,1133,0.43870057142713703
StarLightCurves,1024,diff2,3,1134,0.6300420343103987
StarLightCurves,1024,diff2,3,1135,0.6036235764462576
StarLightCurves,1024,diff2,3,1136,0.6637173188143383
StarLightCurves,1024,diff2,3,1137,0.6473754444447009
StarLightCurves,1024,diff2,3,1138,0.6828165012316234
StarLightCurves,1024,diff2,3,1139,0.700786169512281
StarLightCurves,1024,diff2,3,1140,0.7283813147742205
StarLightCurves,1024,diff2,3,1141,0.7724101344416899
StarLightCurves,1024,diff2,3,1142,0.8351103745767915
StarLightCurves,1024,diff2,3,1143,0.9139775406378746
StarLightCurves,1024,diff2,3,1144,0.9555935095903152
StarLightCurves,1024,diff2,3,1145,0.9767576701654066
StarLightCurves,1024,diff2,3,1146,0.9795363522005799
StarLightCurves,1024,diff2,3,1147,0.9805569543826095
StarLightCurves,1024,diff2,3,1148,0.9830395781920374
StarLightCurves,1024,diff2,3,1149,0.9856151795290365
StarLightCurves,1024,diff2,3,1150,0.9890972563187522
StarLightCurves,1024,diff2,3,1153,0.9913863908715536
StarLightCurves,1024,diff2,3,1154,0.9902246175265023
StarLightCurves,1024,diff2,3,1155,0.9662682734069671
StarLightCurves,1024,diff2,3,1156,0.8938916247524357
StarLightCurves,1024,diff2,3,1157,0.7522681423215785
StarLightCurves,1024,diff2,3,1158,0.6432387523800348
StarLightCurves,1024,diff2,3,1159,0.5086868290407927
StarLightCurves,1024,diff2,3,1160,0.4757757627795172
StarLightCurves,1024,diff2,3,1161,0.35246460699956483
StarLightCurves,1024,diff2,3,1162,0.4365004653116706
StarLightCurves,1024,diff2,3,1163,0.29444648573664245
StarLightCurves,1024,diff2,3,1164,0.5483666636015152
StarLightCurves,1024,diff2,3,1165,0.48009589112176815
StarLightCurves,1024,diff2,3,1166,0.7107461958774406
StarLightCurves,1024,diff2,3,1167,0.5913629072337571
StarLightCurves,1024,diff2,3,1168,0.7327137864304182
StarLightCurves,1024,diff2,3,1169,0.6047173076661306
StarLightCurves,1024,diff2,3,1170,0.7207217214199425
StarLightCurves,1024,diff2,3,1171,0.6357669574541656
StarLightCurves,1024,diff2,3,1172,0.7273700898594325
StarLightCurves,1024,diff2,3,1173,0.7113104524988004
StarLightCurves,1024,diff2,3,1174,0.8165336193623767
StarLightCurves,1024,diff2,3,1175,0.8803786272186549
StarLightCurves,1024,diff2,3,1176,0.9464013138776343
StarLightCurves,1024,diff2,3,1177,0.9678946856000575
StarLightCurves,1024,diff2,3,1178,0.9761177450430653
StarLightCurves,1024,diff2,3,1179,0.9762244706236444
StarLightCurves,1024,diff2,3,1180,0.9807804064149799
StarLightCurves,1024,diff2,3,1181,0.9826489419821705
StarLightCurves,1024,diff2,3,1182,0.9868070722716856
StarLightCurves,1024,diff2,3,1185,0.9849468853021307
StarLightCurves,1024,diff2,3,1186,0.9816400209532389
StarLightCurves,1024,diff2,3,1187,0.9681766930817569
StarLightCurves,1024,diff2,3,1188,0.9665642953543945
StarLightCurves,1024,diff2,3,1189,0.9530286788135064
StarLightCurves,1024,diff2,3,1190,0.9520057812469228
StarLightCurves,1024,diff2,3,1191,0.9115966637706117
StarLightCurves,1024,diff2,3,1192,0.9141406176597814
StarLightCurves,1024,diff2,3,1193,0.8297165517900376
StarLightCurves,1024,diff2,3,1194,0.8838675570633566
StarLightCurves,1024,diff2,3,1195,0.790269840329304
StarLightCurves,1024,diff2,3,1196,0.8961978760518557
StarLightCurves,1024,diff2,3,1197,0.7672842776758355
StarLightCurves,1024,diff2,3,1198,0.9032075731651322
StarLightCurves,1024,diff2,3,1199,0.8023206024466657
StarLightCurves,1024,diff2,3,1200,0.896882286876392
StarLightCurves,1024,diff2,3,1201,0.7599400778549692
StarLightCurves,1024,diff2,3,1202,0.8778269428758888
StarLightCurves,1024,diff2,3,1203,0.7802733121781519
StarLightCurves,1024,diff2,3,1204,0.8710946685771607
StarLightCurves,1024,diff2,3,1205,0.8261525619740034
StarLightCurves,1024,diff2,3,1206,0.891680951341352
StarLightCurves,1024,diff2,3,1207,0.8875012391567194
StarLightCurves,1024,diff2,3,1208,0.9350003503706136
StarLightCurves,1024,diff2,3,1209,0.9453250287057706
StarLightCurves,1024,diff2,3,1210,0.963886903361534
StarLightCurves,1024,diff2,3,1211,0.9668590284656591
StarLightCurves,1024,diff2,3,1212,0.9748489811126958
StarLightCurves,1024,diff2,3,1213,0.9788824897323778
StarLightCurves,1024,diff2,3,1214,0.9828089688477387
StarLightCurves,1024,diff2,3,1217,0.9910717650272048
StarLightCurves,1024,diff2,3,1218,0.9867756094067628
StarLightCurves,1024,diff2,3,1219,0.9790103871146726
StarLightCurves,1024,diff2,3,1220,0.9756017843301003
StarLightCurves,1024,diff2,3,1221,0.9682897726440366
StarLightCurves,1024,diff2,3,1222,0.95534950504328
StarLightCurves,1024,diff2,3,1223,0.9323224063963367
StarLightCurves,1024,diff2,3,1224,0.9062700902378792
StarLightCurves,1024,diff2,3,1225,0.8406873666892236
StarLightCurves,1024,diff2,3,1226,0.8268734970374954
StarLightCurves,1024,diff2,3,1227,0.7553279763385033
StarLightCurves,1024,diff2,3,1228,0.8066538470684174
StarLightCurves,1024,diff2,3,1229,0.686194533055968
StarLightCurves,1024,diff2,3,1230,0.8088038991601895
StarLightCurves,1024,diff2,3,1231,0.7423855228161085
StarLightCurves,1024,diff2,3,1232,0.8507054719854446
StarLightCurves,1024,diff2,3,1233,0.8156991707926728
StarLightCurves,1024,diff2,3,1234,0.887995264939086
StarLightCurves,1024,diff2,3,1235,0.8728963680236878
StarLightCurves,1024,diff2,3,1236,0.9102712458850696
StarLightCurves,1024,diff2,3,1237,0.9060105692810743
StarLightCurves,1024,diff2,3,1238,0.9293274460262457
StarLightCurves,1024,diff2,3,1239,0.9346594646667559
StarLightCurves,1024,diff2,3,1240,0.9546667557616364
StarLightCurves,1024,diff2,3,1241,0.9622762254681303
StarLightCurves,1024,diff2,3,1242,0.9742164904861106
StarLightCurves,1024,diff2,3,1243,0.9758856745209079
StarLightCurves,1024,diff2,3,1244,0.9801263830765752
StarLightCurves,1024,diff2,3,1245,0.9827751634686981
StarLightCurves,1024,diff2,3,1246,0.986046071053372
StarLightCurves,1024,diff2,3,1249,0.9910241677450305
StarLightCurves,1024,diff2,3,1250,0.9885636726400424
StarLightCurves,1024,diff2,3,1251,0.9714617598503369
StarLightCurves,1024,diff2,3,1252,0.9513444530447224
StarLightCurves,1024,diff2,3,1253,0.8896566737597936
StarLightCurves,1024,diff2,3,1254,0.858387672095706
StarLightCurves,1024,diff2,3,1255,0.7682535333787951
StarLightCurves,1024,diff2,3,1256,0.7745002190841284
StarLightCurves,1024,diff2,3,1257,0.6123261372005874
StarLightCurves,1024,diff2,3,1258,0.7018408903389701
StarLightCurves,1024,diff2,3,1259,0.4810125318431701
StarLightCurves,1024,diff2,3,1260,0.6675222696968547
StarLightCurves,1024,diff2,3,1261,0.47227558010476467
StarLightCurves,1024,diff2,3,1262,0.6773928254033229
StarLightCurves,1024,diff2,3,1263,0.6674144504138275
StarLightCurves,1024,diff2,3,1264,0.7051092747748552
StarLightCurves,1024,diff2,3,1265,0.7301695537409867
StarLightCurves,1024,diff2,3,1266,0.7436903743581318
StarLightCurves,1024,diff2,3,1267,0.7795917515588512
StarLightCurves,1024,diff2,3,1268,0.7787996789070738
StarLightCurves,1024,diff2,3,1269,0.8290033310307988
StarLightCurves,1024,diff2,3,1270,0.8506130806660205
StarLightCurves,1024,diff2,3,1271,0.9108785655093109
StarLightCurves,1024,diff2,3,1272,0.9457632190583093
StarLightCurves,1024,diff2,3,1273,0.9727145170319361
StarLightCurves,1024,diff2,3,1274,0.9777145570935478
StarLightCurves,1024,diff2,3,1275,0.9797476761037028
StarLightCurves,1024,diff2,3,1276,0.9794837369606825
StarLightCurves,1024,diff2,3,1277,0.9820598907946735
StarLightCurves,1024,diff2,3,1278,0.9854214649709739
StarLightCurves,1024,diff2,3,1281,0.9908039417609655
StarLightCurves,1024,diff2,3,1282,0.9889944604926157
StarLightCurves,1024,diff2,3,1283,0.9723054548776306
StarLightCurves,1024,diff2,3,1284,0.9500627495961945
StarLightCurves,1024,diff2,3,1285,0.8905269851091995
StarLightCurves,1024,diff2,3,1286,0.8486780008664516
StarLightCurves,1024,diff2,3,1287,0.7571862979271154
StarLightCurves,1024,diff2,3,1288,0.7630563544910549
StarLightCurves,1024,diff2,3,1289,0.6094040297996489
StarLightCurves,1024,diff2,3,1290,0.6766202290220472
StarLightCurves,1024,diff2,3,1291,0.4642263253722779
StarLightCurves,1024,diff2,3,1292,0.6388192547657683
StarLightCurves,1024,diff2,3,1293,0.4674082190977209
StarLightCurves,1024,diff2,3,1294,0.6656508568791515
StarLightCurves,1024,diff2,3,1295,0.6807473502302175
StarLightCurves,1024,diff2,3,1296,0.711874547765231
StarLightCurves,1024,diff2,3,1297,0.7290399119787441
StarLightCurves,1024,diff2,3,1298,0.7461897452870856
StarLightCurves,1024,diff2,3,1299,0.7751872938148762
StarLightCurves,1024,diff2,3,1300,0.7806923709928799
StarLightCurves,1024,diff2,3,1301,0.8206828178740944
StarLightCurves,1024,diff2,3,1302,0.8488014784611023
StarLightCurves,1024,diff2,3,1303,0.9064582023882922
StarLightCurves,1024,diff2,3,1304,0.9436882070443554
StarLightCurves,1024,diff2,3,1305,0.9716269768583037
StarLightCurves,1024,diff2,3,1306,0.9775831299867428
StarLightCurves,1024,diff2,3,1307,0.9801862583716284
StarLightCurves,1024,diff2,3,1308,0.9803142622217426
StarLightCurves,1024,diff2,3,1309,0.9825559998237459
StarLightCurves,1024,diff2,3,1310,0.9854112736351968
StarLightCurves,1024,diff2,3,1313,0.9870129046536111
StarLightCurves,1024,diff2,3,1314,0.9860931941094787
StarLightCurves,1024,diff2,3,1315,0.9778252112324792
StarLightCurves,1024,diff2,3,1316,0.9715414417071659
StarLightCurves,1024,diff2,3,1317,0.9555005635066116
StarLightCurves,1024,diff2,3,1318,0.9455341293136119
StarLightCurves,1024,diff2,3,1319,0.9134608565980665
StarLightCurves,1024,diff2,3,1320,0.904867698999741
StarLightCurves,1024,diff2,3,1321,0.8445087911004137
StarLightCurves,1024,diff2,3,1322,0.8688882131067773
StarLightCurves,1024,diff2,3,1323,0.7890234616211875
StarLightCurves,1024,diff2,3,1324,0.8449591005307467
StarLightCurves,1024,diff2,3,1325,0.7255424479738296
StarLightCurves,1024,diff2,3,1326,0.83627191339405
StarLightCurves,1024,diff2,3,1327,0.7728605741258876
StarLightCurves,1024,diff2,3,1328,0.8540756429303654
StarLightCurves,1024,diff2,3,1329,0.8031422028007156
StarLightCurves,1024,diff2,3,1330,0.8633243222247533
StarLightCurves,1024,diff2,3,1331,0.8413526506067076
StarLightCurves,1024,diff2,3,1332,0.8852099629871247
StarLightCurves,1024,diff2,3,1333,0.8831335728493468
StarLightCurves,1024,diff2,3,1334,0.9079324205620168
StarLightCurves,1024,diff2,3,1335,0.9155277313661931
StarLightCurves,1024,diff2,3,1336,0.9357398827897215
StarLightCurves,1024,diff2,3,1337,0.9496602763379383
StarLightCurves,1024,diff2,3,1338,0.9667452095920183
StarLightCurves,1024,diff2,3,1339,0.974633843316208
StarLightCurves,1024,diff2,3,1340,0.9802732294609134
StarLightCurves,1024,diff2,3,1341,0.9834220177340414
StarLightCurves,1024,diff2,3,1342,0.9851574700369401
StarLightCurves,1024,diff2,3,1345,0.979560549377642
StarLightCurves,1024,diff2,3,1346,0.9738976673777314
StarLightCurves,1024,diff2,3,1347,0.953156666755477
StarLightCurves,1024,diff2,3,1348,0.9446100996460361
StarLightCurves,1024,diff2,3,1349,0.9297329044859898
StarLightCurves,1024,diff2,3,1350,0.9127604293104283
StarLightCurves,1024,diff2,3,1351,0.8786363839744586
StarLightCurves,1024,diff2,3,1352,0.8659316212037431
StarLightCurves,1024,diff2,3,1353,0.8339369556110158
StarLightCurves,1024,diff2,3,1354,0.8563870394220991
StarLightCurves,1024,diff2,3,1355,0.8114836245226918
StarLightCurves,1024,diff2,3,1356,0.8646560176149072
StarLightCurves,1024,diff2,3,1357,0.7832187552585851
StarLightCurves,1024,diff2,3,1358,0.8686079105675127
StarLightCurves,1024,diff2,3,1359,0.7710092801544304
StarLightCurves,1024,diff2,3,1360,0.8548102771194789
StarLightCurves,1024,diff2,3,1361,0.7702871220226539
StarLightCurves,1024,diff2,3,1362,0.8361360920741866
StarLightCurves,1024,diff2,3,1363,0.7254705819455205
StarLightCurves,1024,diff2,3,1364,0.8238905609801044
StarLightCurves,1024,diff2,3,1365,0.7368046765505022
StarLightCurves,1024,diff2,3,1366,0.8372783042557144
StarLightCurves,1024,diff2,3,1367,0.7932313255451466
StarLightCurves,1024,diff2,3,1368,0.8843359829395666
StarLightCurves,1024,diff2,3,1369,0.8751055619196731
StarLightCurves,1024,diff2,3,1370,0.9298109621805788
StarLightCurves,1024,diff2,3,1371,0.9379122644617384
StarLightCurves,1024,diff2,3,1372,0.9698768768695478
StarLightCurves,1024,diff2,3,1373,0.9772157514759731
StarLightCurves,1024,diff2,3,1374,0.97842344117852
StarLightCurves,1024,diff2,3,1377,0.9956987537172587
StarLightCurves,1024,diff2,3,1378,0.9944740909125194
StarLightCurves,1024,diff2,3,1379,0.994599512156578
StarLightCurves,1024,diff2,3,1380,0.993749767436593
StarLightCurves,1024,diff2,3,1381,0.9947572862893951
StarLightCurves,1024,diff2,3,1382,0.9912568387245871
StarLightCurves,1024,diff2,3,1383,0.9790129964415437
StarLightCurves,1024,diff2,3,1384,0.9447598892763452
StarLightCurves,1024,diff2,3,1385,0.8340214922273763
StarLightCurves,1024,diff2,3,1386,0.7350108596371302
StarLightCurves,1024,diff2,3,1387,0.45863568592132076
StarLightCurves,1024,diff2,3,1388,0.5450937621287809
StarLightCurves,1024,diff2,3,1389,0.12721929252318598
StarLightCurves,1024,diff2,3,1390,0.6702432629542817
StarLightCurves,1024,diff2,3,1391,0.8867594982543051
StarLightCurves,1024,diff2,3,1392,0.9024740045380198
StarLightCurves,1024,diff2,3,1393,0.9479705125474628
StarLightCurves,1024,diff2,3,1394,0.9585482466115312
StarLightCurves,1024,diff2,3,1395,0.9690767093506519
StarLightCurves,1024,diff2,3,1396,0.974668876791727
StarLightCurves,1024,diff2,3,1397,0.9779693531659894
StarLightCurves,1024,diff2,3,1398,0.9814205327595275
StarLightCurves,1024,diff2,3,1399,0.9830373829912886
StarLightCurves,1024,diff2,3,1400,0.9847001328773589
StarLightCurves,1024,diff2,3,1401,0.9856331507521912
StarLightCurves,1024,diff2,3,1402,0.9875438747479051
StarLightCurves,1024,diff2,3,1403,0.9869497841335629
StarLightCurves,1024,diff2,3,1404,0.9872396181084833
StarLightCurves,1024,diff2,3,1405,0.9878819903021487
StarLightCurves,1024,diff2,3,1406,0.9905511282959162
StarLightCurves,1024,diff2,3,1409,0.973529953655509
StarLightCurves,1024,diff2,3,1410,0.9723785799203308
StarLightCurves,1024,diff2,3,1411,0.942496322841339
StarLightCurves,1024,diff2,3,1412,0.9401432484677733
StarLightCurves,1024,diff2,3,1413,0.9007042239862344
StarLightCurves,1024,diff2,3,1414,0.9091320649305832
StarLightCurves,1024,diff2,3,1415,0.8339373645683595
StarLightCurves,1024,diff2,3,1416,0.868375411943166
StarLightCurves,1024,diff2,3,1417,0.7545966642492941
StarLightCurves,1024,diff2,3,1418,0.8712015935532119
StarLightCurves,1024,diff2,3,1419,0.7316496216786202
StarLightCurves,1024,diff2,3,1420,0.8955124158077484
StarLightCurves,1024,diff2,3,1421,0.7318629211345093
StarLightCurves,1024,diff2,3,1422,0.9182035955086075
StarLightCurves,1024,diff2,3,1423,0.7837631826636501
StarLightCurves,1024,diff2,3,1424,0.9148499337267588
StarLightCurves,1024,diff2,3,1425,0.7703821403081792
StarLightCurves,1024,diff2,3,1426,0.8900514687635206
StarLightCurves,1024,diff2,3,1427,0.7192442511563687
StarLightCurves,1024,diff2,3,1428,0.8628021514310834
StarLightCurves,1024,diff2,3,1429,0.7245708964328196
StarLightCurves,1024,diff2,3,1430,0.8551798091055645
StarLightCurves,1024,diff2,3,1431,0.7737814648072514
StarLightCurves,1024,diff2,3,1432,0.8870439564477524
StarLightCurves,1024,diff2,3,1433,0.8562885319275784
StarLightCurves,1024,diff2,3,1434,0.9234543484033295
StarLightCurves,1024,diff2,3,1435,0.9199947777616015
StarLightCurves,1024,diff2,3,1436,0.9604309788488087
StarLightCurves,1024,diff2,3,1437,0.967700218740476
StarLightCurves,1024,diff2,3,1438,0.972949385900492
StarLightCurves,1024,diff2,3,1441,0.9886137404800917
StarLightCurves,1024,diff2,3,1442,0.9835767952607534
StarLightCurves,1024,diff2,3,1443,0.9775954348253
StarLightCurves,1024,diff2,3,1444,0.9738864244757082
StarLightCurves,1024,diff2,3,1445,0.963063186746745
StarLightCurves,1024,diff2,3,1446,0.9565546341876504
StarLightCurves,1024,diff2,3,1447,0.9356517165694783
StarLightCurves,1024,diff2,3,1448,0.9111914601323056
StarLightCurves,1024,diff2,3,1449,0.866733797864015
StarLightCurves,1024,diff2,3,1450,0.8727433895141058
StarLightCurves,1024,diff2,3,1451,0.8107407293559313
StarLightCurves,1024,diff2,3,1452,0.8572128883061403
StarLightCurves,1024,diff2,3,1453,0.7435065995862673
StarLightCurves,1024,diff2,3,1454,0.8587699398677942
StarLightCurves,1024,diff2,3,1455,0.7916075154656506
StarLightCurves,1024,diff2,3,1456,0.8784975323918645
StarLightCurves,1024,diff2,3,1457,0.8054361615472344
StarLightCurves,1024,diff2,3,1458,0.8924756757484529
StarLightCurves,1024,diff2,3,1459,0.8470594360228276
StarLightCurves,1024,diff2,3,1460,0.903483382306566
StarLightCurves,1024,diff2,3,1461,0.8844011673351078
StarLightCurves,1024,diff2,3,1462,0.9188547283509636
StarLightCurves,1024,diff2,3,1463,0.9198977817780483
StarLightCurves,1024,diff2,3,1464,0.9489734536567578
StarLightCurves,1024,diff2,3,1465,0.9586588545187307
StarLightCurves,1024,diff2,3,1466,0.9721408888110615
StarLightCurves,1024,diff2,3,1467,0.974148991037288
StarLightCurves,1024,diff2,3,1468,0.9786556263645264
StarLightCurves,1024,diff2,3,1469,0.9819216698601573
StarLightCurves,1024,diff2,3,1470,0.9861090255070403
StarLightCurves,1024,diff2,3,1473,0.9899886414241764
StarLightCurves,1024,diff2,3,1474,0.9863794916253374
StarLightCurves,1024,diff2,3,1475,0.9746935938639888
StarLightCurves,1024,diff2,3,1476,0.9718938060699417
StarLightCurves,1024,diff2,3,1477,0.955204743536866
StarLightCurves,1024,diff2,3,1478,0.9481344600276144
StarLightCurves,1024,diff2,3,1479,0.9164899124346311
StarLightCurves,1024,diff2,3,1480,0.8799753920885034
StarLightCurves,1024,diff2,3,1481,0.7644630561447195
StarLightCurves,1024,diff2,3,1482,0.7797697578992646
StarLightCurves,1024,diff2,3,1483,0.6861491513845935
StarLightCurves,1024,diff2,3,1484,0.7527923095853271
StarLightCurves,1024,diff2,3,1485,0.63709847245768
StarLightCurves,1024,diff2,3,1486,0.7716353401544407
StarLightCurves,1024,diff2,3,1487,0.7802083203495095
StarLightCurves,1024,diff2,3,1488,0.8243494012227346
StarLightCurves,1024,diff2,3,1489,0.7966675617748523
StarLightCurves,1024,diff2,3,1490,0.8348241188993273
StarLightCurves,1024,diff2,3,1491,0.801721834971009
StarLightCurves,1024,diff2,3,1492,0.8477215334773869
StarLightCurves,1024,diff2,3,1493,0.840549587680757
StarLightCurves,1024,diff2,3,1494,0.8787393381627477
StarLightCurves,1024,diff2,3,1495,0.8972817654334727
StarLightCurves,1024,diff2,3,1496,0.9338363980053493
StarLightCurves,1024,diff2,3,1497,0.9516281230016614
StarLightCurves,1024,diff2,3,1498,0.9678669220222754
StarLightCurves,1024,diff2,3,1499,0.972791052366302
StarLightCurves,1024,diff2,3,1500,0.9786919489005993
StarLightCurves,1024,diff2,3,1501,0.9822256097609207
StarLightCurves,1024,diff2,3,1502,0.9842912216709833
StarLightCurves,1024,diff2,3,1505,0.9956497379327699
StarLightCurves,1024,diff2,3,1506,0.9946432025675285
StarLightCurves,1024,diff2,3,1507,0.9931239154379711
StarLightCurves,1024,diff2,3,1508,0.9913321053164117
StarLightCurves,1024,diff2,3,1509,0.9879193966717611
StarLightCurves,1024,diff2,3,1510,0.9835700505826105
StarLightCurves,1024,diff2,3,1511,0.9646459026130234
StarLightCurves,1024,diff2,3,1512,0.9297680700923935
StarLightCurves,1024,diff2,3,1513,0.7807771557966269
StarLightCurves,1024,diff2,3,1514,0.7533502532602135
StarLightCurves,1024,diff2,3,1515,0.42934755872407376
StarLightCurves,1024,diff2,3,1516,0.628809476346088
StarLightCurves,1024,diff2,3,1517,0.16418717586333118
StarLightCurves,1024,diff2,3,1518,0.673455561559436
StarLightCurves,1024,diff2,3,1519,0.8555842930643393
StarLightCurves,1024,diff2,3,1520,0.8635714548001782
StarLightCurves,1024,diff2,3,1521,0.9253190102964497
StarLightCurves,1024,diff2,3,1522,0.9331581300471059
StarLightCurves,1024,diff2,3,1523,0.9506672069977332
StarLightCurves,1024,diff2,3,1524,0.9560392148599061
StarLightCurves,1024,diff2,3,1525,0.9652292824917632
StarLightCurves,1024,diff2,3,1526,0.9678922238380083
StarLightCurves,1024,diff2,3,1527,0.9759546143736763
StarLightCurves,1024,diff2,3,1528,0.9805047189215077
StarLightCurves,1024,diff2,3,1529,0.9857241060425596
StarLightCurves,1024,diff2,3,1530,0.9859315369224703
StarLightCurves,1024,diff2,3,1531,0.9857671905847216
StarLightCurves,1024,diff2,3,1532,0.9834622969258453
StarLightCurves,1024,diff2,3,1533,0.9857989157108508
StarLightCurves,1024,diff2,3,1534,0.9875644686208015
StarLightCurves,1024,diff2,3,1537,0.9903605358267358
StarLightCurves,1024,diff2,3,1538,0.986336679640604
StarLightCurves,1024,diff2,3,1539,0.9775559685390228
StarLightCurves,1024,diff2,3,1540,0.9763876032536533
StarLightCurves,1024,diff2,3,1541,0.9582173470255513
StarLightCurves,1024,diff2,3,1542,0.9486846774176758
StarLightCurves,1024,diff2,3,1543,0.9190399957567528
StarLightCurves,1024,diff2,3,1544,0.9006286633219742
StarLightCurves,1024,diff2,3,1545,0.7971748323078309
StarLightCurves,1024,diff2,3,1546,0.786056278032512
StarLightCurves,1024,diff2,3,1547,0.6693476933576828
StarLightCurves,1024,diff2,3,1548,0.7482233219180664
StarLightCurves,1024,diff2,3,1549,0.6253312135349629
StarLightCurves,1024,diff2,3,1550,0.7725858861680028
StarLightCurves,1024,diff2,3,1551,0.7822102783494069
StarLightCurves,1024,diff2,3,1552,0.8308126245678367
StarLightCurves,1024,diff2,3,1553,0.8253506349372667
StarLightCurves,1024,diff2,3,1554,0.8555794775835377
StarLightCurves,1024,diff2,3,1555,0.8413974144987065
StarLightCurves,1024,diff2,3,1556,0.8716584497007247
StarLightCurves,1024,diff2,3,1557,0.8740279344719483
StarLightCurves,1024,diff2,3,1558,0.8999812042281204
StarLightCurves,1024,diff2,3,1559,0.9124134216861458
StarLightCurves,1024,diff2,3,1560,0.9403995543277508
StarLightCurves,1024,diff2,3,1561,0.9543346934381547
StarLightCurves,1024,diff2,3,1562,0.9662771689409554
StarLightCurves,1024,diff2,3,1563,0.9704617905713473
StarLightCurves,1024,diff2,3,1564,0.9761207711870697
StarLightCurves,1024,diff2,3,1565,0.9804091343036948
StarLightCurves,1024,diff2,3,1566,0.9819772149794709
StarLightCurves,1024,diff2,4,1569,0.9809730242581649
StarLightCurves,1024,diff2,4,1570,0.9824476002554847
StarLightCurves,1024,diff2,4,1571,0.9770171724552598
StarLightCurves,1024,diff2,4,1572,0.9800038421274209
StarLightCurves,1024,diff2,4,1573,0.9396956426999377
StarLightCurves,1024,diff2,4,1574,0.930153910904116
StarLightCurves,1024,diff2,4,1575,0.8317795690110628
StarLightCurves,1024,diff2,4,1576,0.9021187076270941
StarLightCurves,1024,diff2,4,1577,0.8508777676657205
StarLightCurves,1024,diff2,4,1578,0.9668318017456247
StarLightCurves,1024,diff2,4,1579,0.9714818736334315
StarLightCurves,1024,diff2,4,1580,0.9827061374243553
StarLightCurves,1024,diff2,4,1581,0.9783261475560724
StarLightCurves,1024,diff2,4,1582,0.9834714394483061
StarLightCurves,1024,diff2,4,1585,0.9870246342601108
StarLightCurves,1024,diff2,4,1586,0.9866085801261449
StarLightCurves,1024,diff2,4,1587,0.9756553917263799
StarLightCurves,1024,diff2,4,1588,0.9696939142829808
StarLightCurves,1024,diff2,4,1589,0.9298825533604052
StarLightCurves,1024,diff2,4,1590,0.9289347015674096
StarLightCurves,1024,diff2,4,1591,0.7218982673477399
StarLightCurves,1024,diff2,4,1592,0.8971241890551661
StarLightCurves,1024,diff2,4,1593,0.8938543216438541
StarLightCurves,1024,diff2,4,1594,0.9539325398440525
StarLightCurves,1024,diff2,4,1595,0.9625677756912056
StarLightCurves,1024,diff2,4,1596,0.979665843095305
StarLightCurves,1024,diff2,4,1597,0.9822839400418736
StarLightCurves,1024,diff2,4,1598,0.9858333087421977
StarLightCurves,1024,diff2,4,1601,0.9750667999413983
StarLightCurves,1024,diff2,4,1602,0.9666298214717477
StarLightCurves,1024,diff2,4,1603,0.9452863163635342
StarLightCurves,1024,diff2,4,1604,0.9542531666742096
StarLightCurves,1024,diff2,4,1605,0.8980095468291344
StarLightCurves,1024,diff2,4,1606,0.9352384683401997
StarLightCurves,1024,diff2,4,1607,0.7935291209837516
StarLightCurves,1024,diff2,4,1608,0.9272936514030297
StarLightCurves,1024,diff2,4,1609,0.7545227167294793
StarLightCurves,1024,diff2,4,1610,0.9366705626765812
StarLightCurves,1024,diff2,4,1611,0.8991405334500405
StarLightCurves,1024,diff2,4,1612,0.9722223202972217
StarLightCurves,1024,diff2,4,1613,0.9722214789885755
StarLightCurves,1024,diff2,4,1614,0.9862656860703237
StarLightCurves,1024,diff2,4,1617,0.9894300260451607
StarLightCurves,1024,diff2,4,1618,0.9910076681442476
StarLightCurves,1024,diff2,4,1619,0.979405521002717
StarLightCurves,1024,diff2,4,1620,0.9475610579403373
StarLightCurves,1024,diff2,4,1621,0.7389378207819001
StarLightCurves,1024,diff2,4,1622,0.7812148218646133
StarLightCurves,1024,diff2,4,1623,0.6380725574467548
StarLightCurves,1024,diff2,4,1624,0.8515036565719536
StarLightCurves,1024,diff2,4,1625,0.9489190125308461
StarLightCurves,1024,diff2,4,1626,0.9643333132549643
StarLightCurves,1024,diff2,4,1627,0.9806314404134234
StarLightCurves,1024,diff2,4,1628,0.984950354470989
StarLightCurves,1024,diff2,4,1629,0.9882719454361555
StarLightCurves,1024,diff2,4,1630,0.98905075576733
StarLightCurves,1024,diff2,4,1633,0.988326755487708
StarLightCurves,1024,diff2,4,1634,0.9890425473755722
StarLightCurves,1024,diff2,4,1635,0.9749138755740755
StarLightCurves,1024,diff2,4,1636,0.9377165022730001
StarLightCurves,1024,diff2,4,1637,0.733653104697941
StarLightCurves,1024,diff2,4,1638,0.8089445366517379
StarLightCurves,1024,diff2,4,1639,0.6639179471815898
StarLightCurves,1024,diff2,4,1640,0.8873679280984382
StarLightCurves,1024,diff2,4,1641,0.943381610450805
StarLightCurves,1024,diff2,4,1642,0.9682194688542002
StarLightCurves,1024,diff2,4,1643,0.9790354951958347
StarLightCurves,1024,diff2,4,1644,0.9856793686163575
StarLightCurves,1024,diff2,4,1645,0.9868438620460532
StarLightCurves,1024,diff2,4,1646,0.9887639648150788
StarLightCurves,1024,diff2,4,1649,0.9681571632689906
StarLightCurves,1024,diff2,4,1650,0.9695843314279573
StarLightCurves,1024,diff2,4,1651,0.9310897167302684
StarLightCurves,1024,diff2,4,1652,0.9553440801533953
StarLightCurves,1024,diff2,4,1653,0.8633258404556322
StarLightCurves,1024,diff2,4,1654,0.9396815534889558
StarLightCurves,1024,diff2,4,1655,0.7821921470937286
StarLightCurves,1024,diff2,4,1656,0.938420208718524
StarLightCurves,1024,diff2,4,1657,0.7785073977550091
StarLightCurves,1024,diff2,4,1658,0.9447110183583616
StarLightCurves,1024,diff2,4,1659,0.8928275168052808
StarLightCurves,1024,diff2,4,1660,0.9707192514545214
StarLightCurves,1024,diff2,4,1661,0.9634144126367082
StarLightCurves,1024,diff2,4,1662,0.9829898685622228
StarLightCurves,1024,diff2,4,1665,0.9828155844404353
StarLightCurves,1024,diff2,4,1666,0.9869466712429763
StarLightCurves,1024,diff2,4,1667,0.9660979963414243
StarLightCurves,1024,diff2,4,1668,0.9746403802891551
StarLightCurves,1024,diff2,4,1669,0.9242273216357666
StarLightCurves,1024,diff2,4,1670,0.9557188071894742
StarLightCurves,1024,diff2,4,1671,0.7648722150161564
StarLightCurves,1024,diff2,4,1672,0.9438693306709086
StarLightCurves,1024,diff2,4,1673,0.8643925704445635
StarLightCurves,1024,diff2,4,1674,0.955526743871047
StarLightCurves,1024,diff2,4,1675,0.9558723575808141
StarLightCurves,1024,diff2,4,1676,0.9791142121000556
StarLightCurves,1024,diff2,4,1677,0.9802032948672812
StarLightCurves,1024,diff2,4,1678,0.9850038431615626
StarLightCurves,1024,diff2,4,1681,0.9837912760677159
StarLightCurves,1024,diff2,4,1682,0.983442604471536
StarLightCurves,1024,diff2,4,1683,0.9706214849854921
StarLightCurves,1024,diff2,4,1684,0.9701209409060562
StarLightCurves,1024,diff2,4,1685,0.9155711969868129
StarLightCurves,1024,diff2,4,1686,0.93573219085038
StarLightCurves,1024,diff2,4,1687,0.7587370147747762
StarLightCurves,1024,diff2,4,1688,0.927913813132388
StarLightCurves,1024,diff2,4,1689,0.8768468520018584
StarLightCurves,1024,diff2,4,1690,0.9493897086259355
StarLightCurves,1024,diff2,4,1691,0.9552474506031456
StarLightCurves,1024,diff2,4,1692,0.9789415597212959
StarLightCurves,1024,diff2,4,1693,0.982050455349
StarLightCurves,1024,diff2,4,1694,0.9857502154302844
StarLightCurves,1024,diff2,4,1697,0.9856035417170574
StarLightCurves,1024,diff2,4,1698,0.9848912036018894
StarLightCurves,1024,diff2,4,1699,0.9753007734613235
StarLightCurves,1024,diff2,4,1700,0.9741625062176394
StarLightCurves,1024,diff2,4,1701,0.9303966880433459
StarLightCurves,1024,diff2,4,1702,0.9292441166236858
StarLightCurves,1024,diff2,4,1703,0.7191675015865986
StarLightCurves,1024,diff2,4,1704,0.9099286404264235
StarLightCurves,1024,diff2,4,1705,0.8937167199892576
StarLightCurves,1024,diff2,4,1706,0.9591523451582697
StarLightCurves,1024,diff2,4,1707,0.966229762431344
StarLightCurves,1024,diff2,4,1708,0.9816369933065446
StarLightCurves,1024,diff2,4,1709,0.9822056400987329
StarLightCurves,1024,diff2,4,1710,0.9857588565536917
StarLightCurves,1024,diff2,4,1713,0.9874796687191864
StarLightCurves,1024,diff2,4,1714,0.9888637003775848
StarLightCurves,1024,diff2,4,1715,0.9778249855608268
StarLightCurves,1024,diff2,4,1716,0.977475025515176
StarLightCurves,1024,diff2,4,1717,0.9395199184762947
StarLightCurves,1024,diff2,4,1718,0.9501782291960611
StarLightCurves,1024,diff2,4,1719,0.7531192505531771
StarLightCurves,1024,diff2,4,1720,0.9037820073777567
StarLightCurves,1024,diff2,4,1721,0.895675905665737
StarLightCurves,1024,diff2,4,1722,0.9409861201948113
StarLightCurves,1024,diff2,4,1723,0.9657104995879863
StarLightCurves,1024,diff2,4,1724,0.9789413832353182
StarLightCurves,1024,diff2,4,1725,0.9862346556346581
StarLightCurves,1024,diff2,4,1726,0.986956662293242
StarLightCurves,1024,diff2,4,1729,0.9850985698265536
StarLightCurves,1024,diff2,4,1730,0.9851990636255854
StarLightCurves,1024,diff2,4,1731,0.9726338696276707
StarLightCurves,1024,diff2,4,1732,0.9782263474559607
StarLightCurves,1024,diff2,4,1733,0.9233017725164789
StarLightCurves,1024,diff2,4,1734,0.9450708540750828
StarLightCurves,1024,diff2,4,1735,0.794252875041048
StarLightCurves,1024,diff2,4,1736,0.9196577943375269
StarLightCurves,1024,diff2,4,1737,0.875872687679586
StarLightCurves,1024,diff2,4,1738,0.9372899988468574
StarLightCurves,1024,diff2,4,1739,0.9598596999501046
StarLightCurves,1024,diff2,4,1740,0.9778707356343154
StarLightCurves,1024,diff2,4,1741,0.983275073593065
StarLightCurves,1024,diff2,4,1742,0.9855708190004723
StarLightCurves,1024,diff2,4,1745,0.9879898815430467
StarLightCurves,1024,diff2,4,1746,0.9896442888980276
StarLightCurves,1024,diff2,4,1747,0.9730112817293644
StarLightCurves,1024,diff2,4,1748,0.9646396675315471
StarLightCurves,1024,diff2,4,1749,0.8289589123739408
StarLightCurves,1024,diff2,4,1750,0.8858357936247468
StarLightCurves,1024,diff2,4,1751,0.6200550304599773
StarLightCurves,1024,diff2,4,1752,0.8760075462012534
StarLightCurves,1024,diff2,4,1753,0.9369501308167281
StarLightCurves,1024,diff2,4,1754,0.9574336885793829
StarLightCurves,1024,diff2,4,1755,0.9789627740717359
StarLightCurves,1024,diff2,4,1756,0.9835708389853388
StarLightCurves,1024,diff2,4,1757,0.9873899988038967
StarLightCurves,1024,diff2,4,1758,0.9862423189235457
StarLightCurves,1024,diff2,4,1761,0.9878631399854549
StarLightCurves,1024,diff2,4,1762,0.9901560403011321
StarLightCurves,1024,diff2,4,1763,0.9740341222285763
StarLightCurves,1024,diff2,4,1764,0.9640242344640964
StarLightCurves,1024,diff2,4,1765,0.8347027294186362
StarLightCurves,1024,diff2,4,1766,0.8874005977860492
StarLightCurves,1024,diff2,4,1767,0.6301333221728641
StarLightCurves,1024,diff2,4,1768,0.879880417510695
StarLightCurves,1024,diff2,4,1769,0.9340586713176382
StarLightCurves,1024,diff2,4,1770,0.9550674943540529
StarLightCurves,1024,diff2,4,1771,0.9780500887749903
StarLightCurves,1024,diff2,4,1772,0.9831224973506975
StarLightCurves,1024,diff2,4,1773,0.9875801824700131
StarLightCurves,1024,diff2,4,1774,0.9864956765441496
StarLightCurves,1024,diff2,4,1777,0.984686943798581
StarLightCurves,1024,diff2,4,1778,0.9850048095911338
StarLightCurves,1024,diff2,4,1779,0.9699904336796933
StarLightCurves,1024,diff2,4,1780,0.9773533823010501
StarLightCurves,1024,diff2,4,1781,0.9238826874112103
StarLightCurves,1024,diff2,4,1782,0.9374271065000502
StarLightCurves,1024,diff2,4,1783,0.7405960210131675
StarLightCurves,1024,diff2,4,1784,0.921976489943214
StarLightCurves,1024,diff2,4,1785,0.881892840889908
StarLightCurves,1024,diff2,4,1786,0.9479731324681088
StarLightCurves,1024,diff2,4,1787,0.9569362829949026
StarLightCurves,1024,diff2,4,1788,0.9786489052729711
StarLightCurves,1024,diff2,4,1789,0.982611183770502
StarLightCurves,1024,diff2,4,1790,0.9850173234030839
StarLightCurves,1024,diff2,4,1793,0.9866476581262401
StarLightCurves,1024,diff2,4,1794,0.9886915158517603
StarLightCurves,1024,diff2,4,1795,0.9772164816397054
StarLightCurves,1024,diff2,4,1796,0.980454710870498
StarLightCurves,1024,diff2,4,1797,0.9363364737554671
StarLightCurves,1024,diff2,4,1798,0.9540202650094951
StarLightCurves,1024,diff2,4,1799,0.777609358989609
StarLightCurves,1024,diff2,4,1800,0.9166662686998681
StarLightCurves,1024,diff2,4,1801,0.8899663804517259
StarLightCurves,1024,diff2,4,1802,0.9405924057733285
StarLightCurves,1024,diff2,4,1803,0.968088175642193
StarLightCurves,1024,diff2,4,1804,0.9781512361691242
StarLightCurves,1024,diff2,4,1805,0.9848110097585653
StarLightCurves,1024,diff2,4,1806,0.9852831266828761
StarLightCurves,1024,diff2,4,1809,0.9836895364409742
StarLightCurves,1024,diff2,4,1810,0.9837351005940213
StarLightCurves,1024,diff2,4,1811,0.9776970797988167
StarLightCurves,1024,diff2,4,1812,0.9793637419973725
StarLightCurves,1024,diff2,4,1813,0.9415527064079984
StarLightCurves,1024,diff2,4,1814,0.9205283063910774
StarLightCurves,1024,diff2,4,1815,0.8060666304633153
StarLightCurves,1024,diff2,4,1816,0.897446363739453
StarLightCurves,1024,diff2,4,1817,0.8713057459356763
StarLightCurves,1024,diff2,4,1818,0.9669176443968197
StarLightCurves,1024,diff2,4,1819,0.9740118839636159
StarLightCurves,1024,diff2,4,1820,0.9840903112128867
StarLightCurves,1024,diff2,4,1821,0.979116749338916
StarLightCurves,1024,diff2,4,1822,0.9825740206477847
StarLightCurves,1024,diff2,4,1825,0.9868016381531649
StarLightCurves,1024,diff2,4,1826,0.9867267215805273
StarLightCurves,1024,diff2,4,1827,0.9750054609977148
StarLightCurves,1024,diff2,4,1828,0.9756547022241836
StarLightCurves,1024,diff2,4,1829,0.9455571311646414
StarLightCurves,1024,diff2,4,1830,0.9448268184547276
StarLightCurves,1024,diff2,4,1831,0.7433915020130523
StarLightCurves,1024,diff2,4,1832,0.9031569644786976
StarLightCurves,1024,diff2,4,1833,0.868503245215402
StarLightCurves,1024,diff2,4,1834,0.9469839059193649
StarLightCurves,1024,diff2,4,1835,0.9627331115689329
StarLightCurves,1024,diff2,4,1836,0.97983404034249
StarLightCurves,1024,diff2,4,1837,0.9828496567193921
StarLightCurves,1024,diff2,4,1838,0.9848436502695056
StarLightCurves,1024,diff2,4,1841,0.9840930645538218
StarLightCurves,1024,diff2,4,1842,0.9817046231500464
StarLightCurves,1024,diff2,4,1843,0.96948011116861
StarLightCurves,1024,diff2,4,1844,0.9675832970412431
StarLightCurves,1024,diff2,4,1845,0.9283312214319267
StarLightCurves,1024,diff2,4,1846,0.9306641527137233
StarLightCurves,1024,diff2,4,1847,0.7671425005382267
StarLightCurves,1024,diff2,4,1848,0.9124883349626882
StarLightCurves,1024,diff2,4,1849,0.8503791505231847
StarLightCurves,1024,diff2,4,1850,0.9484765747215066
StarLightCurves,1024,diff2,4,1851,0.9531650357235287
StarLightCurves,1024,diff2,4,1852,0.9779678764567666
StarLightCurves,1024,diff2,4,1853,0.979907275688978
StarLightCurves,1024,diff2,4,1854,0.9858385778579808
StarLightCurves,1024,diff2,4,1857,0.9694831059560345
StarLightCurves,1024,diff2,4,1858,0.9233669847803541
StarLightCurves,1024,diff2,4,1859,0.9620167056258221
StarLightCurves,1024,diff2,4,1860,0.9379374108142539
StarLightCurves,1024,diff2,4,1861,0.9457596588885249
StarLightCurves,1024,diff2,4,1862,0.9089389243146423
StarLightCurves,1024,diff2,4,1863,0.905733978549307
StarLightCurves,1024,diff2,4,1864,0.9252232547476555
StarLightCurves,1024,diff2,4,1865,0.5555914400881062
StarLightCurves,1024,diff2,4,1866,0.9682157110450752
StarLightCurves,1024,diff2,4,1867,0.938319258431581
StarLightCurves,1024,diff2,4,1868,0.9920174552011101
StarLightCurves,1024,diff2,4,1869,0.9842321364456716
StarLightCurves,1024,diff2,4,1870,0.9937645099176937
StarLightCurves,1024,diff2,4,1873,0.9979228919082828
StarLightCurves,1024,diff2,4,1874,0.9983667744449302
StarLightCurves,1024,diff2,4,1875,0.9952417489978539
StarLightCurves,1024,diff2,4,1876,0.9963780970407503
StarLightCurves,1024,diff2,4,1877,0.9913101455599328
StarLightCurves,1024,diff2,4,1878,0.9958582082899325
StarLightCurves,1024,diff2,4,1879,0.9316694133716249
StarLightCurves,1024,diff2,4,1880,0.9858202195125547
StarLightCurves,1024,diff2,4,1881,0.9481486217599424
StarLightCurves,1024,diff2,4,1882,0.9298763992216236
StarLightCurves,1024,diff2,4,1883,0.9870875494634261
StarLightCurves,1024,diff2,4,1884,0.9757930351928774
StarLightCurves,1024,diff2,4,1885,0.9949250302577645
StarLightCurves,1024,diff2,4,1886,0.9856313953038761
StarLightCurves,1024,diff2,4,1889,0.962439258432476
StarLightCurves,1024,diff2,4,1890,0.9453349901383814
StarLightCurves,1024,diff2,4,1891,0.9486645694844859
StarLightCurves,1024,diff2,4,1892,0.9518286442218343
StarLightCurves,1024,diff2,4,1893,0.927170844750154
StarLightCurves,1024,diff2,4,1894,0.9355126808978905
StarLightCurves,1024,diff2,4,1895,0.8958452397342188
StarLightCurves,1024,diff2,4,1896,0.9335335497194984
StarLightCurves,1024,diff2,4,1897,0.5596441544994133
StarLightCurves,1024,diff2,4,1898,0.9640153435942621
StarLightCurves,1024,diff2,4,1899,0.9208354974915709
StarLightCurves,1024,diff2,4,1900,0.9905867175974981
StarLightCurves,1024,diff2,4,1901,0.9808078135947637
StarLightCurves,1024,diff2,4,1902,0.9924099765953092
StarLightCurves,1024,diff2,4,1905,0.9815405782052681
StarLightCurves,1024,diff2,4,1906,0.9842487392152978
StarLightCurves,1024,diff2,4,1907,0.9628486837221434
StarLightCurves,1024,diff2,4,1908,0.9735440009645769
StarLightCurves,1024,diff2,4,1909,0.9060984884083012
StarLightCurves,1024,diff2,4,1910,0.9499560681817738
StarLightCurves,1024,diff2,4,1911,0.7364550140211014
StarLightCurves,1024,diff2,4,1912,0.952116578270573
StarLightCurves,1024,diff2,4,1913,0.8555632693773277
StarLightCurves,1024,diff2,4,1914,0.9632303545217803
StarLightCurves,1024,diff2,4,1915,0.9423166635311115
StarLightCurves,1024,diff2,4,1916,0.9786338082083942
StarLightCurves,1024,diff2,4,1917,0.9768710911623585
StarLightCurves,1024,diff2,4,1918,0.985006555634411
StarLightCurves,1024,diff2,4,1921,0.9824884249588246
StarLightCurves,1024,diff2,4,1922,0.983442577876797
StarLightCurves,1024,diff2,4,1923,0.9686285532017912
StarLightCurves,1024,diff2,4,1924,0.9725395953539326
StarLightCurves,1024,diff2,4,1925,0.9259408130735819
StarLightCurves,1024,diff2,4,1926,0.9488345655905368
StarLightCurves,1024,diff2,4,1927,0.7564460193393947
StarLightCurves,1024,diff2,4,1928,0.9379493021031301
StarLightCurves,1024,diff2,4,1929,0.8524807013995264
StarLightCurves,1024,diff2,4,1930,0.9545218647649174
StarLightCurves,1024,diff2,4,1931,0.9544399055443655
StarLightCurves,1024,diff2,4,1932,0.9789851219392987
StarLightCurves,1024,diff2,4,1933,0.9804050183332176
StarLightCurves,1024,diff2,4,1934,0.9856633420326004
StarLightCurves,1024,diff2,4,1937,0.988083528202534
StarLightCurves,1024,diff2,4,1938,0.9881117594441684
StarLightCurves,1024,diff2,4,1939,0.9764556267953636
StarLightCurves,1024,diff2,4,1940,0.9770274889011886
StarLightCurves,1024,diff2,4,1941,0.9427679670498187
StarLightCurves,1024,diff2,4,1942,0.9503092402732057
StarLightCurves,1024,diff2,4,1943,0.7546421371116817
StarLightCurves,1024,diff2,4,1944,0.9233850331243598
StarLightCurves,1024,diff2,4,1945,0.8881380531430353
StarLightCurves,1024,diff2,4,1946,0.9485801916578762
StarLightCurves,1024,diff2,4,1947,0.9655991444537144
StarLightCurves,1024,diff2,4,1948,0.9803736371439393
StarLightCurves,1024,diff2,4,1949,0.9839950469276016
StarLightCurves,1024,diff2,4,1950,0.9868923017306904
StarLightCurves,1024,diff2,4,1953,0.9888005022396827
StarLightCurves,1024,diff2,4,1954,0.9896723523143807
StarLightCurves,1024,diff2,4,1955,0.9797658006528562
StarLightCurves,1024,diff2,4,1956,0.9783781753828275
StarLightCurves,1024,diff2,4,1957,0.9419846164083141
StarLightCurves,1024,diff2,4,1958,0.9523738434286423
StarLightCurves,1024,diff2,4,1959,0.7211037851263888
StarLightCurves,1024,diff2,4,1960,0.9065883400039195
StarLightCurves,1024,diff2,4,1961,0.9048744157674559
StarLightCurves,1024,diff2,4,1962,0.9451118906530223
StarLightCurves,1024,diff2,4,1963,0.9710785705379511
StarLightCurves,1024,diff2,4,1964,0.9824359842757098
StarLightCurves,1024,diff2,4,1965,0.9862244732323936
StarLightCurves,1024,diff2,4,1966,0.9859282331434732
StarLightCurves,1024,diff2,4,1969,0.9837359104857601
StarLightCurves,1024,diff2,4,1970,0.9848685554432447
StarLightCurves,1024,diff2,4,1971,0.969378691739279
StarLightCurves,1024,diff2,4,1972,0.9726987892094245
StarLightCurves,1024,diff2,4,1973,0.9226065765931928
StarLightCurves,1024,diff2,4,1974,0.9333970427700128
StarLightCurves,1024,diff2,4,1975,0.7558889458879627
StarLightCurves,1024,diff2,4,1976,0.9210249018629324
StarLightCurves,1024,diff2,4,1977,0.8761484393306381
StarLightCurves,1024,diff2,4,1978,0.9550418615218809
StarLightCurves,1024,diff2,4,1979,0.9627181725857787
StarLightCurves,1024,diff2,4,1980,0.9806190763946356
StarLightCurves,1024,diff2,4,1981,0.9836133392991869
StarLightCurves,1024,diff2,4,1982,0.9871151602341736
StarLightCurves,1024,diff2,4,1985,0.9803459648251148
StarLightCurves,1024,diff2,4,1986,0.9816937173534016
StarLightCurves,1024,diff2,4,1987,0.9691572598325545
StarLightCurves,1024,diff2,4,1988,0.9733570739570716
StarLightCurves,1024,diff2,4,1989,0.9343908033005711
StarLightCurves,1024,diff2,4,1990,0.9387595489275382
StarLightCurves,1024,diff2,4,1991,0.8407123134792502
StarLightCurves,1024,diff2,4,1992,0.9265104683712745
StarLightCurves,1024,diff2,4,1993,0.8228581671514341
StarLightCurves,1024,diff2,4,1994,0.9559951300177388
StarLightCurves,1024,diff2,4,1995,0.9576308009041595
StarLightCurves,1024,diff2,4,1996,0.9867827849924605
StarLightCurves,1024,diff2,4,1997,0.9834348401194657
StarLightCurves,1024,diff2,4,1998,0.9885209081819706
StarLightCurves,1024,diff2,4,2001,0.9947848513175056
StarLightCurves,1024,diff2,4,2002,0.9970951419794845
StarLightCurves,1024,diff2,4,2003,0.9930303807886245
StarLightCurves,1024,diff2,4,2004,0.9949352699570062
StarLightCurves,1024,diff2,4,2005,0.9771468721543389
StarLightCurves,1024,diff2,4,2006,0.9900308992181178
StarLightCurves,1024,diff2,4,2007,0.8442798819802144
StarLightCurves,1024,diff2,4,2008,0.9728400265932895
StarLightCurves,1024,diff2,4,2009,0.9465398869438423
StarLightCurves,1024,diff2,4,2010,0.9364998740132807
StarLightCurves,1024,diff2,4,2011,0.9860627833977084
StarLightCurves,1024,diff2,4,2012,0.975756563593273
StarLightCurves,1024,diff2,4,2013,0.9929316308071526
StarLightCurves,1024,diff2,4,2014,0.9864733126417513
StarLightCurves,1024,diff2,4,2017,0.9801103613312901
StarLightCurves,1024,diff2,4,2018,0.9790361496042599
StarLightCurves,1024,diff2,4,2019,0.9674765313603793
StarLightCurves,1024,diff2,4,2020,0.9730848702854793
StarLightCurves,1024,diff2,4,2021,0.931802711703661
StarLightCurves,1024,diff2,4,2022,0.9374322370556608
StarLightCurves,1024,diff2,4,2023,0.8439510241566591
StarLightCurves,1024,diff2,4,2024,0.9269987936511708
StarLightCurves,1024,diff2,4,2025,0.8087400861916089
StarLightCurves,1024,diff2,4,2026,0.9581988451349415
StarLightCurves,1024,diff2,4,2027,0.9543933684515157
StarLightCurves,1024,diff2,4,2028,0.9861426541304094
StarLightCurves,1024,diff2,4,2029,0.9823927480504441
StarLightCurves,1024,diff2,4,2030,0.9884299076268883
StarLightCurves,1024,diff2,4,2033,0.9850488850768424
StarLightCurves,1024,diff2,4,2034,0.9872626009331706
StarLightCurves,1024,diff2,4,2035,0.9759096924187034
StarLightCurves,1024,diff2,4,2036,0.9781958048531876
StarLightCurves,1024,diff2,4,2037,0.9178519629603192
StarLightCurves,1024,diff2,4,2038,0.9436424813020643
StarLightCurves,1024,diff2,4,2039,0.7780350306560798
StarLightCurves,1024,diff2,4,2040,0.9198865344119644
StarLightCurves,1024,diff2,4,2041,0.887776029116854
StarLightCurves,1024,diff2,4,2042,0.9484345213771653
StarLightCurves,1024,diff2,4,2043,0.9649909914589176
StarLightCurves,1024,diff2,4,2044,0.9783759743232965
StarLightCurves,1024,diff2,4,2045,0.9829642587065717
StarLightCurves,1024,diff2,4,2046,0.9853632332572648
StarLightCurves,1024,diff2,4,2049,0.9850867809337731
StarLightCurves,1024,diff2,4,2050,0.987591978575195
StarLightCurves,1024,diff2,4,2051,0.976612240071386
StarLightCurves,1024,diff2,4,2052,0.973747808282134
StarLightCurves,1024,diff2,4,2053,0.9273576845941824
StarLightCurves,1024,diff2,4,2054,0.9430462706114406
StarLightCurves,1024,diff2,4,2055,0.7687354972417177
StarLightCurves,1024,diff2,4,2056,0.90827593680166
StarLightCurves,1024,diff2,4,2057,0.8883737958845931
StarLightCurves,1024,diff2,4,2058,0.9466503404657836
StarLightCurves,1024,diff2,4,2059,0.9655655220328845
StarLightCurves,1024,diff2,4,2060,0.9811964710269162
StarLightCurves,1024,diff2,4,2061,0.983984391163793
StarLightCurves,1024,diff2,4,2062,0.9858510064047205
StarLightCurves,1024,diff2,5,2065,0.9876573996432007
StarLightCurves,1024,diff2,5,2066,0.9976608105784951
StarLightCurves,1024,diff2,5,2067,0.87454708865116
StarLightCurves,1024,diff2,5,2068,0.9979082132812205
StarLightCurves,1024,diff2,5,2069,0.9753186167225001
StarLightCurves,1024,diff2,5,2070,0.9961180554406884
StarLightCurves,1024,diff2,5,2073,0.979812760394714
StarLightCurves,1024,diff2,5,2074,0.9906991594373177
StarLightCurves,1024,diff2,5,2075,0.8466305892508248
StarLightCurves,1024,diff2,5,2076,0.9914027222918748
StarLightCurves,1024,diff2,5,2077,0.9624476570003695
StarLightCurves,1024,diff2,5,2078,0.9936753834273381
StarLightCurves,1024,diff2,5,2081,0.9768166836819703
StarLightCurves,1024,diff2,5,2082,0.9918542930379743
StarLightCurves,1024,diff2,5,2083,0.8667990834811177
StarLightCurves,1024,diff2,5,2084,0.990018001615375
StarLightCurves,1024,diff2,5,2085,0.9512642075603228
StarLightCurves,1024,diff2,5,2086,0.991089332086794
StarLightCurves,1024,diff2,5,2089,0.9767625750298876
StarLightCurves,1024,diff2,5,2090,0.9890922734575477
StarLightCurves,1024,diff2,5,2091,0.8143460652884369
StarLightCurves,1024,diff2,5,2092,0.9899856150891988
StarLightCurves,1024,diff2,5,2093,0.9555773473906254
StarLightCurves,1024,diff2,5,2094,0.9923835842997655
StarLightCurves,1024,diff2,5,2097,0.9748889693139996
StarLightCurves,1024,diff2,5,2098,0.9904675927326962
StarLightCurves,1024,diff2,5,2099,0.8457372719218652
StarLightCurves,1024,diff2,5,2100,0.9888320680148519
StarLightCurves,1024,diff2,5,2101,0.9503800819313418
StarLightCurves,1024,diff2,5,2102,0.991699094166506
StarLightCurves,1024,diff2,5,2105,0.9721409100139756
StarLightCurves,1024,diff2,5,2106,0.9909393343617372
StarLightCurves,1024,diff2,5,2107,0.866196814624513
StarLightCurves,1024,diff2,5,2108,0.990697112388364
StarLightCurves,1024,diff2,5,2109,0.9413557154845285
StarLightCurves,1024,diff2,5,2110,0.9946381821607645
StarLightCurves,1024,diff2,5,2113,0.9887936929486074
StarLightCurves,1024,diff2,5,2114,0.9907666291190126
StarLightCurves,1024,diff2,5,2115,0.8168322446343168
StarLightCurves,1024,diff2,5,2116,0.9963870322510601
StarLightCurves,1024,diff2,5,2117,0.97472305459871
StarLightCurves,1024,diff2,5,2118,0.9971813570575249
StarLightCurves,1024,diff2,5,2121,0.9932811219296963
StarLightCurves,1024,diff2,5,2122,0.9964426095154207
StarLightCurves,1024,diff2,5,2123,0.9363745122877928
StarLightCurves,1024,diff2,5,2124,0.9876572405343816
StarLightCurves,1024,diff2,5,2125,0.9905497748351462
StarLightCurves,1024,diff2,5,2126,0.9897075587250274
StarLightCurves,1024,diff2,5,2129,0.993108075408746
StarLightCurves,1024,diff2,5,2130,0.9957192829495128
StarLightCurves,1024,diff2,5,2131,0.9221529796560054
StarLightCurves,1024,diff2,5,2132,0.9866154444586264
StarLightCurves,1024,diff2,5,2133,0.9902909753414971
StarLightCurves,1024,diff2,5,2134,0.9907529524699203
StarLightCurves,1024,diff2,5,2137,0.9865309396173939
StarLightCurves,1024,diff2,5,2138,0.9918638079855085
StarLightCurves,1024,diff2,5,2139,0.8529721887101099
StarLightCurves,1024,diff2,5,2140,0.9961078339440904
StarLightCurves,1024,diff2,5,2141,0.9718369806974062
StarLightCurves,1024,diff2,5,2142,0.9970527151531192
StarLightCurves,1024,diff2,5,2145,0.9683002577757738
StarLightCurves,1024,diff2,5,2146,0.9910986321133716
StarLightCurves,1024,diff2,5,2147,0.8586968571575034
StarLightCurves,1024,diff2,5,2148,0.9912516495642918
StarLightCurves,1024,diff2,5,2149,0.9379672749778446
StarLightCurves,1024,diff2,5,2150,0.9936073093394979
StarLightCurves,1024,diff2,5,2153,0.9740140503195501
StarLightCurves,1024,diff2,5,2154,0.9914252686544982
StarLightCurves,1024,diff2,5,2155,0.8527943321926724
StarLightCurves,1024,diff2,5,2156,0.9905070958584749
StarLightCurves,1024,diff2,5,2157,0.9493857491129216
StarLightCurves,1024,diff2,5,2158,0.993130303099718
StarLightCurves,1024,diff2,5,2161,0.9763475163420923
StarLightCurves,1024,diff2,5,2162,0.9926561042200497
StarLightCurves,1024,diff2,5,2163,0.8589410975925854
StarLightCurves,1024,diff2,5,2164,0.9909758839427336
StarLightCurves,1024,diff2,5,2165,0.9553078026620566
StarLightCurves,1024,diff2,5,2166,0.9924887306929744
StarLightCurves,1024,diff2,5,2169,0.9770287335835325
StarLightCurves,1024,diff2,5,2170,0.9912626382564828
StarLightCurves,1024,diff2,5,2171,0.8190535599486028
StarLightCurves,1024,diff2,5,2172,0.989906869838237
StarLightCurves,1024,diff2,5,2173,0.9565407485592695
StarLightCurves,1024,diff2,5,2174,0.9922700346573354
StarLightCurves,1024,diff2,5,2177,0.9781890701941197
StarLightCurves,1024,diff2,5,2178,0.990404639212579
StarLightCurves,1024,diff2,5,2179,0.8285235111298356
StarLightCurves,1024,diff2,5,2180,0.990105107434064
StarLightCurves,1024,diff2,5,2181,0.9565299961072269
StarLightCurves,1024,diff2,5,2182,0.9922966793923415
StarLightCurves,1024,diff2,5,2185,0.9789590958853862
StarLightCurves,1024,diff2,5,2186,0.99147783593151
StarLightCurves,1024,diff2,5,2187,0.8478822338325722
StarLightCurves,1024,diff2,5,2188,0.9888295937727907
StarLightCurves,1024,diff2,5,2189,0.960242992720586
StarLightCurves,1024,diff2,5,2190,0.9920103932190159
StarLightCurves,1024,diff2,5,2193,0.9790085866533694
StarLightCurves,1024,diff2,5,2194,0.9925897155471995
StarLightCurves,1024,diff2,5,2195,0.8426687842225651
StarLightCurves,1024,diff2,5,2196,0.9902714451295386
StarLightCurves,1024,diff2,5,2197,0.9608415083911528
StarLightCurves,1024,diff2,5,2198,0.9915692076415722
StarLightCurves,1024,diff2,5,2201,0.9793033577982523
StarLightCurves,1024,diff2,5,2202,0.9908215346944504
StarLightCurves,1024,diff2,5,2203,0.8521759047668679
StarLightCurves,1024,diff2,5,2204,0.9905365549732505
StarLightCurves,1024,diff2,5,2205,0.9550211467903856
StarLightCurves,1024,diff2,5,2206,0.9929659851305371
StarLightCurves,1024,diff2,5,2209,0.9821177701254553
StarLightCurves,1024,diff2,5,2210,0.9933879476188914
StarLightCurves,1024,diff2,5,2211,0.8639728107506415
StarLightCurves,1024,diff2,5,2212,0.9919149659334577
StarLightCurves,1024,diff2,5,2213,0.9615529633815374
StarLightCurves,1024,diff2,5,2214,0.9931051990806942
StarLightCurves,1024,diff2,5,2217,0.980646430069148
StarLightCurves,1024,diff2,5,2218,0.9896629238867449
StarLightCurves,1024,diff2,5,2219,0.842974027833529
StarLightCurves,1024,diff2,5,2220,0.9886810281517645
StarLightCurves,1024,diff2,5,2221,0.9626265838307766
StarLightCurves,1024,diff2,5,2222,0.9930171578741251
StarLightCurves,1024,diff2,5,2225,0.9815456534462212
StarLightCurves,1024,diff2,5,2226,0.9917094684945659
StarLightCurves,1024,diff2,5,2227,0.8676583037802632
StarLightCurves,1024,diff2,5,2228,0.9904939399377153
StarLightCurves,1024,diff2,5,2229,0.9620625449310849
StarLightCurves,1024,diff2,5,2230,0.9925185166696852
StarLightCurves,1024,diff2,5,2233,0.9819469869961557
StarLightCurves,1024,diff2,5,2234,0.9931657231468319
StarLightCurves,1024,diff2,5,2235,0.8425559588307961
StarLightCurves,1024,diff2,5,2236,0.9909965878007769
StarLightCurves,1024,diff2,5,2237,0.9658342202114826
StarLightCurves,1024,diff2,5,2238,0.9943178508739418
StarLightCurves,1024,diff2,5,2241,0.9855079777564761
StarLightCurves,1024,diff2,5,2242,0.9935331403030098
StarLightCurves,1024,diff2,5,2243,0.8600403925636458
StarLightCurves,1024,diff2,5,2244,0.994344596351901
StarLightCurves,1024,diff2,5,2245,0.9711800678905345
StarLightCurves,1024,diff2,5,2246,0.9960731269880505
StarLightCurves,1024,diff2,5,2249,0.9909059683868142
StarLightCurves,1024,diff2,5,2250,0.9966106068015589
StarLightCurves,1024,diff2,5,2251,0.9163527782372562
StarLightCurves,1024,diff2,5,2252,0.9897896050951752
StarLightCurves,1024,diff2,5,2253,0.986630577656739
StarLightCurves,1024,diff2,5,2254,0.9917480749079002
StarLightCurves,1024,diff2,5,2257,0.9914768531562494
StarLightCurves,1024,diff2,5,2258,0.9968407698714892
StarLightCurves,1024,diff2,5,2259,0.9249854042115551
StarLightCurves,1024,diff2,5,2260,0.9910580406183797
StarLightCurves,1024,diff2,5,2261,0.9884771277951402
StarLightCurves,1024,diff2,5,2262,0.9924166635756652
StarLightCurves,1024,diff2,5,2265,0.984616175068432
StarLightCurves,1024,diff2,5,2266,0.9921651843851604
StarLightCurves,1024,diff2,5,2267,0.8432438917292053
StarLightCurves,1024,diff2,5,2268,0.9940833279445257
StarLightCurves,1024,diff2,5,2269,0.9703470855588534
StarLightCurves,1024,diff2,5,2270,0.9958178041660557
StarLightCurves,1024,diff2,5,2273,0.9798018617135225
StarLightCurves,1024,diff2,5,2274,0.993506206364537
StarLightCurves,1024,diff2,5,2275,0.8663718211585105
StarLightCurves,1024,diff2,5,2276,0.9918839508450162
StarLightCurves,1024,diff2,5,2277,0.9603338452507737
StarLightCurves,1024,diff2,5,2278,0.99358550949505
StarLightCurves,1024,diff2,5,2281,0.9811375716180856
StarLightCurves,1024,diff2,5,2282,0.9917340867709917
StarLightCurves,1024,diff2,5,2283,0.8456565312057849
StarLightCurves,1024,diff2,5,2284,0.9906917150068507
StarLightCurves,1024,diff2,5,2285,0.9625681076593975
StarLightCurves,1024,diff2,5,2286,0.9929026989538587
StarLightCurves,1024,diff2,5,2289,0.981250108152902
StarLightCurves,1024,diff2,5,2290,0.9927878138487984
StarLightCurves,1024,diff2,5,2291,0.8645995031533248
StarLightCurves,1024,diff2,5,2292,0.9907390394287645
StarLightCurves,1024,diff2,5,2293,0.9641013897068668
StarLightCurves,1024,diff2,5,2294,0.9922658926600171
StarLightCurves,1024,diff2,5,2297,0.9812982467258599
StarLightCurves,1024,diff2,5,2298,0.9926528554597157
StarLightCurves,1024,diff2,5,2299,0.8341146934214086
StarLightCurves,1024,diff2,5,2300,0.990765215135425
StarLightCurves,1024,diff2,5,2301,0.9630143906333514
StarLightCurves,1024,diff2,5,2302,0.9928471493080558
StarLightCurves,1024,diff2,5,2305,0.9815356232628718
StarLightCurves,1024,diff2,5,2306,0.9916987373308187
StarLightCurves,1024,diff2,5,2307,0.8628165145963275
StarLightCurves,1024,diff2,5,2308,0.9910978519613235
StarLightCurves,1024,diff2,5,2309,0.961724053652616
StarLightCurves,1024,diff2,5,2310,0.9933490397857914
StarLightCurves,1024,diff2,5,2313,0.9901555359851002
StarLightCurves,1024,diff2,5,2314,0.997619775000487
StarLightCurves,1024,diff2,5,2315,0.8965160781743616
StarLightCurves,1024,diff2,5,2316,0.9981744665430929
StarLightCurves,1024,diff2,5,2317,0.9770908706077844
StarLightCurves,1024,diff2,5,2318,0.9968072606578476
StarLightCurves,1024,diff2,5,2321,0.9712986274458468
StarLightCurves,1024,diff2,5,2322,0.9925283252475888
StarLightCurves,1024,diff2,5,2323,0.8000183159082407
StarLightCurves,1024,diff2,5,2324,0.9893370557831294
StarLightCurves,1024,diff2,5,2325,0.9528047773612378
StarLightCurves,1024,diff2,5,2326,0.9918906483445928
StarLightCurves,1024,diff2,5,2329,0.9781051730006707
StarLightCurves,1024,diff2,5,2330,0.9910785150277602
StarLightCurves,1024,diff2,5,2331,0.8431942275631035
StarLightCurves,1024,diff2,5,2332,0.9887613106636723
StarLightCurves,1024,diff2,5,2333,0.9586727215617271
StarLightCurves,1024,diff2,5,2334,0.9910410433349203
StarLightCurves,1024,diff2,5,2337,0.9792466095605096
StarLightCurves,1024,diff2,5,2338,0.9908677388193547
StarLightCurves,1024,diff2,5,2339,0.8425018298268375
StarLightCurves,1024,diff2,5,2340,0.989114308867207
StarLightCurves,1024,diff2,5,2341,0.9614928883599517
StarLightCurves,1024,diff2,5,2342,0.9918149320612731
StarLightCurves,1024,diff2,5,2345,0.9748846607287168
StarLightCurves,1024,diff2,5,2346,0.9899863579953376
StarLightCurves,1024,diff2,5,2347,0.8484816096861334
StarLightCurves,1024,diff2,5,2348,0.9896151665864342
StarLightCurves,1024,diff2,5,2349,0.9477962028559376
StarLightCurves,1024,diff2,5,2350,0.9921174742674914
StarLightCurves,1024,diff2,5,2353,0.974204646553196
StarLightCurves,1024,diff2,5,2354,0.9906856683672947
StarLightCurves,1024,diff2,5,2355,0.8573074826483401
StarLightCurves,1024,diff2,5,2356,0.9901937840643367
StarLightCurves,1024,diff2,5,2357,0.9477978922432793
StarLightCurves,1024,diff2,5,2358,0.9929408830950059
StarLightCurves,1024,diff2,5,2361,0.9754729176004925
StarLightCurves,1024,diff2,5,2362,0.9907899768493507
StarLightCurves,1024,diff2,5,2363,0.9228775624024204
StarLightCurves,1024,diff2,5,2364,0.990627349629339
StarLightCurves,1024,diff2,5,2365,0.9445245684298715
StarLightCurves,1024,diff2,5,2366,0.9963412581599967
StarLightCurves,1024,diff2,5,2369,0.9939409421868863
StarLightCurves,1024,diff2,5,2370,0.9895318261525795
StarLightCurves,1024,diff2,5,2371,0.5562325858673787
StarLightCurves,1024,diff2,5,2372,0.9913002955370673
StarLightCurves,1024,diff2,5,2373,0.9830778362599366
StarLightCurves,1024,diff2,5,2374,0.9960753972039161
StarLightCurves,1024,diff2,5,2377,0.9911663751685122
StarLightCurves,1024,diff2,5,2378,0.9992544656989971
StarLightCurves,1024,diff2,5,2379,0.9781178418732714
StarLightCurves,1024,diff2,5,2380,0.9979354005280329
StarLightCurves,1024,diff2,5,2381,0.9440796281132631
StarLightCurves,1024,diff2,5,2382,0.9956154179599186
StarLightCurves,1024,diff2,5,2385,0.9929406195203158
StarLightCurves,1024,diff2,5,2386,0.9910985109062286
StarLightCurves,1024,diff2,5,2387,0.6046514470662158
StarLightCurves,1024,diff2,5,2388,0.9926081669143487
StarLightCurves,1024,diff2,5,2389,0.9828735740442852
StarLightCurves,1024,diff2,5,2390,0.9964829260233139
StarLightCurves,1024,diff2,5,2393,0.968875796229422
StarLightCurves,1024,diff2,5,2394,0.9921222746619053
StarLightCurves,1024,diff2,5,2395,0.8997620262762953
StarLightCurves,1024,diff2,5,2396,0.9911054013178152
StarLightCurves,1024,diff2,5,2397,0.9350222383747775
StarLightCurves,1024,diff2,5,2398,0.9957689202256773
StarLightCurves,1024,diff2,5,2401,0.9719138400517378
StarLightCurves,1024,diff2,5,2402,0.9903752092408976
StarLightCurves,1024,diff2,5,2403,0.8312744938117469
StarLightCurves,1024,diff2,5,2404,0.990175159498226
StarLightCurves,1024,diff2,5,2405,0.9437386736682032
StarLightCurves,1024,diff2,5,2406,0.9925787277510744
StarLightCurves,1024,diff2,5,2409,0.9748663691938766
StarLightCurves,1024,diff2,5,2410,0.9923293586567943
StarLightCurves,1024,diff2,5,2411,0.8282644320425325
StarLightCurves,1024,diff2,5,2412,0.9907880601281288
StarLightCurves,1024,diff2,5,2413,0.9544389118358559
StarLightCurves,1024,diff2,5,2414,0.9930188274552688
StarLightCurves,1024,diff2,5,2417,0.9757412739513561
StarLightCurves,1024,diff2,5,2418,0.9926907717637927
StarLightCurves,1024,diff2,5,2419,0.8665866261461793
StarLightCurves,1024,diff2,5,2420,0.9897193046368189
StarLightCurves,1024,diff2,5,2421,0.9560004551755092
StarLightCurves,1024,diff2,5,2422,0.9918840026694238
StarLightCurves,1024,diff2,5,2425,0.9773231838116181
StarLightCurves,1024,diff2,5,2426,0.9914719443985023
StarLightCurves,1024,diff2,5,2427,0.848067868569239
StarLightCurves,1024,diff2,5,2428,0.9907699178866671
StarLightCurves,1024,diff2,5,2429,0.9501653401679218
StarLightCurves,1024,diff2,5,2430,0.9918561769671265
StarLightCurves,1024,diff2,5,2433,0.9790920641945114
StarLightCurves,1024,diff2,5,2434,0.9908196673622309
StarLightCurves,1024,diff2,5,2435,0.8343454681188543
StarLightCurves,1024,diff2,5,2436,0.9902918366116238
StarLightCurves,1024,diff2,5,2437,0.9601389000250337
StarLightCurves,1024,diff2,5,2438,0.9925767961761247
StarLightCurves,1024,diff2,5,2441,0.978390910214689
StarLightCurves,1024,diff2,5,2442,0.9914389440762483
StarLightCurves,1024,diff2,5,2443,0.8567985063398174
StarLightCurves,1024,diff2,5,2444,0.9897690545773209
StarLightCurves,1024,diff2,5,2445,0.9573947237649189
StarLightCurves,1024,diff2,5,2446,0.9919259901905837
StarLightCurves,1024,diff2,5,2449,0.9794352788185138
StarLightCurves,1024,diff2,5,2450,0.9918061255288915
StarLightCurves,1024,diff2,5,2451,0.824534706980852
StarLightCurves,1024,diff2,5,2452,0.9898544006518535
StarLightCurves,1024,diff2,5,2453,0.9644391617904373
StarLightCurves,1024,diff2,5,2454,0.9928519754661413
StarLightCurves,1024,diff2,5,2457,0.9831946568237648
StarLightCurves,1024,diff2,5,2458,0.9916851709593615
StarLightCurves,1024,diff2,5,2459,0.8517979375117928
StarLightCurves,1024,diff2,5,2460,0.9884441388778042
StarLightCurves,1024,diff2,5,2461,0.9671975390291232
StarLightCurves,1024,diff2,5,2462,0.9924710797339736
StarLightCurves,1024,diff2,5,2465,0.9836480592566742
StarLightCurves,1024,diff2,5,2466,0.9918388803666216
StarLightCurves,1024,diff2,5,2467,0.8689525144746059
StarLightCurves,1024,diff2,5,2468,0.989184057844605
StarLightCurves,1024,diff2,5,2469,0.9644430501705208
StarLightCurves,1024,diff2,5,2470,0.9920577123186911
StarLightCurves,1024,diff2,5,2473,0.9801649373971957
StarLightCurves,1024,diff2,5,2474,0.9919615928049972
StarLightCurves,1024,diff2,5,2475,0.8368392546588718
StarLightCurves,1024,diff2,5,2476,0.9901728205458755
StarLightCurves,1024,diff2,5,2477,0.9620062293722585
StarLightCurves,1024,diff2,5,2478,0.992989048300221
StarLightCurves,1024,diff2,5,2481,0.9821363959685419
StarLightCurves,1024,diff2,5,2482,0.9927701830295101
StarLightCurves,1024,diff2,5,2483,0.8689810999867363
StarLightCurves,1024,diff2,5,2484,0.9903655433121759
StarLightCurves,1024,diff2,5,2485,0.9645497060085625
StarLightCurves,1024,diff2,5,2486,0.9925760135880082
StarLightCurves,1024,diff2,5,2489,0.9829058138722434
StarLightCurves,1024,diff2,5,2490,0.9928345857190768
StarLightCurves,1024,diff2,5,2491,0.8956905873959916
StarLightCurves,1024,diff2,5,2492,0.9907741054868767
StarLightCurves,1024,diff2,5,2493,0.9600162119426338
StarLightCurves,1024,diff2,5,2494,0.9945926410813106
StarLightCurves,1024,diff2,5,2497,0.9914919968291038
StarLightCurves,1024,diff2,5,2498,0.9925975022357217
StarLightCurves,1024,diff2,5,2499,0.7250898309374052
StarLightCurves,1024,diff2,5,2500,0.9913910170819018
StarLightCurves,1024,diff2,5,2501,0.9829099280579097
StarLightCurves,1024,diff2,5,2502,0.9954859026469226
StarLightCurves,1024,diff2,5,2505,0.9849542608825409
StarLightCurves,1024,diff2,5,2506,0.9983265227601653
StarLightCurves,1024,diff2,5,2507,0.9468409694935356
StarLightCurves,1024,diff2,5,2508,0.9968195208153198
StarLightCurves,1024,diff2,5,2509,0.9711036821913267
StarLightCurves,1024,diff2,5,2510,0.994555451492736
StarLightCurves,1024,diff2,5,2513,0.9909335628254218
StarLightCurves,1024,diff2,5,2514,0.9932050878814546
StarLightCurves,1024,diff2,5,2515,0.7296069368970743
StarLightCurves,1024,diff2,5,2516,0.9909752579895457
StarLightCurves,1024,diff2,5,2517,0.980891142427351
StarLightCurves,1024,diff2,5,2518,0.9952507082290154
StarLightCurves,1024,diff2,5,2521,0.9805314780824821
StarLightCurves,1024,diff2,5,2522,0.9922590309544922
StarLightCurves,1024,diff2,5,2523,0.8788080895691627
StarLightCurves,1024,diff2,5,2524,0.9908206270298958
StarLightCurves,1024,diff2,5,2525,0.9623457418877014
StarLightCurves,1024,diff2,5,2526,0.9944810803137392
StarLightCurves,1024,diff2,5,2529,0.9818296253904488
StarLightCurves,1024,diff2,5,2530,0.9926788663454382
StarLightCurves,1024,diff2,5,2531,0.8350606505018634
StarLightCurves,1024,diff2,5,2532,0.9903083370382714
StarLightCurves,1024,diff2,5,2533,0.9645427240249483
StarLightCurves,1024,diff2,5,2534,0.99264541353334
StarLightCurves,1024,diff2,5,2537,0.9808143564543472
StarLightCurves,1024,diff2,5,2538,0.9929936156222876
StarLightCurves,1024,diff2,5,2539,0.8560650533437444
StarLightCurves,1024,diff2,5,2540,0.9910603724651641
StarLightCurves,1024,diff2,5,2541,0.9620487950205779
StarLightCurves,1024,diff2,5,2542,0.9927123705364689
StarLightCurves,1024,diff2,5,2545,0.9811119421641701
StarLightCurves,1024,diff2,5,2546,0.9926732747170207
StarLightCurves,1024,diff2,5,2547,0.8621646589049159
StarLightCurves,1024,diff2,5,2548,0.9901011852314193
StarLightCurves,1024,diff2,5,2549,0.9604394921164632
StarLightCurves,1024,diff2,5,2550,0.99191387400644
StarLightCurves,1024,diff2,5,2553,0.9805268754831977
StarLightCurves,1024,diff2,5,2554,0.9920397969962231
StarLightCurves,1024,diff2,5,2555,0.8566560072406567
StarLightCurves,1024,diff2,5,2556,0.9903769317667407
StarLightCurves,1024,diff2,5,2557,0.962325493107573
StarLightCurves,1024,diff2,5,2558,0.9925157672002216
StarLightCurves,1024,diff2,5,2561,0.9747947243073147
StarLightCurves,1024,diff2,5,2562,0.9896473731281599
StarLightCurves,1024,diff2,5,2563,0.7851024802437754
StarLightCurves,1024,diff2,5,2564,0.9890472720751015
StarLightCurves,1024,diff2,5,2565,0.9449403244364668
StarLightCurves,1024,diff2,5,2566,0.9917534610409826
StarLightCurves,1024,fft_magnitude,0,1,0.8868468165163546
StarLightCurves,1024,fft_magnitude,0,2,0.09279669871848364
StarLightCurves,1024,fft_magnitude,0,3,0.900090509971079
StarLightCurves,1024,fft_magnitude,0,4,0.09305166642353253
StarLightCurves,1024,fft_magnitude,0,5,0.9098000433532413
StarLightCurves,1024,fft_magnitude,0,6,0.09302270134093504
StarLightCurves,1024,fft_magnitude,0,7,0.9174324467034222
StarLightCurves,1024,fft_magnitude,0,8,0.09261926788107923
StarLightCurves,1024,fft_magnitude,0,9,0.9218630024596117
StarLightCurves,1024,fft_magnitude,0,10,0.09148799319049933
StarLightCurves,1024,fft_magnitude,0,11,0.9193856577300721
StarLightCurves,1024,fft_magnitude,0,12,0.088941865712035
StarLightCurves,1024,fft_magnitude,0,13,0.9006762278996019
StarLightCurves,1024,fft_magnitude,0,14,0.08327435525652069
StarLightCurves,1024,fft_magnitude,0,15,0.8432882978123388
StarLightCurves,1024,fft_magnitude,0,16,0.07089876396749459
StarLightCurves,1024,fft_magnitude,0,17,0.7011512926922634
StarLightCurves,1024,fft_magnitude,0,18,0.0465870896384867
StarLightCurves,1024,fft_magnitude,0,19,0.427589933907967
StarLightCurves,1024,fft_magnitude,0,20,0.011356132372580817
StarLightCurves,1024,fft_magnitude,0,21,0.0799027297674873
StarLightCurves,1024,fft_magnitude,0,22,-0.021376188227844036
StarLightCurves,1024,fft_magnitude,0,23,-0.2091731490722081
StarLightCurves,1024,fft_magnitude,0,24,-0.04333290871116877
StarLightCurves,1024,fft_magnitude,0,25,-0.40055510469020733
StarLightCurves,1024,fft_magnitude,0,26,-0.0565016599210779
StarLightCurves,1024,fft_magnitude,0,27,-0.5217945985091226
StarLightCurves,1024,fft_magnitude,0,28,-0.06451320756893503
StarLightCurves,1024,fft_magnitude,0,29,-0.60137864584047
StarLightCurves,1024,fft_magnitude,0,30,-0.06975953178233509
StarLightCurves,1024,fft_magnitude,0,31,-0.6566002016638147
StarLightCurves,1024,fft_magnitude,0,32,-0.07324410518516458
StarLightCurves,1024,fft_magnitude,0,33,-0.6970965599929939
StarLightCurves,1024,fft_magnitude,0,34,-0.07557549969905805
StarLightCurves,1024,fft_magnitude,0,35,-0.7283175670305291
StarLightCurves,1024,fft_magnitude,0,36,-0.07736596316380735
StarLightCurves,1024,fft_magnitude,0,37,-0.7534776248498127
StarLightCurves,1024,fft_magnitude,0,38,-0.07873997472681901
StarLightCurves,1024,fft_magnitude,0,39,-0.7745610731239478
StarLightCurves,1024,fft_magnitude,0,40,-0.07969973571824854
StarLightCurves,1024,fft_magnitude,0,41,-0.7928558890526846
StarLightCurves,1024,fft_magnitude,0,42,-0.08047996912927845
StarLightCurves,1024,fft_magnitude,0,43,-0.8092335972072027
StarLightCurves,1024,fft_magnitude,0,44,-0.08100294400015055
StarLightCurves,1024,fft_magnitude,0,45,-0.824292664389781
StarLightCurves,1024,fft_magnitude,0,46,-0.08137950765116823
StarLightCurves,1024,fft_magnitude,0,47,-0.8384712820326193
StarLightCurves,1024,fft_magnitude,0,48,-0.081662420269227
StarLightCurves,1024,fft_magnitude,0,49,-0.8520902626851498
StarLightCurves,1024,fft_magnitude,0,50,-0.0817847659083459
StarLightCurves,1024,fft_magnitude,0,51,-0.8653832337697173
StarLightCurves,1024,fft_magnitude,0,52,-0.08176576004370889
StarLightCurves,1024,fft_magnitude,0,53,-0.8784984436235443
StarLightCurves,1024,fft_magnitude,0,54,-0.08150571758439988
StarLightCurves,1024,fft_magnitude,0,55,-0.891483232741838
StarLightCurves,1024,fft_magnitude,0,56,-0.08103477064504813
StarLightCurves,1024,fft_magnitude,0,57,-0.9042701279089133
StarLightCurves,1024,fft_magnitude,0,58,-0.08036826965866735
StarLightCurves,1024,fft_magnitude,0,59,-0.9165973524566406
StarLightCurves,1024,fft_magnitude,0,60,-0.0792985495596847
StarLightCurves,1024,fft_magnitude,0,61,-0.927913711248685
StarLightCurves,1024,fft_magnitude,0,62,-0.07774691513370997
StarLightCurves,1024,fft_magnitude,0,63,-0.9371469560136114
StarLightCurves,1024,fft_magnitude,0,64,-0.07539965471082181
StarLightCurves,1024,fft_magnitude,0,65,-0.9423914763220821
StarLightCurves,1024,fft_magnitude,0,66,-0.07220198251410205
StarLightCurves,1024,fft_magnitude,0,67,-0.9404781726374534
StarLightCurves,1024,fft_magnitude,0,68,-0.06790690627168756
StarLightCurves,1024,fft_magnitude,0,69,-0.9264749755684357
StarLightCurves,1024,fft_magnitude,0,70,-0.06171686278838937
StarLightCurves,1024,fft_magnitude,0,71,-0.8935135363266011
StarLightCurves,1024,fft_magnitude,0,72,-0.05323599223862097
StarLightCurves,1024,fft_magnitude,0,73,-0.833984160641528
StarLightCurves,1024,fft_magnitude,0,74,-0.042222681785710925
StarLightCurves,1024,fft_magnitude,0,75,-0.7430733365234493
StarLightCurves,1024,fft_magnitude,0,76,-0.02926124197998798
StarLightCurves,1024,fft_magnitude,0,77,-0.6236609181121495
StarLightCurves,1024,fft_magnitude,0,78,-0.01539032664407866
StarLightCurves,1024,fft_magnitude,0,79,-0.4878579729706883
StarLightCurves,1024,fft_magnitude,0,80,-0.0018061957101385934
StarLightCurves,1024,fft_magnitude,0,81,-0.3518286280311476
StarLightCurves,1024,fft_magnitude,0,82,0.010067853233092169
StarLightCurves,1024,fft_magnitude,0,83,-0.2284728529610781
StarLightCurves,1024,fft_magnitude,0,84,0.02015342845164482
StarLightCurves,1024,fft_magnitude,0,85,-0.12420457332918576
StarLightCurves,1024,fft_magnitude,0,86,0.027742609038798747
StarLightCurves,1024,fft_magnitude,0,87,-0.04032982347160037
StarLightCurves,1024,fft_magnitude,0,88,0.03334417725922747
StarLightCurves,1024,fft_magnitude,0,89,0.024569041567394357
StarLightCurves,1024,fft_magnitude,0,90,0.03717561490126156
StarLightCurves,1024,fft_magnitude,0,91,0.07255553852631734
StarLightCurves,1024,fft_magnitude,0,92,0.039601920260548415
StarLightCurves,1024,fft_magnitude,0,93,0.10550435219565621
StarLightCurves,1024,fft_magnitude,0,94,0.0408770188895415
StarLightCurves,1024,fft_magnitude,0,95,0.12450680453883574
StarLightCurves,1024,fft_magnitude,0,96,0.04061154759272669
StarLightCurves,1024,fft_magnitude,0,97,0.12972401742980003
StarLightCurves,1024,fft_magnitude,0,98,0.039057389945613155
StarLightCurves,1024,fft_magnitude,0,99,0.12023984741747387
StarLightCurves,1024,fft_magnitude,0,100,0.036132902723883614
StarLightCurves,1024,fft_magnitude,0,101,0.09347973938834905
StarLightCurves,1024,fft_magnitude,0,102,0.031303157428436645
StarLightCurves,1024,fft_magnitude,0,103,0.04501921229860992
StarLightCurves,1024,fft_magnitude,0,104,0.023982098502217903
StarLightCurves,1024,fft_magnitude,0,105,-0.03259183738657268
StarLightCurves,1024,fft_magnitude,0,106,0.01297660042389229
StarLightCurves,1024,fft_magnitude,0,107,-0.149060086063377
StarLightCurves,1024,fft_magnitude,0,108,-0.0016931517491864843
StarLightCurves,1024,fft_magnitude,0,109,-0.3128982530046384
StarLightCurves,1024,fft_magnitude,0,110,-0.0222668668591729
StarLightCurves,1024,fft_magnitude,0,111,-0.5156700988344018
StarLightCurves,1024,fft_magnitude,0,112,-0.04366840413690228
StarLightCurves,1024,fft_magnitude,0,113,-0.7137999727246762
StarLightCurves,1024,fft_magnitude,0,114,-0.05877296808486198
StarLightCurves,1024,fft_magnitude,0,115,-0.848420833689608
StarLightCurves,1024,fft_magnitude,0,116,-0.06657281488443877
StarLightCurves,1024,fft_magnitude,0,117,-0.9058937955624411
StarLightCurves,1024,fft_magnitude,0,118,-0.057510955942713264
StarLightCurves,1024,fft_magnitude,0,119,-0.9060891343324697
StarLightCurves,1024,fft_magnitude,0,120,-0.04848973208236235
StarLightCurves,1024,fft_magnitude,0,121,-0.8612561110641886
StarLightCurves,1024,fft_magnitude,0,122,0.19508841105572083
StarLightCurves,1024,fft_magnitude,0,123,-0.02066348692740846
StarLightCurves,1024,fft_magnitude,0,124,0.3460407833354181
StarLightCurves,1024,fft_magnitude,0,125,0.4009395407661737
StarLightCurves,1024,fft_magnitude,0,126,0.5633469990450309
StarLightCurves,1024,fft_magnitude,0,127,0.7772853007109667
StarLightCurves,1024,fft_magnitude,1,130,0.8992902496650155
StarLightCurves,1024,fft_magnitude,1,131,0.09354085980920027
StarLightCurves,1024,fft_magnitude,1,132,0.9176185553145055
StarLightCurves,1024,fft_magnitude,1,133,0.09309184462801842
StarLightCurves,1024,fft_magnitude,1,134,0.9247013714687856
StarLightCurves,1024,fft_magnitude,1,135,0.09034307104657645
StarLightCurves,1024,fft_magnitude,1,136,0.8825617647064556
StarLightCurves,1024,fft_magnitude,1,137,0.07308438756719443
StarLightCurves,1024,fft_magnitude,1,138,0.5554695187610252
StarLightCurves,1024,fft_magnitude,1,139,0.005021571461409056
StarLightCurves,1024,fft_magnitude,1,140,-0.18524905027709934
StarLightCurves,1024,fft_magnitude,1,141,-0.04949084448611464
StarLightCurves,1024,fft_magnitude,1,142,-0.5604574479612838
StarLightCurves,1024,fft_magnitude,1,143,-0.06713941230352911
StarLightCurves,1024,fft_magnitude,1,144,-0.7021316625186015
StarLightCurves,1024,fft_magnitude,1,145,-0.07378845027173316
StarLightCurves,1024,fft_magnitude,1,146,-0.7713632528804402
StarLightCurves,1024,fft_magnitude,1,147,-0.07670067432083284
StarLightCurves,1024,fft_magnitude,1,148,-0.8137761146678363
StarLightCurves,1024,fft_magnitude,1,149,-0.0777267791958002
StarLightCurves,1024,fft_magnitude,1,150,-0.8443083837191876
StarLightCurves,1024,fft_magnitude,1,151,-0.07829454849419229
StarLightCurves,1024,fft_magnitude,1,152,-0.8689910239054075
StarLightCurves,1024,fft_magnitude,1,153,-0.07788094497485737
StarLightCurves,1024,fft_magnitude,1,154,-0.8905592500935183
StarLightCurves,1024,fft_magnitude,1,155,-0.07707477769137187
StarLightCurves,1024,fft_magnitude,1,156,-0.9101417477584249
StarLightCurves,1024,fft_magnitude,1,157,-0.07478730235018875
StarLightCurves,1024,fft_magnitude,1,158,-0.9276370720295145
StarLightCurves,1024,fft_magnitude,1,159,-0.07153502165100901
StarLightCurves,1024,fft_magnitude,1,160,-0.9410911790165922
StarLightCurves,1024,fft_magnitude,1,161,-0.06739681613234198
StarLightCurves,1024,fft_magnitude,1,162,-0.9453711224109703
StarLightCurves,1024,fft_magnitude,1,163,-0.060146586405449745
StarLightCurves,1024,fft_magnitude,1,164,-0.9288774276599364
StarLightCurves,1024,fft_magnitude,1,165,-0.050269380541614096
StarLightCurves,1024,fft_magnitude,1,166,-0.8705429843906431
StarLightCurves,1024,fft_magnitude,1,167,-0.034086255476713824
StarLightCurves,1024,fft_magnitude,1,168,-0.7459275393690763
StarLightCurves,1024,fft_magnitude,1,169,-0.01440754281907069
StarLightCurves,1024,fft_magnitude,1,170,-0.5561058494340253
StarLightCurves,1024,fft_magnitude,1,171,0.005254966232366848
StarLightCurves,1024,fft_magnitude,1,172,-0.3478346318411864
StarLightCurves,1024,fft_magnitude,1,173,0.022109333780767956
StarLightCurves,1024,fft_magnitude,1,174,-0.17443872956800294
StarLightCurves,1024,fft_magnitude,1,175,0.031123880709100403
StarLightCurves,1024,fft_magnitude,1,176,-0.05957942398088553
StarLightCurves,1024,fft_magnitude,1,177,0.03524782288267123
StarLightCurves,1024,fft_magnitude,1,178,-0.008859561293587996
StarLightCurves,1024,fft_magnitude,1,179,0.03196479405563673
StarLightCurves,1024,fft_magnitude,1,180,-0.034335380602608837
StarLightCurves,1024,fft_magnitude,1,181,0.02190500756553171
StarLightCurves,1024,fft_magnitude,1,182,-0.17879665322547986
StarLightCurves,1024,fft_magnitude,1,183,0.005813003071355315
StarLightCurves,1024,fft_magnitude,1,184,-0.5121417269414422
StarLightCurves,1024,fft_magnitude,1,185,0.005790854944014521
StarLightCurves,1024,fft_magnitude,1,186,-0.814158578223045
StarLightCurves,1024,fft_magnitude,1,187,0.3250438651084891
StarLightCurves,1024,fft_magnitude,1,188,0.1505068751102328
StarLightCurves,1024,fft_magnitude,1,189,0.4555677700016753
StarLightCurves,1024,fft_magnitude,1,190,0.5457313460576257
StarLightCurves,1024,fft_magnitude,1,191,0.7746368215395253
StarLightCurves,1024,fft_magnitude,1,194,0.999332476640554
StarLightCurves,1024,fft_magnitude,1,195,0.9999705340582766
StarLightCurves,1024,fft_magnitude,1,196,0.999618984023778
StarLightCurves,1024,fft_magnitude,1,197,0.9999771319580639
StarLightCurves,1024,fft_magnitude,1,198,0.9997044929430421
StarLightCurves,1024,fft_magnitude,1,199,0.9999849809231981
StarLightCurves,1024,fft_magnitude,1,200,0.9997323712521329
StarLightCurves,1024,fft_magnitude,1,201,0.999990646684476
StarLightCurves,1024,fft_magnitude,1,202,0.9997503854716466
StarLightCurves,1024,fft_magnitude,1,203,0.9999943952422613
StarLightCurves,1024,fft_magnitude,1,204,0.9997554120670948
StarLightCurves,1024,fft_magnitude,1,205,0.9999964089659878
StarLightCurves,1024,fft_magnitude,1,206,0.9997434448303146
StarLightCurves,1024,fft_magnitude,1,207,0.9999972475739141
StarLightCurves,1024,fft_magnitude,1,208,0.9997463179410517
StarLightCurves,1024,fft_magnitude,1,209,0.9999973489471671
StarLightCurves,1024,fft_magnitude,1,210,0.9997186314534044
StarLightCurves,1024,fft_magnitude,1,211,0.9999969965618509
StarLightCurves,1024,fft_magnitude,1,212,0.999678744728427
StarLightCurves,1024,fft_magnitude,1,213,0.9999957968690047
StarLightCurves,1024,fft_magnitude,1,214,0.9995858544837476
StarLightCurves,1024,fft_magnitude,1,215,0.9999949426763581
StarLightCurves,1024,fft_magnitude,1,216,0.999468522885371
StarLightCurves,1024,fft_magnitude,1,217,0.9999940761253495
StarLightCurves,1024,fft_magnitude,1,218,0.9992348650398823
StarLightCurves,1024,fft_magnitude,1,219,0.9999936376930585
StarLightCurves,1024,fft_magnitude,1,220,0.9990865452926337
StarLightCurves,1024,fft_magnitude,1,221,0.9999927795802765
StarLightCurves,1024,fft_magnitude,1,222,0.9985814301179607
StarLightCurves,1024,fft_magnitude,1,223,0.9999916054608181
StarLightCurves,1024,fft_magnitude,1,224,0.997764205569276
StarLightCurves,1024,fft_magnitude,1,225,0.9999914519059401
StarLightCurves,1024,fft_magnitude,1,226,0.9947415992791884
StarLightCurves,1024,fft_magnitude,1,227,0.9999915567977276
StarLightCurves,1024,fft_magnitude,1,228,0.6201838634301782
StarLightCurves,1024,fft_magnitude,1,229,0.9999922342819813
StarLightCurves,1024,fft_magnitude,1,230,-0.908052153294912
StarLightCurves,1024,fft_magnitude,1,231,0.9999920028198539
StarLightCurves,1024,fft_magnitude,1,232,0.5640524601162917
StarLightCurves,1024,fft_magnitude,1,233,0.9999919523166034
StarLightCurves,1024,fft_magnitude,1,234,0.97578852095186
StarLightCurves,1024,fft_magnitude,1,235,0.9999923714795498
StarLightCurves,1024,fft_magnitude,1,236,0.9923183454450645
StarLightCurves,1024,fft_magnitude,1,237,0.9999929994897118
StarLightCurves,1024,fft_magnitude,1,238,0.9966302843284498
StarLightCurves,1024,fft_magnitude,1,239,0.999993428116096
StarLightCurves,1024,fft_magnitude,1,240,0.9980814183076551
StarLightCurves,1024,fft_magnitude,1,241,0.9999930358302748
StarLightCurves,1024,fft_magnitude,1,242,0.9985816355379282
StarLightCurves,1024,fft_magnitude,1,243,0.9999928609200996
StarLightCurves,1024,fft_magnitude,1,244,0.9990649710483988
StarLightCurves,1024,fft_magnitude,1,245,0.9999919912482256
StarLightCurves,1024,fft_magnitude,1,246,0.9991912347473877
StarLightCurves,1024,fft_magnitude,1,247,0.9999898310041848
StarLightCurves,1024,fft_magnitude,1,248,0.999395379095214
StarLightCurves,1024,fft_magnitude,1,249,0.9999899522477803
StarLightCurves,1024,fft_magnitude,1,250,0.9995414090058675
StarLightCurves,1024,fft_magnitude,1,251,0.9999883130185314
StarLightCurves,1024,fft_magnitude,1,252,0.9996305412454498
StarLightCurves,1024,fft_magnitude,1,253,0.9999904894015036
StarLightCurves,1024,fft_magnitude,1,254,0.9997506260942777
StarLightCurves,1024,fft_magnitude,1,255,0.999991048702759
StarLightCurves,1024,fft_magnitude,1,256,0.9996614044645659
StarLightCurves,1024,fft_magnitude,1,259,0.999686605715615
StarLightCurves,1024,fft_magnitude,1,260,0.9997202979122949
StarLightCurves,1024,fft_magnitude,1,261,0.9998955388332138
StarLightCurves,1024,fft_magnitude,1,262,0.9995761187166399
StarLightCurves,1024,fft_magnitude,1,263,0.9997764028250239
StarLightCurves,1024,fft_magnitude,1,264,0.9996264924810041
StarLightCurves,1024,fft_magnitude,1,265,0.9996757141481176
StarLightCurves,1024,fft_magnitude,1,266,0.9997175139183804
StarLightCurves,1024,fft_magnitude,1,267,0.9996102091596489
StarLightCurves,1024,fft_magnitude,1,268,0.9998033125438591
StarLightCurves,1024,fft_magnitude,1,269,0.9995322722656166
StarLightCurves,1024,fft_magnitude,1,270,0.9998665547654425
StarLightCurves,1024,fft_magnitude,1,271,0.9994673952645624
StarLightCurves,1024,fft_magnitude,1,272,0.9999191446606587
StarLightCurves,1024,fft_magnitude,1,273,0.9994376454352041
StarLightCurves,1024,fft_magnitude,1,274,0.9999576428372331
StarLightCurves,1024,fft_magnitude,1,275,0.9994445908423059
StarLightCurves,1024,fft_magnitude,1,276,0.9999802285123908
StarLightCurves,1024,fft_magnitude,1,277,0.9994411419023338
StarLightCurves,1024,fft_magnitude,1,278,0.9999885789874365
StarLightCurves,1024,fft_magnitude,1,279,0.9993553684909954
StarLightCurves,1024,fft_magnitude,1,280,0.9999898069283383
StarLightCurves,1024,fft_magnitude,1,281,0.9993037614202799
StarLightCurves,1024,fft_magnitude,1,282,0.9999881020673356
StarLightCurves,1024,fft_magnitude,1,283,0.9992856512920272
StarLightCurves,1024,fft_magnitude,1,284,0.9999764797513775
StarLightCurves,1024,fft_magnitude,1,285,0.9992411190333722
StarLightCurves,1024,fft_magnitude,1,286,0.9999634017598423
StarLightCurves,1024,fft_magnitude,1,287,0.9990023568875859
StarLightCurves,1024,fft_magnitude,1,288,0.999952399558565
StarLightCurves,1024,fft_magnitude,1,289,0.997557879426352
StarLightCurves,1024,fft_magnitude,1,290,0.9999469357301616
StarLightCurves,1024,fft_magnitude,1,291,0.9892509759235736
StarLightCurves,1024,fft_magnitude,1,292,0.9999376456971654
StarLightCurves,1024,fft_magnitude,1,293,-0.30426633104486844
StarLightCurves,1024,fft_magnitude,1,294,0.9999193613782634
StarLightCurves,1024,fft_magnitude,1,295,-0.7260161771109683
StarLightCurves,1024,fft_magnitude,1,296,0.9999127083491843
StarLightCurves,1024,fft_magnitude,1,297,0.7946105698682993
StarLightCurves,1024,fft_magnitude,1,298,0.9999152938539915
StarLightCurves,1024,fft_magnitude,1,299,0.9789599971489591
StarLightCurves,1024,fft_magnitude,1,300,0.9999323296674573
StarLightCurves,1024,fft_magnitude,1,301,0.9935398230794081
StarLightCurves,1024,fft_magnitude,1,302,0.9999325103266125
StarLightCurves,1024,fft_magnitude,1,303,0.9958806205424878
StarLightCurves,1024,fft_magnitude,1,304,0.9999312999421828
StarLightCurves,1024,fft_magnitude,1,305,0.9973838173464507
StarLightCurves,1024,fft_magnitude,1,306,0.9999451608208725
StarLightCurves,1024,fft_magnitude,1,307,0.9985267523254153
StarLightCurves,1024,fft_magnitude,1,308,0.9999640846199596
StarLightCurves,1024,fft_magnitude,1,309,0.9992981370699366
StarLightCurves,1024,fft_magnitude,1,310,0.9999838940706776
StarLightCurves,1024,fft_magnitude,1,311,0.9996353377816083
StarLightCurves,1024,fft_magnitude,1,312,0.9999798982053292
StarLightCurves,1024,fft_magnitude,1,313,0.9996298676872807
StarLightCurves,1024,fft_magnitude,1,314,0.9999795624607373
StarLightCurves,1024,fft_magnitude,1,315,0.9997809752995142
StarLightCurves,1024,fft_magnitude,1,316,0.999973897400149
StarLightCurves,1024,fft_magnitude,1,317,0.9997822490362518
StarLightCurves,1024,fft_magnitude,1,318,0.9999396504488655
StarLightCurves,1024,fft_magnitude,1,319,0.9996957894748536
StarLightCurves,1024,fft_magnitude,1,320,0.999949519506626
StarLightCurves,1024,fft_magnitude,2,323,0.914590716427153
StarLightCurves,1024,fft_magnitude,2,324,0.09533189072737631
StarLightCurves,1024,fft_magnitude,2,325,0.9189945999201727
StarLightCurves,1024,fft_magnitude,2,326,0.08399780728059719
StarLightCurves,1024,fft_magnitude,2,327,0.03430995014785087
StarLightCurves,1024,fft_magnitude,2,328,-0.047032309689790094
StarLightCurves,1024,fft_magnitude,2,329,-0.7356184986414317
StarLightCurves,1024,fft_magnitude,2,330,-0.06453819707916758
StarLightCurves,1024,fft_magnitude,2,331,-0.846076171429775
StarLightCurves,1024,fft_magnitude,2,332,-0.06666148154740043
StarLightCurves,1024,fft_magnitude,2,333,-0.8918104401087956
StarLightCurves,1024,fft_magnitude,2,334,-0.06220373522209317
StarLightCurves,1024,fft_magnitude,2,335,-0.9220581768742466
StarLightCurves,1024,fft_magnitude,2,336,-0.05814347582616227
StarLightCurves,1024,fft_magnitude,2,337,-0.9435716171674243
StarLightCurves,1024,fft_magnitude,2,338,-0.04335717621972189
StarLightCurves,1024,fft_magnitude,2,339,-0.9467651106106616
StarLightCurves,1024,fft_magnitude,2,340,-0.02440993909654612
StarLightCurves,1024,fft_magnitude,2,341,-0.888145481659227
StarLightCurves,1024,fft_magnitude,2,342,0.004419782401340665
StarLightCurves,1024,fft_magnitude,2,343,-0.6729737186092024
StarLightCurves,1024,fft_magnitude,2,344,0.04358510717190141
StarLightCurves,1024,fft_magnitude,2,345,-0.32115378855870486
StarLightCurves,1024,fft_magnitude,2,346,0.06946630414331488
StarLightCurves,1024,fft_magnitude,2,347,-0.07476074303582725
StarLightCurves,1024,fft_magnitude,2,348,0.2741931757624127
StarLightCurves,1024,fft_magnitude,2,349,0.11654909874011823
StarLightCurves,1024,fft_magnitude,2,350,0.5443883420124088
StarLightCurves,1024,fft_magnitude,2,351,0.5508876549706705
StarLightCurves,1024,fft_magnitude,2,352,0.7701934131628044
StarLightCurves,1024,fft_magnitude,2,355,0.9998145896758882
StarLightCurves,1024,fft_magnitude,2,356,0.9998604164380035
StarLightCurves,1024,fft_magnitude,2,357,0.9997039501423745
StarLightCurves,1024,fft_magnitude,2,358,0.9999512834040719
StarLightCurves,1024,fft_magnitude,2,359,0.9996919951795259
StarLightCurves,1024,fft_magnitude,2,360,0.9999861369444019
StarLightCurves,1024,fft_magnitude,2,361,0.9996105615584742
StarLightCurves,1024,fft_magnitude,2,362,0.9999859113211897
StarLightCurves,1024,fft_magnitude,2,363,0.9993106468828433
StarLightCurves,1024,fft_magnitude,2,364,0.9999850170994303
StarLightCurves,1024,fft_magnitude,2,365,0.9991929997718528
StarLightCurves,1024,fft_magnitude,2,366,0.9999779659377356
StarLightCurves,1024,fft_magnitude,2,367,0.9983357832995878
StarLightCurves,1024,fft_magnitude,2,368,0.999964843144197
StarLightCurves,1024,fft_magnitude,2,369,0.9960760655081691
StarLightCurves,1024,fft_magnitude,2,370,0.99996182430079
StarLightCurves,1024,fft_magnitude,2,371,-0.5897847186859042
StarLightCurves,1024,fft_magnitude,2,372,0.9999659707036274
StarLightCurves,1024,fft_magnitude,2,373,0.979515842489413
StarLightCurves,1024,fft_magnitude,2,374,0.9999800172498313
StarLightCurves,1024,fft_magnitude,2,375,0.9963913566920689
StarLightCurves,1024,fft_magnitude,2,376,0.9999741626942239
StarLightCurves,1024,fft_magnitude,2,377,0.9978513251798444
StarLightCurves,1024,fft_magnitude,2,378,0.9999784918968634
StarLightCurves,1024,fft_magnitude,2,379,0.9990994899025774
StarLightCurves,1024,fft_magnitude,2,380,0.9999810974414045
StarLightCurves,1024,fft_magnitude,2,381,0.999451826668608
StarLightCurves,1024,fft_magnitude,2,382,0.9999661735331444
StarLightCurves,1024,fft_magnitude,2,383,0.9996518569599206
StarLightCurves,1024,fft_magnitude,2,384,0.9999784135089561
StarLightCurves,1024,fft_magnitude,2,387,0.999360456822558
StarLightCurves,1024,fft_magnitude,2,388,0.9999908892196905
StarLightCurves,1024,fft_magnitude,2,389,0.9995344700736718
StarLightCurves,1024,fft_magnitude,2,390,0.9999952107282967
StarLightCurves,1024,fft_magnitude,2,391,0.9994270200084167
StarLightCurves,1024,fft_magnitude,2,392,0.9999950157168899
StarLightCurves,1024,fft_magnitude,2,393,0.9991095479606232
StarLightCurves,1024,fft_magnitude,2,394,0.9999941696187381
StarLightCurves,1024,fft_magnitude,2,395,0.9986827741615846
StarLightCurves,1024,fft_magnitude,2,396,0.9999933714197226
StarLightCurves,1024,fft_magnitude,2,397,0.9975133636363899
StarLightCurves,1024,fft_magnitude,2,398,0.9999937075787125
StarLightCurves,1024,fft_magnitude,2,399,0.9950939639319002
StarLightCurves,1024,fft_magnitude,2,400,0.9999945505550861
StarLightCurves,1024,fft_magnitude,2,401,0.9839654090645624
StarLightCurves,1024,fft_magnitude,2,402,0.9999937058421197
StarLightCurves,1024,fft_magnitude,2,403,0.04099097918217188
StarLightCurves,1024,fft_magnitude,2,404,0.9999941757804095
StarLightCurves,1024,fft_magnitude,2,405,0.9811490205706473
StarLightCurves,1024,fft_magnitude,2,406,0.9999930322087031
StarLightCurves,1024,fft_magnitude,2,407,0.9941476472859956
StarLightCurves,1024,fft_magnitude,2,408,0.9999929538891226
StarLightCurves,1024,fft_magnitude,2,409,0.9979465558033794
StarLightCurves,1024,fft_magnitude,2,410,0.9999929350468244
StarLightCurves,1024,fft_magnitude,2,411,0.9985482958100195
StarLightCurves,1024,fft_magnitude,2,412,0.9999918030910704
StarLightCurves,1024,fft_magnitude,2,413,0.9991588066291811
StarLightCurves,1024,fft_magnitude,2,414,0.9999932262377769
StarLightCurves,1024,fft_magnitude,2,415,0.9994563571223511
StarLightCurves,1024,fft_magnitude,2,416,0.9999909896793864
StarLightCurves,1024,fft_magnitude,2,419,0.9895756027299135
StarLightCurves,1024,fft_magnitude,2,420,0.9999946081524466
StarLightCurves,1024,fft_magnitude,2,421,0.9940584986879543
StarLightCurves,1024,fft_magnitude,2,422,0.9999972106227151
StarLightCurves,1024,fft_magnitude,2,423,0.9955918845682142
StarLightCurves,1024,fft_magnitude,2,424,0.9999982318458337
StarLightCurves,1024,fft_magnitude,2,425,0.9956692719476234
StarLightCurves,1024,fft_magnitude,2,426,0.9999983598946857
StarLightCurves,1024,fft_magnitude,2,427,0.99520586595958
StarLightCurves,1024,fft_magnitude,2,428,0.9999981388938912
StarLightCurves,1024,fft_magnitude,2,429,0.9937098717154591
StarLightCurves,1024,fft_magnitude,2,430,0.9999978776962433
StarLightCurves,1024,fft_magnitude,2,431,0.9891826561597948
StarLightCurves,1024,fft_magnitude,2,432,0.9999978166125236
StarLightCurves,1024,fft_magnitude,2,433,0.9770874839801397
StarLightCurves,1024,fft_magnitude,2,434,0.9999977760709801
StarLightCurves,1024,fft_magnitude,2,435,0.7582648782043514
StarLightCurves,1024,fft_magnitude,2,436,0.9999979399779818
StarLightCurves,1024,fft_magnitude,2,437,0.2131048548509867
StarLightCurves,1024,fft_magnitude,2,438,0.9999977039049279
StarLightCurves,1024,fft_magnitude,2,439,0.9445318545290652
StarLightCurves,1024,fft_magnitude,2,440,0.9999977407490726
StarLightCurves,1024,fft_magnitude,2,441,0.9835831656151206
StarLightCurves,1024,fft_magnitude,2,442,0.9999970917940396
StarLightCurves,1024,fft_magnitude,2,443,0.991358627018624
StarLightCurves,1024,fft_magnitude,2,444,0.9999965969432397
StarLightCurves,1024,fft_magnitude,2,445,0.9951887844331656
StarLightCurves,1024,fft_magnitude,2,446,0.9999963416034556
StarLightCurves,1024,fft_magnitude,2,447,0.9967638286696893
StarLightCurves,1024,fft_magnitude,2,448,0.999995714471942
StarLightCurves,1024,fft_magnitude,2,449,0.9966771419851824
StarLightCurves,1024,fft_magnitude,2,452,0.9983222627094432
StarLightCurves,1024,fft_magnitude,2,453,0.9966096235543036
StarLightCurves,1024,fft_magnitude,2,454,0.9986130516308811
StarLightCurves,1024,fft_magnitude,2,455,0.9980237922594323
StarLightCurves,1024,fft_magnitude,2,456,0.9981788094258098
StarLightCurves,1024,fft_magnitude,2,457,0.999168081378506
StarLightCurves,1024,fft_magnitude,2,458,0.9980153113447603
StarLightCurves,1024,fft_magnitude,2,459,0.9997424077898156
StarLightCurves,1024,fft_magnitude,2,460,0.9978302092332197
StarLightCurves,1024,fft_magnitude,2,461,0.9998986053801057
StarLightCurves,1024,fft_magnitude,2,462,0.9971524849619319
StarLightCurves,1024,fft_magnitude,2,463,0.9998555208321349
StarLightCurves,1024,fft_magnitude,2,464,0.9943601726519609
StarLightCurves,1024,fft_magnitude,2,465,0.999781827014892
StarLightCurves,1024,fft_magnitude,2,466,0.9837915056258301
StarLightCurves,1024,fft_magnitude,2,467,0.9996357231429455
StarLightCurves,1024,fft_magnitude,2,468,0.4086759901606585
StarLightCurves,1024,fft_magnitude,2,469,0.999505354260142
StarLightCurves,1024,fft_magnitude,2,470,0.5030860565580387
StarLightCurves,1024,fft_magnitude,2,471,0.9994937333512451
StarLightCurves,1024,fft_magnitude,2,472,0.9616788667733976
StarLightCurves,1024,fft_magnitude,2,473,0.9996086779715299
StarLightCurves,1024,fft_magnitude,2,474,0.9927841046663005
StarLightCurves,1024,fft_magnitude,2,475,0.9998360576429313
StarLightCurves,1024,fft_magnitude,2,476,0.9970782495535166
StarLightCurves,1024,fft_magnitude,2,477,0.9998573818505324
StarLightCurves,1024,fft_magnitude,2,478,0.9984410202507685
StarLightCurves,1024,fft_magnitude,2,479,0.9998835573896183
StarLightCurves,1024,fft_magnitude,2,480,0.9989370519205721
StarLightCurves,1024,fft_magnitude,2,481,0.999589052092019
StarLightCurves,1024,fft_magnitude,2,484,0.9996769655937161
StarLightCurves,1024,fft_magnitude,2,485,0.9999793332631276
StarLightCurves,1024,fft_magnitude,2,486,0.9997454510849729
StarLightCurves,1024,fft_magnitude,2,487,0.9999910141351981
StarLightCurves,1024,fft_magnitude,2,488,0.9996428338630057
StarLightCurves,1024,fft_magnitude,2,489,0.9999926490081621
StarLightCurves,1024,fft_magnitude,2,490,0.999507441596175
StarLightCurves,1024,fft_magnitude,2,491,0.99999331240466
StarLightCurves,1024,fft_magnitude,2,492,0.9991661387424032
StarLightCurves,1024,fft_magnitude,2,493,0.9999884920736792
StarLightCurves,1024,fft_magnitude,2,494,0.9984145748516772
StarLightCurves,1024,fft_magnitude,2,495,0.9999878595381123
StarLightCurves,1024,fft_magnitude,2,496,0.9972311329457029
StarLightCurves,1024,fft_magnitude,2,497,0.9999880918601821
StarLightCurves,1024,fft_magnitude,2,498,0.9886803546759831
StarLightCurves,1024,fft_magnitude,2,499,0.9999902099045167
StarLightCurves,1024,fft_magnitude,2,500,-0.16079724433977524
StarLightCurves,1024,fft_magnitude,2,501,0.9999914964144353
StarLightCurves,1024,fft_magnitude,2,502,0.9844332510821013
StarLightCurves,1024,fft_magnitude,2,503,0.9999880785951096
StarLightCurves,1024,fft_magnitude,2,504,0.9959369370596342
StarLightCurves,1024,fft_magnitude,2,505,0.9999905954247621
StarLightCurves,1024,fft_magnitude,2,506,0.9981420724564385
StarLightCurves,1024,fft_magnitude,2,507,0.9999867397912242
StarLightCurves,1024,fft_magnitude,2,508,0.9989212361207572
StarLightCurves,1024,fft_magnitude,2,509,0.9999863786378675
StarLightCurves,1024,fft_magnitude,2,510,0.9995159369198163
StarLightCurves,1024,fft_magnitude,2,511,0.9999880277768818
StarLightCurves,1024,fft_magnitude,2,512,0.9996302812363288
StarLightCurves,1024,fft_magnitude,2,513,0.9999899394643209
StarLightCurves,1024,fft_magnitude,2,516,0.9983746357397748
StarLightCurves,1024,fft_magnitude,2,517,0.9999943848538594
StarLightCurves,1024,fft_magnitude,2,518,0.9989461714499056
StarLightCurves,1024,fft_magnitude,2,519,0.9999966930571504
StarLightCurves,1024,fft_magnitude,2,520,0.9988768238348251
StarLightCurves,1024,fft_magnitude,2,521,0.999997071213265
StarLightCurves,1024,fft_magnitude,2,522,0.9984994142451975
StarLightCurves,1024,fft_magnitude,2,523,0.999996695160572
StarLightCurves,1024,fft_magnitude,2,524,0.997574452865407
StarLightCurves,1024,fft_magnitude,2,525,0.9999967417585774
StarLightCurves,1024,fft_magnitude,2,526,0.9964004606233678
StarLightCurves,1024,fft_magnitude,2,527,0.9999966375857112
StarLightCurves,1024,fft_magnitude,2,528,0.9924053064466841
StarLightCurves,1024,fft_magnitude,2,529,0.999996227941184
StarLightCurves,1024,fft_magnitude,2,530,0.976862172316647
StarLightCurves,1024,fft_magnitude,2,531,0.9999964329310737
StarLightCurves,1024,fft_magnitude,2,532,-0.2130618927532606
StarLightCurves,1024,fft_magnitude,2,533,0.9999961987663675
StarLightCurves,1024,fft_magnitude,2,534,0.9626936605618428
StarLightCurves,1024,fft_magnitude,2,535,0.999996111388338
StarLightCurves,1024,fft_magnitude,2,536,0.9906259313423311
StarLightCurves,1024,fft_magnitude,2,537,0.9999953517371469
StarLightCurves,1024,fft_magnitude,2,538,0.9955835636280976
StarLightCurves,1024,fft_magnitude,2,539,0.999995187489813
StarLightCurves,1024,fft_magnitude,2,540,0.9976456080355313
StarLightCurves,1024,fft_magnitude,2,541,0.9999949517158192
StarLightCurves,1024,fft_magnitude,2,542,0.9983832966996323
StarLightCurves,1024,fft_magnitude,2,543,0.999994603134586
StarLightCurves,1024,fft_magnitude,2,544,0.9989935660248206
StarLightCurves,1024,fft_magnitude,2,545,0.9999935213231159
StarLightCurves,1024,fft_magnitude,3,548,0.9269961476355031
StarLightCurves,1024,fft_magnitude,3,549,0.13471075153611622
StarLightCurves,1024,fft_magnitude,3,550,-0.746385053451318
StarLightCurves,1024,fft_magnitude,3,551,-0.02771858473112864
StarLightCurves,1024,fft_magnitude,3,552,-0.9115476080241444
StarLightCurves,1024,fft_magnitude,3,553,-0.0069596894634389745
StarLightCurves,1024,fft_magnitude,3,554,-0.9473961247000484
StarLightCurves,1024,fft_magnitude,3,555,0.024509244059927073
StarLightCurves,1024,fft_magnitude,3,556,-0.9411692578062532
StarLightCurves,1024,fft_magnitude,3,557,0.43352759204117963
StarLightCurves,1024,fft_magnitude,3,558,-0.33928748631603795
StarLightCurves,1024,fft_magnitude,3,559,0.5950576868596715
StarLightCurves,1024,fft_magnitude,3,560,0.07188899390604388
StarLightCurves,1024,fft_magnitude,3,561,0.8138428327425633
StarLightCurves,1024,fft_magnitude,3,564,0.9989156003780407
StarLightCurves,1024,fft_magnitude,3,565,0.9997292290185967
StarLightCurves,1024,fft_magnitude,3,566,0.9980656495802122
StarLightCurves,1024,fft_magnitude,3,567,0.9998646369572263
StarLightCurves,1024,fft_magnitude,3,568,0.9938421531097111
StarLightCurves,1024,fft_magnitude,3,569,0.9997919302663058
StarLightCurves,1024,fft_magnitude,3,570,0.9594159246647759
StarLightCurves,1024,fft_magnitude,3,571,0.9998788014988153
StarLightCurves,1024,fft_magnitude,3,572,0.8700483651245221
StarLightCurves,1024,fft_magnitude,3,573,0.9998283810078187
StarLightCurves,1024,fft_magnitude,3,574,0.990013659360039
StarLightCurves,1024,fft_magnitude,3,575,0.9999034234556067
StarLightCurves,1024,fft_magnitude,3,576,0.9966996391767156
StarLightCurves,1024,fft_magnitude,3,577,0.9996642190282745
StarLightCurves,1024,fft_magnitude,3,580,0.9995638597377768
StarLightCurves,1024,fft_magnitude,3,581,0.9999808437969031
StarLightCurves,1024,fft_magnitude,3,582,0.9987198997075
StarLightCurves,1024,fft_magnitude,3,583,0.9999866407544851
StarLightCurves,1024,fft_magnitude,3,584,0.9974438977378371
StarLightCurves,1024,fft_magnitude,3,585,0.9999784937892042
StarLightCurves,1024,fft_magnitude,3,586,0.9755905915540994
StarLightCurves,1024,fft_magnitude,3,587,0.9999746156039989
StarLightCurves,1024,fft_magnitude,3,588,0.962508251335507
StarLightCurves,1024,fft_magnitude,3,589,0.9999775897510006
StarLightCurves,1024,fft_magnitude,3,590,0.9960010665150282
StarLightCurves,1024,fft_magnitude,3,591,0.999977107606537
StarLightCurves,1024,fft_magnitude,3,592,0.9992222453518591
StarLightCurves,1024,fft_magnitude,3,593,0.9999864210824171
StarLightCurves,1024,fft_magnitude,3,596,0.9992388423068426
StarLightCurves,1024,fft_magnitude,3,597,0.9999929566493618
StarLightCurves,1024,fft_magnitude,3,598,0.9984379004123572
StarLightCurves,1024,fft_magnitude,3,599,0.9999889228208892
StarLightCurves,1024,fft_magnitude,3,600,0.9949672069164043
StarLightCurves,1024,fft_magnitude,3,601,0.9999896820746869
StarLightCurves,1024,fft_magnitude,3,602,0.961436192820973
StarLightCurves,1024,fft_magnitude,3,603,0.9999879820165504
StarLightCurves,1024,fft_magnitude,3,604,0.9662266119163075
StarLightCurves,1024,fft_magnitude,3,605,0.9999891471690516
StarLightCurves,1024,fft_magnitude,3,606,0.996704750498574
StarLightCurves,1024,fft_magnitude,3,607,0.9999905672573606
StarLightCurves,1024,fft_magnitude,3,608,0.998751354535206
StarLightCurves,1024,fft_magnitude,3,609,0.9999922314327692
StarLightCurves,1024,fft_magnitude,3,612,0.9982994288456882
StarLightCurves,1024,fft_magnitude,3,613,0.9999945513208265
StarLightCurves,1024,fft_magnitude,3,614,0.9976276936452976
StarLightCurves,1024,fft_magnitude,3,615,0.9999935214215548
StarLightCurves,1024,fft_magnitude,3,616,0.9911345291285948
StarLightCurves,1024,fft_magnitude,3,617,0.9999938308621192
StarLightCurves,1024,fft_magnitude,3,618,0.9410656065887008
StarLightCurves,1024,fft_magnitude,3,619,0.9999949074665784
StarLightCurves,1024,fft_magnitude,3,620,0.9552776444329664
StarLightCurves,1024,fft_magnitude,3,621,0.9999923641756416
StarLightCurves,1024,fft_magnitude,3,622,0.9938486095861622
StarLightCurves,1024,fft_magnitude,3,623,0.9999942335930541
StarLightCurves,1024,fft_magnitude,3,624,0.997920435727316
StarLightCurves,1024,fft_magnitude,3,625,0.9999924569580889
StarLightCurves,1024,fft_magnitude,3,628,0.9963211140338611
StarLightCurves,1024,fft_magnitude,3,629,0.9999954056707342
StarLightCurves,1024,fft_magnitude,3,630,0.99527314577041
StarLightCurves,1024,fft_magnitude,3,631,0.9999960011837266
StarLightCurves,1024,fft_magnitude,3,632,0.9873198003485009
StarLightCurves,1024,fft_magnitude,3,633,0.9999956500239515
StarLightCurves,1024,fft_magnitude,3,634,0.9044557368673591
StarLightCurves,1024,fft_magnitude,3,635,0.9999959551217764
StarLightCurves,1024,fft_magnitude,3,636,0.936900531104601
StarLightCurves,1024,fft_magnitude,3,637,0.9999952849071264
StarLightCurves,1024,fft_magnitude,3,638,0.98912893473025
StarLightCurves,1024,fft_magnitude,3,639,0.9999952757156453
StarLightCurves,1024,fft_magnitude,3,640,0.9960293722491386
StarLightCurves,1024,fft_magnitude,3,641,0.9999944720178706
StarLightCurves,1024,fft_magnitude,3,644,0.988618442041619
StarLightCurves,1024,fft_magnitude,3,645,0.9999966090925907
StarLightCurves,1024,fft_magnitude,3,646,0.9866666300511291
StarLightCurves,1024,fft_magnitude,3,647,0.9999969861408108
StarLightCurves,1024,fft_magnitude,3,648,0.9725407312407117
StarLightCurves,1024,fft_magnitude,3,649,0.9999974292991853
StarLightCurves,1024,fft_magnitude,3,650,0.8442142892152746
StarLightCurves,1024,fft_magnitude,3,651,0.9999974220164835
StarLightCurves,1024,fft_magnitude,3,652,0.8505565549589051
StarLightCurves,1024,fft_magnitude,3,653,0.9999972419136731
StarLightCurves,1024,fft_magnitude,3,654,0.9761429484455498
StarLightCurves,1024,fft_magnitude,3,655,0.9999966322560803
StarLightCurves,1024,fft_magnitude,3,656,0.989091528739116
StarLightCurves,1024,fft_magnitude,3,657,0.9999951735867594
StarLightCurves,1024,fft_magnitude,3,660,0.8888377801056495
StarLightCurves,1024,fft_magnitude,3,661,0.9999967908256864
StarLightCurves,1024,fft_magnitude,3,662,0.8625190199588245
StarLightCurves,1024,fft_magnitude,3,663,0.9999978233382615
StarLightCurves,1024,fft_magnitude,3,664,0.8287214489158546
StarLightCurves,1024,fft_magnitude,3,665,0.9999982053065825
StarLightCurves,1024,fft_magnitude,3,666,0.7249351133639487
StarLightCurves,1024,fft_magnitude,3,667,0.9999983995674281
StarLightCurves,1024,fft_magnitude,3,668,0.5654767014520059
StarLightCurves,1024,fft_magnitude,3,669,0.9999983021956195
StarLightCurves,1024,fft_magnitude,3,670,0.7380787647229134
StarLightCurves,1024,fft_magnitude,3,671,0.9999977615089491
StarLightCurves,1024,fft_magnitude,3,672,0.8746917773059013
StarLightCurves,1024,fft_magnitude,3,673,0.9999965252204847
StarLightCurves,1024,fft_magnitude,3,674,0.9199131169713086
StarLightCurves,1024,fft_magnitude,3,677,0.9974911329645408
StarLightCurves,1024,fft_magnitude,3,678,0.9890237547500281
StarLightCurves,1024,fft_magnitude,3,679,0.9943364780956032
StarLightCurves,1024,fft_magnitude,3,680,0.9981094295605176
StarLightCurves,1024,fft_magnitude,3,681,0.9929880643128497
StarLightCurves,1024,fft_magnitude,3,682,0.9989039565704302
StarLightCurves,1024,fft_magnitude,3,683,0.9844573801704515
StarLightCurves,1024,fft_magnitude,3,684,0.9982029877056149
StarLightCurves,1024,fft_magnitude,3,685,-0.1902758852448363
StarLightCurves,1024,fft_magnitude,3,686,0.99822440710309
StarLightCurves,1024,fft_magnitude,3,687,0.9401302344870237
StarLightCurves,1024,fft_magnitude,3,688,0.9981223510359336
StarLightCurves,1024,fft_magnitude,3,689,0.9912644803860339
StarLightCurves,1024,fft_magnitude,3,690,0.9992900527201503
StarLightCurves,1024,fft_magnitude,3,693,0.999628847256752
StarLightCurves,1024,fft_magnitude,3,694,0.9999711639852666
StarLightCurves,1024,fft_magnitude,3,695,0.9990440131928593
StarLightCurves,1024,fft_magnitude,3,696,0.9999606509078046
StarLightCurves,1024,fft_magnitude,3,697,0.9959408283914445
StarLightCurves,1024,fft_magnitude,3,698,0.9999709108012713
StarLightCurves,1024,fft_magnitude,3,699,0.9866692454071596
StarLightCurves,1024,fft_magnitude,3,700,0.9999576260425509
StarLightCurves,1024,fft_magnitude,3,701,0.9431407666477138
StarLightCurves,1024,fft_magnitude,3,702,0.999957121052392
StarLightCurves,1024,fft_magnitude,3,703,0.9962588388406254
StarLightCurves,1024,fft_magnitude,3,704,0.9999587108588389
StarLightCurves,1024,fft_magnitude,3,705,0.998283124458337
StarLightCurves,1024,fft_magnitude,3,706,0.9999501914704683
StarLightCurves,1024,fft_magnitude,3,709,0.99925517441772
StarLightCurves,1024,fft_magnitude,3,710,0.9999886045112748
StarLightCurves,1024,fft_magnitude,3,711,0.9990108770076229
StarLightCurves,1024,fft_magnitude,3,712,0.9999895047670497
StarLightCurves,1024,fft_magnitude,3,713,0.9953418338475013
StarLightCurves,1024,fft_magnitude,3,714,0.9999831936085277
StarLightCurves,1024,fft_magnitude,3,715,0.9695606701284929
StarLightCurves,1024,fft_magnitude,3,716,0.9999871688740593
StarLightCurves,1024,fft_magnitude,3,717,0.9686881049743309
StarLightCurves,1024,fft_magnitude,3,718,0.9999826642958175
StarLightCurves,1024,fft_magnitude,3,719,0.9959543788457158
StarLightCurves,1024,fft_magnitude,3,720,0.9999882880343816
StarLightCurves,1024,fft_magnitude,3,721,0.9990712128752732
StarLightCurves,1024,fft_magnitude,3,722,0.9999865115696457
StarLightCurves,1024,fft_magnitude,3,725,0.9988991437488471
StarLightCurves,1024,fft_magnitude,3,726,0.9999927220517214
StarLightCurves,1024,fft_magnitude,3,727,0.9980121640684657
StarLightCurves,1024,fft_magnitude,3,728,0.9999924388290395
StarLightCurves,1024,fft_magnitude,3,729,0.9941757655935043
StarLightCurves,1024,fft_magnitude,3,730,0.9999913869678143
StarLightCurves,1024,fft_magnitude,3,731,0.9401841906371604
StarLightCurves,1024,fft_magnitude,3,732,0.9999922962119051
StarLightCurves,1024,fft_magnitude,3,733,0.9712766133693579
StarLightCurves,1024,fft_magnitude,3,734,0.9999925700817516
StarLightCurves,1024,fft_magnitude,3,735,0.9952331492413529
StarLightCurves,1024,fft_magnitude,3,736,0.9999921087991077
StarLightCurves,1024,fft_magnitude,3,737,0.9985282630931606
StarLightCurves,1024,fft_magnitude,3,738,0.999993019449591
StarLightCurves,1024,fft_magnitude,3,741,0.9977116236931663
StarLightCurves,1024,fft_magnitude,3,742,0.9999949019556903
StarLightCurves,1024,fft_magnitude,3,743,0.9962701683077041
StarLightCurves,1024,fft_magnitude,3,744,0.9999949791090675
StarLightCurves,1024,fft_magnitude,3,745,0.9900604131821213
StarLightCurves,1024,fft_magnitude,3,746,0.9999955760834651
StarLightCurves,1024,fft_magnitude,3,747,0.9315874363913521
StarLightCurves,1024,fft_magnitude,3,748,0.9999947173583561
StarLightCurves,1024,fft_magnitude,3,749,0.9389796775933148
StarLightCurves,1024,fft_magnitude,3,750,0.9999945296662799
StarLightCurves,1024,fft_magnitude,3,751,0.9926589811761619
StarLightCurves,1024,fft_magnitude,3,752,0.9999946917243409
StarLightCurves,1024,fft_magnitude,3,753,0.9970407816091666
StarLightCurves,1024,fft_magnitude,3,754,0.9999939025069671
StarLightCurves,1024,fft_magnitude,3,757,0.9937700934579639
StarLightCurves,1024,fft_magnitude,3,758,0.9999962619689867
StarLightCurves,1024,fft_magnitude,3,759,0.9928150747641216
StarLightCurves,1024,fft_magnitude,3,760,0.9999966366736046
StarLightCurves,1024,fft_magnitude,3,761,0.9814133025468181
StarLightCurves,1024,fft_magnitude,3,762,0.9999965810478512
StarLightCurves,1024,fft_magnitude,3,763,0.8919385943299222
StarLightCurves,1024,fft_magnitude,3,764,0.9999969972319172
StarLightCurves,1024,fft_magnitude,3,765,0.8990644396249043
StarLightCurves,1024,fft_magnitude,3,766,0.9999961422553341
StarLightCurves,1024,fft_magnitude,3,767,0.9850812465094524
StarLightCurves,1024,fft_magnitude,3,768,0.9999961360709617
StarLightCurves,1024,fft_magnitude,3,769,0.9940479198698874
StarLightCurves,1024,fft_magnitude,3,770,0.9999946901341537
StarLightCurves,1024,fft_magnitude,3,773,0.9700533115323997
StarLightCurves,1024,fft_magnitude,3,774,0.9999970462628179
StarLightCurves,1024,fft_magnitude,3,775,0.967981086310523
StarLightCurves,1024,fft_magnitude,3,776,0.9999976215236337
StarLightCurves,1024,fft_magnitude,3,777,0.9362224820364174
StarLightCurves,1024,fft_magnitude,3,778,0.9999978981441651
StarLightCurves,1024,fft_magnitude,3,779,0.7941326437537928
StarLightCurves,1024,fft_magnitude,3,780,0.9999981149318704
StarLightCurves,1024,fft_magnitude,3,781,0.7463161257203479
StarLightCurves,1024,fft_magnitude,3,782,0.9999977221146836
StarLightCurves,1024,fft_magnitude,3,783,0.9431849514974452
StarLightCurves,1024,fft_magnitude,3,784,0.9999970594698063
StarLightCurves,1024,fft_magnitude,3,785,0.9728590571616361
StarLightCurves,1024,fft_magnitude,3,786,0.9999954692004663
StarLightCurves,1024,fft_magnitude,4,789,-0.28605659328073046
StarLightCurves,1024,fft_magnitude,4,790,0.36420798415835376
StarLightCurves,1024,fft_magnitude,4,791,-0.9682460769372642
StarLightCurves,1024,fft_magnitude,4,792,0.6168357076355999
StarLightCurves,1024,fft_magnitude,4,793,0.47697235562339396
StarLightCurves,1024,fft_magnitude,4,794,0.6511793107997942
StarLightCurves,1024,fft_magnitude,4,797,0.9959957167081942
StarLightCurves,1024,fft_magnitude,4,798,0.9997474909268582
StarLightCurves,1024,fft_magnitude,4,799,0.9690001474058967
StarLightCurves,1024,fft_magnitude,4,800,0.9984945288510082
StarLightCurves,1024,fft_magnitude,4,801,0.9425215023233818
StarLightCurves,1024,fft_magnitude,4,802,0.9996592035758357
StarLightCurves,1024,fft_magnitude,4,805,0.9968314274082309
StarLightCurves,1024,fft_magnitude,4,806,0.999886203337826
StarLightCurves,1024,fft_magnitude,4,807,0.9318405143506768
StarLightCurves,1024,fft_magnitude,4,808,0.9999148670579922
StarLightCurves,1024,fft_magnitude,4,809,0.9831091244846208
StarLightCurves,1024,fft_magnitude,4,810,0.9997155462531494
StarLightCurves,1024,fft_magnitude,4,813,0.9973084460159746
StarLightCurves,1024,fft_magnitude,4,814,0.9999712676040353
StarLightCurves,1024,fft_magnitude,4,815,0.985385809089539
StarLightCurves,1024,fft_magnitude,4,816,0.9999596915602605
StarLightCurves,1024,fft_magnitude,4,817,0.9854816204957815
StarLightCurves,1024,fft_magnitude,4,818,0.9999708407072633
StarLightCurves,1024,fft_magnitude,4,821,0.9983885883497203
StarLightCurves,1024,fft_magnitude,4,822,0.9999869525909925
StarLightCurves,1024,fft_magnitude,4,823,0.9671035130225397
StarLightCurves,1024,fft_magnitude,4,824,0.9999825225502578
StarLightCurves,1024,fft_magnitude,4,825,0.994012091057909
StarLightCurves,1024,fft_magnitude,4,826,0.9999906632411758
StarLightCurves,1024,fft_magnitude,4,829,0.9977485757067883
StarLightCurves,1024,fft_magnitude,4,830,0.9999898097075189
StarLightCurves,1024,fft_magnitude,4,831,0.9570521694852598
StarLightCurves,1024,fft_magnitude,4,832,0.9999926085980197
StarLightCurves,1024,fft_magnitude,4,833,0.9917941539722297
StarLightCurves,1024,fft_magnitude,4,834,0.9999909549084691
StarLightCurves,1024,fft_magnitude,4,837,0.9969089962626178
StarLightCurves,1024,fft_magnitude,4,838,0.9999928129643127
StarLightCurves,1024,fft_magnitude,4,839,0.9552064778471432
StarLightCurves,1024,fft_magnitude,4,840,0.9999932520234466
StarLightCurves,1024,fft_magnitude,4,841,0.9893795566405595
StarLightCurves,1024,fft_magnitude,4,842,0.9999940804068962
StarLightCurves,1024,fft_magnitude,4,845,0.9957823856399565
StarLightCurves,1024,fft_magnitude,4,846,0.9999945696933791
StarLightCurves,1024,fft_magnitude,4,847,0.9380968057380648
StarLightCurves,1024,fft_magnitude,4,848,0.9999941080457228
StarLightCurves,1024,fft_magnitude,4,849,0.9865466948659026
StarLightCurves,1024,fft_magnitude,4,850,0.9999942846536335
StarLightCurves,1024,fft_magnitude,4,853,0.9935722265854106
StarLightCurves,1024,fft_magnitude,4,854,0.9999945105473452
StarLightCurves,1024,fft_magnitude,4,855,0.9234623020025112
StarLightCurves,1024,fft_magnitude,4,856,0.9999951765693988
StarLightCurves,1024,fft_magnitude,4,857,0.9807656892024004
StarLightCurves,1024,fft_magnitude,4,858,0.9999943198348508
StarLightCurves,1024,fft_magnitude,4,861,0.9900460568326536
StarLightCurves,1024,fft_magnitude,4,862,0.9999950440037603
StarLightCurves,1024,fft_magnitude,4,863,0.8919611580602349
StarLightCurves,1024,fft_magnitude,4,864,0.9999956707716757
StarLightCurves,1024,fft_magnitude,4,865,0.9738414545115855
StarLightCurves,1024,fft_magnitude,4,866,0.9999948153618962
StarLightCurves,1024,fft_magnitude,4,869,0.9835749510727728
StarLightCurves,1024,fft_magnitude,4,870,0.9999954180347508
StarLightCurves,1024,fft_magnitude,4,871,0.8597200065989877
StarLightCurves,1024,fft_magnitude,4,872,0.999996076497778
StarLightCurves,1024,fft_magnitude,4,873,0.9594372910895471
StarLightCurves,1024,fft_magnitude,4,874,0.9999949044850124
StarLightCurves,1024,fft_magnitude,4,877,0.9724662141862249
StarLightCurves,1024,fft_magnitude,4,878,0.999995770315826
StarLightCurves,1024,fft_magnitude,4,879,0.8107732640959436
StarLightCurves,1024,fft_magnitude,4,880,0.9999966021843094
StarLightCurves,1024,fft_magnitude,4,881,0.9382069750411124
StarLightCurves,1024,fft_magnitude,4,882,0.9999950709828982
StarLightCurves,1024,fft_magnitude,4,885,0.946811801588045
StarLightCurves,1024,fft_magnitude,4,886,0.9999960812578975
StarLightCurves,1024,fft_magnitude,4,887,0.7406590717690742
StarLightCurves,1024,fft_magnitude,4,888,0.9999969259283116
StarLightCurves,1024,fft_magnitude,4,889,0.895376706832521
StarLightCurves,1024,fft_magnitude,4,890,0.9999950122165285
StarLightCurves,1024,fft_magnitude,4,893,0.8954546865381776
StarLightCurves,1024,fft_magnitude,4,894,0.9999962750039743
StarLightCurves,1024,fft_magnitude,4,895,0.6716118583373384
StarLightCurves,1024,fft_magnitude,4,896,0.9999971021215956
StarLightCurves,1024,fft_magnitude,4,897,0.7974490631061586
StarLightCurves,1024,fft_magnitude,4,898,0.999995032255835
StarLightCurves,1024,fft_magnitude,4,901,0.8058010079233641
StarLightCurves,1024,fft_magnitude,4,902,0.999996368743962
StarLightCurves,1024,fft_magnitude,4,903,0.6035709922106607
StarLightCurves,1024,fft_magnitude,4,904,0.9999972921494246
StarLightCurves,1024,fft_magnitude,4,905,0.6920841436418044
StarLightCurves,1024,fft_magnitude,4,906,0.9999950756917383
StarLightCurves,1024,fft_magnitude,4,909,0.7130952007420934
StarLightCurves,1024,fft_magnitude,4,910,0.9999958290371432
StarLightCurves,1024,fft_magnitude,4,911,0.5328830163714652
StarLightCurves,1024,fft_magnitude,4,912,0.9999972288673892
StarLightCurves,1024,fft_magnitude,4,913,0.5793165986425014
StarLightCurves,1024,fft_magnitude,4,914,0.9999958152304381
StarLightCurves,1024,fft_magnitude,4,915,0.6860757012750238
StarLightCurves,1024,fft_magnitude,4,918,0.9828730199844343
StarLightCurves,1024,fft_magnitude,4,919,0.06419429960289924
StarLightCurves,1024,fft_magnitude,4,920,0.9184309969428431
StarLightCurves,1024,fft_magnitude,4,921,0.7040239870149647
StarLightCurves,1024,fft_magnitude,4,922,-0.8088323446696307
StarLightCurves,1024,fft_magnitude,4,923,0.8856401995761767
StarLightCurves,1024,fft_magnitude,4,926,0.9981041174103492
StarLightCurves,1024,fft_magnitude,4,927,0.9998293797242996
StarLightCurves,1024,fft_magnitude,4,928,0.9705823221561912
StarLightCurves,1024,fft_magnitude,4,929,0.9996533445515815
StarLightCurves,1024,fft_magnitude,4,930,0.9850283098790185
StarLightCurves,1024,fft_magnitude,4,931,0.9998582188283263
StarLightCurves,1024,fft_magnitude,4,934,0.9977582928448349
StarLightCurves,1024,fft_magnitude,4,935,0.9999287413778604
StarLightCurves,1024,fft_magnitude,4,936,0.9544173375426446
StarLightCurves,1024,fft_magnitude,4,937,0.9999796642454355
StarLightCurves,1024,fft_magnitude,4,938,0.9815138383993602
StarLightCurves,1024,fft_magnitude,4,939,0.9999198118199162
StarLightCurves,1024,fft_magnitude,4,942,0.99797909935313
StarLightCurves,1024,fft_magnitude,4,943,0.9999883597522823
StarLightCurves,1024,fft_magnitude,4,944,0.9798060646357643
StarLightCurves,1024,fft_magnitude,4,945,0.9999784455071575
StarLightCurves,1024,fft_magnitude,4,946,0.9907061828210709
StarLightCurves,1024,fft_magnitude,4,947,0.9999899519775962
StarLightCurves,1024,fft_magnitude,4,950,0.9981988521218571
StarLightCurves,1024,fft_magnitude,4,951,0.9999903665434481
StarLightCurves,1024,fft_magnitude,4,952,0.9679148970857937
StarLightCurves,1024,fft_magnitude,4,953,0.9999884557965445
StarLightCurves,1024,fft_magnitude,4,954,0.9928588900091677
StarLightCurves,1024,fft_magnitude,4,955,0.9999898120794342
StarLightCurves,1024,fft_magnitude,4,958,0.9974374609039751
StarLightCurves,1024,fft_magnitude,4,959,0.9999920267770871
StarLightCurves,1024,fft_magnitude,4,960,0.9619981894810772
StarLightCurves,1024,fft_magnitude,4,961,0.9999929810872761
StarLightCurves,1024,fft_magnitude,4,962,0.9895261670541305
StarLightCurves,1024,fft_magnitude,4,963,0.9999923613210193
StarLightCurves,1024,fft_magnitude,4,966,0.9963683436025399
StarLightCurves,1024,fft_magnitude,4,967,0.9999933524097376
StarLightCurves,1024,fft_magnitude,4,968,0.9463012118529975
StarLightCurves,1024,fft_magnitude,4,969,0.9999930704100729
StarLightCurves,1024,fft_magnitude,4,970,0.9876686903401378
StarLightCurves,1024,fft_magnitude,4,971,0.9999940098552725
StarLightCurves,1024,fft_magnitude,4,974,0.9944413000756114
StarLightCurves,1024,fft_magnitude,4,975,0.9999941287569399
StarLightCurves,1024,fft_magnitude,4,976,0.9250944618944048
StarLightCurves,1024,fft_magnitude,4,977,0.999994751710177
StarLightCurves,1024,fft_magnitude,4,978,0.984452357193133
StarLightCurves,1024,fft_magnitude,4,979,0.9999944658815838
StarLightCurves,1024,fft_magnitude,4,982,0.9919167711506096
StarLightCurves,1024,fft_magnitude,4,983,0.9999948242578637
StarLightCurves,1024,fft_magnitude,4,984,0.9067926243928179
StarLightCurves,1024,fft_magnitude,4,985,0.9999957419960154
StarLightCurves,1024,fft_magnitude,4,986,0.9770735194492794
StarLightCurves,1024,fft_magnitude,4,987,0.9999948401960159
StarLightCurves,1024,fft_magnitude,4,990,0.9871754871909939
StarLightCurves,1024,fft_magnitude,4,991,0.9999954696286292
StarLightCurves,1024,fft_magnitude,4,992,0.8815420926029522
StarLightCurves,1024,fft_magnitude,4,993,0.9999959413562959
StarLightCurves,1024,fft_magnitude,4,994,0.9659986943863693
StarLightCurves,1024,fft_magnitude,4,995,0.9999948878807676
StarLightCurves,1024,fft_magnitude,4,998,0.9785358030455725
StarLightCurves,1024,fft_magnitude,4,999,0.9999956064348571
StarLightCurves,1024,fft_magnitude,4,1000,0.841850608207885
StarLightCurves,1024,fft_magnitude,4,1001,0.9999962761372477
StarLightCurves,1024,fft_magnitude,4,1002,0.9484701531054871
StarLightCurves,1024,fft_magnitude,4,1003,0.9999948598581908
StarLightCurves,1024,fft_magnitude,4,1006,0.9625272084001731
StarLightCurves,1024,fft_magnitude,4,1007,0.9999956414056068
StarLightCurves,1024,fft_magnitude,4,1008,0.7822199492165324
StarLightCurves,1024,fft_magnitude,4,1009,0.9999968108040255
StarLightCurves,1024,fft_magnitude,4,1010,0.9170070723624338
StarLightCurves,1024,fft_magnitude,4,1011,0.9999948479209757
StarLightCurves,1024,fft_magnitude,4,1014,0.9271472936662166
StarLightCurves,1024,fft_magnitude,4,1015,0.9999960137565098
StarLightCurves,1024,fft_magnitude,4,1016,0.7010454231462185
StarLightCurves,1024,fft_magnitude,4,1017,0.9999970489647592
StarLightCurves,1024,fft_magnitude,4,1018,0.8553875528579802
StarLightCurves,1024,fft_magnitude,4,1019,0.9999949734797946
StarLightCurves,1024,fft_magnitude,4,1022,0.8469035436183249
StarLightCurves,1024,fft_magnitude,4,1023,0.9999963247609734
StarLightCurves,1024,fft_magnitude,4,1024,0.6416278749432425
StarLightCurves,1024,fft_magnitude,4,1025,0.9999972367521225
StarLightCurves,1024,fft_magnitude,4,1026,0.7491903573566558
StarLightCurves,1024,fft_magnitude,4,1027,0.9999951411583664
StarLightCurves,1024,fft_magnitude,4,1030,0.7441499595381225
StarLightCurves,1024,fft_magnitude,4,1031,0.9999965769743201
StarLightCurves,1024,fft_magnitude,4,1032,0.5848967260382357
StarLightCurves,1024,fft_magnitude,4,1033,0.9999974774278148
StarLightCurves,1024,fft_magnitude,4,1034,0.6379989346468026
StarLightCurves,1024,fft_magnitude,4,1035,0.9999952806022595
StarLightCurves,1024,fft_magnitude,5,1038,-0.6650023644822959
StarLightCurves,1024,fft_magnitude,5,1039,0.9039794083548228
StarLightCurves,1024,fft_magnitude,5,1042,0.9459559156514278
StarLightCurves,1024,fft_magnitude,5,1043,0.8919649879252306
StarLightCurves,1024,fft_magnitude,5,1046,0.9323119487638456
StarLightCurves,1024,fft_magnitude,5,1047,0.9994944713727454
StarLightCurves,1024,fft_magnitude,5,1050,0.9435471238764152
StarLightCurves,1024,fft_magnitude,5,1051,0.9998349030143502
StarLightCurves,1024,fft_magnitude,5,1054,0.9635874681449674
StarLightCurves,1024,fft_magnitude,5,1055,0.9996873119950205
StarLightCurves,1024,fft_magnitude,5,1058,0.9737059362073304
StarLightCurves,1024,fft_magnitude,5,1059,0.999906598090391
StarLightCurves,1024,fft_magnitude,5,1062,0.9582570719643825
StarLightCurves,1024,fft_magnitude,5,1063,0.9999668536254233
StarLightCurves,1024,fft_magnitude,5,1066,0.9516671413129008
StarLightCurves,1024,fft_magnitude,5,1067,0.9999886819636515
StarLightCurves,1024,fft_magnitude,5,1070,0.9692945064385158
StarLightCurves,1024,fft_magnitude,5,1071,0.9999910311585843
StarLightCurves,1024,fft_magnitude,5,1074,0.9657839695188505
StarLightCurves,1024,fft_magnitude,5,1075,0.9999875947154304
StarLightCurves,1024,fft_magnitude,5,1078,0.965675477572299
StarLightCurves,1024,fft_magnitude,5,1079,0.9999888373280527
StarLightCurves,1024,fft_magnitude,5,1082,0.9550539307655512
StarLightCurves,1024,fft_magnitude,5,1083,0.9999915806155458
StarLightCurves,1024,fft_magnitude,5,1086,0.9446735601887285
StarLightCurves,1024,fft_magnitude,5,1087,0.9999932002825751
StarLightCurves,1024,fft_magnitude,5,1090,0.9363115617462708
StarLightCurves,1024,fft_magnitude,5,1091,0.9999934676108853
StarLightCurves,1024,fft_magnitude,5,1094,0.923780656348832
StarLightCurves,1024,fft_magnitude,5,1095,0.9999938318693706
StarLightCurves,1024,fft_magnitude,5,1098,0.9101912121013782
StarLightCurves,1024,fft_magnitude,5,1099,0.9999939856529957
StarLightCurves,1024,fft_magnitude,5,1102,0.8946218064277706
StarLightCurves,1024,fft_magnitude,5,1103,0.999994024987271
StarLightCurves,1024,fft_magnitude,5,1106,0.8643308485913311
StarLightCurves,1024,fft_magnitude,5,1107,0.9999940951783765
StarLightCurves,1024,fft_magnitude,5,1110,0.8373090236174756
StarLightCurves,1024,fft_magnitude,5,1111,0.9999939469156113
StarLightCurves,1024,fft_magnitude,5,1114,0.8178371447751137
StarLightCurves,1024,fft_magnitude,5,1115,0.9999940530976261
StarLightCurves,1024,fft_magnitude,5,1118,0.7661505475586602
StarLightCurves,1024,fft_magnitude,5,1119,0.9999940675748757
StarLightCurves,1024,fft_magnitude,5,1122,0.7405345383912346
StarLightCurves,1024,fft_magnitude,5,1123,0.9999939703058333
StarLightCurves,1024,fft_magnitude,5,1126,0.697505125220203
StarLightCurves,1024,fft_magnitude,5,1127,0.9999941000743161
StarLightCurves,1024,fft_magnitude,5,1130,0.6748177255513934
StarLightCurves,1024,fft_magnitude,5,1131,0.9999938143972573
StarLightCurves,1024,fft_magnitude,5,1134,0.6334272405439054
StarLightCurves,1024,fft_magnitude,5,1135,0.9999939455231475
StarLightCurves,1024,fft_magnitude,5,1138,0.5987937020088571
StarLightCurves,1024,fft_magnitude,5,1139,0.9999937349077045
StarLightCurves,1024,fft_magnitude,5,1142,0.5951534804436145
StarLightCurves,1024,fft_magnitude,5,1143,0.9999936612187635
StarLightCurves,1024,fft_magnitude,5,1146,0.5670610452514683
StarLightCurves,1024,fft_magnitude,5,1147,0.9999937128829546
StarLightCurves,1024,fft_magnitude,5,1150,0.5485505428914716
StarLightCurves,1024,fft_magnitude,5,1151,0.9999935524431395
StarLightCurves,1024,fft_magnitude,5,1154,0.5478921243486938
StarLightCurves,1024,fft_magnitude,5,1155,0.9999937060540199
StarLightCurves,1024,fft_magnitude,5,1158,0.547449767388015
StarLightCurves,1024,fft_magnitude,5,1159,0.9999937102600188
StarLightCurves,1024,fft_magnitude,5,1162,0.5625159370120011
StarLightCurves,1024,fft_magnitude,5,1163,0.999994745794856
StarLightCurves,1024,fft_magnitude,5,1164,0.5756414628113343
StarLightCurves,1024,fft_magnitude,5,1167,0.952651385174426
StarLightCurves,1024,fft_magnitude,5,1168,0.9359394601116343
StarLightCurves,1024,fft_magnitude,5,1171,0.910191497811503
StarLightCurves,1024,fft_magnitude,5,1172,0.9691971946529476
StarLightCurves,1024,fft_magnitude,5,1175,0.9615256465011641
StarLightCurves,1024,fft_magnitude,5,1176,0.9985757678587459
StarLightCurves,1024,fft_magnitude,5,1179,0.9574968104880418
StarLightCurves,1024,fft_magnitude,5,1180,0.9997873975976461
StarLightCurves,1024,fft_magnitude,5,1183,0.9335086435385792
StarLightCurves,1024,fft_magnitude,5,1184,0.999964207111544
StarLightCurves,1024,fft_magnitude,5,1187,0.9646221872916492
StarLightCurves,1024,fft_magnitude,5,1188,0.9999831592735202
StarLightCurves,1024,fft_magnitude,5,1191,0.9690034528027837
StarLightCurves,1024,fft_magnitude,5,1192,0.9999692782848095
StarLightCurves,1024,fft_magnitude,5,1195,0.9746953776638838
StarLightCurves,1024,fft_magnitude,5,1196,0.9999744420045845
StarLightCurves,1024,fft_magnitude,5,1199,0.9667232330367485
StarLightCurves,1024,fft_magnitude,5,1200,0.9999863893309576
StarLightCurves,1024,fft_magnitude,5,1203,0.9577091459877407
StarLightCurves,1024,fft_magnitude,5,1204,0.9999917354920487
StarLightCurves,1024,fft_magnitude,5,1207,0.9555267720208369
StarLightCurves,1024,fft_magnitude,5,1208,0.9999927178394182
StarLightCurves,1024,fft_magnitude,5,1211,0.9537520192780324
StarLightCurves,1024,fft_magnitude,5,1212,0.9999930179745083
StarLightCurves,1024,fft_magnitude,5,1215,0.9450177934658234
StarLightCurves,1024,fft_magnitude,5,1216,0.999992914774153
StarLightCurves,1024,fft_magnitude,5,1219,0.933117435141443
StarLightCurves,1024,fft_magnitude,5,1220,0.9999929412456069
StarLightCurves,1024,fft_magnitude,5,1223,0.9183131907780935
StarLightCurves,1024,fft_magnitude,5,1224,0.9999938736496184
StarLightCurves,1024,fft_magnitude,5,1227,0.9020190767563241
StarLightCurves,1024,fft_magnitude,5,1228,0.9999939803010889
StarLightCurves,1024,fft_magnitude,5,1231,0.8793542470947937
StarLightCurves,1024,fft_magnitude,5,1232,0.9999940167899548
StarLightCurves,1024,fft_magnitude,5,1235,0.8603822959355281
StarLightCurves,1024,fft_magnitude,5,1236,0.999994316376304
StarLightCurves,1024,fft_magnitude,5,1239,0.8275933582590181
StarLightCurves,1024,fft_magnitude,5,1240,0.9999940250974215
StarLightCurves,1024,fft_magnitude,5,1243,0.7901968288780832
StarLightCurves,1024,fft_magnitude,5,1244,0.999994085101273
StarLightCurves,1024,fft_magnitude,5,1247,0.7587156042859442
StarLightCurves,1024,fft_magnitude,5,1248,0.9999939574872837
StarLightCurves,1024,fft_magnitude,5,1251,0.729362371702669
StarLightCurves,1024,fft_magnitude,5,1252,0.9999938763555422
StarLightCurves,1024,fft_magnitude,5,1255,0.6906554932088245
StarLightCurves,1024,fft_magnitude,5,1256,0.9999939008385421
StarLightCurves,1024,fft_magnitude,5,1259,0.6560049816853915
StarLightCurves,1024,fft_magnitude,5,1260,0.999994002250651
StarLightCurves,1024,fft_magnitude,5,1263,0.6209813876746438
StarLightCurves,1024,fft_magnitude,5,1264,0.9999939131442971
StarLightCurves,1024,fft_magnitude,5,1267,0.5931055112305446
StarLightCurves,1024,fft_magnitude,5,1268,0.9999937705625014
StarLightCurves,1024,fft_magnitude,5,1271,0.5812353823625825
StarLightCurves,1024,fft_magnitude,5,1272,0.9999937767906009
StarLightCurves,1024,fft_magnitude,5,1275,0.5656831592394472
StarLightCurves,1024,fft_magnitude,5,1276,0.9999938038129467
StarLightCurves,1024,fft_magnitude,5,1279,0.5400106280684434
StarLightCurves,1024,fft_magnitude,5,1280,0.9999936481296727
StarLightCurves,1024,fft_magnitude,5,1283,0.5405074867317522
StarLightCurves,1024,fft_magnitude,5,1284,0.999993711610836
StarLightCurves,1024,fft_magnitude,5,1287,0.5387476380398839
StarLightCurves,1024,fft_magnitude,5,1288,0.9999936157338649
